439 961
241 422
333 722
266 631
502 416
265 58
948 604
287 428
474 409
28 756
122 588
262 330
217 541
343 1388
44 290
489 115
150 725
265 138
302 593
854 696
17 621
317 195
42 1358
1094 586
177 267
1186 989
611 422
295 489
323 604
76 201
379 132
46 806
498 123
93 977
97 1104
23 192
139 621
574 295
42 955
536 771
68 95
604 826
132 277
493 1410
276 226
24 526
305 681
297 830
174 39
341 738
389 428
659 884
439 1355
139 442
590 756
160 660
58 193
303 119
183 100
551 806
711 641
329 746
31 1240
12 593
142 907
499 759
128 354
433 1155
150 200
152 197
74 1014
498 572
625 491
1025 921
234 1125
569 1339
566 563
841 192
200 426
458 93
132 804
406 188
620 188
305 26
20 466
447 174
566 1097
477 272
9 762
284 387
264 949
54 363
696 326
122 167
414 657
44 121
305 95
340 85
245 1177
263 413
444 905
27 210
340 830
88 190
290 1259
144 1050
458 203
200 859
123 1082
428 1278
432 736
196 798
613 1300
831 255
65 578
514 251
19 251
137 26
260 333
41 26
358 217
221 664
14 1032
355 79
454 1027
581 148
447 228
90 866
760 640
798 462
911 4
517 268
256 333
88 1165
346 634
57 312
259 1124
368 967
60 1334
244 1047
196 675
281 122
506 277
289 440
149 312
914 1318
110 1027
265 610
49 1186
822 64
294 506
114 915
188 87
629 369
738 372
511 861
248 1110
49 1337
361 495
97 78
228 485
280 23
447 261
49 372
169 364
148 1253
769 1129
786 652
158 565
199 541
19 491
61 965
167 798
731 1402
282 24
933 766
199 609
771 884
696 244
949 214
178 953
140 208
29 769
928 907
51 514
216 741
28 757
134 761
297 849
688 989
284 94
556 864
163 1088
292 947
81 345
97 736
267 335
20 234
346 248
126 377
79 391
188 853
545 66
280 1146
468 101
188 654
215 4
81 362
634 1420
94 93
19 657
130 29
910 1300
358 225
532 522
55 553
12 572
398 822
380 30
199 878
51 631
68 408
1107 568
78 132
260 631
27 605
17 563
402 195
358 1136
516 880
89 532
439 844
234 433
68 141
255 413
227 618
68 232
467 798
31 1040
88 428
423 989
300 369
458 928
51 567
74 1354
278 797
561 936
44 98
121 204
386 806
755 49
1279 1326
43 441
313 943
270 774
265 436
280 610
665 10
448 588
741 546
51 101
284 247
487 984
102 436
287 909
634 251
441 463
0 27
61 384
164 706
464 1094
598 1038
81 807
377 158
358 789
23 598
50 371
92 333
489 181
590 49
194 136
34 1055
139 739
134 463
387 1334
357 979
168 896
360 1050
504 781
961 1050
851 17
17 596
668 589
716 227
57 33
638 552
128 918
534 741
1085 648
512 635
185 49
485 1136
284 37
262 225
470 492
276 506
603 96
769 730
280 413
44 1045
494 981
604 588
145 568
332 1146
468 48
548 301
355 1036
132 634
34 164
312 714
475 668
254 534
698 33
340 1136
253 864
562 1179
357 687
1018 628
215 377
430 752
1013 766
48 201
2 37
222 597
200 1187
470 139
92 29
683 53
188 326
452 100
615 371
6 283
128 242
325 240
356 467
149 489
482 754
55 575
579 1050
224 97
16 339
34 793
287 436
237 220
1 690
295 1205
638 579
751 306
792 592
558 300
140 829
151 588
323 397
327 288
1045 1091
76 1136
57 806
44 320
222 29
408 428
42 1097
357 709
594 467
989 742
53 945
248 1072
314 283
294 122
280 326
285 166
76 497
87 1428
433 78
283 1026
888 352
541 243
759 878
132 911
216 732
13 267
476 22
416 192
114 249
58 283
937 861
151 686
604 363
149 656
73 334
469 2
172 734
6 381
26 85
201 94
537 277
150 461
135 142
286 547
265 1158
203 741
454 1036
665 790
84 38
802 958
785 275
338 1088
44 336
130 245
476 52
268 806
741 277
161 615
228 418
193 186
188 552
571 397
73 909
454 301
163 369
51 432
449 287
76 419
26 576
146 512
125 652
556 534
150 1101
412 78
78 193
808 1072
563 967
405 446
21 533
489 244
12 804
314 558
14 287
106 17
606 491
349 878
216 308
596 746
88 941
612 953
78 82
323 1302
335 339
719 59
318 192
228 92
262 53
34 197
788 66
27 93
318 251
282 102
139 1097
68 1136
40 430
215 65
279 791
124 497
29 288
40 8
222 329
774 28
192 47
415 78
370 428
171 98
480 609
311 838
737 102
215 807
449 327
1 552
295 342
582 426
294 89
302 252
334 471
68 1089
709 762
837 1320
78 736
96 829
255 580
265 62
534 880
114 132
72 251
23 251
587 234
93 967
372 526
527 26
159 11
772 410
276 93
336 910
709 1023
97 200
289 801
296 766
170 1338
216 909
72 394
536 634
286 588
312 1124
13 61
113 1105
486 830
357 657
56 506
438 867
10 251
345 7
345 1058
13 50
137 234
49 83
58 10
294 78
281 151
303 821
265 332
421 232
78 1326
159 777
501 1088
468 305
150 1003
336 109
231 390
148 983
129 686
784 285
51 0
542 530
81 127
33 445
372 333
418 983
532 615
444 249
218 757
61 906
287 93
764 78
139 1341
26 777
521 781
285 548
26 37
746 64
626 90
925 300
51 252
114 738
35 898
607 80
397 968
97 218
63 617
316 3
380 215
486 339
611 17
113 832
690 300
9 400
44 492
1055 442
127 292
341 122
380 561
240 552
305 66
174 1362
502 30
51 339
130 188
136 441
102 752
423 1364
162 681
102 278
324 849
743 1124
207 198
558 1407
421 371
333 1314
133 739
480 1088
27 756
663 506
133 1067
74 217
275 866
327 292
1254 1462
25 374
140 918
497 725
569 7
837 474
137 133
282 200
70 108
238 598
369 712
58 1124
698 50
935 790
438 696
18 777
76 552
598 926
438 333
214 563
573 100
165 720
502 362
410 19
352 549
175 546
116 226
587 372
49 631
185 204
192 778
13 75
227 1121
282 506
193 124
550 53
160 2
852 371
254 691
447 225
525 4
35 371
265 762
290 1129
102 698
683 653
449 688
649 376
590 830
776 790
256 142
917 422
357 967
20 175
182 403
79 113
188 609
151 733
703 1100
388 240
228 779
213 1176
598 969
757 1235
440 64
575 746
258 358
176 339
727 413
480 552
1191 133
387 1167
45 621
891 1195
284 144
22 532
295 12
223 766
468 589
158 367
1138 904
308 720
199 709
265 921
978 1322
339 147
123 881
449 186
42 123
345 182
815 936
12 462
308 19
696 9
97 360
122 68
367 1167
149 132
61 303
615 756
626 390
34 1013
50 945
280 33
144 989
383 904
652 770
261 124
50 1212
346 961
332 277
294 47
215 508
373 439
189 520
284 342
142 725
792 686
154 210
142 1202
28 575
65 609
406 552
569 255
471 1034
57 9
357 12
316 314
796 533
529 388
137 45
109 558
608 428
281 654
792 26
291 482
31 451
237 381
349 1483
248 476
578 563
132 754
67 797
248 398
660 368
332 37
167 1091
28 37
267 743
135 911
291 42
239 391
3 798
126 536
61 53
561 1300
510 369
85 210
159 756
6 661
705 46
75 518
616 37
122 947
340 531
222 566
350 1042
326 1339
20 123
347 345
198 720
537 790
139 615
254 604
282 1092
493 240
114 979
51 286
514 983
96 272
643 978
441 788
1050 1284
316 19
41 424
33 725
565 1136
2 967
413 1089
137 61
210 744
249 206
572 967
413 182
102 1065
107 1336
308 56
102 49
176 684
48 939
1214 1304
627 1398
122 1225
316 615
89 57
193 1337
372 467
111 22
74 234
34 1374
504 790
212 0
174 1136
24 733
200 804
74 471
19 671
240 1322
2 1027
302 517
86 892
294 436
131 0
15 653
421 576
872 943
175 471
76 285
234 391
209 1200
510 1091
192 572
385 49
121 770
586 1401
355 203
167 132
1143 631
198 677
227 1085
292 192
805 1065
540 61
139 781
136 1167
184 204
626 283
327 144
917 552
335 977
220 1235
220 426
525 560
500 884
628 50
608 1052
230 384
504 365
61 1324
1012 64
238 289
563 966
34 802
326 1332
609 12
132 306
706 518
337 113
295 635
521 783
521 1342
287 806
102 527
43 29
51 132
377 1168
347 148
590 204
269 118
749 746
438 604
351 684
776 1067
188 222
418 518
324 226
445 805
114 19
645 1088
203 205
282 1023
119 56
732 1180
542 356
29 779
547 580
355 165
545 832
438 742
70 853
87 720
358 463
329 1097
87 845
42 440
375 236
93 66
240 37
960 904
295 463
737 150
264 676
248 14
61 287
340 1068
261 845
514 1167
579 1268
122 189
413 143
297 35
297 563
349 1117
237 217
605 977
904 1401
944 945
388 56
376 8
129 632
823 37
194 100
416 1168
200 309
428 99
267 526
533 1411
429 902
1014 1092
59 781
1128 115
33 163
1062 668
10 690
260 441
1285 770
737 206
222 217
35 204
23 806
502 68
42 757
20 215
84 85
172 1045
357 35
610 442
489 131
333 526
20 578
280 147
425 1331
195 455
962 505
789 582
642 1031
123 299
854 428
118 884
199 726
356 725
961 85
139 1240
41 163
394 142
532 30
24 596
55 805
123 197
253 403
80 1105
34 1061
731 520
74 1044
68 398
391 354
458 508
298 534
329 589
256 1110
421 186
664 210
287 669
747 301
34 373
220 977
238 572
962 100
138 621
449 421
174 261
61 312
670 409
23 1513
672 19
372 371
232 615
406 46
519 568
377 204
518 12
156 1023
332 656
152 814
303 96
208 451
200 217
382 39
582 558
90 278
226 113
52 445
846 770
210 1047
149 372
229 10
372 105
663 268
604 730
311 357
173 1085
31 970
357 1355
132 778
882 1165
102 17
458 3
97 29
52 1300
18 325
17 720
67 686
189 68
158 118
237 461
48 563
379 1300
13 270
222 422
94 966
600 143
100 562
339 1335
260 154
374 180
294 561
433 90
1086 953
122 608
302 976
386 1045
303 19
562 618
27 1278
342 907
438 722
392 132
49 493
634 186
29 226
380 387
335 225
766 1129
130 1021
43 534
174 470
418 1256
750 442
355 150
558 777
668 1120
960 635
345 26
334 727
312 305
421 1146
25 546
362 631
438 370
51 159
375 968
61 572
37 807
558 1356
188 588
222 690
102 214
76 733
963 422
180 892
546 1340
69 416
242 669
321 413
233 1047
808 1337
380 392
573 533
829 943
234 544
545 770
35 552
337 66
439 367
669 133
702 104
21 684
457 26
688 757
7 268
598 730
1136 1361
386 163
697 29
15 819
302 355
938 635
412 754
1050 1045
356 94
733 1234
122 679
414 395
494 610
804 947
94 1327
659 100
844 668
407 182
569 918
771 1300
805 1092
525 649
169 369
958 133
13 251
867 989
164 134
150 967
253 1252
17 510
228 163
569 364
398 830
13 561
216 486
537 208
189 26
449 725
264 19
102 697
280 712
486 329
222 165
301 804
238 22
144 1129
68 425
356 656
413 1067
123 277
481 325
452 418
706 884
596 798
750 494
139 786
505 1331
1022 639
405 362
666 1050
331 1129
585 148
102 671
188 200
111 601
718 560
61 586
380 911
770 798
282 234
100 707
101 39
432 979
1045 1026
67 1014
27 912
124 770
63 288
185 64
335 390
413 463
307 8
174 394
578 78
449 867
58 656
148 861
22 440
28 697
230 746
611 694
40 234
35 333
136 669
57 1023
1122 756
838 1168
423 93
562 1138
671 807
489 1212
53 337
454 479
1226 766
804 354
380 125
542 267
425 105
1 28
1059 798
181 1305
164 730
909 1361
537 463
302 468
188 507
120 703
348 206
34 21
40 154
234 204
696 920
294 541
124 945
36 545
124 671
545 945
234 525
404 807
469 71
361 149
248 485
70 10
34 1136
86 822
770 878
340 435
218 560
634 1050
219 94
295 828
740 104
523 362
164 761
283 687
229 371
593 1088
137 377
27 568
52 1371
230 655
840 115
369 756
176 64
258 86
20 139
282 548
415 80
530 653
561 1246
338 303
449 251
136 687
127 139
122 432
41 144
248 160
346 646
864 549
310 64
407 1313
377 511
938 442
428 605
641 1359
44 126
31 579
421 195
196 229
334 197
193 0
281 742
1099 148
915 979
145 443
568 770
222 364
102 578
234 67
145 494
24 376
137 650
458 602
338 29
245 2
175 807
301 605
475 78
658 955
534 64
19 613
235 797
97 356
256 102
217 142
569 161
196 357
530 890
493 206
409 1334
10 779
377 30
146 864
125 95
218 660
373 943
188 301
580 1252
375 1042
365 861
454 807
232 99
377 615
345 506
270 1097
421 495
1056 236
747 979
74 787
135 510
686 804
197 1320
24 623
356 1170
216 288
692 1351
352 236
26 326
433 1200
313 332
199 26
390 1203
176 945
447 424
421 84
442 1165
611 391
137 566
182 1129
425 712
517 186
545 472
706 242
33 610
439 119
3 422
325 637
188 686
510 777
93 522
272 692
59 861
219 1371
234 945
447 441
161 439
928 1161
52 630
268 723
438 909
132 43
598 354
139 665
39 849
81 367
303 212
41 487
379 38
949 344
130 115
338 513
569 134
25 935
1062 167
255 547
63 562
174 779
27 572
78 394
94 35
262 462
327 826
489 556
588 1340
113 744
1068 989
587 968
1133 983
26 652
278 372
283 386
974 299
221 684
345 985
449 722
270 333
423 552
264 324
512 356
444 799
305 1179
29 884
130 35
76 777
357 1155
369 866
606 93
303 26
96 363
722 1068
58 68
308 722
532 278
28 671
341 159
152 355
237 844
138 467
276 187
575 807
137 232
1016 967
208 985
132 722
9 788
449 1100
19 520
63 610
382 709
151 189
167 936
341 106
357 150
122 452
29 909
10 756
464 472
573 568
29 681
438 669
49 354
199 558
445 9
379 881
1052 661
512 1324
635 868
215 10
49 124
303 814
554 441
69 1504
454 554
13 657
677 786
358 996
285 844
111 245
511 1091
526 1086
502 1031
310 472
396 374
927 258
166 1136
102 115
784 772
358 812
260 300
19 192
20 412
302 214
303 772
546 967
61 330
534 568
13 284
645 10
84 70
355 527
28 428
413 66
530 708
276 1021
24 709
1060 967
51 1105
627 201
494 766
216 654
216 264
280 45
323 532
204 64
69 74
63 883
182 985
150 609
265 1270
556 204
357 19
248 1120
721 545
271 482
265 728
604 546
271 1000
78 217
579 623
76 305
298 225
685 631
84 572
78 491
370 937
168 424
54 418
51 505
174 218
1211 1248
142 1167
152 772
376 739
419 205
683 476
6 78
521 1252
816 333
403 1294
426 770
19 824
162 870
228 944
437 776
150 404
189 943
384 552
683 423
40 690
834 95
67 115
303 1360
226 568
28 527
469 189
123 211
682 363
897 1047
150 607
160 613
638 757
295 278
347 1340
2 572
22 508
382 446
87 689
844 8
226 945
216 949
32 1167
216 790
810 353
722 884
151 440
84 804
175 881
806 983
470 684
422 206
377 392
265 568
85 1136
275 657
51 288
161 392
767 1097
63 21
291 163
329 534
276 411
150 522
15 1159
685 656
781 210
415 685
996 175
233 195
555 1415
364 375
423 1188
280 1026
854 1431
56 1355
26 1136
1140 148
650 12
379 523
23 10
142 369
657 1092
357 24
323 0
174 677
250 413
13 7
380 171
165 1097
531 92
423 30
362 1065
778 806
200 431
379 90
494 897
137 489
418 467
136 142
140 719
53 666
84 175
310 434
189 48
631 1320
486 101
229 226
721 681
729 456
17 64
532 878
358 37
812 807
132 1034
224 218
248 232
590 1402
195 33
381 425
151 625
84 402
357 119
124 703
195 0
709 1234
127 1124
153 30
282 119
100 339
43 27
138 725
569 25
378 1456
303 493
414 311
27 822
227 1396
656 545
0 29
188 1093
22 1038
281 741
438 808
365 761
249 589
159 391
35 391
569 659
233 640
212 518
40 376
71 59
265 1051
150 324
150 596
88 1062
394 777
712 631
252 1338
73 53
287 696
159 113
15 861
1119 985
645 200
87 508
390 566
865 356
816 29
242 1339
499 1251
91 139
83 64
225 93
84 235
219 472
532 1088
1162 635
363 725
684 143
220 431
139 624
100 287
148 868
40 319
338 1101
560 1181
905 1088
311 142
719 1038
399 734
305 770
371 822
682 1276
81 96
134 917
44 361
681 1158
918 1167
899 206
97 167
357 11
96 455
468 804
331 1217
89 974
66 1009
586 1325
29 354
697 968
764 150
122 422
757 299
3 1352
984 223
181 1217
76 243
487 598
284 139
61 454
212 386
432 198
43 894
211 225
426 552
404 798
331 284
355 920
123 609
269 867
220 552
146 699
11 166
160 150
139 759
213 27
28 3
364 769
27 667
116 493
220 939
149 506
199 1006
130 947
174 238
139 830
69 342
634 465
814 801
210 1212
622 222
367 565
762 798
130 567
84 187
22 687
1047 1212
936 461
248 424
139 609
554 66
256 228
570 530
318 631
537 582
305 965
276 106
40 623
245 497
413 720
591 136
97 491
511 667
979 1398
149 10
291 553
40 163
35 686
650 28
767 807
481 49
630 655
534 1051
454 1234
17 1182
930 226
195 493
410 78
40 90
1074 954
646 576
303 422
130 195
17 812
933 897
216 481
930 369
132 19
636 798
78 506
551 436
590 920
48 278
377 109
12 155
148 133
691 1431
412 654
497 720
100 1374
458 511
810 1214
284 158
84 409
18 1136
108 1256
210 462
150 566
58 347
493 953
150 48
345 1337
632 93
453 78
571 739
905 939
379 40
189 165
281 498
260 66
344 243
19 704
449 424
146 934
412 211
445 170
30 703
61 556
517 1221
477 1179
433 693
321 895
137 330
632 920
267 94
237 655
373 659
182 790
6 495
516 989
218 220
374 343
429 653
271 480
392 1322
1012 204
355 1079
13 317
412 56
91 456
1059 757
51 1184
357 305
137 798
70 1212
414 805
832 830
262 552
148 1067
84 94
772 890
252 333
609 37
569 871
99 441
234 334
579 1091
14 734
291 575
251 1326
195 821
1094 236
224 418
281 520
844 939
276 1082
11 312
355 879
224 152
609 17
711 849
207 368
148 666
32 937
872 463
232 423
513 875
220 222
218 520
489 806
1047 777
169 1006
738 222
445 610
999 631
412 163
961 752
1102 711
189 163
875 37
405 428
91 485
339 354
160 1276
511 849
245 201
51 786
45 1278
260 472
195 32
139 363
184 395
489 604
489 1009
491 522
150 875
502 989
598 1167
241 132
669 251
373 568
963 1097
303 1136
650 49
326 830
150 679
393 853
367 113
710 226
321 108
235 307
528 959
334 1091
768 1088
84 193
188 589
468 17
291 527
222 384
626 649
168 375
958 1421
80 692
149 113
406 822
189 372
153 356
74 849
280 1318
33 100
346 395
334 917
202 670
199 336
755 418
217 798
347 635
297 425
291 532
373 580
399 410
139 910
270 195
836 989
42 410
11 252
234 362
475 411
468 355
232 96
192 333
691 47
17 372
28 688
448 686
138 401
857 26
32 830
871 463
136 1378
106 206
421 945
444 167
484 533
364 943
174 70
164 216
309 497
294 26
613 560
469 313
270 325
317 318
213 770
532 451
84 532
88 1374
100 243
413 806
476 170
14 538
122 1005
262 963
444 133
137 235
375 29
414 925
184 1179
13 549
188 39
80 66
49 832
388 694
399 703
14 543
199 339
216 306
26 66
68 534
230 249
486 205
654 804
471 589
288 671
590 10
613 661
67 693
3 736
74 454
468 35
50 169
549 1119
433 506
97 205
51 318
63 1129
32 1105
292 26
485 186
46 1331
554 770
97 119
1007 102
20 388
80 944
192 669
255 918
605 631
1137 115
347 78
161 493
453 798
170 1155
174 159
471 939
356 214
181 728
598 9
302 150
1240 1091
331 160
253 194
44 759
104 545
228 762
165 422
132 742
468 1091
53 485
422 142
180 943
1091 1341
445 382
35 798
53 45
154 45
163 90
373 295
22 109
372 798
93 806
295 223
74 278
550 558
256 1364
42 462
238 943
738 1027
433 307
262 875
910 936
238 7
89 186
419 101
514 722
159 251
325 1212
51 1355
253 420
13 1085
520 354
555 443
476 227
67 967
384 422
281 606
68 79
816 441
420 1337
68 677
218 1104
122 3
340 560
216 329
52 534
96 690
322 368
234 1455
405 45
437 182
102 655
111 667
626 1014
789 945
635 719
340 1300
848 133
476 1050
197 671
88 756
170 657
113 781
389 45
931 227
391 965
347 769
516 124
81 375
350 1124
248 1042
225 822
990 631
135 109
216 267
48 1139
394 1097
216 563
457 766
49 391
14 1115
219 661
24 668
542 28
373 776
853 176
337 539
316 159
423 244
48 1027
200 917
458 815
141 712
435 1146
228 99
526 1044
234 489
58 568
452 770
294 514
118 226
494 1374
164 364
156 268
332 1315
212 456
444 479
502 909
439 91
173 152
308 949
35 422
234 1241
301 976
334 1154
903 1089
656 141
148 952
832 204
105 770
405 1136
428 968
795 1017
84 432
764 358
818 690
180 236
249 1088
262 229
205 113
216 277
452 634
343 861
172 543
78 362
360 124
283 1304
517 191
371 605
478 766
276 678
371 1122
8 967
8 797
235 1009
303 239
605 770
211 325
267 42
657 115
516 474
280 470
123 285
894 720
281 623
237 240
237 454
303 333
374 194
517 723
295 1409
668 741
444 1027
412 82
220 725
321 92
481 332
97 169
271 41
233 334
332 288
781 580
222 27
205 546
238 122
377 623
531 725
491 214
174 370
188 179
160 845
194 1342
58 1361
161 743
428 62
337 441
3 849
175 822
332 325
355 132
49 1395
295 567
300 326
288 339
268 824
420 850
554 807
161 771
321 802
341 329
346 518
257 8
153 94
225 45
361 560
626 1316
948 722
451 492
566 413
558 463
394 9
295 687
336 818
78 943
35 368
718 936
36 472
255 277
212 127
428 113
974 1167
438 725
452 841
225 652
763 27
203 491
179 684
6 171
324 1355
432 1246
308 471
210 637
248 92
455 1300
728 277
281 855
114 302
865 530
161 347
416 1089
1101 1044
534 884
160 906
316 106
303 1009
864 635
61 295
199 226
1184 1167
556 1341
226 798
217 589
396 286
329 454
359 450
222 455
933 756
630 305
555 952
931 635
442 1093
286 829
517 8
60 708
65 278
196 37
189 334
203 757
325 777
61 261
115 1050
321 80
380 568
516 363
174 147
174 326
752 362
591 49
275 797
252 37
356 210
116 1174
578 798
102 750
332 428
174 1318
481 339
49 330
449 452
308 676
254 100
119 625
277 1355
750 1400
287 563
438 308
248 98
106 731
96 486
14 141
139 462
339 671
439 771
120 17
719 937
332 93
15 208
624 4
72 403
254 325
169 363
333 1026
489 185
762 822
329 17
834 244
386 1333
377 367
133 9
553 589
371 832
89 669
159 204
48 1088
390 307
138 762
217 552
38 306
14 1090
9 712
336 940
626 19
14 188
295 585
191 866
265 493
41 17
228 989
585 586
142 822
112 366
310 728
123 1101
52 33
636 552
945 462
48 625
439 43
506 522
72 948
1027 1358
563 426
730 1159
322 10
423 463
265 554
112 375
332 391
449 808
68 806
94 827
280 884
61 21
591 199
423 78
558 1352
370 287
505 1167
35 671
295 1120
510 492
17 166
394 552
242 687
796 210
657 191
331 1091
502 465
768 471
70 68
42 262
132 3
414 845
1049 1248
1032 1009
174 959
737 301
295 370
261 608
280 356
47 300
529 150
449 1184
1000 206
710 1264
414 661
444 593
529 197
386 928
356 2
705 57
327 734
44 144
137 1012
1022 835
346 182
1225 1097
65 431
47 143
174 369
195 615
325 309
328 388
763 169
866 64
160 624
752 446
237 479
1300 1341
279 180
631 1362
428 798
718 1300
423 56
444 357
869 756
657 710
182 781
282 257
371 712
532 299
560 320
13 487
438 493
295 41
174 116
377 210
6 173
234 805
294 3
249 1234
215 218
234 664
14 1
1149 84
303 589
19 538
638 1360
20 638
397 1119
567 139
76 939
305 656
61 199
148 1050
382 1316
569 15
558 1045
666 1167
33 566
445 1092
525 665
19 205
421 685
315 226
222 1215
617 684
772 556
35 10
74 1360
78 974
29 508
657 395
888 985
519 533
234 878
74 668
186 1326
57 49
114 22
569 769
174 631
218 307
127 532
139 356
238 719
87 423
428 1324
228 45
384 454
623 792
506 725
232 558
508 560
386 93
476 626
521 359
123 546
232 830
452 707
149 326
388 704
159 64
521 547
261 953
1101 788
122 229
464 1050
414 446
867 363
368 1264
207 395
142 442
689 854
540 265
53 610
665 1252
158 719
429 7
513 746
661 1348
481 45
42 461
717 333
262 596
49 565
228 369
262 247
21 442
189 423
1030 60
142 781
195 99
253 790
940 4
293 369
332 418
532 668
74 1015
599 368
872 336
496 1129
149 337
674 549
421 192
170 1200
102 381
70 591
553 1027
78 462
20 277
195 326
270 210
200 488
33 1012
333 300
445 363
1052 1070
463 1067
849 1179
102 201
660 884
33 866
883 369
951 133
61 87
123 709
61 621
632 668
555 1392
180 947
864 9
125 1212
691 1363
184 391
79 777
51 967
188 859
198 605
702 807
347 1058
449 903
284 102
10 637
759 339
437 56
27 10
633 830
372 756
395 827
549 868
19 910
920 467
613 690
278 572
62 604
68 169
40 672
239 29
100 1032
159 228
27 472
76 353
135 910
567 142
265 652
683 1300
550 369
200 709
288 391
137 83
396 761
258 914
137 558
360 1337
356 372
388 656
50 894
949 289
500 1052
356 786
467 777
592 133
629 1168
62 64
659 133
302 167
503 372
294 207
282 115
222 791
53 78
712 1212
233 945
217 369
189 278
503 939
79 497
120 1300
188 1026
1157 133
505 49
806 974
525 497
62 339
708 562
728 788
410 289
838 692
132 979
537 194
195 720
43 80
322 1092
42 81
516 269
228 33
132 720
487 485
477 322
866 770
195 404
556 210
265 605
22 733
22 461
68 92
683 100
60 953
165 979
356 441
537 6
109 665
252 849
174 339
558 172
585 107
368 859
766 1032
591 656
454 1015
372 425
438 903
391 1009
311 604
421 124
1006 696
422 725
150 823
169 880
870 409
228 819
151 132
248 1117
479 746
283 1023
772 638
987 100
78 35
141 1139
41 520
588 1252
171 1302
85 1146
248 58
529 1331
248 194
438 778
322 808
371 1212
340 613
415 681
122 1306
89 14
487 1038
28 777
498 520
34 767
174 1020
58 778
1030 549
339 712
61 611
421 806
624 861
378 433
192 903
519 204
253 598
137 332
356 746
706 783
379 1232
361 375
709 686
208 94
387 560
315 920
772 116
303 123
332 909
639 767
868 953
86 43
829 937
146 843
658 301
1220 372
148 648
410 1104
410 579
537 918
834 1158
214 1027
2 979
238 372
698 979
28 226
19 787
310 897
155 1166
532 625
491 526
51 909
111 81
333 1212
286 776
258 602
540 259
407 659
603 497
421 1009
96 1122
609 1044
313 907
262 228
318 806
425 756
123 949
280 519
345 769
195 135
195 559
940 456
332 769
468 82
476 340
336 665
11 1000
61 35
253 439
10 441
238 343
19 966
458 367
235 547
226 871
1023 797
453 388
0 1341
534 656
864 518
264 625
722 671
68 524
242 56
84 13
149 226
341 479
747 206
333 565
188 467
283 90
14 815
43 493
481 467
432 197
534 82
302 915
928 9
84 1412
479 1234
518 180
114 201
936 842
187 368
343 59
34 639
815 1179
138 493
20 468
222 655
508 652
89 54
229 333
340 135
297 736
433 1345
51 1186
618 472
195 1136
211 37
136 604
976 966
262 523
658 1088
168 1119
322 192
571 689
455 142
137 0
372 777
211 80
41 961
126 1050
39 770
215 353
286 1129
685 104
611 945
68 391
402 49
1006 1375
1016 4
228 462
214 736
261 514
475 688
305 605
370 197
454 381
52 1042
525 532
3 939
475 461
200 671
331 13
12 278
94 890
519 383
310 1179
186 563
1202 830
1244 1091
302 1166
289 4
449 277
406 563
527 849
19 1341
579 592
238 33
423 143
334 677
300 64
228 293
82 920
132 806
433 686
15 78
200 455
471 520
276 596
224 78
553 746
16 766
100 885
20 188
357 206
297 855
137 222
609 30
175 214
139 416
770 326
51 119
234 1306
430 827
446 1014
379 1259
864 884
281 48
598 861
611 113
439 591
228 744
302 479
365 829
364 1252
139 746
406 42
78 734
78 596
225 333
216 1105
566 422
287 186
480 754
41 970
638 807
93 979
174 96
49 944
475 50
505 268
391 830
441 467
24 8
405 830
232 332
40 910
508 667
556 7
125 1300
635 450
294 124
755 1369
188 334
87 10
96 725
234 616
30 722
207 693
62 656
175 1045
302 852
201 939
113 798
875 1174
924 442
438 143
886 1386
109 1091
94 903
410 356
625 64
719 691
454 527
439 561
327 604
1140 684
51 520
171 687
388 563
134 35
569 345
222 454
460 100
532 534
295 516
75 761
425 85
567 17
819 906
247 132
356 1360
904 450
152 388
262 607
804 546
512 756
241 388
12 372
136 436
283 861
424 1167
459 8
761 1067
137 427
35 733
440 497
253 208
420 268
74 218
137 1324
252 807
174 756
698 64
287 824
102 524
228 580
55 1211
49 10
425 580
257 710
755 867
476 148
6 30
607 807
423 869
13 146
452 254
84 405
375 726
49 243
562 934
867 493
347 359
251 1100
238 329
217 454
318 940
324 64
493 1047
611 64
594 391
59 769
449 755
755 192
235 849
185 372
15 71
153 206
460 1061
305 1220
956 100
100 722
332 375
515 133
22 304
812 582
6 1389
122 566
392 80
475 230
52 945
112 1344
437 180
44 918
438 664
10 1067
751 686
210 898
234 1078
149 777
961 1304
108 1331
1093 533
15 7
452 819
119 1139
148 819
285 454
50 300
739 1179
529 204
11 1054
783 182
913 892
424 1246
68 192
203 560
459 96
498 855
114 197
407 118
704 526
26 143
568 1129
953 1390
68 632
501 391
611 454
451 1300
23 943
195 235
381 1336
280 669
275 787
97 631
931 279
112 938
196 175
774 268
150 419
271 315
203 12
665 598
665 883
358 1212
47 371
468 76
452 489
188 8
138 139
3 560
295 664
227 691
933 199
560 878
40 544
248 409
762 1324
231 197
1230 1179
76 625
201 563
264 200
836 9
379 81
262 1355
464 492
917 656
438 819
70 23
268 871
287 778
305 1212
72 1017
194 549
610 133
657 686
346 91
459 689
310 325
488 37
68 337
437 687
393 557
710 371
44 458
136 9
162 756
81 283
96 621
626 209
566 115
98 1300
410 798
665 878
248 292
419 344
346 525
268 1321
615 467
423 18
471 368
48 39
175 522
549 1253
284 1240
195 21
225 709
227 719
303 849
122 1097
444 148
508 10
327 360
188 138
265 357
568 326
102 428
723 742
975 148
124 688
258 306
452 360
196 335
211 132
575 552
74 957
20 679
114 214
30 1089
386 141
327 572
256 148
14 881
280 50
529 807
438 61
760 499
713 867
586 1056
58 434
136 861
258 1356
802 497
303 339
74 207
290 456
245 830
267 237
1082 599
102 886
189 264
12 1042
815 631
96 685
672 1129
32 926
142 1189
186 244
394 422
812 37
264 939
56 333
13 356
265 340
106 41
220 917
772 1246
803 403
12 2
51 394
58 677
146 1138
203 1088
111 439
933 533
425 293
697 589
163 754
68 53
74 593
41 142
677 467
336 588
431 798
294 402
66 725
281 491
771 1038
82 440
386 508
485 533
634 4
323 1129
226 776
224 51
49 363
917 197
188 680
97 720
208 604
548 1088
770 1324
659 1058
818 362
197 675
735 104
269 1490
10 1038
111 568
337 472
444 3
10 880
329 3
210 369
78 548
132 446
750 195
454 757
429 864
137 611
476 102
413 600
287 997
130 1047
683 160
160 91
332 210
81 561
228 176
730 1167
193 989
20 35
962 549
160 634
194 1331
702 1166
106 1097
295 208
181 492
211 205
225 330
370 403
199 965
294 778
161 403
228 566
570 1110
22 608
374 354
207 1338
271 698
51 974
49 467
286 326
843 133
494 533
566 37
268 653
582 1383
657 1023
647 742
385 983
593 754
96 490
332 1136
632 497
82 736
7 336
122 1167
865 12
846 689
49 677
173 541
303 830
283 686
569 295
322 1431
139 1318
688 945
489 45
761 1320
933 210
345 604
283 1091
211 945
63 418
432 798
137 324
864 59
22 939
512 133
349 1322
195 147
25 413
68 667
257 446
26 895
421 1067
151 277
87 1352
61 961
276 909
386 770
54 254
62 1129
78 722
106 3
63 766
577 139
390 227
283 135
267 720
56 59
216 462
142 906
346 88
158 7
357 289
388 1044
498 119
433 844
76 1009
137 261
88 485
782 199
270 220
139 17
268 647
931 133
638 422
106 12
150 39
325 427
80 293
356 563
432 220
645 150
387 1050
123 676
458 381
321 280
98 456
35 1139
123 2
107 591
333 1146
195 367
908 1050
733 704
125 731
262 391
265 53
25 1339
311 10
143 339
202 369
710 369
270 634
189 563
333 66
84 357
407 545
729 777
211 28
817 757
232 310
124 722
189 252
341 312
702 197
589 1264
728 842
281 602
395 1246
288 64
139 631
723 596
415 27
353 299
537 665
61 580
360 436
360 251
236 1401
711 739
187 389
139 43
634 746
464 474
316 1026
13 492
61 363
670 333
58 362
664 937
265 779
166 966
7 892
334 631
193 875
423 43
97 804
0 788
540 428
1050 133
277 770
65 553
344 546
343 769
41 362
161 46
49 656
237 329
508 677
135 121
108 691
255 1031
967 1430
444 19
423 35
1 797
468 422
114 120
378 289
36 349
70 327
188 21
329 12
101 56
20 440
517 214
466 756
281 751
380 910
561 1118
217 563
496 943
510 339
763 68
80 661
51 308
439 487
80 1202
425 652
24 787
757 1015
438 132
20 142
740 142
216 547
862 234
214 739
180 769
738 65
357 1168
303 42
310 965
356 197
716 184
491 8
308 167
54 722
295 512
798 1136
399 505
48 486
161 121
378 237
8 526
61 909
447 493
766 1136
284 260
327 669
20 859
83 832
244 533
454 440
102 96
468 746
97 222
188 19
265 185
281 448
489 68
215 439
262 728
14 316
340 189
197 886
237 37
148 995
387 1305
500 3
1095 665
666 560
106 269
538 204
211 391
51 187
186 143
449 274
283 1200
332 594
150 167
623 751
215 199
657 827
169 685
239 237
731 82
454 966
563 1166
863 953
968 1415
490 27
632 977
31 414
149 161
423 1410
609 770
61 1042
414 492
458 139
683 489
282 38
56 45
6 647
34 1382
49 945
449 72
413 790
560 1276
13 435
191 1316
432 285
895 1346
262 1059
44 111
728 832
52 441
357 65
113 565
9 467
628 947
27 240
1022 1328
174 225
291 203
471 491
200 805
11 575
146 343
333 1167
481 33
102 875
124 909
39 1264
0 1038
650 522
579 823
279 896
80 545
14 247
234 566
75 227
542 881
268 1341
399 722
423 822
420 631
727 1413
1222 49
94 251
136 659
265 1098
100 806
122 192
721 332
612 227
413 268
423 594
142 522
667 830
554 10
628 121
227 1132
996 688
174 243
517 671
361 310
97 295
471 1320
653 790
386 826
164 100
967 1065
836 533
591 472
590 264
1119 681
265 989
116 563
102 330
636 102
44 1240
332 135
439 299
282 430
294 358
137 358
208 1340
391 725
645 262
1031 945
715 736
101 3
19 30
733 506
132 448
75 76
228 272
619 904
468 102
406 237
22 615
295 646
61 576
116 369
80 744
421 763
474 193
282 61
137 545
0 428
215 78
493 558
722 1279
697 754
377 52
166 301
346 570
1027 1088
391 326
585 1115
20 746
78 806
33 288
408 643
200 440
534 832
764 552
697 372
356 66
114 532
609 690
46 1050
148 1303
48 1101
284 660
81 666
19 471
290 869
220 488
34 243
238 369
200 381
415 570
86 372
267 471
174 149
94 363
499 510
287 1184
185 681
10 1026
327 199
357 420
129 235
278 1044
486 45
52 81
52 726
321 512
52 139
471 855
197 757
222 1322
90 1338
175 746
238 849
161 81
1007 966
84 534
224 194
222 582
480 657
154 198
35 1027
28 789
428 1006
459 428
70 363
385 691
774 527
769 918
832 1026
428 1168
469 504
284 316
205 372
485 287
1156 349
397 1113
174 829
49 418
439 910
458 292
423 467
113 277
362 903
374 730
398 898
280 594
489 424
40 41
136 251
267 920
101 2
475 534
524 756
487 778
167 977
222 2
441 822
797 1065
197 694
493 1270
340 274
388 455
792 687
603 876
374 1067
237 48
600 997
35 99
423 664
22 217
360 153
196 268
106 471
13 319
316 558
151 289
61 819
102 709
766 756
20 81
196 554
344 235
433 368
683 377
164 588
512 615
568 1021
324 1136
289 739
722 997
598 669
84 207
495 27
13 787
134 632
537 744
331 139
27 1098
804 497
616 807
39 736
12 35
228 1122
405 723
305 1042
555 1030
314 369
332 244
89 174
205 731
142 204
90 624
632 372
565 210
114 553
848 12
704 214
300 756
82 1492
346 937
344 252
96 1051
966 1343
802 770
199 1098
137 243
28 26
278 497
53 508
186 703
392 756
1002 245
676 855
267 56
152 132
228 147
451 1050
244 832
89 948
165 252
373 1067
422 754
636 454
653 240
123 3
69 928
234 1213
915 754
226 545
193 492
271 881
534 372
58 312
94 56
124 734
301 501
525 881
672 495
86 1331
377 323
261 429
590 333
80 37
645 1331
446 827
307 115
495 653
522 1044
485 26
1129 580
358 1453
42 553
248 492
13 527
258 756
356 289
844 807
355 218
230 694
6 375
414 24
884 907
19 39
139 878
538 372
540 375
684 1129
356 1003
1106 1348
423 3
174 186
276 99
449 909
188 429
134 78
74 1051
874 442
665 781
215 8
394 454
1020 756
772 1338
68 1087
97 733
722 1072
815 0
68 154
346 598
837 492
524 1386
474 180
203 56
126 1129
722 1089
561 94
44 504
215 237
1037 953
761 969
485 192
142 10
216 94
197 554
1085 1337
449 108
808 989
619 213
435 363
547 463
124 707
28 1174
937 1388
799 1166
20 697
709 967
262 767
979 1166
161 547
172 362
199 356
262 388
796 835
244 712
76 589
198 278
291 1027
93 588
73 696
96 1009
807 1358
449 826
114 799
439 433
15 918
772 687
438 23
627 412
532 715
433 382
444 548
211 226
548 966
114 268
519 176
391 945
694 746
89 318
375 1371
131 1091
48 222
1220 214
837 372
829 1136
112 450
1028 442
370 436
85 769
267 1088
142 786
539 1311
303 225
380 323
61 79
2 605
519 228
534 204
148 1056
280 530
485 756
207 319
74 390
13 287
336 424
723 1338
200 801
199 798
388 235
49 369
553 979
990 830
730 1129
237 153
123 668
324 19
204 1212
327 193
35 113
137 394
626 8
150 64
345 420
26 1314
737 189
292 532
487 397
165 754
162 228
212 1167
521 94
386 691
369 545
1059 939
709 1060
72 770
502 725
203 113
121 726
754 1343
132 849
709 8
44 487
210 427
252 1166
414 191
256 368
399 806
70 441
522 741
780 549
457 508
1096 1364
772 268
597 1336
80 1020
88 243
961 228
280 269
238 334
480 382
364 289
97 531
432 677
272 739
925 1336
159 26
415 421
68 728
544 85
213 1001
685 66
413 113
226 937
1050 1320
70 45
540 87
8 1044
940 565
123 563
94 593
213 8
322 372
163 165
973 494
1000 754
96 884
122 235
691 826
87 608
685 1047
392 391
74 737
195 288
461 798
230 41
318 49
120 186
876 788
327 983
46 503
480 1155
490 635
377 1060
453 552
174 989
21 104
585 133
534 293
428 472
608 653
212 268
264 977
199 1050
405 10
276 989
743 135
34 942
216 830
32 37
679 1136
958 582
1015 1088
130 174
568 1411
441 64
44 6
185 945
518 666
100 493
943 1340
168 1253
49 788
152 849
61 211
406 150
325 1370
155 807
158 487
410 634
686 849
789 226
228 664
586 1106
422 462
508 1246
118 59
276 174
262 356
159 910
135 830
284 1
297 741
321 471
58 508
391 66
12 443
216 286
213 62
72 255
10 47
140 347
381 749
478 684
76 278
556 285
493 26
225 1020
219 1052
471 1331
102 1316
284 464
78 180
486 736
421 609
952 227
174 928
303 725
180 227
545 467
696 685
335 777
883 684
261 16
43 822
388 197
88 244
22 638
150 432
327 505
195 332
628 762
493 652
770 830
532 546
295 1068
626 686
316 288
67 41
56 133
596 807
1002 1366
222 618
481 322
61 292
280 605
248 421
10 1146
778 703
357 347
1275 1386
562 443
798 1327
502 193
222 155
537 268
96 462
734 989
329 681
1203 1097
540 204
258 317
897 1136
538 572
63 947
517 115
528 494
49 440
928 989
295 160
102 425
353 136
6 660
380 310
444 966
472 1158
437 720
215 511
873 187
738 977
843 549
623 657
706 59
49 16
386 465
134 326
15 326
22 487
613 1246
746 671
785 283
441 880
103 9
493 565
196 61
807 1327
218 448
225 35
338 894
957 1088
27 779
447 830
308 327
474 951
73 280
532 363
437 148
356 558
97 144
353 205
806 989
556 339
74 866
284 567
160 32
174 961
191 1221
1314 1179
17 289
3 704
26 786
605 777
222 45
350 180
189 448
19 1200
13 9
102 694
346 882
790 576
683 27
302 1000
70 445
262 339
608 560
698 756
209 260
101 606
603 325
331 984
295 189
414 245
88 1055
232 369
511 869
933 27
51 45
161 744
31 144
252 563
111 497
303 1044
228 372
196 553
76 301
333 1372
265 70
751 191
52 225
683 9
34 254
425 147
262 671
881 1045
35 538
405 441
65 17
338 589
869 204
312 1003
139 1045
200 697
291 2
486 967
28 770
1171 494
211 27
421 228
480 709
421 332
139 1105
40 149
267 844
63 1032
48 17
716 536
220 979
171 1091
58 511
629 558
43 777
321 221
61 27
628 364
414 914
58 534
702 94
44 4
325 945
264 78
44 331
609 49
569 6
361 161
68 246
380 131
533 945
393 188
687 790
506 668
127 1091
268 47
134 79
414 340
1046 833
12 1056
657 362
175 733
102 494
6 40
195 184
180 884
10 770
682 301
492 970
277 1397
162 115
228 707
347 943
216 142
129 419
137 298
618 1106
884 1017
118 1058
185 26
974 989
215 433
355 153
269 369
97 96
231 746
649 723
65 875
579 522
91 778
282 1044
468 49
44 19
228 830
350 182
267 901
359 1041
234 170
524 757
162 113
438 1072
24 955
265 920
295 483
166 979
164 56
188 819
295 937
188 211
383 279
357 82
305 1067
26 1097
6 376
188 50
695 337
267 480
130 505
1106 1371
234 360
195 637
1136 631
489 523
567 436
343 604
118 783
160 125
294 705
215 109
332 310
332 243
49 707
237 270
150 632
31 323
99 631
761 1085
792 1091
114 292
428 436
1165 568
566 454
1064 56
556 171
305 29
1144 705
841 94
380 120
356 859
143 369
385 539
372 1097
434 655
537 719
454 488
632 119
901 94
311 1148
650 770
489 133
225 427
148 365
707 806
683 64
113 1212
593 563
560 1341
53 425
284 561
114 599
284 940
493 45
30 287
535 442
563 1358
408 27
22 920
34 610
603 210
221 435
1030 236
371 1318
361 489
228 124
163 307
537 354
252 1331
26 671
435 1136
435 251
74 257
17 789
235 781
112 1401
316 497
307 668
68 384
270 762
232 26
184 1202
805 368
691 1371
1267 19
566 29
1081 4
1178 259
321 776
908 968
738 422
31 439
683 1218
524 391
444 214
74 657
207 649
234 429
62 27
150 554
432 50
215 563
705 136
18 568
134 59
79 64
525 492
727 372
173 526
395 372
29 62
124 1167
62 425
928 286
389 10
29 679
371 770
502 1279
61 565
261 806
242 182
6 360
20 608
345 861
295 843
148 1001
42 394
209 4
196 638
146 1162
626 39
54 1167
373 242
141 251
280 652
303 204
123 606
470 199
303 513
737 552
125 85
402 10
148 1457
532 552
68 186
1016 939
42 939
2 855
51 205
114 798
43 64
453 1097
561 1334
113 391
328 727
144 356
493 442
194 345
683 312
20 738
167 849
62 907
806 1326
585 409
721 204
78 109
145 1392
1204 1172
685 1136
342 806
567 100
267 277
291 93
220 801
327 1335
474 1491
883 822
308 8
84 1184
325 605
961 1300
58 558
480 589
458 940
136 726
481 148
78 301
97 56
137 258
100 143
100 1089
679 425
68 386
512 610
591 429
914 82
189 830
254 533
203 333
22 1327
167 305
0 756
39 9
78 26
215 492
51 832
237 493
100 413
285 278
268 38
247 1050
481 854
72 148
617 96
32 49
305 945
859 552
464 716
163 1097
493 192
949 35
16 568
189 76
283 1009
45 661
540 562
392 1136
303 774
102 372
265 1146
192 734
78 37
25 255
17 155
328 807
76 71
603 1168
19 709
475 440
162 1336
542 1447
228 455
331 94
356 369
303 777
474 808
386 436
612 359
733 533
468 37
255 118
461 9
133 1129
327 217
88 460
475 133
230 527
441 1047
280 832
373 188
480 132
24 38
161 940
161 193
222 80
267 915
258 195
49 605
332 786
276 655
325 725
635 1392
102 647
150 1220
26 559
284 1016
70 244
86 1045
191 967
45 756
201 668
51 368
174 402
844 333
175 725
439 732
562 442
140 861
54 836
490 425
136 80
58 961
558 685
26 756
392 945
470 142
80 898
329 214
75 547
132 677
195 605
585 29
186 696
682 1348
195 494
6 94
80 240
44 171
48 243
386 1369
34 913
794 472
628 1277
1153 1192
174 1098
61 497
45 990
49 225
20 189
439 362
415 551
42 17
388 807
270 660
449 666
96 0
149 554
93 1097
59 354
616 422
264 725
718 532
632 733
480 28
34 317
280 43
877 586
1004 684
1004 26
222 479
161 776
261 19
430 1023
715 920
16 631
926 769
6 626
237 218
517 686
303 1306
195 1012
264 754
855 522
19 579
649 517
489 78
799 94
139 989
428 1362
480 257
456 613
393 619
315 369
493 363
474 175
131 4
128 776
468 433
31 81
149 631
207 797
97 609
278 299
34 1028
605 756
566 757
933 770
174 185
188 838
303 197
371 671
816 45
291 1042
275 522
567 1333
205 243
418 604
97 324
762 725
245 423
163 936
346 533
136 634
522 797
341 697
489 1105
237 96
1058 730
449 301
609 849
315 441
1130 1400
134 106
368 538
61 524
360 1091
302 3
220 746
262 575
211 422
150 1097
224 588
367 556
33 277
521 227
122 967
265 218
171 1375
841 124
430 805
502 974
248 244
245 26
168 352
112 1029
142 552
558 95
346 622
10 806
55 24
44 1266
849 1356
55 1163
204 1146
215 81
823 1088
83 204
225 356
550 681
791 1124
647 1065
386 988
331 268
421 185
112 828
208 783
817 206
22 142
230 859
271 141
917 493
87 428
388 823
130 333
415 692
341 432
693 376
68 921
321 598
424 1050
33 293
555 887
1058 769
554 85
481 333
423 939
194 279
249 979
489 818
904 868
425 786
524 339
928 858
459 413
175 422
410 12
45 1009
237 102
642 531
629 206
389 29
335 12
776 1129
235 804
943 776
89 1100
756 1318
737 454
395 967
102 252
173 327
309 27
687 206
22 1050
617 830
61 788
79 333
28 607
444 920
297 756
2 739
347 146
1006 762
693 797
364 326
325 816
215 668
373 420
751 268
209 936
23 600
590 205
289 299
474 212
666 600
70 358
114 804
374 148
381 27
504 336
267 493
719 547
474 7
75 1365
308 22
174 254
28 552
102 1003
489 144
49 251
234 1137
120 643
237 1097
346 861
68 418
1004 610
432 797
455 757
228 781
805 739
441 712
346 323
20 789
571 1262
333 363
184 243
222 12
14 10
90 797
51 1136
357 133
14 544
148 66
1226 533
406 50
517 1092
138 49
188 252
238 1252
13 153
1120 692
846 1176
208 1231
778 771
162 280
247 4
603 786
365 776
265 1026
887 236
283 85
747 966
146 1056
938 904
325 371
58 292
604 592
9 339
50 368
20 356
222 619
665 133
370 113
100 600
565 339
571 1176
947 878
904 1325
254 363
291 175
450 953
373 71
222 1327
290 861
44 340
288 1179
40 1060
196 454
312 690
81 171
1000 1088
432 333
810 676
52 369
558 909
345 310
294 703
188 703
31 212
149 102
237 658
608 613
295 795
248 891
211 572
130 142
479 677
248 359
341 635
79 10
601 362
705 1100
284 3
61 78
325 712
65 241
146 375
25 937
70 280
418 681
68 163
132 615
436 508
22 3
955 155
735 10
569 238
22 12
24 67
324 668
428 204
559 467
71 403
832 1324
325 1009
933 568
84 618
264 56
452 46
424 1091
390 506
48 686
476 81
88 1335
412 252
161 829
84 744
314 195
638 1174
78 289
1044 1139
925 653
70 225
1070 1371
202 236
86 403
489 660
5 188
42 611
356 807
687 1155
432 35
920 354
156 363
160 746
117 268
942 835
423 677
635 828
881 704
152 222
145 442
261 234
253 504
271 976
368 733
532 362
14 523
184 472
84 220
350 635
380 729
216 281
1082 747
58 1172
442 981
646 969
340 325
160 1318
565 1470
747 1166
125 1092
632 333
137 729
749 563
428 1020
379 826
425 671
789 746
346 7
268 1252
42 817
65 155
696 906
168 1029
68 605
118 506
718 161
54 1017
20 852
246 534
139 884
258 1488
103 10
70 756
122 881
61 1048
20 150
369 1176
191 8
810 910
571 27
782 100
285 697
32 562
357 78
53 1270
488 1097
316 209
413 440
888 366
508 830
623 709
468 936
234 1092
65 963
76 17
270 552
737 1234
427 907
264 12
458 172
585 96
238 204
44 1050
134 532
864 286
66 779
502 734
280 300
19 307
385 604
161 872
59 133
251 742
265 459
532 285
51 506
86 242
691 681
148 1388
174 184
185 9
40 649
382 1065
360 703
611 204
144 936
433 354
118 892
1133 78
32 95
455 29
166 939
195 349
270 746
694 1078
451 728
819 339
537 521
241 397
337 558
442 1374
264 214
757 1187
270 66
14 78
855 1139
288 777
504 1252
614 921
356 337
187 82
129 731
81 510
195 510
277 967
738 1097
340 1322
67 739
386 808
115 9
316 132
214 728
253 364
174 1167
626 1023
175 315
235 945
591 171
706 269
224 167
6 1088
234 626
909 1370
497 767
355 220
14 150
20 476
218 344
255 9
413 696
133 631
534 605
51 211
908 681
14 455
10 884
723 115
439 790
579 26
278 704
334 56
276 47
545 947
384 225
90 967
18 441
828 953
142 845
163 17
211 552
225 325
126 161
566 830
448 720
188 1177
222 375
258 228
303 733
295 163
339 568
671 37
31 181
148 830
625 520
386 227
138 35
358 883
230 454
493 99
218 1050
4 842
384 226
816 1136
152 102
425 1361
6 589
308 388
502 819
139 523
608 17
494 190
310 204
429 1330
218 849
338 710
184 1136
481 493
24 1264
888 127
189 527
199 364
1094 562
163 94
1174 1212
733 572
418 425
363 1326
61 686
39 739
1216 883
408 968
161 1294
378 22
346 1135
960 279
721 391
267 388
207 49
421 983
834 199
6 102
68 156
135 631
200 812
870 618
506 671
373 790
74 61
294 1142
413 725
216 632
34 221
230 812
199 1324
531 677
19 131
1000 979
844 681
122 676
355 454
202 1176
683 33
19 911
189 572
275 751
444 355
763 333
380 395
268 720
24 723
705 1285
237 264
784 131
22 970
546 1388
14 473
262 947
480 275
56 943
508 631
276 1412
894 226
299 546
92 66
135 753
542 58
16 371
160 1045
379 543
532 600
51 637
220 1088
216 448
993 9
533 568
324 66
174 884
759 1300
465 508
562 766
202 904
347 434
1163 9
397 641
44 465
421 132
188 383
8 849
377 113
174 652
308 353
340 434
33 1026
102 103
276 600
51 353
718 349
409 953
104 878
794 1125
737 28
681 692
377 1045
466 391
949 880
167 49
357 455
4 1038
340 226
341 264
278 807
58 94
386 1100
188 251
117 983
114 372
29 272
118 691
696 26
188 1021
591 940
78 165
11 966
985 896
841 210
137 211
197 278
22 609
118 1038
1220 671
840 148
67 649
737 967
303 967
291 177
17 974
342 436
123 967
384 210
84 657
184 9
516 499
25 872
328 757
188 756
122 1101
568 1136
193 251
891 629
89 399
137 335
102 1059
84 634
478 533
185 830
343 9
457 105
545 64
180 133
140 653
505 372
295 439
249 220
148 441
61 133
961 19
267 432
304 244
102 747
947 568
303 1424
139 30
347 429
360 649
81 144
130 445
691 1369
499 1292
267 348
449 516
106 285
632 746
666 1425
290 386
525 135
355 957
216 947
292 424
372 8
441 762
216 26
706 769
525 132
833 46
541 497
19 624
25 134
58 643
556 1073
468 235
216 115
413 776
61 878
386 839
188 163
941 766
659 59
429 420
87 615
6 517
128 935
1058 463
718 139
239 204
493 845
332 333
49 657
625 704
203 19
27 1158
222 1119
324 369
35 756
428 744
70 332
788 786
412 486
502 1100
174 99
219 392
370 327
1210 562
283 1338
458 792
9 767
76 28
710 391
51 268
516 192
465 806
512 495
928 821
121 456
41 1044
51 561
97 113
979 977
525 1050
302 804
15 687
62 372
346 769
19 589
27 832
313 369
630 661
780 635
226 918
57 442
264 1009
282 1014
758 227
310 104
1116 1444
979 1343
449 92
957 977
539 1117
51 365
234 283
255 730
319 723
137 384
464 269
313 492
152 1104
438 269
18 756
163 979
475 684
658 206
332 66
123 1108
54 287
824 983
445 797
34 351
164 255
215 1246
295 547
832 777
280 270
74 306
287 948
308 452
287 10
56 1252
97 468
303 532
623 446
234 342
512 310
188 632
271 634
152 471
353 49
80 244
58 635
156 806
445 945
628 9
338 68
173 792
78 505
215 1176
346 120
239 68
303 12
216 151
632 1027
102 693
521 1124
355 714
336 523
27 501
203 423
154 240
449 795
236 1325
102 575
375 904
170 623
629 85
63 740
912 631
25 730
169 605
319 797
272 9
696 769
458 278
468 271
302 632
96 822
410 1174
370 33
139 1244
290 439
828 133
268 771
908 1334
323 598
84 50
607 1468
297 371
556 911
169 1179
171 1246
1150 614
445 756
137 195
228 445
26 497
101 609
302 175
271 593
490 108
29 293
123 966
963 807
639 533
29 610
88 143
521 598
609 1221
642 132
125 890
288 830
136 66
425 822
423 1278
280 163
27 315
308 211
607 422
540 1001
313 1331
37 462
804 720
741 1101
323 19
31 304
61 142
68 18
248 6
224 254
70 702
396 242
317 494
160 30
212 806
771 1217
142 563
76 118
107 968
96 293
90 623
288 965
84 831
486 849
356 26
130 1136
292 1167
216 357
197 461
588 967
129 163
160 310
260 1179
842 1038
332 1314
377 19
78 694
61 260
598 781
196 240
235 506
19 1355
815 465
333 1089
498 736
370 598
629 685
102 266
90 268
195 565
489 186
230 529
480 19
433 588
287 742
128 781
1167 1341
23 1154
42 381
537 829
49 1098
709 526
626 609
316 631
174 121
156 54
431 977
294 377
159 770
607 467
16 66
496 1058
303 299
20 479
492 320
3 1050
222 325
137 185
410 204
410 910
755 136
76 203
766 767
458 510
199 1176
410 513
152 289
41 93
258 510
70 621
438 465
881 568
625 391
229 1097
215 715
220 524
211 668
459 1176
17 886
61 277
494 21
731 704
279 934
192 363
74 742
344 731
200 35
399 817
76 163
444 1343
30 643
9 776
196 431
233 226
126 643
423 169
540 445
385 54
399 14
348 285
340 10
174 1168
88 10
78 801
346 420
1016 289
122 1047
659 781
280 332
811 790
45 1212
702 798
613 492
461 37
559 770
34 897
370 518
52 777
340 696
111 810
318 181
211 798
225 501
571 622
197 593
223 684
19 17
6 212
913 494
528 568
106 486
949 572
111 881
125 336
660 153
138 43
687 526
118 985
264 132
685 1329
196 679
218 413
250 45
30 527
654 372
169 1158
706 359
530 434
454 426
224 180
6 1058
686 506
58 199
148 92
413 1045
284 663
1012 1158
44 0
405 751
380 684
113 1070
339 1136
295 1162
283 1300
260 1136
706 429
94 1036
332 781
42 482
237 770
253 255
226 363
108 1167
1041 133
623 257
332 692
485 27
28 563
203 1044
32 197
81 386
82 425
282 626
60 127
71 226
670 909
608 96
232 228
374 439
361 199
67 517
867 1337
144 518
192 742
270 45
50 413
116 144
708 953
1 37
392 729
234 229
318 186
706 78
84 262
200 376
271 527
532 970
168 292
58 1026
474 688
96 287
74 101
283 390
304 485
49 428
519 195
231 102
526 1065
523 1129
702 977
508 492
357 107
20 974
61 1019
199 435
414 495
104 463
691 182
1063 597
239 694
677 1101
1249 133
264 243
759 1050
308 42
961 225
733 306
66 869
659 226
295 610
22 125
77 100
72 186
976 939
47 965
199 404
447 13
215 676
747 94
236 828
292 1420
653 133
84 308
887 227
468 1062
540 289
9 1320
174 256
444 348
693 395
41 432
173 663
278 206
150 132
253 1339
97 425
13 722
90 787
276 262
611 807
471 849
316 90
220 329
86 725
41 846
544 560
718 135
61 781
211 33
1031 906
421 64
239 388
80 462
841 770
665 545
102 488
111 161
120 560
113 1012
188 568
429 443
497 1212
594 9
529 222
323 1167
1135 1328
208 269
49 709
201 206
690 681
161 235
149 769
755 707
122 654
534 621
195 143
407 635
40 115
141 1009
197 466
189 141
121 300
52 728
585 1070
220 596
611 225
38 1234
728 631
1050 320
229 552
224 435
173 116
11 289
425 1020
220 1050
197 767
123 422
14 106
19 38
13 272
35 546
1107 442
160 508
801 746
216 3
534 507
212 356
420 1388
188 938
160 422
537 761
269 864
642 81
563 299
364 615
677 762
205 770
480 723
1047 1067
869 945
481 139
102 457
410 197
720 64
397 1070
19 47
250 369
711 878
854 425
116 80
200 382
216 255
442 568
268 206
34 519
432 264
367 492
310 1300
930 33
212 609
493 1262
80 565
521 236
528 766
574 472
388 119
250 786
195 928
329 356
838 696
659 1342
355 801
302 454
142 1418
43 832
496 569
169 43
302 1088
11 19
270 425
88 959
321 696
345 100
346 194
53 197
335 210
738 746
224 758
292 251
14 58
150 546
14 124
388 675
933 113
224 28
380 940
702 754
190 568
375 1179
654 119
237 482
310 1136
545 1179
337 300
1038 1341
13 288
452 909
362 315
282 445
690 26
406 356
441 1009
817 424
458 1318
346 1040
966 1088
16 696
590 48
194 362
737 754
810 881
402 467
97 1166
15 56
332 725
356 668
148 560
229 1168
1025 1287
11 76
413 692
710 709
167 739
534 777
142 720
540 41
295 536
521 861
70 1136
597 1371
429 1056
346 350
81 247
574 870
325 906
468 979
348 1027
150 433
51 193
646 255
944 652
148 918
265 239
327 831
10 1151
579 526
332 372
534 744
23 133
10 898
196 566
58 786
468 87
10 944
552 1235
261 81
162 518
150 455
572 8
555 953
405 425
90 805
216 314
315 1136
729 936
386 1335
556 1091
454 206
709 1092
635 1344
468 552
132 214
136 983
188 289
387 492
310 964
948 983
284 320
761 871
257 115
22 201
439 171
150 606
332 145
32 10
413 546
248 490
281 283
295 829
197 1327
162 1136
200 90
947 1414
222 609
52 41
664 947
336 115
361 661
17 801
84 184
42 241
659 1365
300 1166
476 647
165 552
317 26
271 123
19 144
216 62
93 391
34 707
310 777
333 1122
290 936
188 293
710 725
146 350
761 720
413 665
228 832
167 967
227 1392
216 606
141 363
188 676
589 1354
811 604
168 864
160 144
831 186
347 343
200 257
379 1050
203 90
276 83
151 78
262 110
665 769
264 222
1079 312
39 113
622 279
633 339
710 204
668 1200
61 501
119 720
367 770
1178 506
14 49
476 257
39 1014
180 506
7 783
25 164
324 967
428 637
211 12
439 967
449 734
96 418
137 404
325 121
752 38
87 1092
325 143
163 560
238 286
635 1119
304 1038
129 433
1153 1212
384 356
566 756
1068 1167
61 757
49 1212
532 144
209 222
546 1355
61 49
253 133
415 148
51 907
1271 221
68 798
525 410
844 746
721 459
227 1390
237 455
188 1089
964 970
1097 1327
31 392
294 545
628 287
295 420
174 27
318 984
248 158
160 455
87 154
353 312
751 709
649 446
280 154
292 1050
31 532
386 891
758 850
308 733
804 299
596 37
405 170
433 522
534 580
286 935
334 64
514 287
325 244
445 1136
281 624
840 585
85 725
489 613
215 532
229 422
294 278
175 506
1315 849
413 918
321 394
601 544
203 939
367 1038
51 61
128 720
128 592
196 231
801 1088
173 746
220 757
910 631
22 852
351 533
264 299
220 461
39 804
696 1168
234 770
355 249
15 864
24 1338
548 977
248 883
68 356
211 82
27 1212
165 606
51 563
590 412
474 591
106 252
804 754
357 746
72 696
262 381
325 744
374 6
174 166
74 445
23 300
126 386
60 902
437 343
1002 591
25 161
236 1253
302 283
857 1074
862 133
678 113
534 1324
421 1117
72 503
295 1041
489 64
282 150
213 226
239 656
237 886
1209 227
146 719
493 1067
196 277
276 1316
0 1300
11 432
683 113
415 1098
192 251
40 191
84 917
469 357
672 1246
132 910
286 1294
239 33
384 197
603 317
791 635
197 920
130 210
245 573
593 1166
816 425
203 520
13 1050
542 888
325 1047
174 445
1296 1111
425 1098
230 328
43 226
332 1278
292 363
347 194
279 424
249 1027
346 63
372 1047
162 418
503 582
504 78
181 268
548 39
771 1302
128 1252
291 799
48 606
697 1234
473 1220
171 94
222 472
432 307
815 1091
33 568
455 333
786 1324
805 787
72 386
102 404
990 66
388 974
796 767
295 1170
815 1009
108 806
458 925
444 527
357 1027
128 62
629 681
548 979
437 161
265 369
125 667
410 1045
379 558
42 28
659 227
115 26
880 631
137 610
681 889
61 57
609 832
466 552
284 313
27 565
681 349
47 806
81 493
61 526
475 334
556 182
710 1220
193 49
60 934
647 1155
373 719
627 422
56 849
26 1262
221 533
308 440
182 1337
784 487
284 1434
894 372
22 797
1063 1070
875 757
188 949
122 220
85 830
688 497
255 1067
379 159
918 1252
81 624
298 29
686 572
577 161
423 53
455 1246
41 908
636 150
740 226
94 182
293 467
170 8
51 295
225 27
160 332
846 428
625 66
214 589
20 593
1268 792
491 1101
50 883
138 719
99 897
17 679
833 474
0 225
530 1179
379 11
132 908
225 425
70 565
360 78
737 668
81 634
63 987
41 647
215 545
919 142
224 706
159 677
216 150
566 441
203 739
332 53
113 1031
112 1132
51 849
122 625
821 9
74 752
343 518
556 908
82 563
284 222
350 904
89 903
132 1023
446 866
61 300
68 508
53 185
428 391
81 508
130 26
357 333
31 856
22 252
31 418
521 242
121 945
388 466
295 107
158 884
202 1011
265 1370
659 94
344 2
228 199
165 440
13 135
50 497
412 2
558 770
100 770
40 668
218 736
188 668
150 538
761 664
158 268
424 26
357 749
216 167
216 546
324 844
56 1044
602 4
497 974
480 39
174 57
590 281
81 148
381 939
45 143
442 1135
727 263
76 538
38 739
719 1340
364 45
161 1246
496 937
290 0
311 1097
365 118
120 303
149 532
127 560
41 556
736 720
43 337
86 985
49 3
9 326
933 96
222 807
88 835
134 368
7 904
68 959
512 562
331 41
122 49
148 1169
150 767
645 28
416 560
318 802
618 1177
89 92
540 786
19 1120
542 489
657 693
534 762
61 920
267 110
489 124
88 1026
412 526
122 538
169 272
831 363
61 897
1023 1218
334 369
412 798
161 455
72 518
49 989
287 1320
546 797
139 869
42 264
295 345
425 354
135 1318
238 268
276 834
302 751
222 312
196 817
1175 531
521 148
115 1241
280 1320
110 563
176 391
129 214
639 1135
621 830
678 9
51 1047
127 586
250 2
598 62
294 917
126 127
316 1166
185 744
806 141
437 665
341 698
280 1136
202 909
40 3
292 132
591 1106
175 372
402 830
222 653
40 1200
96 391
706 904
365 56
76 798
61 321
388 329
216 233
196 1235
58 190
335 356
268 251
123 289
84 49
489 9
367 135
228 610
867 722
287 671
347 365
287 691
97 264
120 456
590 425
51 82
157 1025
316 22
62 866
207 8
128 235
459 27
211 35
85 728
262 1015
1219 797
339 770
138 391
44 508
608 197
532 37
432 855
291 1007
225 565
524 746
221 1135
58 420
250 143
479 939
496 463
383 424
524 1136
321 1114
31 241
142 671
494 47
682 538
597 1179
193 1246
844 1220
130 234
283 445
374 1305
449 174
511 1304
45 326
377 602
83 45
262 155
429 861
310 726
170 739
294 161
694 1241
357 936
1 568
248 7
108 287
1036 977
601 910
45 398
264 82
237 49
268 604
230 482
551 703
229 413
556 1050
686 741
248 26
806 1167
216 529
68 3
216 733
362 742
1030 429
34 883
284 757
586 1029
530 512
102 191
225 64
22 572
148 268
14 344
61 372
558 902
3 979
42 155
346 1165
723 866
222 692
361 1050
475 303
359 868
68 1362
135 818
665 604
377 910
149 305
321 948
188 1382
19 301
333 822
50 898
979 1015
493 1166
102 199
74 1060
73 333
10 463
33 558
194 413
160 260
61 26
171 135
355 939
49 293
325 912
13 81
194 904
897 1166
482 454
337 1067
88 138
85 770
49 762
96 226
214 920
316 489
35 807
608 729
188 1107
174 26
51 2
339 1031
555 1330
487 1167
51 264
185 33
150 1235
468 237
154 204
46 1089
550 968
806 903
671 830
26 909
200 616
164 580
13 181
577 336
197 575
129 609
507 533
316 1304
556 118
24 1316
310 1176
297 532
1030 350
617 188
668 1044
203 301
525 1026
102 220
679 552
80 1320
435 744
709 115
372 1068
626 797
343 1342
61 288
140 687
72 161
74 579
42 697
252 552
230 220
738 102
804 967
709 687
879 206
481 10
408 29
917 35
459 9
459 562
407 194
565 369
113 467
200 655
50 2
369 64
270 64
789 694
245 115
560 1318
19 741
89 1320
815 968
127 549
97 198
258 953
123 132
137 47
17 394
294 298
475 238
1017 1320
11 348
114 278
575 1097
265 88
102 98
29 337
650 807
715 66
183 34
489 33
52 9
428 897
29 1324
161 687
653 937
94 16
261 309
234 446
942 88
230 432
1096 363
6 90
14 1045
40 2
487 604
216 728
325 770
604 1339
498 1402
649 588
302 289
386 983
330 226
11 435
170 709
262 746
439 463
566 1386
999 830
423 1009
61 143
97 101
258 320
439 121
1120 1117
511 631
382 376
270 12
435 186
703 288
613 936
174 763
227 1445
287 227
608 45
469 286
20 405
377 441
114 355
74 967
230 2
7 943
441 427
288 533
437 769
232 832
31 1045
693 967
609 696
502 261
12 681
296 639
257 1023
432 102
216 413
496 576
792 1167
87 868
362 1304
303 195
471 1234
591 1341
80 85
195 441
785 797
97 188
195 497
616 1386
295 868
718 0
26 999
567 148
570 58
167 736
180 547
357 1091
128 646
52 87
345 518
480 967
101 315
283 1065
480 1166
412 522
579 746
44 420
261 600
622 213
374 580
204 798
202 1286
165 731
422 1097
39 751
888 359
496 598
284 52
26 830
358 1067
372 770
136 703
249 372
165 206
53 113
788 1300
545 756
683 465
603 423
937 790
799 939
297 93
438 424
216 148
78 343
310 26
96 147
216 412
219 599
452 416
372 588
35 522
14 438
102 899
605 391
297 649
239 12
581 146
188 401
261 495
627 468
34 1328
45 656
294 678
615 624
249 1331
315 425
167 804
289 306
269 193
341 737
132 1221
228 1009
252 741
185 539
534 769
389 1047
143 204
743 1129
335 371
63 945
162 137
62 371
864 112
445 652
34 478
51 428
811 413
645 78
424 4
350 420
242 664
227 1325
262 22
17 488
100 80
207 894
548 686
49 235
605 830
114 65
920 37
378 805
27 333
530 133
261 10
45 884
505 770
823 94
778 1331
29 762
688 1089
422 886
92 428
271 725
1149 950
672 925
228 428
356 252
120 268
134 62
235 210
969 730
316 135
357 454
423 1125
441 243
52 4
222 440
508 1212
458 32
872 604
121 80
489 362
27 83
763 428
428 677
434 366
11 665
261 318
324 49
253 687
221 928
244 467
524 936
161 98
621 210
234 313
61 762
290 716
662 953
282 797
453 197
347 719
663 589
821 493
132 939
432 19
10 906
418 268
208 227
55 583
675 807
777 1318
3 369
89 983
81 743
693 446
1016 1050
536 934
709 827
489 1136
650 8
313 560
271 715
772 480
469 7
438 81
379 439
172 560
525 1009
449 1326
74 410
80 391
148 631
220 1
284 792
108 472
445 38
241 334
74 38
65 1
506 804
357 94
336 829
192 688
142 85
188 806
51 944
237 777
96 786
204 1098
195 819
864 547
721 228
167 386
11 532
20 529
831 1167
914 1123
500 570
660 100
210 147
357 81
302 754
355 94
399 826
340 1396
239 113
353 277
295 960
979 1327
78 703
845 1336
102 33
626 376
593 589
356 461
271 1327
69 313
429 268
333 786
649 511
216 336
925 26
944 1009
645 102
132 131
529 17
124 268
391 822
1128 148
143 766
235 943
1081 788
244 762
41 855
654 307
399 516
327 608
407 86
1059 1097
561 132
1000 102
148 467
96 1314
278 920
328 102
939 605
442 882
386 734
525 19
68 371
1088 1398
280 524
333 965
248 516
68 539
395 1060
909 1168
138 10
481 391
216 604
291 658
192 826
201 746
68 203
771 936
843 236
333 725
519 113
78 28
844 1088
364 781
545 1166
876 0
343 227
271 65
287 493
486 27
134 372
12 142
237 330
94 79
683 195
67 1221
1 78
226 441
1120 685
87 287
423 329
563 462
160 327
805 797
695 629
327 517
442 1021
927 329
578 197
341 1007
291 737
726 845
289 746
770 756
235 9
220 817
743 4
806 671
347 1124
490 29
170 319
42 479
798 807
217 210
294 637
678 1180
502 722
452 287
111 752
290 1026
641 1371
150 1187
127 1035
595 88
371 143
887 635
257 1338
302 879
562 1414
88 519
593 301
428 722
260 53
4 967
222 64
12 859
677 1166
979 206
253 918
536 984
682 383
171 884
464 887
811 255
61 664
17 381
318 989
273 1009
163 197
102 68
612 112
6 161
49 554
276 787
928 806
268 703
869 777
687 1340
46 1136
234 895
362 1109
407 504
710 446
262 455
290 209
321 907
114 106
558 1176
445 1155
180 1337
7 547
61 427
449 489
444 432
271 388
484 897
591 712
63 620
458 395
202 864
62 1252
766 1374
85 545
363 770
588 1044
196 103
329 819
89 572
202 182
92 94
489 142
386 664
425 999
377 9
355 356
165 8
594 770
225 631
35 226
174 260
880 1136
820 133
388 917
133 1186
928 761
225 143
767 798
729 845
713 493
302 1092
377 577
234 1308
120 251
270 37
410 1088
538 826
729 199
1085 850
111 172
346 259
182 1058
53 656
154 756
228 363
31 125
833 429
844 472
280 762
79 939
386 989
915 1166
3 1045
1062 278
29 1320
1090 1009
192 1331
745 133
196 6
75 1129
303 94
632 807
533 1382
68 142
207 289
13 327
110 939
841 945
489 268
435 113
333 605
262 113
952 12
276 84
262 371
1027 1343
33 244
175 201
632 966
194 943
598 771
392 204
442 1136
160 311
421 722
184 910
770 1318
911 1246
280 325
294 186
521 604
361 1129
112 719
148 781
25 180
534 226
248 124
615 372
74 711
134 316
216 414
362 861
2 947
43 142
298 17
52 532
340 142
1117 1311
428 725
706 850
6 206
346 791
4 451
68 277
174 10
248 71
372 589
358 608
160 65
357 285
805 687
1166 1358
525 752
361 439
102 532
144 746
385 268
61 138
33 501
524 64
220 804
346 591
188 262
63 1328
630 700
22 917
14 440
316 139
659 598
51 1295
51 94
188 534
689 272
218 333
737 197
174 580
645 939
629 66
89 47
552 767
220 1027
302 1007
200 974
962 236
56 82
654 1402
117 94
262 384
586 699
992 968
148 450
61 559
746 1235
93 546
100 369
792 492
230 645
769 937
841 1089
188 591
609 704
194 783
341 553
340 1091
94 1052
439 1016
137 485
189 50
508 869
100 398
12 422
436 363
803 15
688 746
20 453
458 1276
908 244
196 249
449 370
603 225
384 10
312 1109
39 681
224 1335
749 240
332 100
718 565
507 204
718 492
317 266
104 1151
53 1315
133 664
645 979
122 1206
71 884
228 66
420 9
253 943
428 1136
199 735
656 441
211 332
48 731
323 143
65 41
849 277
580 1340
16 472
69 669
123 354
956 883
53 906
474 1493
254 1167
295 62
746 1015
676 631
454 93
1105 467
713 808
405 29
519 945
324 920
151 534
132 573
94 899
458 2
758 1360
280 52
439 759
379 125
194 781
93 369
763 441
386 666
915 206
248 391
632 741
782 568
733 967
603 256
1212 631
97 133
892 861
855 967
827 1155
883 494
14 243
0 728
96 485
326 1340
114 976
465 771
156 531
222 1358
89 691
480 1360
78 329
469 706
70 712
927 688
148 418
385 132
7 884
61 679
709 362
282 90
139 944
674 227
962 292
446 1088
81 189
571 259
510 1300
78 572
134 195
591 681
441 830
97 315
27 656
23 244
286 884
188 793
215 43
290 558
149 565
862 115
81 1284
423 663
137 270
102 830
205 82
84 141
304 139
563 1327
9 725
718 377
438 567
407 427
280 1105
652 64
295 863
270 289
7 769
34 43
418 442
519 27
142 661
333 769
111 0
313 186
1137 1172
769 66
14 811
555 934
335 28
202 1445
545 631
715 425
608 1371
22 940
145 32
603 139
216 534
325 1006
243 339
436 671
764 12
201 299
590 762
555 1334
267 976
28 859
1190 582
11 1015
479 206
468 423
617 225
476 749
354 1388
196 17
634 687
803 937
684 999
415 545
297 467
188 493
39 1136
78 388
203 563
467 999
545 204
58 7
292 19
142 677
517 596
418 186
377 425
270 733
174 610
196 203
250 416
167 93
567 287
276 308
710 797
68 722
28 113
439 1340
122 668
238 532
199 413
228 64
284 508
481 96
723 687
216 1166
308 486
481 27
888 112
772 591
209 362
224 565
696 728
53 62
480 805
334 1050
235 1397
527 757
512 199
530 1375
357 522
297 1101
358 394
626 723
338 497
389 66
764 388
234 789
6 967
374 719
150 1009
17 306
751 647
379 465
327 93
40 446
510 878
455 746
123 187
130 497
353 665
49 210
14 268
67 623
74 319
226 1031
659 1337
133 983
100 441
523 1446
14 175
357 754
506 1470
84 33
804 1097
154 0
609 424
256 938
540 364
268 592
291 278
287 1333
226 1364
31 93
1253 1124
49 93
155 206
13 438
4 1244
549 938
861 1340
356 596
126 4
414 121
123 1088
153 1104
196 632
356 894
210 878
709 376
437 761
386 288
968 1070
138 45
282 704
414 52
31 126
35 278
604 781
294 1369
769 463
276 100
386 824
487 456
230 167
721 113
946 463
454 688
222 801
379 1246
1141 518
239 798
335 17
203 936
683 364
154 495
174 1047
438 997
74 736
201 497
881 93
844 632
300 830
81 470
494 1181
65 817
305 278
697 493
321 1335
28 309
138 728
423 1273
33 779
134 51
493 27
74 751
173 480
493 897
216 132
857 61
283 382
750 263
13 506
78 859
199 631
591 953
437 872
540 619
313 1167
92 1167
838 1337
968 1086
256 1136
691 1276
61 688
210 243
1026 1009
148 403
384 696
88 1411
683 1348
48 19
83 288
121 1371
199 33
865 133
756 64
284 1181
585 292
377 770
24 1402
436 880
698 285
463 744
74 219
297 76
144 560
19 277
728 1136
721 968
1083 953
174 228
276 70
314 113
239 200
469 598
61 630
282 693
1137 678
27 1314
220 875
78 242
68 405
337 1334
517 1003
84 35
493 559
22 527
3 936
1050 842
199 1146
61 516
12 1325
230 330
468 250
400 369
305 467
14 111
76 1396
26 463
374 345
586 934
122 859
761 790
100 796
237 607
908 560
174 769
39 792
464 865
181 936
150 1
125 10
807 64
516 287
334 1341
38 376
122 966
57 1248
49 35
963 37
315 64
159 271
284 523
493 1188
200 28
81 1318
160 94
276 261
958 1440
188 1275
746 967
888 635
421 700
137 1316
802 1331
204 725
678 830
160 218
89 928
44 81
125 410
280 21
211 493
68 62
385 176
24 1060
763 66
727 17
649 278
421 438
489 743
558 113
540 407
580 1388
362 989
918 1129
192 600
42 812
365 182
24 283
650 388
33 326
209 19
355 19
41 133
942 568
413 719
329 299
313 148
367 4
123 220
785 709
904 1056
226 671
75 161
199 681
318 26
248 142
11 264
132 1276
226 326
262 9
262 823
476 332
803 295
665 965
75 793
414 258
61 148
357 48
174 571
258 476
262 189
46 394
933 494
379 109
100 861
910 85
90 38
112 726
174 321
230 378
710 372
133 1159
698 977
707 604
743 139
355 823
131 336
433 939
363 37
22 466
142 64
100 223
570 9
226 766
438 126
174 609
218 1097
289 668
474 86
891 808
44 172
781 770
265 199
284 798
382 1221
715 849
485 387
834 1212
148 1340
42 737
279 634
396 1252
78 675
1042 1124
174 405
283 787
235 82
997 1329
1293 18
295 504
372 866
159 49
57 1167
254 333
97 189
888 1224
102 827
267 93
264 534
463 712
61 293
44 360
217 28
883 1347
78 524
987 568
227 436
493 756
30 1091
519 49
473 1009
357 805
590 225
1291 1399
127 456
22 553
325 16
283 4
500 664
437 588
831 943
875 17
718 465
573 819
709 830
150 479
423 807
106 218
372 243
140 758
280 441
203 235
493 671
527 301
108 722
431 1234
295 558
316 1050
357 49
130 133
332 136
136 292
435 681
61 115
61 690
160 358
432 87
691 1279
216 86
171 937
195 688
612 133
237 656
24 306
279 1344
10 277
13 1129
66 830
102 384
1205 133
6 347
375 272
23 436
445 467
49 906
144 251
388 330
693 38
279 420
552 1097
163 225
353 172
302 698
908 492
925 1042
216 1177
370 81
19 465
379 657
159 314
58 1465
343 359
161 292
1231 861
29 99
61 314
386 10
496 1388
39 268
439 205
324 56
569 943
115 859
102 823
646 59
527 1234
20 106
914 510
14 283
589 671
45 1158
312 655
635 953
218 855
1094 635
498 35
30 1167
1176 1331
230 82
88 1382
42 132
308 192
854 288
229 325
291 635
167 492
100 850
61 832
55 993
437 238
447 423
40 805
784 91
421 679
294 1284
126 703
569 403
402 332
237 798
1117 1098
102 702
493 93
40 733
493 744
26 798
123 218
61 928
184 64
681 526
189 17
20 65
41 711
61 270
553 422
211 165
500 313
493 1202
130 2
34 429
249 10
237 252
135 1246
75 133
475 838
616 746
709 391
310 80
563 1187
975 1063
19 387
879 301
470 756
656 671
203 37
81 961
1039 123
706 892
242 861
563 859
70 786
113 999
313 518
49 545
266 133
429 1325
329 56
71 236
346 193
291 201
29 637
611 757
31 1145
590 149
21 113
464 848
188 798
668 736
388 575
530 934
119 1101
253 182
29 677
623 955
438 1320
468 1246
51 596
314 225
339 777
429 719
423 909
297 391
68 727
88 176
628 1378
561 1050
292 492
521 345
80 277
1016 668
453 237
196 593
208 326
311 939
180 59
74 270
796 442
586 902
603 571
1015 966
769 720
939 967
357 733
691 1348
280 678
113 288
961 4
20 655
487 936
60 222
626 522
102 35
712 1176
1031 391
49 79
532 881
65 203
334 304
100 371
75 861
487 651
230 1003
367 506
380 634
6 193
428 141
412 356
425 725
149 138
412 1139
350 194
816 27
364 783
18 545
365 546
65 432
32 703
492 878
136 268
50 175
262 1097
136 124
649 657
927 1202
332 462
1064 668
502 141
238 82
649 39
33 920
39 1316
646 161
24 362
252 855
674 1124
341 1398
161 918
311 167
44 523
255 819
489 965
297 119
56 728
323 1038
485 684
423 418
41 87
474 504
295 720
61 609
766 835
942 442
908 1129
271 48
31 1038
275 382
2 1088
94 277
436 1326
752 797
193 722
217 945
222 656
1220 967
82 299
422 554
165 1027
160 342
13 57
140 720
68 715
303 491
867 691
309 457
942 63
534 912
961 615
176 756
561 465
744 830
509 635
761 744
25 133
449 141
272 770
89 551
715 27
540 425
313 242
51 949
160 424
184 1334
907 898
937 918
341 905
84 76
370 830
474 71
355 30
41 98
556 10
122 42
270 513
476 914
312 635
28 454
174 315
844 277
665 1067
119 526
750 667
162 1322
470 113
102 966
32 413
209 1050
632 754
230 218
529 113
508 1026
474 965
423 895
216 161
232 195
257 268
67 319
347 227
706 1388
365 364
51 1215
61 616
215 222
380 292
423 559
139 897
167 560
51 403
332 121
276 184
649 546
398 10
425 369
48 334
31 878
604 1335
315 1101
268 435
677 113
276 205
385 802
368 832
571 288
433 733
538 226
303 165
424 806
139 1278
114 305
912 1136
920 798
188 528
81 567
26 845
316 11
6 9
497 300
124 572
432 204
373 133
45 1362
524 204
493 822
174 999
372 631
62 696
531 356
148 696
113 884
498 93
494 836
575 206
51 369
832 326
282 101
715 563
482 552
278 1166
376 1338
434 700
344 214
89 32
642 982
556 336
232 19
1068 992
248 13
216 344
627 76
316 439
164 943
299 277
374 78
751 376
818 1129
216 476
126 171
438 78
386 193
15 1339
341 19
656 757
128 1067
222 641
150 431
148 820
358 1383
969 776
386 884
418 631
19 632
905 355
533 850
49 121
42 844
1149 1291
586 681
205 506
139 3
377 455
532 1244
43 696
327 903
139 418
125 305
238 123
280 779
540 878
384 770
213 133
1203 1386
424 687
295 336
550 1098
332 559
357 301
72 761
305 1136
52 80
769 277
251 1320
93 206
65 330
49 722
626 306
696 621
125 172
770 1009
73 370
100 1115
534 631
9 1009
120 402
609 299
57 339
324 804
86 279
681 652
537 56
271 264
645 301
535 766
97 262
657 1218
810 109
1105 1320
844 798
372 671
238 344
137 435
31 284
937 1294
195 337
200 593
120 806
148 576
682 219
303 335
295 458
161 660
423 1070
129 526
102 1
303 454
22 193
448 354
261 983
1101 822
88 45
91 936
334 928
72 81
203 1246
294 473
338 1166
249 197
101 625
271 76
431 1166
372 113
30 1337
209 608
29 80
222 978
167 939
355 163
360 722
128 861
449 1072
534 999
9 147
265 305
31 4
615 544
428 354
586 1334
244 326
615 9
253 78
174 489
314 125
475 125
40 476
1033 730
132 579
332 29
334 539
781 790
715 307
302 939
11 2
697 472
152 144
299 967
136 618
706 793
379 560
51 1193
166 830
489 363
165 1101
719 850
106 76
472 878
65 81
528 442
698 966
562 272
1089 1320
22 743
298 441
392 456
1003 552
737 132
241 372
267 792
88 401
210 1026
96 133
353 849
9 1047
831 598
615 777
6 409
60 1401
806 1320
146 828
180 1124
841 287
188 1203
228 1324
65 749
493 1317
1202 467
539 667
113 293
78 720
647 1338
252 93
207 668
11 899
47 766
336 615
261 345
439 82
1070 1336
172 1416
377 228
284 579
97 746
51 280
527 497
96 305
516 1089
134 226
40 38
122 798
116 204
316 386
1088 1327
183 494
25 51
571 96
215 468
133 1058
316 465
238 345
227 1148
72 560
751 8
770 631
423 32
315 728
438 831
271 563
25 604
423 746
525 372
406 746
627 163
496 226
372 898
844 82
198 141
937 1038
19 506
181 244
13 514
282 710
65 28
59 918
475 115
637 631
237 211
265 878
114 634
399 386
294 1047
489 770
289 754
373 744
356 428
624 1009
76 715
844 17
97 195
556 1300
340 204
465 970
1062 533
377 98
139 1146
68 260
298 690
788 1246
782 933
309 29
76 967
291 979
711 1086
61 883
381 37
49 36
146 1253
761 580
188 461
32 503
271 747
87 278
449 126
678 333
31 998
84 506
43 368
531 4
1250 1025
68 176
622 397
555 61
329 733
22 823
222 197
8 968
207 471
44 815
94 1167
28 155
16 832
537 439
161 78
28 786
312 506
81 841
517 192
175 609
23 545
16 1136
65 636
207 305
237 1136
959 369
840 582
371 243
399 1276
579 582
188 538
925 613
279 182
553 977
676 119
270 631
81 30
6 513
839 186
388 155
78 64
476 357
403 937
120 489
540 96
271 702
760 1505
70 21
836 442
1040 631
71 1365
140 277
362 1331
123 203
194 1337
169 720
89 664
542 506
261 266
476 32
355 271
17 422
248 834
282 106
433 165
134 725
294 29
811 161
22 757
12 1415
676 704
81 1097
380 88
54 251
338 531
31 360
752 1092
425 243
275 967
88 507
160 93
33 235
743 985
446 967
238 228
318 770
212 600
660 609
132 1120
458 579
140 345
169 35
49 538
743 456
617 428
1097 725
62 226
268 227
290 615
416 598
396 336
324 371
421 1361
492 884
302 657
442 243
1090 49
415 1351
387 409
29 605
88 325
413 722
392 690
194 769
752 647
22 270
540 689
32 1168
136 1091
203 1166
1155 1221
17 252
145 890
295 306
208 1038
236 450
834 43
733 440
302 249
949 733
719 451
137 759
707 339
412 1166
590 486
51 598
321 333
476 275
123 526
193 363
537 51
458 323
128 659
63 1136
78 1327
97 35
86 362
121 4
449 1089
186 631
74 122
240 807
464 560
138 435
93 214
52 1091
253 235
711 463
6 17
20 1036
234 1225
463 898
323 560
212 560
161 180
646 1129
487 132
135 0
75 286
355 268
939 1015
17 757
201 804
71 1252
1122 786
102 163
338 698
709 66
220 859
556 756
65 482
19 306
615 64
163 728
200 658
227 699
649 275
815 560
215 395
341 1027
85 1009
556 770
49 1412
532 798
271 278
380 188
111 215
118 112
28 679
917 757
406 1331
58 489
219 349
616 197
148 1157
346 126
761 182
984 892
386 722
266 115
729 310
144 4
46 363
265 166
2 204
844 754
412 167
333 326
755 1284
13 456
188 228
706 1337
174 311
433 471
237 688
308 506
868 236
41 854
267 1104
433 801
22 268
193 1050
49 983
294 327
310 225
91 604
355 899
979 605
142 944
154 925
11 405
698 228
316 333
617 199
706 226
547 943
234 797
61 756
23 228
671 832
165 807
433 534
139 842
165 534
823 690
184 681
70 371
310 135
237 103
518 30
7 1365
327 1320
431 563
42 239
44 7
150 335
489 729
489 940
594 1136
486 467
334 534
275 805
977 1343
470 1136
61 769
137 354
60 443
768 977
174 389
613 362
442 288
237 53
342 363
209 1129
34 485
433 2
928 560
51 10
485 703
159 983
228 769
705 819
110 552
48 324
33 1006
76 182
959 190
350 312
102 426
74 658
233 33
465 186
261 327
458 310
449 1279
176 371
1103 435
1068 363
884 1167
132 827
630 121
247 362
332 989
29 906
96 867
257 752
504 769
801 757
125 1442
291 252
239 64
271 731
665 1045
645 11
244 656
89 268
14 558
428 1361
234 64
392 340
577 132
168 312
897 467
235 299
632 798
609 741
158 100
268 719
269 558
378 356
49 186
550 692
102 675
420 547
308 49
410 690
65 3
928 242
111 234
61 114
137 62
383 26
248 712
137 617
74 150
283 184
209 489
358 1105
458 199
132 440
526 1360
470 371
51 27
61 92
821 467
627 480
626 693
45 762
76 180
235 326
610 425
230 591
60 848
150 1059
395 631
384 113
334 552
1064 235
297 205
175 269
174 102
307 546
502 742
86 255
68 832
380 144
391 1026
202 279
27 1320
294 867
195 866
827 526
102 799
1047 767
364 242
674 236
358 330
842 1246
718 518
331 884
93 686
185 428
345 904
423 1095
139 263
311 909
68 545
499 320
93 1091
140 78
345 226
20 488
340 744
61 8
383 766
267 1007
152 1097
106 526
438 87
63 226
13 160
216 125
150 526
142 832
729 560
124 493
174 337
68 532
3 93
595 34
11 671
502 485
68 1122
234 886
253 653
861 326
17 1003
421 769
1213 1097
474 345
294 505
1000 968
1146 907
307 2
398 99
74 1200
58 772
476 283
148 588
331 1246
295 1140
412 563
355 432
508 1032
475 163
23 1339
410 1136
49 0
449 318
264 353
47 652
340 786
921 369
337 64
123 237
132 30
660 465
327 428
710 756
152 65
475 233
424 465
318 945
13 1065
199 822
343 790
194 547
174 466
784 336
909 369
705 1335
87 104
64 725
101 546
200 278
276 287
703 363
448 56
148 343
29 166
495 80
227 861
36 371
279 118
230 928
170 115
97 174
222 1097
96 779
591 562
258 489
333 293
80 720
20 284
540 545
908 333
291 454
646 326
62 210
569 194
148 891
323 728
216 205
879 939
151 606
248 615
84 394
137 470
829 1388
480 376
371 756
78 299
217 599
59 463
48 968
34 138
530 681
434 1224
697 1166
148 354
114 589
534 16
12 974
195 293
207 390
376 1065
389 333
593 1234
380 1135
392 1091
50 148
346 360
482 746
51 1316
408 582
303 29
390 395
1051 45
561 984
538 756
702 966
44 13
14 45
758 136
78 326
949 967
214 1246
282 329
271 30
97 898
283 742
25 336
423 786
103 807
45 945
160 579
71 943
286 1332
616 26
96 798
244 339
245 389
536 424
84 411
355 482
107 681
162 631
108 494
59 761
310 653
222 425
1102 968
805 526
657 967
467 1146
789 391
46 49
72 332
85 605
452 49
377 193
806 734
78 607
61 1070
469 669
135 320
139 792
298 64
84 305
585 425
610 832
1018 539
22 431
425 467
303 384
110 301
768 754
817 144
815 568
255 133
11 632
437 71
247 797
516 1337
61 65
51 411
174 462
412 102
497 210
628 1391
42 102
333 869
925 1052
224 106
102 807
919 139
151 439
310 945
110 589
135 387
772 532
302 1327
424 703
402 30
502 572
14 395
332 364
327 707
222 1042
258 777
148 286
542 985
926 918
175 676
216 130
84 158
321 96
111 947
683 439
185 413
1038 1246
33 337
167 78
444 1398
267 746
540 1262
467 1136
343 1252
61 552
239 372
423 1020
276 563
171 719
867 703
425 880
81 511
392 512
518 558
423 46
250 163
806 770
50 822
17 56
548 807
908 1118
437 51
423 798
23 286
123 156
200 446
357 355
715 35
649 672
134 959
933 79
22 362
949 497
720 1252
336 354
230 28
631 64
227 820
392 325
168 889
864 1129
395 1023
481 423
702 454
19 609
0 204
722 1320
166 66
212 817
392 113
801 589
464 518
1119 1124
649 90
657 8
273 631
138 696
153 222
338 158
333 621
469 295
792 1060
340 225
113 1381
317 32
578 1097
114 262
116 634
390 1206
634 1167
308 203
45 667
435 830
132 1014
423 394
152 360
174 709
42 807
371 507
1185 206
68 883
218 696
51 781
284 125
502 1167
327 806
444 737
827 1234
346 387
102 1343
933 442
762 770
474 586
40 170
458 615
287 988
324 1044
65 746
657 723
203 454
55 57
222 163
437 871
740 26
684 1382
222 110
578 746
1097 64
264 979
20 406
150 949
844 471
45 565
19 752
425 897
464 1030
341 920
707 1023
808 251
23 199
553 955
295 87
738 552
719 362
646 268
341 214
200 1059
159 102
70 33
61 423
73 1070
159 703
342 186
709 742
415 371
308 201
390 257
502 399
838 614
325 667
476 138
261 755
51 79
139 93
84 1065
698 1027
286 730
76 206
18 947
296 568
9 605
410 544
455 37
41 538
909 363
334 422
63 176
502 313
228 243
894 204
565 762
419 165
1171 100
798 945
134 783
255 148
817 807
551 251
341 355
871 1252
138 684
175 754
450 133
532 579
611 197
17 546
766 1328
295 142
121 560
295 266
784 842
67 8
141 1167
99 685
142 1009
1052 690
222 726
90 395
531 819
908 565
627 804
210 533
192 435
268 836
356 1088
598 918
149 172
943 1067
61 617
225 558
89 631
135 391
645 12
423 277
325 690
591 131
429 504
334 497
42 249
271 432
72 452
336 362
445 609
343 985
949 78
456 771
199 672
84 30
413 712
313 1339
627 738
51 305
428 1158
913 1406
530 1052
248 63
598 829
150 353
329 82
128 51
76 39
269 12
926 1320
497 463
537 776
162 9
124 691
718 171
24 785
841 363
220 754
1094 60
442 210
1212 64
670 29
271 348
294 310
285 1027
286 720
255 71
276 1009
350 659
351 568
441 1362
715 1402
938 684
928 133
433 257
519 777
615 728
297 728
318 9
200 372
314 339
82 757
110 1097
458 910
302 76
182 1252
34 136
193 1009
295 749
1195 1351
894 822
233 228
97 45
405 132
892 598
855 1101
1169 953
295 867
755 841
13 1023
174 690
295 1169
265 880
88 832
41 167
219 526
611 28
396 1340
357 844
973 568
412 967
199 1168
729 9
764 561
838 1025
139 391
190 442
20 404
55 517
52 613
313 918
254 29
175 440
631 1370
242 719
88 882
609 66
225 510
211 1097
27 968
171 144
50 226
86 790
242 819
113 147
24 405
280 229
1040 1248
161 928
169 565
357 807
38 596
174 558
846 868
449 831
574 670
489 1341
332 185
1061 684
150 650
475 526
226 1318
479 372
72 53
398 953
305 35
380 683
158 347
367 0
632 563
209 458
68 884
406 197
347 112
268 526
102 1060
9 363
129 132
248 652
654 82
85 467
196 284
1045 1259
268 1360
253 719
81 487
428 667
483 761
538 691
29 315
81 602
294 948
51 68
298 333
793 442
548 552
333 600
188 147
341 422
22 655
262 153
225 1009
590 849
421 268
222 524
549 180
561 560
955 527
507 756
368 757
731 572
248 84
4 970
920 440
1052 597
261 1092
433 1220
46 1105
368 1093
260 10
150 37
507 66
139 920
742 1366
262 217
731 920
220 749
743 936
609 205
525 85
27 897
604 1341
114 582
568 1335
843 359
540 883
442 945
27 845
364 268
361 22
53 10
221 1328
174 83
408 1068
225 594
57 494
416 363
131 1038
498 920
517 1155
744 631
374 118
870 691
51 677
784 171
373 872
65 87
740 945
1085 604
160 842
18 139
281 125
92 1023
130 280
386 322
721 148
386 372
1273 819
659 506
498 491
75 429
761 918
579 8
459 463
335 195
161 26
220 482
423 66
65 2
120 1167
298 204
160 360
168 7
253 861
70 631
688 204
9 1031
498 188
22 28
208 549
31 362
1016 214
250 337
1145 9
291 359
55 1261
303 441
277 830
222 688
421 62
538 920
327 132
630 359
693 526
126 722
2 1045
50 204
45 832
182 1342
485 391
656 204
345 180
254 80
236 1330
437 730
237 679
105 1410
132 1338
361 465
151 715
13 108
609 1360
709 204
408 1136
284 230
410 422
19 1246
834 1131
222 613
276 256
335 228
238 623
20 548
516 770
29 105
210 467
444 658
438 1068
1262 1331
96 679
228 93
323 1334
358 184
1055 568
11 249
356 767
605 339
512 381
226 762
299 1139
449 770
864 691
963 552
51 150
13 279
435 604
371 1031
279 1138
572 546
864 937
399 438
433 520
45 85
631 725
163 967
425 501
308 235
455 422
84 292
1274 227
805 395
474 558
140 864
553 17
311 264
693 214
320 788
122 471
237 28
325 897
530 726
475 309
468 344
500 148
449 244
337 425
262 801
604 829
493 1136
1022 34
684 767
421 436
446 526
577 465
494 143
508 1067
184 1019
733 939
171 251
262 214
177 979
73 1105
377 742
100 989
310 339
432 560
294 1003
148 712
563 64
977 1358
61 476
579 39
20 330
346 884
454 26
463 1340
19 526
68 27
534 610
867 604
13 1091
152 158
96 213
308 287
646 926
20 817
360 90
43 326
99 425
195 46
338 360
771 565
89 1326
354 830
357 436
286 342
363 1136
139 940
303 807
6 245
521 76
357 1338
132 141
34 92
232 1166
554 226
330 746
197 807
169 1212
217 1086
432 552
134 280
199 100
139 362
134 1129
195 372
28 289
199 818
750 533
195 1318
51 242
232 425
281 35
137 364
556 771
216 797
1272 953
296 63
540 8
428 945
713 287
265 277
1046 802
261 667
211 844
102 306
197 804
1015 1166
17 277
410 395
234 160
96 1047
58 678
230 1059
87 411
380 961
189 770
925 425
321 197
439 132
321 160
86 605
447 204
22 229
111 615
87 372
51 822
160 1320
165 356
359 726
706 781
357 192
74 844
88 802
489 304
751 1065
257 739
730 1038
210 832
1082 299
649 191
368 1331
102 801
34 1107
568 631
461 807
500 32
61 1206
24 752
404 64
137 436
238 687
521 518
295 677
723 967
710 339
144 687
508 786
432 12
609 35
445 371
732 668
97 123
284 78
357 428
24 1092
91 143
270 814
61 594
158 730
527 979
137 507
309 830
512 227
383 359
288 770
447 777
150 356
239 195
265 1320
532 197
303 50
33 354
106 939
784 561
230 608
919 160
220 671
235 783
61 377
132 62
423 85
517 989
86 506
210 339
289 572
1072 1320
278 37
34 145
388 1003
546 790
130 476
248 347
74 110
239 150
682 1336
174 239
87 310
1033 784
286 62
305 372
62 45
439 403
58 172
356 278
76 1097
344 278
44 911
139 463
358 849
89 120
291 645
881 572
169 62
123 266
945 1009
173 592
1031 1167
159 1032
102 609
181 1167
569 665
164 665
475 262
1005 115
160 961
418 494
373 189
355 2
33 819
161 884
797 1155
15 884
548 37
591 26
784 892
17 607
355 593
357 696
114 479
494 945
961 172
129 506
864 362
84 834
761 1038
406 1386
27 64
395 1032
215 197
99 777
33 556
395 1316
261 287
291 563
477 472
808 948
438 68
102 1398
380 13
502 23
168 868
881 631
1199 1248
521 1058
590 93
386 604
423 656
948 703
511 172
267 22
357 864
1031 756
53 169
161 127
49 344
51 358
595 1165
1067 1098
1102 397
102 257
20 694
27 398
185 621
558 568
627 123
914 1292
197 142
262 334
248 415
62 10
255 864
61 640
770 1179
357 413
74 548
230 578
175 198
122 720
801 206
149 225
15 343
174 993
196 81
550 104
290 161
237 200
175 243
373 180
109 568
327 318
265 763
310 226
53 652
266 49
377 772
313 81
31 525
517 806
294 262
379 961
655 17
19 827
303 844
274 722
844 252
854 739
61 568
194 518
519 766
212 1089
881 508
489 102
346 1231
498 329
78 404
97 552
738 285
126 90
196 381
258 318
685 441
429 766
136 1068
504 236
85 1045
292 1124
137 293
340 630
761 588
74 264
10 462
81 556
556 425
74 804
120 327
103 210
100 1181
638 78
27 293
968 1266
122 600
432 728
438 32
989 467
436 362
470 560
292 746
356 575
937 1159
61 1364
75 365
406 175
961 849
96 136
291 132
103 33
983 363
821 113
303 736
307 967
297 129
282 649
555 1344
18 494
521 506
377 33
769 576
230 356
56 1397
395 861
517 257
534 677
31 707
13 1300
325 1026
6 1342
19 93
199 945
151 486
983 734
388 527
545 898
220 388
65 455
590 122
228 235
431 1027
415 10
568 1009
225 326
269 182
276 574
428 1051
343 691
260 425
195 148
1280 1462
558 508
239 371
433 410
433 1016
106 605
924 533
18 467
627 289
15 730
108 372
38 1338
1235 807
331 135
636 1079
127 436
397 618
785 1092
237 142
10 354
738 37
945 1314
489 1246
197 725
311 650
750 148
234 250
517 446
755 133
444 431
274 497
1162 359
307 214
531 80
183 88
302 110
84 100
1277 664
46 703
163 1166
325 1051
222 175
142 240
20 1015
611 339
439 970
284 149
254 600
370 160
522 849
96 35
587 582
63 1335
420 27
452 974
372 830
933 463
34 507
216 737
634 518
63 1021
194 506
243 770
449 839
261 310
33 759
41 920
694 461
25 345
421 845
13 653
32 518
65 334
174 113
11 815
481 846
709 29
295 781
412 39
523 471
549 828
238 299
343 403
27 147
99 371
905 11
280 631
844 625
334 362
68 822
174 93
78 1125
310 391
187 132
518 808
11 92
153 1088
310 1322
123 167
153 1360
450 1348
350 953
256 631
196 422
555 222
493 1331
936 970
144 186
727 524
174 72
301 979
920 1027
22 974
681 661
768 668
432 746
421 554
215 283
806 669
283 693
447 534
290 631
185 1068
163 777
216 1362
421 51
598 463
184 372
1000 977
122 886
438 489
106 211
358 453
932 959
36 1195
100 113
160 567
229 64
33 710
536 681
602 17
360 186
457 533
199 665
676 299
771 1334
195 729
410 132
881 172
53 609
415 472
900 334
264 3
20 252
287 903
442 850
110 206
294 386
213 545
438 49
78 704
535 63
23 242
61 400
430 797
805 522
149 667
150 733
741 354
244 371
625 425
419 844
72 9
33 524
521 635
609 746
455 777
320 1091
137 116
806 1072
723 522
68 652
44 577
216 506
447 325
436 703
42 431
308 4
628 391
586 1392
31 1242
100 442
710 191
234 669
148 139
94 472
31 1408
248 174
888 1042
70 80
255 226
14 186
283 38
216 539
234 113
504 136
81 552
454 94
54 808
286 1326
310 822
294 318
346 1339
635 1042
315 967
474 659
721 519
1062 100
203 798
215 489
196 757
97 210
421 441
106 1088
280 1031
436 664
959 1347
454 1166
48 3
27 99
60 681
149 210
211 433
677 910
297 777
174 327
232 100
10 545
152 757
262 616
357 966
162 582
458 970
858 968
439 131
329 668
280 534
806 251
531 712
458 222
140 235
380 533
291 110
271 424
302 278
63 874
771 728
58 744
534 299
508 1176
737 757
80 1262
11 1265
343 362
123 731
158 171
232 139
188 1151
357 1200
295 819
107 794
373 403
11 93
67 200
686 1092
328 37
536 223
489 225
149 19
548 17
185 225
9 105
153 454
551 363
341 163
491 354
316 377
70 1038
619 472
238 480
718 4
144 1246
22 462
76 719
123 1097
129 167
151 41
652 204
61 375
772 0
238 420
577 81
142 1098
550 551
188 1088
428 534
139 756
140 463
132 966
738 356
883 326
449 261
372 668
111 677
514 953
267 212
475 822
192 1167
203 849
525 41
481 631
150 668
800 568
382 710
500 163
675 757
284 22
757 64
61 436
1026 770
380 361
160 911
365 719
386 841
717 250
240 1097
279 659
327 824
836 983
99 467
26 859
3 563
270 30
52 729
175 206
28 967
61 381
22 767
185 472
142 686
89 251
245 277
758 171
373 769
666 1089
703 983
595 346
430 522
364 1388
380 455
216 463
387 397
113 462
150 671
55 1060
329 552
786 770
248 118
132 970
438 227
142 568
626 446
141 64
586 518
447 369
52 100
356 426
334 807
883 656
647 797
835 945
316 87
121 936
350 236
14 360
341 532
128 208
74 647
532 301
423 226
44 327
253 546
959 770
85 441
438 1186
676 665
88 1229
583 9
303 228
44 304
413 937
194 59
781 1388
209 139
469 78
160 362
663 1091
121 1129
322 411
444 879
89 997
100 288
305 356
1237 358
48 1166
74 155
242 592
6 1047
248 428
969 906
491 588
493 692
435 99
331 728
286 580
248 414
219 686
246 66
295 586
132 940
146 634
22 329
45 64
746 974
423 572
52 334
524 113
84 29
46 10
729 532
164 811
128 268
723 686
188 94
502 92
189 598
464 585
380 193
377 908
42 3
303 424
738 271
216 656
284 203
137 314
281 290
232 64
74 303
521 269
649 125
610 684
518 1351
78 205
255 208
20 230
87 397
414 78
123 486
195 1098
516 102
413 35
296 88
49 839
139 1208
730 1067
493 333
116 798
521 549
283 39
204 822
663 532
412 881
96 493
175 686
992 1376
369 427
45 720
239 356
152 214
428 568
70 249
86 1231
219 52
289 520
1208 560
213 739
3 307
63 1229
265 912
1261 631
81 786
25 835
281 101
13 890
270 199
310 29
329 8
74 710
279 1401
556 456
669 1089
357 122
174 21
461 746
163 28
381 1052
433 647
952 133
175 78
378 742
423 1177
729 336
280 852
1000 939
236 726
324 909
311 333
161 504
200 356
212 503
1179 1106
438 54
469 343
195 462
22 394
284 414
205 471
143 945
333 1362
11 355
558 395
124 93
329 538
839 806
480 197
357 194
174 1372
59 687
74 97
124 830
503 94
355 548
460 494
22 222
632 94
237 150
752 191
655 746
608 746
216 540
358 372
120 1246
305 413
135 908
264 206
1077 631
408 333
454 1327
15 286
215 160
254 312
815 1259
115 777
357 704
519 33
556 884
188 715
337 1168
189 324
441 1320
509 904
203 552
650 39
459 133
801 563
68 298
84 608
743 236
304 604
44 149
276 278
173 268
29 788
831 989
228 441
61 42
755 436
447 634
42 638
91 336
53 441
310 154
441 1202
174 358
428 912
436 563
362 1420
318 1341
61 234
181 560
356 770
394 798
167 532
25 666
325 62
393 528
200 76
558 204
164 568
1171 684
29 652
263 1004
58 45
297 123
48 546
420 59
733 563
540 10
28 197
63 254
1015 977
267 1174
845 1322
63 621
626 787
65 53
285 1398
422 552
420 133
101 471
377 525
314 395
70 557
750 345
215 544
160 476
230 262
222 201
121 27
137 27
458 878
345 1342
646 1067
423 356
652 830
238 129
158 875
429 1138
667 631
470 494
416 369
832 568
378 200
579 541
878 830
78 110
242 871
432 936
1164 835
123 222
233 210
39 204
297 82
283 710
571 113
49 92
42 1088
208 112
424 456
316 198
97 725
2 1355
174 354
355 270
338 292
32 26
517 967
7 59
511 532
566 428
406 64
122 703
101 19
688 807
872 403
353 93
598 687
451 182
844 979
6 506
867 268
42 271
384 369
1263 1485
1027 1398
197 801
276 683
441 580
519 369
136 600
22 1045
280 342
59 182
355 446
534 371
248 280
617 494
1164 1047
139 652
34 573
53 121
160 792
332 821
149 1324
427 631
6 160
500 591
134 781
33 707
20 807
89 188
176 363
74 785
313 463
151 163
447 49
376 1155
692 1336
685 326
364 937
237 76
111 4
1123 640
1250 614
208 9
128 790
365 598
217 807
90 2
933 777
61 23
435 945
356 1358
1071 726
85 391
817 563
139 277
102 3
556 565
439 1244
468 1050
389 9
101 1101
238 182
620 442
27 677
152 1088
566 45
268 918
39 920
86 136
26 769
142 1324
171 244
353 1304
20 1097
186 742
281 188
192 362
14 489
313 703
38 1014
608 26
590 27
393 375
72 37
447 945
638 1104
439 17
548 798
891 36
148 1330
84 392
996 329
224 71
132 671
36 539
444 264
113 326
280 47
340 394
139 193
285 289
161 1339
719 1337
203 250
363 467
459 1001
398 85
43 9
486 204
409 1106
132 4
920 552
432 344
908 243
217 391
61 455
265 225
161 669
161 387
761 819
160 121
74 2
156 909
271 144
302 35
294 205
517 703
423 2
598 871
101 252
1184 1089
532 424
703 1167
650 757
92 251
423 19
558 362
17 426
615 369
434 305
302 412
291 605
478 568
78 482
127 112
169 105
171 1038
321 866
13 570
10 1262
358 204
137 1098
761 403
309 563
88 429
235 372
1064 132
120 28
823 12
137 226
227 1344
721 883
503 907
408 441
50 369
48 720
185 712
228 225
87 442
589 974
84 1009
248 772
1020 945
325 288
540 1331
711 1230
493 463
262 702
102 479
530 312
493 492
620 494
784 1073
134 364
20 1327
156 989
214 155
9 790
238 741
214 939
706 347
312 495
122 287
372 497
280 474
28 391
188 989
384 563
482 798
625 1136
358 49
817 1097
86 677
1176 326
58 659
337 1068
28 206
303 153
193 506
698 777
428 711
405 709
44 1244
218 129
215 214
44 349
216 82
866 756
400 391
280 46
913 766
111 159
1152 269
207 214
432 48
195 244
302 2
48 609
471 1220
302 697
161 653
423 345
570 16
61 759
490 16
331 536
71 227
423 725
402 1009
96 762
147 64
96 869
766 147
75 242
856 631
413 965
476 67
392 613
26 744
355 167
677 631
527 830
153 687
169 711
135 226
432 305
628 1136
740 10
152 513
961 532
1224 953
149 35
74 968
49 1136
321 518
35 206
480 797
268 1088
447 832
454 431
280 666
130 329
11 658
332 363
788 64
338 479
96 381
188 883
452 664
445 210
100 568
113 1122
88 947
425 661
109 667
423 580
936 1038
379 247
433 19
150 963
76 315
74 412
325 9
184 1105
42 488
43 428
1023 1335
338 432
314 961
932 484
39 64
232 66
681 845
374 653
423 471
334 428
567 808
123 440
54 826
565 770
88 457
207 39
875 422
526 472
169 671
372 277
174 298
150 285
96 1278
682 1179
682 841
489 961
598 1388
442 147
78 124
949 48
371 1026
76 471
51 228
122 252
441 576
261 260
674 985
103 226
684 967
455 1050
280 878
215 22
278 728
542 714
864 892
959 835
51 299
532 572
201 12
2 804
471 82
61 666
505 691
331 244
454 466
790 744
216 767
35 754
10 1122
26 621
327 156
382 1371
41 102
883 1166
58 277
54 867
168 1042
72 1072
100 182
553 301
81 310
75 112
502 778
88 793
40 624
412 733
97 252
7 100
158 285
332 770
841 703
84 770
29 1356
142 1122
215 0
196 114
228 105
61 1125
305 104
391 832
609 786
198 1045
1212 830
303 344
181 565
61 324
769 776
356 886
432 491
346 761
29 829
19 1221
13 875
421 1136
110 754
761 781
217 26
934 904
518 836
592 943
883 349
196 527
582 37
658 94
303 229
207 175
624 1259
72 703
835 1411
167 797
806 1279
6 311
285 527
433 390
196 384
480 517
325 300
500 666
127 12
431 94
78 687
188 600
567 749
705 951
200 526
61 589
266 334
102 686
220 384
1047 1176
324 307
44 792
199 305
122 354
532 98
697 977
295 1115
228 244
302 501
114 658
114 110
294 675
313 161
311 503
303 200
489 771
332 669
365 463
278 563
388 139
305 10
380 126
628 1351
57 100
290 458
428 277
61 1092
139 1410
334 388
80 1050
685 898
100 1351
87 35
441 1026
216 498
591 670
718 160
390 789
780 133
58 910
197 749
58 27
252 572
295 326
211 199
405 66
237 371
161 772
29 1362
253 706
196 426
294 1193
61 770
87 656
419 19
35 1088
224 793
23 210
434 381
39 777
99 66
626 102
218 704
418 192
163 56
97 715
162 707
563 240
432 78
327 30
158 270
1114 32
42 1187
344 354
679 746
226 339
373 345
944 770
428 1047
25 829
452 928
294 655
521 326
91 19
87 289
17 431
334 289
14 54
598 1252
267 966
313 363
249 798
686 520
25 761
938 494
25 370
67 480
224 659
14 85
558 441
475 2
686 647
96 492
150 211
55 645
433 372
196 270
498 151
216 1202
740 371
280 318
76 235
781 326
870 1115
75 336
232 132
161 665
137 683
76 369
63 724
533 756
631 756
86 429
655 388
704 440
161 304
556 305
134 48
736 588
313 781
127 287
84 1158
195 28
355 353
495 681
184 43
332 884
824 806
303 1078
729 1050
455 1091
371 147
416 436
459 791
152 746
282 787
864 790
189 790
248 635
518 1161
78 778
17 1059
92 494
200 110
130 139
632 12
598 592
538 371
6 1065
173 579
169 83
35 979
106 439
31 718
132 344
6 395
604 850
325 455
3 82
883 47
649 1045
304 1129
253 1085
411 1042
356 679
174 148
706 112
114 165
132 56
291 804
496 326
4 1181
208 518
281 271
759 113
327 975
27 1324
187 19
295 750
383 985
356 339
467 637
274 806
386 424
373 354
218 35
433 491
510 210
154 135
138 565
212 746
47 722
643 582
22 211
229 648
41 175
215 102
312 92
630 366
128 56
561 334
58 685
720 1397
949 855
75 158
169 413
436 372
355 212
122 552
52 26
805 376
200 275
344 967
966 1327
294 363
355 881
362 251
113 906
323 778
370 926
255 666
188 1130
268 1167
150 458
1050 970
497 95
637 1136
690 333
216 1129
65 440
97 12
346 718
244 9
308 798
610 85
237 195
274 539
333 147
372 210
267 632
237 1358
940 465
242 580
683 681
211 1044
7 985
161 212
646 781
255 78
697 939
14 261
19 1060
330 356
359 182
80 288
65 270
945 720
431 757
706 463
70 138
305 80
360 492
356 37
432 200
22 141
304 397
148 1332
196 746
63 326
277 326
405 19
160 237
444 422
49 652
666 937
42 37
287 1110
537 189
276 1193
357 412
316 86
42 554
73 786
285 799
137 13
268 1091
159 511
421 102
703 1320
609 119
353 1044
384 37
831 600
332 531
369 965
294 0
475 725
29 246
569 580
253 872
61 650
419 849
445 39
603 68
377 424
174 270
165 82
755 836
897 830
569 861
132 771
281 132
571 41
737 746
115 204
727 1003
464 222
234 677
228 777
84 1395
248 429
284 167
164 208
541 1009
229 37
802 494
271 163
1007 939
111 631
13 323
249 757
603 250
41 395
236 953
262 210
215 471
304 465
13 182
63 16
158 153
74 24
210 766
267 1358
358 339
421 381
20 455
865 586
13 458
937 744
928 356
222 679
518 342
64 1324
159 339
789 64
113 652
541 10
347 518
216 777
61 445
150 103
649 538
11 553
137 369
452 703
416 703
891 436
114 357
89 1072
124 251
44 510
1135 1462
227 1272
429 604
195 445
346 772
136 409
399 489
762 1136
50 49
577 439
222 691
493 656
33 47
575 979
412 354
54 435
63 897
97 388
124 244
68 244
199 143
493 427
225 305
24 480
441 565
86 631
633 441
271 697
478 494
102 1187
421 345
43 47
551 185
196 658
382 8
385 759
61 466
239 756
230 267
303 634
482 17
253 781
136 1409
216 781
262 812
580 1067
898 1021
62 790
219 450
25 588
449 47
120 218
19 1088
265 213
65 19
162 234
677 1026
97 368
115 191
976 754
151 214
61 388
58 726
218 513
433 175
808 436
41 430
532 1208
160 743
435 9
9 545
324 756
377 1341
46 1167
336 598
1022 346
74 723
656 210
136 714
598 1193
493 965
49 427
812 1097
95 1047
208 1365
452 108
199 920
96 254
624 1091
271 720
58 194
615 204
153 513
449 997
626 268
615 26
289 589
268 1092
413 558
106 150
220 466
480 1097
560 906
80 777
296 210
199 1067
243 1009
439 741
626 191
254 428
422 694
295 1131
452 413
211 756
51 866
113 559
582 64
634 1300
530 1359
81 222
364 274
740 80
687 1252
826 568
346 521
248 962
413 206
142 9
685 756
316 1300
331 318
436 1167
271 920
447 210
590 329
154 631
168 118
114 150
171 634
413 1070
248 180
19 1220
687 1342
130 262
491 278
943 1332
122 609
51 113
636 757
25 1320
160 212
29 47
502 47
225 789
295 518
4 910
1216 959
87 175
707 9
356 440
106 676
516 309
73 29
221 568
114 1320
117 691
486 704
718 458
1094 12
33 709
437 216
45 912
582 142
420 781
428 363
71 892
238 255
532 235
88 92
239 333
682 903
683 132
63 351
452 318
152 733
149 1212
555 518
188 1241
197 435
1047 462
174 467
940 1050
650 589
15 413
249 301
220 632
262 245
203 344
578 552
200 430
371 652
304 4
237 203
532 977
254 148
357 148
663 604
329 1047
493 944
1119 472
17 798
878 1179
280 906
34 568
327 23
34 435
455 425
328 262
1100 1329
68 565
211 491
626 38
113 442
403 326
428 829
764 274
63 1004
218 372
819 974
20 875
61 1146
423 138
943 1339
122 334
569 829
144 1089
425 845
317 309
425 631
17 356
387 1302
542 359
606 119
74 431
393 256
381 29
933 33
225 566
469 194
346 659
647 306
94 804
20 720
159 325
280 671
60 1138
58 706
337 398
149 100
68 125
17 725
234 815
532 1318
40 297
49 287
174 798
346 494
83 967
442 1181
738 939
121 210
127 193
816 10
681 1314
312 121
169 113
875 552
200 679
215 12
60 1106
132 818
683 1052
48 681
99 463
464 1415
101 632
990 333
68 1270
207 827
149 81
161 286
265 293
2 113
302 329
14 572
76 64
355 901
502 292
441 671
452 1186
248 86
570 125
308 589
267 79
91 1217
235 967
629 1176
439 523
149 1136
262 757
510 756
480 22
328 454
163 746
174 679
377 132
380 523
683 4
293 770
363 1320
78 214
237 609
646 242
884 1331
370 909
280 176
125 1259
609 93
4 878
480 102
710 967
6 121
6 723
137 866
432 205
325 661
738 197
822 1212
19 124
170 1014
814 116
1086 1179
571 428
458 163
498 532
42 524
123 12
256 68
119 214
311 1121
56 736
302 39
613 1050
454 572
71 783
643 1371
961 64
794 895
68 999
133 1404
314 770
357 504
402 139
542 236
916 835
321 254
816 66
343 904
355 28
594 64
733 307
276 1403
192 93
19 49
423 435
148 1132
146 962
6 403
78 849
100 179
189 534
18 428
261 54
78 749
45 777
173 522
96 386
40 203
227 1029
208 892
65 309
46 436
439 305
61 369
144 287
36 819
8 736
313 1089
297 271
402 493
634 989
100 210
867 287
381 582
358 524
164 918
114 1000
627 905
258 759
72 722
61 558
106 967
558 830
39 704
316 531
1162 985
45 300
151 82
253 761
120 377
476 446
90 709
714 362
228 277
818 1300
160 357
135 64
683 19
883 1047
51 262
237 222
161 935
150 1027
321 435
769 969
415 890
525 1246
384 945
504 133
772 153
677 372
914 184
92 363
199 205
114 879
480 301
222 671
772 623
434 495
97 237
937 1332
41 121
677 133
390 657
150 578
375 635
264 733
184 640
220 656
793 100
55 1143
218 76
150 720
253 345
74 267
282 623
464 1319
261 661
508 4
188 1139
696 786
529 552
22 395
628 566
218 1044
456 842
34 959
9 568
48 1097
359 1253
61 204
474 12
47 1167
58 208
49 244
1102 681
572 1101
968 1262
270 696
615 936
167 175
195 427
102 746
17 462
295 182
368 909
437 1085
179 442
357 71
347 864
162 339
171 182
647 687
328 798
165 654
372 204
203 855
88 47
55 527
175 334
121 339
656 369
598 884
81 304
55 1049
504 148
364 558
248 95
74 1338
195 594
307 1386
174 493
545 1098
121 29
88 874
321 332
232 533
144 268
113 605
289 977
94 787
1162 112
195 725
227 1330
864 769
563 363
50 243
334 9
295 386
254 339
189 463
368 720
43 147
495 749
590 832
239 115
710 1155
71 9
392 560
377 451
945 631
251 1335
666 436
1013 568
579 686
305 472
170 1065
327 68
220 240
238 805
943 277
196 122
304 728
12 726
374 133
318 323
628 277
664 105
386 1072
208 884
307 277
62 786
332 822
75 474
750 105
230 616
120 161
93 668
30 936
111 209
65 404
888 630
102 466
350 208
313 136
418 363
230 636
41 48
316 161
682 327
372 143
833 269
458 1244
523 1050
137 740
72 33
39 35
1020 770
292 518
271 949
53 49
35 299
718 1129
160 12
537 659
248 318
809 66
20 454
310 685
665 403
295 96
33 538
1150 1025
215 161
156 33
982 1352
270 27
194 359
416 251
789 371
96 637
740 493
424 604
282 433
246 27
124 983
884 600
58 424
106 798
90 1316
710 751
26 1105
656 1212
161 424
128 829
357 368
51 235
1032 631
36 947
622 549
412 12
854 29
163 945
97 532
622 112
150 844
361 52
224 354
68 965
70 85
534 704
600 1184
341 249
76 861
487 1334
347 604
345 403
216 201
636 563
216 678
627 79
627 575
831 761
355 1000
27 1051
302 1155
158 139
11 106
31 199
162 148
295 46
357 250
22 650
585 12
295 612
503 26
674 953
278 798
44 719
51 243
324 720
130 389
216 406
194 985
150 384
587 58
248 1419
61 188
150 859
571 545
51 167
438 156
9 878
11 431
200 482
437 829
356 422
493 1098
703 669
1264 720
14 288
84 324
96 138
234 526
465 722
111 1047
291 976
623 805
51 855
237 384
170 866
32 1072
10 1320
447 1021
77 372
228 43
103 132
310 45
58 168
394 1320
196 56
581 635
866 1092
57 766
302 901
514 1089
10 912
3 520
935 403
498 741
607 12
75 1119
98 598
853 533
148 336
489 228
414 1050
267 289
63 973
388 404
459 619
317 1400
657 797
919 1050
312 596
772 527
347 884
341 203
154 10
68 507
379 314
1028 88
1 492
265 656
489 87
951 712
125 334
323 984
139 1016
975 1363
778 983
51 93
20 532
84 144
54 436
200 170
492 842
295 459
755 734
357 388
387 143
539 206
458 608
28 1097
114 72
74 491
302 38
76 422
61 256
421 691
805 967
439 320
106 433
15 354
31 1039
271 110
35 1097
252 35
481 225
51 324
751 967
90 3
41 741
518 861
528 684
78 17
518 719
16 830
76 2
486 491
1016 1091
764 385
277 1252
216 334
230 160
227 934
1223 234
52 27
439 940
26 1206
693 723
312 661
27 1136
414 260
904 1253
97 422
70 485
1304 1045
705 669
76 756
526 1092
68 1167
160 395
287 826
421 10
597 1359
956 766
325 999
831 906
156 568
783 354
133 85
327 664
602 728
176 10
137 381
327 32
44 910
967 1355
989 770
114 747
423 1202
493 947
123 993
41 170
84 199
153 17
246 333
13 497
835 1429
161 487
22 155
327 1326
464 1056
346 343
139 1009
97 731
291 542
472 1415
691 703
875 1097
402 333
1015 798
521 350
535 100
979 966
358 334
262 554
100 1212
332 920
423 92
418 1484
175 388
134 720
561 485
490 1130
968 1106
374 761
386 269
537 1339
96 375
130 306
516 631
49 333
444 702
1051 441
148 1315
485 29
423 99
202 347
72 989
746 462
1048 423
214 1355
677 441
248 75
269 802
616 552
123 235
831 133
253 396
431 552
341 1015
568 204
126 284
162 64
295 29
435 983
238 243
445 1324
482 757
20 114
104 1262
130 804
149 16
61 189
474 864
181 651
278 243
230 607
226 546
703 688
12 886
265 744
75 937
146 938
705 435
230 22
853 766
611 552
132 792
136 312
423 391
234 1168
774 801
276 167
344 534
137 423
1 356
852 1088
181 1302
57 287
282 827
771 143
517 752
78 566
31 13
470 533
464 1106
300 712
87 696
87 163
377 369
341 645
256 830
53 859
68 770
391 770
94 166
952 562
172 910
439 842
917 356
321 821
862 148
377 729
708 635
276 405
666 790
466 859
97 150
327 57
327 94
715 10
102 1015
107 1407
709 45
124 696
137 386
633 45
404 1442
761 576
738 12
475 188
209 560
516 386
230 917
81 906
61 493
167 250
428 822
238 455
921 696
1055 100
303 65
66 945
744 712
79 226
345 133
849 967
113 762
591 1188
318 176
493 777
19 1276
148 62
62 762
475 804
76 522
134 340
586 397
207 710
316 172
650 1136
308 214
309 37
414 430
832 965
96 1146
228 1026
420 403
313 15
268 274
53 970
167 1166
303 329
0 339
60 952
779 631
297 448
626 170
65 737
238 48
42 480
706 943
294 652
250 169
52 907
171 131
53 757
96 21
78 867
230 664
380 100
812 939
489 1354
571 1001
609 144
133 937
356 142
239 339
216 403
148 1423
171 1118
458 961
405 395
696 369
35 1101
253 720
477 598
81 845
13 26
17 197
220 527
120 439
136 1136
496 373
283 752
370 560
122 632
159 961
864 1038
196 220
164 781
737 22
10 105
449 136
24 647
23 685
45 830
332 779
150 8
160 772
89 452
165 506
134 356
383 176
605 1088
341 468
424 124
486 777
167 589
647 526
650 204
253 829
175 1139
230 201
165 588
84 203
44 613
149 945
93 492
93 363
265 1212
137 79
241 12
89 725
157 838
68 679
63 460
327 458
364 403
421 310
195 229
789 113
843 148
737 94
917 746
51 245
68 703
84 440
463 1339
531 1003
41 323
318 908
381 1322
768 17
22 771
492 906
255 56
174 423
255 420
132 451
615 1129
27 690
234 500
489 630
74 433
413 703
237 552
57 228
342 552
317 880
819 945
334 37
494 508
441 369
55 156
106 966
181 334
423 454
61 18
770 725
260 1322
635 180
704 686
316 492
548 8
691 734
436 1184
57 124
76 220
55 601
145 952
431 12
29 770
216 573
611 195
415 26
761 1332
304 1217
230 153
25 483
377 66
122 271
1047 64
175 305
242 483
6 120
210 1381
166 1166
362 827
212 78
345 719
215 41
357 849
260 222
228 108
413 677
353 119
80 690
189 364
32 907
574 1009
262 12
267 768
291 480
556 945
969 1067
449 465
174 363
541 786
200 38
419 855
421 690
188 1027
630 1224
220 548
27 712
148 969
770 1089
504 94
279 375
974 947
691 363
279 1392
68 1176
832 725
50 1166
814 1192
137 501
80 656
20 309
81 212
360 104
881 544
357 492
517 955
259 279
502 265
652 1166
267 104
517 1167
582 907
211 967
86 100
189 491
270 388
471 155
330 28
70 340
302 658
604 1369
498 412
591 968
310 883
291 632
186 572
280 786
13 908
262 1047
149 209
338 579
659 790
942 684
724 766
467 631
61 62
196 48
145 766
373 766
545 533
709 1316
123 1220
209 910
821 80
23 1017
268 376
555 716
706 1058
227 1378
220 64
464 1392
458 663
10 897
214 306
539 858
755 148
437 118
97 292
739 797
363 631
634 600
1031 770
276 1090
487 556
421 49
112 934
188 454
530 1322
905 285
228 1278
58 212
51 377
149 610
44 285
738 754
768 967
68 1045
189 439
626 751
163 736
11 156
51 531
1058 781
132 1027
379 1065
665 547
779 945
114 17
173 39
78 532
219 382
330 756
100 66
20 920
638 37
438 839
49 26
518 1320
48 588
829 871
2 939
345 227
1186 684
423 326
377 144
387 456
222 1059
229 28
534 1122
703 604
660 1091
420 985
603 81
738 454
279 1041
258 225
215 883
377 209
270 96
425 143
61 385
563 656
33 510
625 339
280 1012
130 573
340 27
247 1091
228 559
429 568
201 741
558 371
690 1371
645 1234
502 244
84 920
771 1305
549 719
587 148
195 961
49 356
43 1101
291 697
215 281
532 807
199 244
81 746
949 471
530 518
910 1304
160 1167
107 582
33 225
270 197
455 371
377 634
740 467
437 15
173 8
13 112
416 937
84 163
47 770
276 1395
271 479
827 1092
149 1091
200 462
290 11
1007 206
302 102
43 467
438 120
58 1371
45 999
536 487
702 552
128 871
491 56
762 339
405 17
196 102
185 770
41 517
375 45
107 870
51 405
864 403
43 176
372 1378
194 937
174 309
284 283
13 0
189 688
218 26
398 944
659 451
446 522
403 277
72 937
174 234
137 603
919 749
158 861
828 1333
295 81
550 1334
122 251
405 1155
271 1358
370 1017
570 429
514 691
237 278
340 337
270 493
284 172
597 1348
418 1091
532 1038
579 1086
632 299
112 1330
261 332
215 37
174 703
410 733
1156 891
153 849
791 236
281 360
97 165
433 38
134 432
132 299
159 600
852 19
128 134
289 736
590 138
276 675
15 483
200 596
280 124
209 532
207 657
312 108
254 425
468 333
382 787
403 1067
979 939
627 432
302 11
973 100
75 255
174 788
358 1436
45 113
415 53
255 342
52 210
406 37
657 1155
512 112
656 95
318 600
199 113
316 78
287 1335
490 236
2 736
195 413
406 72
381 1042
1020 631
1059 746
423 1146
209 1045
764 757
45 965
196 64
617 100
29 615
741 967
395 742
677 830
235 66
669 790
194 78
289 1234
100 190
838 428
844 563
608 1336
762 756
837 560
19 967
28 694
195 566
195 664
733 920
706 336
641 1322
634 26
76 420
211 855
350 359
132 879
137 337
20 563
439 1129
803 943
196 309
338 563
642 732
883 441
444 177
89 465
1212 326
318 1089
146 194
574 953
794 711
235 403
540 169
638 424
418 80
268 547
325 79
755 254
872 598
280 873
244 441
433 191
227 450
454 920
433 3
549 726
625 45
3 746
478 148
411 677
112 868
133 1401
19 395
4 214
871 326
449 235
161 171
248 533
14 600
12 26
149 756
706 133
42 725
35 210
196 308
332 92
616 356
534 243
555 968
665 395
130 830
703 1089
517 739
961 665
128 1305
498 165
334 387
62 1340
295 194
483 790
41 751
423 1097
523 289
196 529
15 1340
225 1146
377 1136
238 491
93 1101
158 22
1 1050
219 310
102 141
505 132
44 439
96 142
661 1336
207 805
222 434
57 192
365 354
231 757
100 874
500 357
534 277
61 1047
282 76
133 403
579 653
78 19
625 1101
1135 767
87 750
294 452
130 56
524 49
290 667
579 1051
31 993
743 560
269 618
959 43
220 563
346 34
377 777
610 339
341 979
727 133
132 98
911 1038
12 725
294 411
360 116
281 804
79 425
208 403
804 1088
237 1003
216 489
355 479
390 878
33 789
570 494
212 532
199 268
276 96
41 818
682 808
694 807
419 132
230 702
537 255
284 771
112 1325
197 766
75 1058
797 1338
330 204
208 1252
61 356
447 512
333 26
402 142
68 541
212 410
1111 1421
683 49
195 49
142 1158
290 1032
708 586
61 914
834 763
578 422
11 141
534 696
571 226
123 552
608 630
486 441
94 1023
130 668
49 566
147 770
54 1307
189 175
1029 985
316 58
294 344
235 113
421 104
232 204
283 456
789 37
758 15
943 1320
20 264
132 28
586 210
804 206
29 113
514 1337
199 472
436 251
68 305
927 508
146 726
42 142
511 132
721 472
13 1420
386 143
172 4
482 206
230 461
884 1425
148 745
258 514
314 290
78 118
252 299
68 428
811 547
76 423
382 522
216 532
830 1361
399 841
395 306
85 945
70 29
284 608
108 1248
19 299
328 78
303 1241
498 804
563 8
489 91
164 1339
276 703
270 1136
453 200
216 937
291 348
671 945
295 780
44 1181
554 425
892 719
374 588
188 733
220 422
674 635
268 62
164 504
17 538
234 1005
26 568
76 49
2 369
100 45
148 1041
984 533
185 1136
159 1027
276 79
51 70
486 344
406 220
771 1246
199 363
284 906
222 974
303 17
321 562
167 307
106 996
225 62
429 877
132 1155
197 639
165 733
174 545
144 703
334 1009
63 494
341 501
82 671
127 1476
413 43
11 707
755 301
362 1167
38 395
276 263
92 27
249 628
30 989
63 519
160 608
57 186
392 334
310 372
294 141
114 737
237 725
355 1327
228 524
43 2
123 588
378 102
100 1013
102 410
15 180
494 147
225 534
68 85
327 46
228 720
669 937
683 630
702 37
504 892
636 12
114 768
394 749
231 230
622 236
661 300
459 226
325 884
282 264
58 762
938 176
294 815
532 422
1200 967
278 1097
428 554
294 1184
76 1256
347 86
14 165
27 610
196 482
59 1085
19 354
70 18
659 286
216 804
129 278
52 332
228 300
231 37
553 563
60 1344
621 1117
97 76
123 4
22 121
219 925
449 836
346 379
405 657
476 191
337 1195
189 1264
243 467
391 1176
44 125
563 671
531 1352
81 237
49 252
108 9
19 734
44 334
61 481
149 62
25 598
447 339
405 1092
929 9
6 332
265 46
322 889
25 871
499 82
702 12
110 197
372 600
31 435
174 16
937 1067
945 830
126 78
9 565
248 832
116 467
447 149
961 135
517 526
132 514
254 766
768 214
626 445
28 798
248 36
315 777
237 110
220 394
498 844
602 625
170 827
20 12
414 723
61 217
466 770
312 240
447 195
1051 830
665 685
248 413
1295 49
454 767
523 797
422 1015
532 320
521 286
333 113
350 434
150 616
80 1098
800 533
852 94
303 113
761 943
215 1129
294 822
100 610
181 591
275 38
345 504
245 1047
165 798
29 968
137 867
267 360
350 504
346 283
341 1042
254 49
449 974
27 391
122 733
527 1104
446 1065
519 339
801 37
518 947
65 767
609 855
78 454
588 1388
887 279
93 82
683 726
491 967
334 771
333 1136
914 760
168 828
31 663
94 957
27 777
264 163
154 894
263 457
634 823
617 766
392 87
13 180
18 27
468 448
29 990
199 1026
48 289
102 785
42 278
365 872
276 561
961 568
19 165
218 552
61 402
538 64
642 749
45 315
457 684
466 64
61 792
9 1188
572 1167
373 829
195 205
121 64
26 293
52 467
688 251
628 891
356 10
228 878
331 158
482 356
199 1129
14 755
19 252
89 778
268 722
81 1038
285 632
82 588
891 133
140 71
423 696
197 426
565 467
70 470
67 526
284 290
561 565
571 372
325 243
839 1167
517 132
706 171
22 410
340 423
267 78
116 391
133 576
282 563
68 143
171 565
475 532
220 53
120 127
269 1115
200 330
704 277
93 798
10 725
224 86
216 419
939 1327
146 1041
281 704
696 1212
216 307
301 604
280 459
633 10
215 797
569 781
350 279
377 1338
722 244
506 720
706 1252
468 741
69 32
275 623
570 858
81 772
183 63
333 210
312 381
1 746
276 377
369 1026
816 428
799 206
467 756
441 1087
44 139
338 489
22 613
23 287
412 589
122 979
222 309
282 307
747 1088
99 391
342 492
177 302
314 362
212 638
737 1166
126 336
908 4
636 807
100 685
84 909
215 967
44 842
218 37
327 100
341 482
392 142
625 777
283 665
632 301
185 907
683 434
203 1050
308 324
29 369
290 1050
469 790
811 403
51 675
284 476
211 175
438 974
212 823
556 441
645 199
504 269
162 133
342 937
61 50
940 492
437 706
554 369
169 141
20 656
287 1089
888 953
637 945
545 968
170 39
1208 4
164 829
899 1166
687 589
429 708
731 804
281 1045
109 456
470 204
158 609
358 650
548 589
364 845
341 76
65 82
1284 1091
281 205
6 242
358 756
325 568
466 563
706 761
388 37
204 1009
325 1324
815 667
722 664
358 210
19 172
626 1364
345 413
331 764
493 999
68 436
200 657
130 235
1039 454
392 1371
591 336
609 830
392 964
909 441
135 451
472 1230
268 1335
694 37
225 121
438 572
686 526
908 830
683 391
737 222
96 756
216 736
29 690
194 171
13 114
458 422
519 96
412 676
755 824
184 109
222 1115
284 96
558 1098
260 512
192 186
1165 1328
296 796
399 823
518 562
63 1093
295 871
740 49
96 565
502 288
97 129
88 1135
332 45
961 139
114 697
933 1176
294 722
286 56
423 576
634 436
187 344
134 598
532 28
25 342
379 709
504 1129
195 947
73 96
1168 878
1032 1021
170 693
201 1047
572 600
677 2
721 225
438 1031
115 497
926 1339
928 1307
370 195
649 815
356 1136
883 27
755 1326
222 675
85 777
562 1215
308 277
538 967
374 646
558 369
722 1184
205 277
267 412
29 1047
265 580
502 308
373 761
252 372
6 790
357 894
102 422
139 435
468 206
282 308
493 497
224 343
436 1186
121 777
504 227
163 977
56 278
445 723
128 295
173 875
624 560
217 268
375 27
331 651
855 720
253 56
681 240
41 446
35 62
449 1335
1079 1304
232 665
142 1176
291 768
85 788
19 588
696 712
70 832
78 656
429 208
280 232
632 728
933 989
122 1078
281 728
423 462
410 371
333 371
70 66
302 768
271 252
442 467
36 681
458 911
139 135
861 1038
74 725
70 53
380 158
135 10
294 1326
810 1109
489 499
571 562
174 258
225 685
97 772
150 697
18 100
27 788
34 796
799 754
503 906
949 243
518 858
303 106
36 1311
137 240
267 733
353 1026
525 184
233 369
526 739
78 812
371 1009
20 270
196 476
805 191
449 189
34 835
201 855
826 989
214 979
547 937
239 220
513 801
684 1395
109 85
203 807
271 439
14 806
407 146
42 754
333 637
561 336
509 366
288 725
471 920
253 216
171 984
30 801
521 904
570 947
879 1088
10 206
149 22
475 314
43 712
328 422
428 105
41 451
521 171
415 1075
864 242
832 576
743 1050
318 508
591 222
502 928
216 1340
297 299
422 572
215 300
182 1124
502 532
142 462
13 53
89 1335
40 283
264 37
163 198
785 805
132 354
79 830
407 706
360 410
549 1029
336 268
328 222
23 790
768 289
90 910
1045 631
322 27
20 749
756 725
550 226
555 1138
185 27
316 264
48 353
358 907
19 572
22 575
650 686
703 1186
646 413
248 236
650 228
823 1174
42 206
11 329
590 369
61 740
264 94
311 1186
270 226
421 260
447 332
230 163
461 757
91 1118
271 768
392 26
195 29
193 192
385 9
196 123
508 244
347 985
111 160
166 441
496 1340
139 98
485 425
1051 425
403 1320
220 330
290 58
175 977
677 1009
374 776
234 679
805 647
284 80
262 48
137 367
114 155
665 95
165 197
136 1396
537 148
215 1101
10 1166
285 593
195 325
998 9
418 27
61 470
242 1340
262 524
222 767
19 693
381 1371
276 14
480 372
29 1146
78 719
74 271
603 494
448 235
199 108
222 349
81 125
283 657
475 721
255 687
292 1246
702 422
537 943
576 1339
729 756
377 556
66 326
159 1089
542 817
29 363
224 7
268 730
377 523
104 652
494 1136
245 974
314 756
27 1006
189 797
458 127
283 115
234 777
1206 1097
424 722
644 494
225 920
327 386
33 121
303 696
167 301
391 1020
771 1167
733 1044
432 849
304 560
423 254
323 1217
432 132
114 501
930 49
53 133
161 345
510 640
234 624
386 32
156 533
605 966
737 388
234 49
469 761
265 703
626 742
430 1200
0 940
439 1181
917 12
676 362
349 1371
408 66
717 369
837 1050
104 1212
677 333
388 697
649 354
440 807
414 17
314 204
33 391
537 811
135 204
192 436
233 64
150 1088
184 499
665 43
216 898
76 7
13 16
337 1176
9 1314
139 369
419 119
68 609
996 115
189 59
38 1221
24 1221
280 53
84 1222
311 572
77 628
18 539
379 869
578 388
57 386
102 786
340 132
31 771
248 210
203 35
139 1320
13 985
304 651
386 493
686 967
839 989
185 45
387 244
23 722
94 538
452 193
1088 1358
593 1097
237 26
49 1167
317 133
44 663
311 552
955 1358
203 830
13 90
332 560
212 1009
123 324
32 909
817 552
55 108
384 9
495 300
579 217
377 292
70 139
781 943
480 647
471 1264
148 934
255 588
708 133
146 848
84 425
262 945
224 861
75 451
1027 966
169 696
332 1212
346 506
489 849
556 64
100 333
203 1091
890 1161
303 175
344 733
23 1167
47 777
752 544
146 868
160 1038
545 830
68 990
321 608
603 753
572 720
701 684
937 1339
31 316
24 319
310 364
171 1305
9 1098
33 143
502 505
195 124
469 208
58 794
737 563
154 1136
963 356
933 684
294 1115
278 967
148 1335
192 703
908 1305
531 472
12 141
31 510
503 471
963 582
703 143
421 261
569 646
615 1136
534 728
385 78
1202 66
1048 493
199 398
521 556
303 188
270 94
210 769
66 1212
69 666
318 842
174 1361
906 945
414 647
391 1146
494 1335
134 242
56 563
365 286
428 507
129 715
124 45
865 363
623 395
733 1034
93 26
94 861
248 139
97 441
371 866
194 15
534 85
96 420
292 135
356 176
57 983
30 1420
428 425
74 823
103 49
429 952
124 141
93 1027
591 947
130 732
409 968
380 772
124 47
113 786
11 799
256 10
357 977
469 180
343 451
466 1136
761 592
643 1068
22 694
656 1067
150 749
537 588
66 756
758 648
174 1370
175 3
9 1158
223 494
341 899
327 143
436 909
528 533
983 1284
737 589
634 287
659 604
46 124
420 362
421 251
53 1158
197 664
632 804
465 1246
1121 1445
97 389
174 715
61 244
281 805
213 113
248 659
928 171
697 757
265 298
617 169
524 422
668 1234
806 1186
227 1364
46 228
508 398
609 1097
225 710
82 640
45 576
830 1362
356 1104
13 600
458 388
248 634
137 438
215 463
124 1320
259 359
20 572
590 1044
469 687
719 463
126 139
336 580
41 275
449 948
289 1034
476 199
228 1320
294 489
124 563
429 934
25 1340
804 966
136 1085
327 418
121 372
297 362
61 12
419 82
646 598
215 525
92 691
164 295
844 315
249 1166
196 218
458 212
138 62
63 1171
295 1186
270 770
650 356
394 757
382 257
172 85
794 506
268 1284
264 681
425 656
867 600
148 118
169 440
185 29
337 1120
480 955
108 467
6 268
636 356
238 517
314 371
1098 64
229 391
310 677
1136 462
57 533
122 8
136 144
1158 830
175 356
63 18
76 659
216 1021
188 299
675 746
458 362
373 343
467 1320
115 1206
280 330
970 1218
387 618
974 1089
432 433
219 643
603 113
35 589
494 882
329 197
632 454
537 1067
441 1136
45 1117
611 200
13 989
262 638
61 237
423 928
327 485
674 904
467 580
721 49
32 394
242 1067
17 767
410 552
347 1231
90 1200
203 93
571 169
362 1129
385 903
470 442
161 416
50 558
638 12
74 106
180 1388
216 203
569 706
17 527
170 687
702 301
74 733
11 852
295 1001
332 677
333 798
229 770
61 663
883 770
321 1072
429 343
455 807
234 239
703 696
598 1129
441 568
277 1044
447 138
219 480
271 193
413 664
433 849
61 383
294 619
285 165
475 111
444 220
357 102
486 572
0 523
666 133
291 1124
123 442
100 882
4 320
904 366
44 506
487 334
495 1322
132 1246
74 167
327 416
136 1089
45 95
489 283
683 154
118 761
97 30
217 770
438 1100
421 989
189 1252
239 746
139 342
373 100
429 592
236 1029
459 288
372 354
139 26
420 783
738 237
926 1067
19 908
386 974
311 203
61 220
74 395
67 710
452 806
553 754
433 1023
564 148
979 155
705 156
25 706
341 252
444 454
598 842
237 12
789 422
697 422
683 210
557 568
264 609
270 428
120 1091
262 461
265 756
256 684
130 189
905 102
395 560
73 195
248 630
40 214
238 742
267 17
598 1067
563 605
563 141
698 1136
305 391
332 305
113 769
757 807
44 908
1092 1338
804 440
220 37
269 1047
267 849
61 467
276 944
627 110
571 102
6 458
61 416
842 1167
74 42
406 582
364 59
386 133
134 540
150 22
33 394
282 446
12 789
445 90
569 56
869 830
341 175
142 690
1030 953
265 906
691 1284
102 211
498 448
175 28
20 804
42 593
282 736
51 33
561 268
626 687
12 1097
308 82
210 631
202 830
598 1341
540 145
212 139
1155 742
772 598
74 6
14 591
93 425
87 368
111 336
656 798
20 566
420 1124
106 49
226 277
237 35
199 777
194 336
566 696
237 524
41 974
96 880
316 169
441 1098
441 545
13 218
65 461
1228 234
654 736
446 1316
454 687
350 7
247 1026
116 12
160 167
211 19
340 832
362 4
659 1231
406 340
439 547
334 531
201 552
135 425
6 382
248 88
6 805
152 150
216 1264
111 1304
238 150
82 1044
74 414
608 32
1213 1386
302 899
521 884
276 192
284 718
302 348
291 166
339 1146
133 744
329 967
623 38
505 251
705 92
103 113
420 518
746 767
362 600
215 522
413 989
413 133
226 99
586 1330
44 52
490 549
458 115
710 822
148 943
303 670
32 906
103 339
750 568
544 4
737 939
452 1100
370 186
553 454
455 4
158 1050
517 722
534 829
1042 506
498 307
494 835
609 751
846 545
448 289
475 203
682 438
684 756
959 30
142 1262
255 669
310 532
780 146
132 523
186 903
22 35
537 133
629 349
412 1417
10 580
466 226
817 1174
463 391
137 445
804 1139
641 1348
43 684
686 376
19 1279
188 80
318 102
370 471
224 203
35 945
365 588
255 1129
262 412
84 412
372 339
25 537
441 277
161 864
246 45
703 989
267 200
237 1
268 1388
459 364
43 945
335 807
377 29
113 866
7 1058
55 752
554 210
759 64
540 907
76 654
34 562
295 450
374 62
264 1088
123 432
212 1091
10 293
421 725
297 307
534 1361
70 64
140 118
280 830
944 965
96 113
660 1050
444 165
106 1045
938 985
175 154
363 756
284 577
23 386
163 855
220 807
102 28
20 203
113 819
537 781
918 326
750 766
413 730
130 332
107 493
222 970
680 568
199 1009
311 560
333 1067
1002 9
97 471
524 9
437 744
649 508
310 690
377 561
87 305
426 204
58 125
423 210
174 335
131 506
303 786
596 1060
682 703
476 1364
114 792
332 671
287 631
626 805
421 280
407 549
270 757
449 51
829 1129
167 197
107 423
834 883
489 909
495 425
271 605
334 322
540 1119
469 86
132 605
740 568
96 631
422 64
362 1091
260 26
34 1026
149 356
243 64
270 212
123 522
51 99
676 1304
380 91
68 725
303 30
438 193
32 139
132 287
722 251
16 226
19 56
677 66
961 631
205 715
215 232
153 746
801 807
534 363
276 677
772 649
851 953
611 1097
295 546
148 558
285 1327
192 1031
197 572
438 666
253 1305
164 62
218 1168
191 306
252 520
228 1202
424 1124
987 684
17 35
1030 279
349 1446
837 142
445 45
449 1068
9 1318
955 697
653 1070
234 1065
755 1017
534 307
465 395
1073 1407
329 37
114 422
844 3
586 113
226 777
437 918
455 1136
28 1327
282 532
388 749
572 522
135 1341
438 30
42 64
161 523
345 1252
937 1167
336 744
444 738
159 493
282 1264
18 66
439 451
143 756
230 335
199 441
339 326
407 869
10 786
294 1316
260 1042
14 452
367 1129
44 624
969 937
793 861
226 819
133 1454
163 82
276 264
88 226
175 681
65 697
276 440
631 462
542 875
302 275
899 754
97 520
837 139
338 3
114 698
279 71
553 966
276 1142
212 643
292 287
65 575
476 392
597 1363
76 9
327 691
92 186
380 331
666 363
237 78
1012 210
452 10
372 907
447 696
61 1158
0 777
464 397
373 134
357 90
220 78
78 1252
694 859
9 830
136 666
536 148
501 1027
489 325
188 244
264 606
42 175
76 686
379 667
438 505
439 797
123 754
135 30
849 1105
58 864
211 344
158 1073
1024 184
517 742
389 425
882 767
33 16
215 398
230 152
814 28
566 770
190 176
445 64
140 504
1030 12
303 1174
137 869
102 632
278 333
63 1226
31 379
267 76
710 647
7 286
805 8
199 565
679 66
529 22
362 560
487 94
159 142
423 455
34 973
603 770
657 1234
326 1067
262 237
925 749
339 1098
248 284
406 390
129 201
97 203
357 423
10 1278
188 325
628 1066
305 832
295 521
356 1096
244 1167
1119 968
733 82
137 1146
284 666
117 58
181 984
395 85
431 37
188 226
230 26
218 205
56 790
17 702
376 797
67 1060
406 200
294 1023
100 724
237 554
57 490
174 195
778 722
188 1146
103 945
215 961
137 194
248 537
627 106
210 1165
81 320
336 64
340 1170
189 336
386 1086
428 251
248 131
212 959
163 1246
1253 953
225 16
449 94
900 838
871 769
65 381
728 830
70 61
93 506
196 110
439 387
728 441
165 12
184 225
284 432
65 607
14 298
265 408
949 728
20 611
437 364
146 1037
114 222
132 356
70 467
161 52
51 500
340 945
226 866
739 1155
215 284
356 471
928 363
127 711
435 770
733 801
653 641
416 403
8 741
392 371
722 669
872 1388
132 668
126 560
51 479
158 1341
281 563
268 182
100 836
70 778
603 436
659 242
848 904
99 113
637 1009
312 1335
106 725
405 526
556 696
2 552
262 123
393 835
968 1117
51 325
786 1098
697 1179
438 836
76 945
933 371
439 769
175 605
429 634
226 425
681 288
875 563
474 1182
284 218
1067 1339
436 1333
262 770
230 211
658 977
248 225
137 325
428 565
1062 203
936 1341
343 236
868 133
367 171
703 244
569 1085
537 345
224 410
500 189
455 534
46 139
114 552
150 807
369 1067
502 489
343 943
355 1015
196 1097
331 560
215 135
578 37
149 560
33 339
1014 1155
33 1122
237 920
810 283
184 1045
174 105
707 251
102 38
46 332
97 193
220 217
48 78
123 163
534 869
1217 1341
798 830
393 407
316 849
194 226
161 706
235 339
521 790
325 1020
255 1340
81 342
347 793
6 255
552 746
6 690
59 744
445 113
476 376
436 10
210 866
403 776
142 656
392 458
102 319
653 604
42 217
52 1246
113 779
822 1136
210 1009
63 43
165 277
444 575
100 104
420 94
286 653
698 226
209 132
93 113
755 1276
959 558
657 866
428 93
113 441
329 1139
332 615
210 786
590 441
314 64
340 712
281 129
421 1176
1010 928
96 1324
347 761
474 329
555 1106
188 478
439 532
438 1335
180 362
132 739
250 66
718 506
19 1155
501 754
270 204
118 1340
495 142
44 728
785 170
294 56
175 85
370 770
749 906
14 93
779 64
295 592
823 422
189 49
167 520
230 697
665 492
911 506
781 720
299 720
590 572
29 507
281 1221
38 319
68 229
127 279
31 577
261 381
379 1023
923 234
627 702
276 303
199 1052
216 184
379 215
132 35
61 898
1245 148
338 439
590 491
137 96
403 1332
68 621
579 792
844 1139
253 776
313 133
503 1262
165 1009
502 682
945 1381
721 947
676 741
106 289
39 8
1060 1092
470 232
388 28
384 339
141 807
403 664
171 492
449 841
534 300
121 369
523 456
194 148
469 51
729 381
737 285
600 974
2 1050
174 566
138 534
554 746
745 418
239 454
392 489
609 467
0 908
394 756
624 568
61 712
284 1364
234 1047
1226 568
265 100
543 631
76 277
98 1038
174 816
489 455
22 658
336 546
810 511
238 864
154 78
122 384
34 1165
114 78
325 652
518 643
923 838
164 861
665 897
665 1388
358 945
6 683
496 321
789 339
242 744
355 746
97 27
97 355
474 844
222 794
13 864
257 797
35 1396
61 205
41 199
786 1105
556 0
439 511
132 855
267 80
785 657
137 540
78 226
226 243
222 812
531 29
585 591
56 3
14 1105
766 1181
31 523
276 1003
76 588
379 544
517 39
532 109
533 1021
298 428
421 0
309 45
303 572
68 526
174 143
659 362
841 1167
130 137
1227 947
74 1092
671 770
181 1129
41 387
14 1202
66 999
702 563
611 371
832 66
44 544
33 769
111 532
439 127
291 249
192 1068
41 38
729 139
0 66
476 657
91 4
437 354
203 1264
146 622
148 518
130 1285
81 792
31 290
18 210
420 761
215 2
295 776
388 299
10 244
418 142
953 1496
262 226
193 17
84 225
276 1167
207 830
65 142
87 78
294 203
482 1097
397 12
347 133
76 222
70 735
407 359
94 3
135 455
77 712
120 465
280 1020
17 201
151 720
19 801
275 268
275 445
216 299
317 442
433 275
1101 520
230 679
345 80
196 97
242 1031
188 767
424 989
555 877
609 1136
438 988
148 836
44 158
566 746
61 1098
45 605
327 436
167 165
1062 19
332 293
420 359
268 94
722 909
310 142
245 819
570 712
284 1038
140 776
291 1000
128 216
81 1341
229 78
255 521
333 1370
284 884
303 102
370 943
267 513
707 722
397 523
248 560
1278 1136
984 494
248 467
439 1388
740 339
590 728
503 193
506 920
425 1320
435 288
43 372
706 136
161 86
706 937
254 681
396 15
216 101
160 193
502 600
502 188
329 947
374 811
785 395
283 492
504 635
271 668
602 640
485 45
502 516
253 15
19 28
371 1047
815 711
459 169
174 1026
137 615
96 507
386 778
454 575
1058 937
168 504
305 217
373 781
301 155
943 546
271 165
294 1186
727 573
501 1166
62 712
901 589
303 56
128 580
188 11
174 568
180 598
248 1124
12 1138
38 94
412 289
432 1168
346 9
97 822
97 563
211 804
594 26
383 1124
293 756
195 786
377 756
477 846
160 487
322 425
139 28
262 1235
286 9
508 539
471 563
392 492
604 354
27 580
40 360
97 807
188 26
980 835
12 749
349 545
41 729
241 807
19 920
38 866
228 27
432 301
137 421
75 781
125 78
248 35
162 108
709 1338
172 1091
134 43
51 839
88 1032
562 494
17 214
663 579
357 345
238 365
338 175
44 209
1023 1155
81 86
42 106
13 1089
959 984
130 439
811 878
13 271
276 631
439 634
61 1381
4 771
276 839
332 36
772 760
332 609
390 446
137 229
52 222
420 236
498 728
341 236
290 81
626 382
415 66
191 1338
82 746
341 702
267 189
367 1300
746 1088
377 310
112 848
837 1333
448 8
161 1332
321 858
265 272
526 1221
449 214
332 381
228 35
582 1436
560 1167
26 1202
803 790
441 777
88 57
494 244
410 30
111 19
113 720
682 722
517 471
209 517
255 761
132 1180
65 220
25 148
1 560
68 878
333 878
364 907
116 371
35 1009
303 798
883 830
454 754
237 241
267 197
190 766
186 722
668 939
222 404
556 387
691 1334
34 457
78 268
61 310
127 985
46 242
199 277
229 225
208 268
552 64
122 461
153 814
78 1388
501 770
274 64
230 1358
732 1356
345 463
608 312
914 233
423 132
475 462
435 1256
510 560
530 148
232 199
471 572
655 356
1068 1017
163 844
563 979
205 733
517 797
123 200
681 878
425 696
430 787
608 493
106 278
134 53
58 22
237 1468
92 325
761 604
310 1212
519 442
483 59
428 671
96 269
864 1124
216 175
423 310
444 155
42 466
41 3
435 1089
18 533
457 133
189 678
993 631
51 497
482 28
656 786
346 911
38 647
386 418
482 388
5 838
370 280
76 371
806 1089
493 808
124 1100
80 1136
369 945
28 381
337 897
380 1341
225 759
42 76
82 214
1026 830
185 968
426 1097
864 236
868 1179
281 123
688 210
252 206
174 1212
321 445
370 333
721 854
367 27
52 653
78 671
212 287
156 1167
436 143
61 591
1 532
194 556
435 703
209 381
1085 133
446 306
196 165
357 659
285 79
189 411
96 568
193 1420
41 264
239 228
303 660
285 2
194 1252
394 113
248 1067
26 1320
88 29
102 142
303 93
210 671
54 806
428 989
212 90
148 416
264 422
195 339
390 1225
238 521
80 822
235 769
219 240
712 756
84 428
548 563
412 534
345 943
70 928
295 890
135 777
276 1089
956 568
647 866
627 976
819 937
192 1326
766 1382
494 1093
537 730
421 369
282 709
432 506
430 1221
295 268
136 968
114 94
1287 614
248 577
626 41
97 428
1078 1386
244 66
68 1324
14 839
125 1108
579 4
136 29
118 463
325 441
761 687
177 1166
138 27
493 37
590 119
271 106
726 661
192 1333
316 677
125 677
458 375
174 650
1088 1343
681 597
136 795
291 726
449 928
731 35
271 625
1002 917
737 1088
12 1358
554 1136
150 139
146 791
124 742
428 1026
126 806
338 243
409 472
346 561
75 1124
689 472
346 928
844 588
572 363
260 493
67 405
550 371
108 142
851 1175
12 488
772 439
55 1145
175 1166
257 866
504 413
340 756
448 526
649 109
49 326
432 113
106 353
210 605
290 489
817 849
276 572
211 48
410 667
114 482
249 807
114 527
332 749
845 472
703 903
474 719
553 28
26 965
437 134
319 395
379 360
392 423
680 533
319 1234
875 28
710 440
271 132
665 1091
79 9
73 1048
265 354
937 354
435 372
220 593
439 323
158 4
129 388
34 800
14 264
432 49
49 712
311 694
135 1136
20 394
278 307
508 300
810 544
78 1220
197 1097
216 214
196 461
308 534
453 757
410 589
867 983
234 39
218 356
291 279
1081 0
561 244
722 143
591 91
562 890
621 467
59 653
286 937
227 1191
493 725
864 451
25 56
211 195
68 225
561 49
223 533
189 1044
311 163
14 637
358 963
163 563
864 227
668 728
891 858
390 461
1167 770
515 227
1087 631
25 1377
10 965
120 503
13 1335
519 684
721 80
532 606
672 336
229 936
61 1202
65 229
598 744
407 345
216 712
911 465
412 432
452 1184
159 45
186 1100
429 442
153 292
267 468
114 42
62 369
280 1122
71 1038
250 3
41 842
867 1072
129 534
272 288
126 41
552 798
785 733
613 1091
432 741
97 325
342 790
594 210
375 1348
373 835
389 631
849 1101
716 112
284 451
517 362
295 666
590 85
438 707
1089 1335
475 76
327 158
449 212
24 1003
676 563
834 652
45 371
603 142
521 133
652 1136
160 510
1136 756
719 884
78 728
49 769
294 189
32 749
534 1362
380 577
94 252
209 495
823 197
160 815
398 712
193 806
307 588
196 152
14 505
284 131
215 456
372 1167
94 778
377 788
104 1067
68 527
370 722
532 989
29 9
561 1129
421 391
338 424
688 1136
281 175
151 211
129 676
310 35
78 372
207 189
889 985
747 977
7 598
42 454
930 64
593 37
34 981
27 880
294 226
56 725
544 1050
546 1252
234 17
772 171
84 832
556 560
194 463
487 336
136 343
604 871
491 686
356 812
355 206
508 333
338 64
685 1117
114 807
175 29
276 235
291 501
314 33
46 148
13 418
186 688
482 94
11 167
1062 568
268 287
248 1459
587 518
639 1165
310 43
1061 533
793 533
33 609
313 327
159 363
173 686
920 1088
333 369
536 387
322 829
961 456
789 369
150 422
412 807
216 497
740 391
137 845
3 1091
228 621
333 354
422 1003
137 413
9 944
534 1020
59 871
305 2
25 343
703 909
209 751
148 580
569 277
84 239
305 1032
502 707
637 830
237 572
357 118
100 435
22 798
125 518
270 441
370 452
928 1331
709 631
234 961
97 1097
492 1038
102 767
54 92
489 725
358 391
52 1129
311 1107
335 115
234 9
787 1234
634 604
318 1086
532 563
609 844
295 476
188 460
146 366
475 35
1273 947
39 369
1030 227
61 1335
93 277
703 563
84 377
88 981
195 333
302 966
703 997
35 45
20 267
726 700
300 1098
346 771
706 148
13 367
438 192
377 283
846 1158
1215 1106
357 939
88 1136
507 568
694 1306
376 1023
377 10
242 665
336 1038
382 38
802 766
909 1089
844 967
438 884
295 133
61 462
57 631
95 830
468 966
281 511
0 753
356 93
188 1213
669 1168
608 46
75 790
656 897
113 1020
481 428
789 1136
610 830
49 142
728 588
49 113
665 1176
276 425
6 59
278 560
502 94
532 251
62 9
968 597
148 1437
18 371
337 1098
617 441
333 1020
291 431
489 199
532 771
467 462
6 61
185 10
134 790
154 121
368 1045
512 369
157 303
102 1136
685 830
33 217
623 1155
372 186
560 133
285 1091
660 532
1007 285
188 485
571 652
50 1176
433 324
454 1358
69 321
666 287
14 303
276 832
564 937
38 1155
355 754
437 592
68 206
649 315
174 332
678 462
441 786
310 398
421 697
207 41
43 3
185 1120
248 870
430 446
540 497
28 1235
772 19
265 990
96 364
26 1352
549 71
237 165
228 413
12 902
30 1050
280 684
153 144
615 1091
466 371
84 683
949 101
196 237
727 909
138 210
68 293
603 457
44 1
722 604
649 967
327 244
697 563
20 218
61 720
709 10
262 329
255 180
745 115
81 80
910 1009
150 686
224 2
304 1334
269 409
959 250
537 504
76 668
369 326
13 489
917 859
1122 64
610 786
271 19
413 1110
365 268
844 654
159 508
413 598
500 794
191 1065
630 381
65 252
19 155
316 869
145 762
769 861
175 94
6 295
211 777
327 819
420 598
7 403
458 1
92 681
323 1050
13 993
234 33
184 594
645 454
137 154
449 618
371 369
33 822
100 894
489 970
61 102
325 869
17 1327
705 1008
308 746
122 372
276 137
316 184
107 78
33 85
41 1003
325 845
463 1129
392 81
215 1097
811 1340
550 413
811 15
245 334
534 105
854 652
294 51
89 563
357 151
220 12
130 428
100 1168
61 907
159 722
347 549
280 1047
425 1026
282 129
532 940
502 93
24 209
29 493
230 252
102 283
534 822
48 56
304 884
438 688
96 1361
303 423
358 300
265 637
474 48
733 736
323 336
480 454
141 552
844 538
388 632
590 372
711 652
211 448
149 465
32 66
464 934
232 442
1003 37
125 936
78 697
367 493
697 979
214 967
702 746
202 168
96 185
308 439
97 206
130 125
220 3
174 46
421 770
284 240
92 631
216 93
837 32
45 1361
603 927
505 983
282 681
216 356
308 132
433 751
426 746
374 769
139 666
44 532
225 906
548 1234
30 687
1012 770
388 17
58 43
425 1370
25 1085
474 182
404 563
708 236
174 912
632 849
258 1292
386 186
73 770
652 391
527 422
65 524
789 770
63 956
134 1045
267 1331
271 78
145 877
948 133
447 169
867 891
188 1391
1275 1097
280 237
291 593
284 42
230 650
200 517
225 47
31 387
332 740
264 269
61 107
719 943
429 10
1005 26
238 659
97 774
189 79
122 102
148 29
255 354
10 878
475 43
0 615
28 201
52 786
63 429
480 356
327 333
76 1027
690 472
174 210
28 804
97 238
356 435
19 193
305 398
49 759
90 446
48 197
607 757
550 472
201 704
838 493
248 549
354 1252
148 783
39 1023
1062 214
332 944
921 428
290 90
89 413
486 602
806 997
984 568
322 652
937 580
237 404
94 155
94 1015
192 997
525 810
449 733
294 421
430 1155
696 600
261 86
126 989
327 342
103 19
442 1013
591 356
520 967
624 631
225 1324
220 1358
655 1097
128 744
438 1326
705 32
31 6
124 826
345 33
421 337
78 789
649 647
149 1246
152 22
262 454
432 1097
1185 977
638 17
416 1050
244 756
772 270
81 266
516 983
809 29
144 456
433 155
397 597
318 210
199 621
33 372
113 300
1122 777
195 759
63 639
217 197
29 1038
1051 333
122 534
603 66
327 465
731 563
517 751
709 369
52 49
915 939
158 28
164 78
220 607
138 169
890 712
17 572
716 133
269 420
323 968
388 394
255 326
441 363
216 134
217 506
458 552
428 371
881 1009
268 92
289 307
827 376
399 363
188 192
42 412
212 1300
31 127
444 35
429 699
294 35
733 1345
1058 918
751 38
580 631
91 565
220 655
78 155
469 15
785 751
280 729
280 586
161 64
447 333
781 937
254 287
200 527
33 906
185 692
808 425
46 287
414 332
209 375
23 95
887 112
116 49
302 1343
68 463
378 42
226 788
84 78
276 372
308 289
402 423
149 43
101 733
428 1370
428 806
437 864
103 37
201 798
1179 1415
834 545
355 155
341 167
554 288
314 10
253 277
262 195
65 679
552 725
53 615
267 173
1162 236
874 568
458 1434
541 830
421 652
137 39
22 212
539 656
248 1121
91 984
156 1248
85 568
76 731
167 369
933 49
78 761
789 563
422 593
506 728
1042 845
51 263
149 9
123 939
195 287
60 1325
202 420
61 424
197 93
428 703
39 205
196 462
185 369
357 319
88 1181
6 158
199 1246
442 767
611 37
133 326
49 141
44 634
158 911
432 356
436 770
327 944
230 103
276 468
346 463
311 394
603 26
502 174
125 1050
806 688
311 369
281 412
199 250
438 928
365 1339
838 1210
28 1088
404 552
254 139
540 791
39 968
265 324
205 625
944 95
338 153
788 369
737 807
282 1221
626 1065
1232 1026
242 1332
439 792
215 354
841 756
1214 362
303 1093
294 84
102 64
13 227
220 103
516 132
237 155
439 1318
502 342
69 884
41 35
508 1009
295 313
313 124
248 508
185 696
943 937
213 288
603 391
198 43
385 124
216 433
380 796
48 472
316 861
881 855
2 966
843 635
255 182
228 1012
108 493
74 142
333 1047
265 186
81 192
657 647
102 66
211 425
151 967
883 1098
617 66
42 200
325 925
115 1065
227 1169
513 356
334 678
20 410
6 238
274 691
146 1094
239 27
45 1324
283 667
70 878
303 289
148 424
71 1124
272 878
428 712
36 692
42 335
362 703
750 309
805 866
530 711
84 787
900 188
141 1136
845 1179
258 1270
208 345
20 957
928 947
516 127
504 937
248 287
7 463
569 347
294 1032
74 817
42 688
324 289
567 364
106 2
127 1323
41 725
627 355
238 214
706 1342
542 222
220 675
93 703
84 1003
61 274
283 172
267 30
28 920
264 28
430 39
424 436
230 789
360 192
439 372
61 510
193 465
74 200
1064 720
40 300
156 1256
168 743
659 1388
356 798
169 472
423 441
217 756
805 1338
316 479
291 698
632 422
561 532
290 1091
1 197
671 66
497 945
502 360
343 1340
39 1060
217 939
423 94
102 48
302 575
337 35
134 334
363 762
303 461
95 832
442 756
525 677
468 285
222 482
386 49
238 189
819 204
454 1185
461 1047
441 756
319 1218
268 908
474 144
526 1014
601 1045
36 1334
712 1136
357 329
181 1038
608 1320
28 142
1224 352
533 897
837 356
750 508
271 235
556 762
258 371
477 213
808 778
74 687
139 637
658 754
312 700
554 45
1200 1366
819 210
468 298
149 1006
149 364
540 310
248 43
572 668
248 343
97 1360
381 80
305 1045
837 81
370 49
517 1338
1030 904
333 631
174 671
262 859
49 854
197 812
82 2
798 1097
1006 66
422 767
476 723
14 172
489 232
854 1158
354 1129
175 288
469 118
609 391
611 222
19 736
327 671
230 638
425 1324
199 139
22 387
656 631
303 22
175 715
550 66
490 993
712 64
20 227
283 881
253 646
250 669
379 334
313 452
44 392
96 93
872 761
605 945
345 269
174 1324
996 582
199 1262
747 754
27 507
275 709
20 390
78 852
66 1047
379 787
222 553
148 1469
130 426
1031 777
1022 442
174 1335
78 1358
314 624
836 1023
634 806
609 634
15 342
13 236
632 35
534 369
360 1331
174 486
130 313
150 532
148 699
432 189
48 977
1306 1386
49 798
97 9
216 439
286 1031
282 267
568 1374
108 26
270 19
1309 567
764 102
262 82
197 252
254 1089
629 539
13 836
265 679
276 722
280 99
537 75
49 594
567 1050
115 819
19 3
358 1290
106 1220
113 568
284 1167
20 801
772 1091
182 9
28 94
331 143
166 631
422 141
553 798
379 1009
341 1358
375 397
772 456
139 777
102 789
342 761
89 418
404 226
54 133
904 1042
380 613
1120 858
688 756
126 452
926 463
148 871
262 532
743 112
686 1044
181 0
561 1091
259 459
102 915
338 22
58 86
29 141
438 124
188 977
333 762
85 64
233 391
97 798
353 448
90 508
265 769
422 466
512 845
148 719
170 742
974 1097
101 668
688 243
803 761
84 822
102 859
291 19
928 413
17 668
262 1327
318 487
46 937
960 133
106 546
526 1023
91 132
601 508
338 310
80 1212
70 369
109 677
295 347
327 884
165 526
390 517
276 363
184 49
663 1086
174 100
245 125
321 837
904 699
641 1446
158 181
344 746
81 334
390 430
140 706
97 122
213 493
678 945
224 356
209 395
438 428
144 17
160 283
289 920
49 1166
295 277
268 30
97 86
175 37
421 222
295 831
98 4
47 1136
302 723
137 410
345 9
495 1371
374 781
374 687
489 95
751 787
423 884
457 667
652 907
308 299
1000 94
328 42
362 363
522 520
702 10
875 206
949 520
78 440
42 153
93 440
248 504
265 300
206 1327
550 10
1197 442
407 221
62 326
1038 1300
441 781
11 698
192 974
106 432
505 1220
128 420
566 27
463 1331
421 897
387 268
220 285
80 369
331 532
14 677
489 423
486 299
161 1045
27 631
53 28
311 81
76 807
49 404
155 966
248 261
28 2
656 807
41 367
590 325
61 529
921 333
101 881
218 87
390 805
177 939
142 898
36 786
160 158
200 746
438 244
687 797
78 733
76 504
800 442
1000 1166
1016 471
44 181
134 937
210 568
81 94
471 1345
971 88
553 206
220 1234
22 908
109 1300
487 728
872 1252
11 482
949 19
237 746
292 0
137 594
253 238
949 704
868 985
101 278
3 855
524 945
63 1411
487 532
69 8
239 17
342 943
226 463
256 467
486 1136
6 424
295 15
399 116
173 623
436 688
346 30
466 1331
189 2
6 579
4 1446
271 609
167 101
439 736
115 1389
295 896
927 264
494 621
278 979
49 1193
523 1246
545 1117
280 100
972 133
137 788
283 306
44 1284
82 967
1050 1240
423 49
458 80
905 1027
39 226
510 770
116 193
380 818
97 588
970 1246
401 533
167 704
421 610
617 149
95 391
160 17
280 559
88 1004
136 518
248 1303
110 37
61 852
30 251
114 431
590 804
137 315
354 1340
74 697
65 299
392 1052
517 668
238 920
537 235
563 767
232 305
792 560
634 28
114 702
44 489
15 1294
455 9
467 1329
78 767
819 369
749 37
746 1360
1 388
321 339
769 770
649 257
164 189
94 1371
961 371
357 1221
106 354
78 807
13 156
449 288
280 394
203 356
449 572
534 520
348 1166
267 188
100 984
698 677
378 668
39 119
118 362
84 188
136 416
729 495
29 85
122 355
100 1382
419 572
65 384
422 966
97 184
893 269
391 756
294 468
88 33
33 605
276 251
780 904
617 49
434 690
476 454
70 463
225 554
115 647
139 656
625 307
582 667
43 204
110 977
469 418
806 884
911 1091
358 398
429 104
332 116
864 1058
265 709
369 1009
407 985
94 1009
120 152
44 347
13 429
412 1097
123 419
276 428
209 672
51 1021
999 1136
423 690
201 448
58 279
150 270
137 189
327 10
138 33
176 9
209 818
1064 289
19 514
793 766
248 542
282 357
41 304
433 572
620 87
25 326
237 249
265 309
17 637
489 615
854 770
546 1044
233 113
463 918
355 638
90 1155
634 801
522 472
425 1146
56 761
29 1176
123 720
332 1262
1169 133
335 757
414 295
604 776
276 806
239 250
6 1364
114 412
346 815
243 66
649 709
534 99
744 770
494 545
279 868
162 210
558 652
248 842
331 911
80 1317
148 1364
156 100
19 634
195 554
625 728
281 419
193 560
196 2
337 9
824 1089
150 329
423 652
747 1398
589 141
997 989
485 771
261 925
201 1097
707 568
490 707
556 343
1220 64
120 959
22 524
255 720
29 1329
722 288
1102 1405
476 133
122 606
603 339
553 388
881 82
751 805
333 806
19 372
749 757
386 910
44 127
937 326
378 222
399 1321
358 897
599 466
772 936
350 343
834 174
114 188
144 124
478 750
392 35
337 95
136 531
139 563
318 78
140 646
441 147
655 531
423 830
62 59
170 751
17 133
199 853
250 32
303 132
517 1200
667 543
22 807
590 33
196 155
340 472
420 1058
248 345
294 85
491 534
228 1031
253 286
346 429
337 244
234 745
656 770
248 837
76 94
244 1341
135 728
136 676
596 1097
784 940
220 688
295 514
261 32
124 824
226 1012
89 884
665 881
563 461
159 1009
139 131
617 631
200 203
609 288
764 746
153 1174
410 49
248 1449
959 1331
1003 1060
188 606
407 767
148 1037
51 59
194 112
285 915
174 45
650 222
189 307
930 756
463 576
705 1511
854 368
556 428
500 1375
330 369
42 655
806 1100
66 1370
61 200
808 631
961 226
375 80
494 210
226 869
195 524
433 4
522 1155
86 518
331 161
439 572
305 830
43 333
70 534
151 522
181 139
323 244
284 1318
377 304
298 33
302 482
99 712
571 148
493 886
771 506
68 1067
864 226
330 64
356 907
292 806
19 703
392 225
19 1044
325 679
13 687
76 563
425 769
149 135
314 280
124 436
250 10
176 1136
561 0
149 270
372 66
218 102
834 953
749 1364
332 10
550 225
215 388
868 681
45 728
695 185
949 307
169 656
262 636
567 684
110 979
764 807
1235 1097
909 371
10 568
1001 472
80 559
29 240
707 983
304 1302
49 278
267 482
749 661
248 558
313 1067
373 871
287 819
61 459
423 781
139 1038
216 123
185 1195
876 135
1007 754
904 1392
609 333
464 1330
6 608
164 494
225 1026
102 1221
340 690
297 225
571 413
1004 766
25 790
161 730
137 605
420 1340
68 389
135 66
518 71
404 210
810 360
719 133
61 176
51 9
603 696
160 884
625 35
123 827
452 826
15 546
81 544
100 621
628 49
0 391
106 807
373 364
6 657
138 326
154 27
165 3
854 545
45 288
95 712
611 1468
449 93
264 686
347 850
207 626
40 67
435 1248
276 1202
452 839
38 1003
81 1016
681 1117
407 1124
335 422
238 937
22 98
712 1067
627 19
102 798
209 925
291 159
310 560
13 410
243 720
89 265
1111 802
81 287
356 866
19 116
200 39
184 371
58 853
1036 1088
317 87
452 333
512 121
1258 835
139 142
41 508
39 38
268 778
227 896
332 222
421 174
279 312
102 333
22 131
248 254
22 76
280 367
900 303
49 804
142 640
108 356
297 329
371 64
127 1473
459 210
338 660
200 844
537 326
482 1088
386 631
29 781
438 295
9 756
57 531
628 166
163 1050
143 1341
282 188
167 28
42 974
722 826
626 257
846 375
449 1409
227 182
88 956
910 1246
75 506
729 371
368 2
1009 1416
449 333
253 354
134 338
792 1050
295 591
1013 533
787 967
868 711
31 327
676 920
253 592
1031 989
234 369
39 225
78 563
359 71
264 1097
79 45
407 521
413 277
41 214
10 95
84 333
87 739
235 1388
291 630
368 762
544 1304
124 669
516 1167
500 235
200 578
122 28
744 1340
525 22
46 403
49 28
357 106
502 192
602 560
143 533
51 737
11 1036
268 588
441 779
25 189
8 804
81 12
230 271
569 286
1084 227
125 386
486 391
174 615
65 466
506 967
51 184
579 1085
589 1360
834 398
913 188
588 1129
225 147
590 35
288 210
123 16
280 391
41 671
432 532
295 263
336 613
137 930
27 441
264 731
51 741
335 78
181 19
621 204
280 725
26 939
372 1136
164 403
226 1324
572 277
496 255
12 1059
438 136
207 480
54 824
63 573
341 348
63 756
25 71
358 886
96 310
410 369
102 739
618 462
657 522
248 1257
100 225
130 66
142 1317
214 1234
43 766
338 849
31 492
78 822
855 440
360 139
78 520
282 579
161 576
1023 967
449 1276
36 508
212 936
65 658
403 1339
44 784
65 26
300 898
882 835
18 534
139 427
321 749
497 652
421 925
844 1097
132 1316
308 252
1208 1050
423 1105
140 25
294 79
78 957
738 132
56 307
295 570
209 456
371 781
340 1066
158 560
78 363
248 744
196 901
444 976
114 144
170 787
442 835
327 489
892 223
6 170
282 414
188 103
99 64
118 236
237 309
332 425
222 804
31 729
113 664
173 356
181 506
48 82
42 404
709 1218
88 1021
402 45
47 1176
439 169
276 1215
347 598
33 229
853 10
569 653
270 756
697 206
34 63
598 935
207 967
291 355
577 227
531 435
627 563
940 1246
234 45
554 64
29 391
412 37
167 920
199 1348
713 192
441 965
99 545
1183 133
61 500
476 890
279 1132
467 1009
289 966
696 363
419 35
242 546
569 761
275 517
147 756
518 712
50 685
623 967
241 356
146 1132
491 289
44 1341
105 830
164 180
133 1478
517 866
423 1317
243 756
341 278
780 953
883 533
818 465
712 945
139 779
267 548
276 56
163 1091
196 725
385 722
764 222
226 182
489 300
633 66
557 494
76 289
310 62
42 596
421 295
139 172
846 288
723 739
284 367
122 307
133 790
276 974
100 639
608 356
10 1176
276 68
200 1097
132 301
11 35
394 582
416 1331
295 539
370 1167
691 1322
1047 945
569 811
76 167
239 35
441 725
1007 271
377 1155
452 47
138 709
474 96
379 390
174 854
225 712
78 804
106 1166
76 43
920 546
341 2
98 506
318 771
371 545
424 28
93 251
544 492
271 804
56 822
1215 681
569 208
1030 148
1107 684
62 539
251 725
68 427
3 605
615 362
196 466
305 1176
225 83
132 206
29 93
15 604
683 672
68 46
721 26
872 1340
439 64
591 771
108 989
267 645
532 252
493 143
61 406
78 1187
846 696
38 522
425 277
423 222
316 76
552 1187
514 363
147 568
37 1097
237 945
158 41
281 329
150 102
413 493
894 141
335 22
132 1352
80 226
718 158
225 176
109 615
102 27
568 1181
139 545
13 91
345 148
781 1067
46 26
39 657
733 1200
122 524
41 278
133 861
403 580
138 798
135 17
288 467
370 124
143 568
276 29
301 966
693 1155
35 214
303 1104
927 1105
150 798
703 671
1030 1124
208 556
282 968
81 37
806 604
303 1097
120 1337
109 1032
149 869
438 891
352 953
238 1060
729 1136
360 136
342 133
97 849
1227 349
566 64
294 274
682 472
440 671
156 766
311 492
137 73
432 129
85 339
282 1060
267 2
23 781
47 363
1066 770
1215 1009
316 830
416 722
458 12
44 247
134 264
579 641
830 1067
911 1129
149 1009
384 204
323 1305
645 222
854 226
297 204
815 1304
448 632
185 631
539 467
647 1023
25 396
308 1089
71 850
449 143
574 222
130 310
210 767
12 934
231 26
280 184
231 150
295 995
227 597
333 545
51 49
425 744
76 228
78 339
377 212
288 1212
164 347
189 1388
47 442
571 1331
569 78
532 510
660 135
71 781
555 295
519 494
562 1445
218 12
74 526
196 328
159 192
17 354
222 462
363 204
341 799
1162 953
436 707
439 59
897 326
70 35
545 766
385 493
727 1333
134 61
532 289
20 1386
257 1316
97 710
235 761
121 653
2 1097
167 448
84 962
160 1181
458 171
844 589
557 533
556 132
303 832
265 507
279 848
329 289
448 471
407 279
148 79
89 68
609 94
86 761
686 472
357 751
174 288
645 552
142 1177
338 898
118 1388
51 917
26 1278
272 8
563 798
598 653
84 1295
189 433
357 532
606 1044
449 1186
222 488
149 104
384 64
683 728
48 754
41 613
124 725
759 756
170 1316
204 756
156 228
1305 1341
577 135
20 357
164 63
216 56
29 398
74 572
590 96
24 1014
76 506
52 1179
51 238
40 132
10 66
587 1376
331 132
550 1068
99 95
58 588
208 1337
200 575
413 861
1095 115
61 1021
113 85
39 686
422 488
1063 349
610 435
454 886
415 968
683 1371
197 684
174 789
61 240
53 333
627 532
65 356
467 725
657 306
399 824
97 215
53 1314
148 677
230 479
347 255
438 47
96 47
84 26
51 129
132 609
615 210
277 463
384 807
331 81
269 287
589 472
841 436
20 338
196 28
150 1358
867 988
74 709
207 170
220 492
99 1067
189 365
297 49
633 325
294 301
94 1341
254 142
935 133
609 27
974 363
475 541
487 1246
879 1027
493 621
18 339
386 671
447 280
161 360
146 659
558 897
29 965
487 565
683 300
303 1472
668 739
983 1335
294 150
288 897
275 742
324 736
31 1211
58 745
144 192
481 18
357 506
340 681
421 788
234 458
46 1017
1009 64
136 442
110 94
278 936
282 19
256 573
282 448
542 116
372 807
297 175
218 471
340 558
406 757
110 356
140 521
160 394
303 142
350 630
267 1327
14 826
24 739
691 1179
297 572
844 299
472 597
248 82
285 252
268 56
452 428
811 19
288 605
508 497
129 606
19 733
189 133
341 632
78 527
395 1155
360 989
237 226
894 339
237 440
189 129
493 869
356 749
458 131
267 1185
86 691
254 192
20 64
195 610
284 615
439 268
706 100
288 1176
210 277
96 605
438 989
746 807
435 1098
599 1354
775 133
216 198
264 203
19 668
534 563
146 352
45 1047
26 1092
423 10
264 333
800 1260
68 628
362 1300
53 786
14 334
252 967
44 292
951 656
70 391
34 57
230 237
685 1351
512 661
258 945
173 1051
1167 1320
14 703
752 526
196 20
1007 94
126 1089
776 576
556 1136
733 93
41 412
264 301
294 1276
241 1097
436 1337
611 798
87 481
277 1129
280 169
53 9
298 777
553 12
80 798
645 220
811 326
346 292
265 427
345 1129
561 651
91 1091
706 236
423 45
575 1027
438 144
169 322
289 1345
244 945
68 116
107 1346
149 4
216 163
468 22
242 598
267 153
53 798
814 823
13 58
412 506
291 35
267 957
248 435
25 15
88 169
343 850
324 391
894 371
811 295
137 661
7 359
51 440
97 297
61 841
303 10
61 726
765 100
302 647
799 979
721 371
968 1314
89 212
255 62
75 345
163 491
22 454
40 955
493 830
686 1360
679 37
463 1098
280 29
683 80
381 613
61 884
781 945
94 301
22 367
13 136
196 886
211 277
252 746
15 1031
505 989
22 424
379 362
441 326
281 626
739 967
338 106
216 51
626 827
160 1364
591 397
40 432
523 967
617 696
371 1146
783 580
188 43
137 363
13 771
458 334
209 135
136 1215
2 506
329 881
137 420
22 556
769 744
412 277
346 316
962 490
314 497
122 262
340 726
160 163
51 372
372 1101
374 546
455 492
635 952
357 214
998 1248
552 807
706 1365
292 609
271 1343
755 274
308 241
76 1101
45 293
432 22
165 454
122 277
411 726
449 132
329 939
295 305
374 238
295 118
198 440
425 832
149 685
267 158
312 418
294 167
362 1259
571 133
386 1068
238 412
316 305
454 197
859 798
530 802
452 244
360 10
216 237
210 779
654 93
989 725
50 1101
355 252
380 181
32 113
255 592
531 26
1121 953
706 279
412 28
261 195
1007 301
16 762
540 213
303 909
229 428
358 1172
377 751
216 96
264 17
163 388
1064 51
212 1246
234 1136
51 1412
58 696
474 1047
19 939
489 508
2 492
40 626
267 605
150 886
206 1358
544 1026
48 285
10 435
216 1047
125 665
909 251
392 222
195 305
1070 1179
455 467
455 45
502 120
423 607
187 473
423 1098
139 821
455 66
1037 985
1050 1181
937 1340
87 461
6 153
321 707
358 43
222 575
278 977
507 830
698 301
273 1026
269 144
220 404
248 749
432 222
449 514
264 22
237 1327
323 334
357 517
278 93
89 1279
264 996
939 1027
175 252
766 326
347 691
465 600
226 244
152 1174
807 725
454 859
768 733
6 32
284 72
857 139
329 754
758 311
81 360
265 113
603 310
439 510
146 612
571 770
318 132
476 222
609 10
904 1119
359 1029
623 376
225 788
6 67
370 761
844 522
526 742
17 632
388 3
32 192
345 169
62 288
114 200
595 1135
496 23
632 243
524 552
58 1102
228 217
253 811
132 704
333 440
904 1132
267 1036
566 325
330 563
86 770
481 64
189 82
241 563
150 334
148 884
452 671
73 113
341 412
139 560
612 148
423 1032
295 653
316 601
138 883
272 463
396 403
49 274
463 546
29 300
550 1075
333 251
414 90
590 625
434 121
676 849
231 563
321 195
308 386
238 1200
625 849
772 100
102 446
525 68
617 568
476 240
317 96
49 869
92 287
399 28
556 1167
302 206
345 1365
562 409
148 963
28 807
1131 199
494 733
51 1032
36 968
1168 143
399 808
44 749
32 1017
142 756
437 521
616 563
13 338
909 1167
790 1340
162 254
130 265
517 363
40 382
502 159
666 186
88 441
19 1326
432 754
81 815
439 423
192 10
146 521
346 796
537 134
532 1139
199 897
218 193
78 356
70 423
105 945
316 563
267 292
56 372
263 909
97 37
174 85
315 204
356 694
282 395
237 963
385 755
134 245
536 181
561 1305
292 90
258 184
302 335
102 607
436 1320
216 1285
71 1340
1166 725
444 899
177 94
81 26
439 920
472 1314
13 208
278 235
392 185
854 27
17 819
333 463
961 756
961 132
268 286
489 652
908 1179
29 594
44 118
645 206
280 103
68 136
27 85
469 6
57 643
690 653
197 141
280 740
219 1060
659 691
110 1234
149 1218
418 472
270 589
214 301
872 790
124 465
106 534
119 2
470 33
255 504
710 43
186 1068
382 657
270 288
357 86
377 49
74 76
410 631
440 1097
174 629
151 654
418 533
434 1071
502 251
531 1364
804 277
260 80
650 777
498 205
216 262
72 428
174 233
118 1231
216 268
222 658
134 712
428 244
350 890
436 903
167 754
19 121
786 1146
89 124
489 685
29 1122
355 632
20 671
521 850
358 503
241 552
489 911
390 1005
209 690
65 1003
158 410
634 356
84 1142
174 869
420 794
360 643
751 1155
116 777
17 694
122 546
804 746
1225 1386
265 1361
65 480
382 687
423 531
94 1358
1089 631
227 1423
50 965
329 632
819 251
153 823
114 844
86 1058
737 1027
132 387
691 1063
22 634
556 761
265 29
729 4
295 1332
346 1261
138 556
222 493
537 872
41 372
48 214
391 1098
380 316
121 690
223 133
324 491
281 544
280 961
279 1037
24 772
96 372
308 419
230 229
311 582
44 591
48 807
159 1136
528 87
42 979
379 832
41 910
797 306
841 132
276 357
512 1146
602 538
334 746
148 984
1004 494
550 756
254 989
52 489
53 1070
23 403
239 22
310 1336
285 563
62 463
411 558
174 611
407 236
164 51
20 217
196 764
945 1098
603 413
282 219
225 770
29 1212
55 1085
395 866
125 244
216 468
943 1031
590 150
88 232
493 909
268 687
422 656
213 413
73 493
234 275
245 439
703 806
244 568
511 615
502 418
200 220
405 78
310 113
547 546
120 81
302 797
534 1202
824 363
316 243
24 115
333 391
215 798
318 124
364 226
335 1136
149 1146
104 1176
262 309
106 440
63 88
276 1222
396 164
3 113
163 301
334 454
280 435
431 197
146 182
448 252
334 745
303 945
238 161
325 391
13 827
29 756
184 968
94 1326
811 943
422 240
697 947
75 58
49 176
721 493
333 204
841 349
425 685
22 668
460 401
134 525
698 945
41 709
199 884
281 844
273 667
194 1129
283 522
242 463
530 1063
933 228
137 690
8 472
751 526
152 634
360 875
207 733
59 1305
35 289
287 372
26 563
12 479
491 720
335 936
469 182
98 372
31 1261
683 226
1237 582
374 665
27 371
20 141
386 742
264 588
97 308
68 26
301 703
25 580
415 133
148 1058
1093 766
244 104
225 769
432 1166
146 420
29 1098
333 945
84 561
99 339
340 81
989 1335
254 467
144 1009
427 339
881 491
11 1259
458 634
569 439
329 422
148 305
212 1420
888 726
357 142
171 336
123 150
472 1086
29 1009
1062 733
486 369
29 625
499 1366
569 75
558 1262
20 240
316 0
159 1167
449 435
294 1100
619 112
392 749
356 552
429 26
369 204
248 208
709 805
422 461
609 422
237 462
395 1338
282 522
971 100
133 781
257 38
271 632
468 198
333 712
382 723
27 95
502 696
81 3
412 681
340 467
552 488
51 962
425 133
226 467
102 138
631 1146
471 1200
381 653
78 1276
1050 1318
86 1038
337 621
355 362
148 59
226 133
532 792
70 1262
269 1493
574 681
469 56
423 250
225 9
185 786
638 206
67 657
308 881
971 533
80 372
496 374
16 968
108 568
841 604
310 1045
13 532
166 754
666 192
368 372
464 81
280 138
627 548
339 1212
65 1015
199 16
425 762
170 752
40 102
100 1165
48 471
79 945
294 989
388 849
718 489
364 463
58 911
220 455
185 1311
26 907
93 563
294 357
195 545
61 243
61 750
748 631
120 492
78 797
414 526
222 554
211 220
195 586
785 430
122 56
10 1047
424 251
380 451
257 526
218 424
88 418
261 78
188 1101
653 403
188 353
527 966
20 901
627 879
46 830
30 1129
431 979
886 552
1007 1027
294 184
265 798
429 118
897 898
97 82
97 589
199 936
149 728
676 491
370 26
502 1326
774 875
288 568
35 85
612 985
423 668
127 579
759 9
13 420
33 507
222 28
615 508
146 1042
152 589
112 424
547 871
872 59
670 1158
61 1176
442 897
185 250
102 203
324 205
137 149
232 770
690 749
627 899
72 562
212 506
132 155
199 560
355 329
313 403
81 167
282 1155
801 214
96 428
718 1038
374 744
135 225
123 454
79 1088
277 1340
22 144
875 849
22 616
230 1015
59 277
234 90
135 26
33 305
502 1068
730 580
113 105
61 245
220 702
627 593
11 747
365 277
51 541
130 571
238 49
185 228
327 770
197 3
122 12
13 1124
228 898
636 37
430 751
357 804
594 204
558 1009
14 1167
435 371
1044 967
421 33
84 671
61 939
135 300
865 60
493 369
735 1088
370 161
199 1136
686 1264
244 944
234 102
74 650
481 371
52 22
280 938
657 787
342 403
768 206
185 534
39 372
540 1158
438 1337
445 372
406 677
771 1129
341 1343
75 94
392 9
224 432
22 1
428 300
136 362
345 790
334 798
578 28
82 315
263 1352
626 1221
694 1203
295 32
604 1167
117 604
10 113
41 723
12 679
167 222
1049 9
78 479
51 1252
324 235
148 223
115 1023
44 180
218 733
150 53
255 598
30 1246
216 48
382 751
170 805
106 552
10 369
268 1276
78 824
118 94
61 22
431 966
134 920
445 391
123 534
196 303
189 184
421 210
294 811
325 462
341 1327
78 243
35 770
165 967
102 493
327 492
388 679
239 936
39 710
369 1117
20 155
87 495
525 439
61 404
466 204
894 677
421 78
132 715
292 722
3 830
303 37
184 1009
920 966
72 926
3 235
225 369
340 62
1220 725
118 635
57 755
378 65
645 966
31 320
90 1060
711 770
326 907
327 703
74 638
214 572
123 94
62 781
123 506
16 85
265 83
31 254
112 352
199 369
308 12
573 684
527 1027
638 144
96 85
17 142
792 589
22 30
13 726
779 1136
901 454
380 209
163 756
294 920
1139 725
67 751
290 465
372 546
235 937
568 1135
311 493
949 329
222 394
382 1023
14 1193
636 388
32 251
94 749
111 11
660 560
808 192
174 356
421 1220
556 66
119 686
161 666
438 19
19 523
442 143
785 517
70 1131
881 119
72 943
550 819
114 32
208 133
422 596
289 1246
94 1321
458 144
495 26
6 52
148 1454
345 343
22 801
834 337
445 326
216 471
188 124
192 1089
1212 1136
1064 19
452 884
635 861
432 894
715 534
834 295
22 132
341 150
7 635
19 455
196 963
944 897
294 137
45 1006
615 226
1055 533
1053 684
94 142
489 113
161 208
504 9
89 435
906 770
611 563
934 236
6 284
161 729
108 186
19 728
423 565
0 109
962 429
577 0
88 256
338 189
729 49
532 436
782 10
412 94
61 707
367 425
175 163
678 243
632 1044
75 463
89 824
377 300
357 123
328 356
290 1300
42 1234
750 133
671 391
174 605
678 1177
135 333
436 1335
159 369
407 256
176 369
507 339
590 66
834 1176
435 210
28 725
89 696
292 527
556 27
470 195
321 136
382 805
248 521
660 565
153 422
517 693
473 746
228 28
308 1009
920 720
215 336
571 878
475 1367
289 979
12 1003
114 311
124 539
25 776
574 968
140 6
265 462
241 746
325 621
474 1463
317 466
414 139
248 539
20 1059
42 572
430 866
158 58
516 914
493 104
480 285
332 690
419 491
388 812
99 1136
335 64
14 676
402 441
370 503
42 53
155 37
224 60
630 12
78 1321
809 96
382 866
79 977
634 236
15 588
1010 664
303 1225
544 1259
870 100
232 1176
424 1129
598 1248
412 222
199 50
175 56
380 1
1020 204
817 17
279 708
249 104
119 354
436 1072
29 21
370 53
132 563
132 235
72 10
160 209
421 656
68 440
1004 533
275 1023
209 615
65 554
976 1166
630 1071
215 965
160 669
664 251
569 133
91 268
380 63
28 210
874 494
805 596
232 339
25 86
715 1136
122 1027
659 1124
261 386
346 908
247 334
39 93
594 945
297 264
58 815
516 604
615 456
690 970
245 462
1224 726
90 8
829 326
949 668
169 16
796 1165
2 588
108 49
347 362
164 354
146 490
612 1124
422 1187
432 93
158 527
420 506
841 1136
275 752
433 1120
164 194
63 1165
333 897
51 618
502 413
864 1231
665 1129
102 53
76 486
136 719
438 755
274 983
388 1097
461 1386
271 1398
275 1338
374 720
681 1262
159 355
225 293
357 491
110 388
322 375
39 945
45 1020
573 9
51 539
94 506
762 277
778 104
940 560
291 289
572 1089
413 356
494 326
116 339
261 420
43 10
160 392
11 362
529 200
61 432
107 222
30 363
213 652
174 441
14 159
22 163
174 550
500 468
481 26
573 766
144 28
87 386
787 191
63 435
334 582
506 741
119 668
291 302
657 1065
0 451
438 983
124 1186
66 1020
167 728
149 250
232 413
316 568
255 781
379 115
666 251
968 1158
87 947
9 688
241 17
427 1136
68 103
1030 586
432 119
188 102
29 786
476 1004
729 228
974 1009
233 204
171 730
63 1135
567 458
10 363
62 937
138 325
122 37
22 91
11 110
424 506
525 1129
108 104
1090 677
314 544
821 664
41 797
189 781
590 199
332 99
489 195
89 722
340 41
432 563
566 798
220 616
939 64
697 552
388 82
790 918
55 1247
191 1014
91 728
271 588
118 403
280 615
128 396
801 849
949 532
468 151
65 823
41 376
722 989
547 1067
9 1136
327 1068
19 715
1 1026
551 518
302 271
71 326
504 783
421 709
61 86
6 497
608 1097
200 283
1267 132
124 9
305 909
448 315
196 807
174 945
433 804
615 1246
218 292
133 1392
29 568
254 45
573 531
148 1108
122 789
106 949
137 1212
287 94
961 936
392 1179
532 939
375 681
158 336
61 422
540 493
603 135
581 60
7 1231
201 807
724 684
384 28
413 186
1076 878
97 534
540 692
414 683
167 894
265 169
33 594
215 220
444 110
940 1300
438 46
162 1068
740 369
379 665
61 495
439 497
102 367
495 1042
90 657
754 1015
347 556
84 167
959 766
303 757
90 733
122 454
603 98
691 1335
706 604
310 712
122 1241
175 1027
68 462
463 830
252 728
679 333
422 801
63 557
377 696
28 461
682 806
1 0
142 1070
102 431
388 93
224 268
884 1341
341 279
958 1376
382 268
489 691
340 503
162 371
864 133
446 1155
233 819
83 66
286 235
148 49
188 616
174 272
230 303
174 1089
39 1221
649 613
287 604
630 240
232 1136
437 646
1114 1440
113 777
229 830
230 737
625 804
234 751
68 633
433 526
421 423
342 1167
322 397
365 871
468 844
739 1092
677 563
87 652
1122 66
84 1115
169 652
591 1180
489 628
89 806
1200 1092
729 945
685 712
364 598
29 333
519 372
281 395
922 378
195 779
384 1136
956 442
684 1021
158 817
83 668
371 400
413 27
28 372
786 945
466 1097
278 589
123 625
15 277
652 631
469 1335
588 769
439 815
563 354
544 1009
10 822
323 1091
174 1006
1089 742
102 166
881 395
128 719
571 1158
97 423
159 452
1079 665
145 263
481 472
49 337
302 432
2 725
413 272
18 830
96 243
762 1212
867 948
52 425
476 709
695 550
265 192
29 495
611 210
140 134
261 436
74 214
96 333
29 661
116 422
91 506
150 28
175 299
148 869
12 472
216 226
221 796
106 746
635 366
562 699
421 728
292 465
261 133
199 142
25 1388
288 652
449 19
276 238
777 1098
283 568
162 363
269 1182
310 667
303 151
601 961
134 26
810 125
192 1072
16 425
781 1339
390 526
954 139
37 798
353 568
263 26
961 677
199 749
35 9
52 1050
390 1065
294 944
205 278
449 758
18 49
556 98
248 27
455 428
199 788
197 1059
428 990
561 456
54 778
565 756
158 131
706 635
216 196
65 201
128 504
547 277
146 1392
128 403
1085 790
1114 46
271 1101
19 1027
68 148
242 180
360 489
437 861
468 506
758 403
160 222
444 482
61 317
924 100
875 1088
1069 1421
416 943
218 563
194 850
100 1176
458 125
705 884
297 96
71 937
63 767
255 7
68 28
940 1091
174 0
139 99
12 1330
915 1027
138 945
96 345
572 798
318 703
933 64
346 236
151 203
27 354
280 467
52 66
267 852
21 568
611 388
806 1335
226 830
482 966
163 49
42 636
51 652
228 356
425 1136
904 889
222 661
706 345
1023 1092
423 413
276 207
370 386
12 240
106 301
174 1158
663 1050
869 64
258 233
81 318
844 94
1068 251
282 306
679 631
51 783
111 9
707 703
228 712
421 138
434 661
379 353
149 404
471 1044
657 376
295 706
98 465
42 432
864 1337
127 808
9 1146
158 598
87 167
448 654
373 238
425 667
458 240
20 426
960 112
132 842
399 1326
379 41
363 1335
569 189
884 251
222 562
329 252
268 790
706 1038
161 521
39 693
627 165
61 886
325 631
502 333
342 1017
454 64
265 816
572 589
139 493
1207 953
174 103
961 1259
88 199
364 495
215 881
145 934
685 822
1124 861
192 671
100 507
237 210
471 83
236 1041
307 1139
726 240
136 653
516 49
18 425
340 228
494 796
449 57
362 667
74 268
8 1155
19 1082
627 844
161 908
220 116
56 769
645 197
96 326
150 715
188 142
296 882
590 534
449 691
144 823
786 467
433 728
634 722
291 920
163 532
595 197
547 403
295 45
295 948
23 255
407 112
216 35
346 75
43 762
429 1344
84 1100
10 667
97 590
682 124
347 279
174 297
106 1139
340 210
267 28
377 480
68 656
35 3
251 1184
34 47
422 301
68 175
62 770
331 439
272 372
51 1166
12 252
268 1085
789 757
208 242
46 696
346 1215
693 647
220 589
1074 684
225 315
45 463
685 1331
608 726
719 1129
575 798
40 275
78 436
385 558
61 93
238 403
997 1167
421 392
1115 1009
31 1167
1015 206
540 463
382 1060
881 624
216 720
504 1349
205 967
252 920
219 530
388 35
208 1129
216 218
563 977
97 498
285 1343
80 427
692 1117
491 733
19 1034
435 756
524 454
302 94
332 869
53 210
666 113
352 1124
137 677
405 631
817 356
403 769
164 235
319 376
248 44
287 1337
390 1213
360 209
118 1365
371 288
144 722
244 766
603 174
558 333
413 1176
65 1358
185 545
406 807
267 774
177 206
237 697
28 66
283 866
158 132
10 497
836 568
51 854
118 326
441 832
248 49
567 386
414 499
52 333
222 381
439 1240
633 1136
402 80
68 949
114 166
377 805
294 425
163 520
428 246
341 879
232 226
13 28
6 1092
883 947
89 372
458 37
84 68
125 631
370 1114
371 762
532 333
215 560
225 99
132 8
622 472
314 914
284 357
290 568
20 103
722 1100
419 920
585 618
100 186
442 947
346 904
34 882
1094 145
373 88
68 685
771 651
44 310
761 884
378 388
150 3
136 664
890 947
49 1032
53 66
1037 236
311 458
148 926
238 770
142 807
399 867
44 120
290 132
394 204
289 563
174 454
498 344
667 1416
22 1185
500 1371
455 64
242 9
493 920
186 333
308 436
51 790
335 197
264 356
134 228
68 199
729 492
349 1359
458 394
119 733
225 538
949 165
252 770
42 532
207 517
1289 835
286 1320
14 1047
755 1335
626 710
980 123
130 687
739 968
10 1370
45 467
338 826
555 512
627 159
441 605
51 188
414 517
138 104
7 133
84 310
259 112
96 625
370 95
300 391
696 1320
51 195
234 335
305 325
45 829
308 237
11 572
20 48
9 1020
75 635
113 631
357 855
332 356
152 552
81 17
92 1091
955 805
375 653
88 85
927 195
349 369
13 139
1026 631
142 798
910 667
329 563
85 326
199 391
332 925
1134 664
63 47
202 180
134 303
135 413
562 568
132 534
455 456
886 798
168 434
676 172
174 740
13 801
91 1300
576 1331
729 135
279 619
335 113
230 132
1297 1298
683 204
793 420
467 1317
132 546
158 180
683 1129
86 148
285 214
94 465
321 66
312 359
111 423
132 372
737 220
137 85
926 937
294 631
212 423
197 442
698 369
730 1340
44 1129
334 115
406 1320
151 315
28 141
410 1097
307 82
194 1038
373 504
957 206
537 720
660 801
532 56
608 220
93 722
920 588
276 1065
400 64
705 108
350 985
269 1215
43 1202
253 463
2 560
336 455
254 494
259 904
41 491
245 189
858 1351
572 552
356 30
174 880
905 302
275 1065
282 67
341 112
249 200
153 579
93 777
15 1129
87 260
545 568
59 588
279 938
323 591
458 454
261 132
297 491
74 663
470 749
114 1358
1068 1117
151 353
1050 306
547 776
441 999
100 981
39 339
481 777
563 526
255 664
284 470
200 1358
676 372
88 27
244 204
138 830
386 1320
556 506
52 1052
603 169
68 113
280 404
270 1360
219 489
44 208
542 168
458 757
413 871
424 527
801 1104
872 268
81 910
342 600
116 524
1278 467
140 744
46 113
61 266
28 1003
423 371
267 338
6 1091
363 1100
386 1284
227 868
468 798
671 204
123 353
291 422
237 575
232 45
494 941
148 32
284 454
139 45
303 355
391 798
123 356
128 872
887 60
4 26
750 26
1024 423
588 299
526 522
422 1166
552 1015
39 306
540 531
61 873
102 217
51 336
268 192
399 47
743 635
740 225
465 1167
252 1027
287 600
663 4
381 422
1299 567
308 230
78 251
65 488
978 1336
55 1127
808 186
521 365
432 757
1152 474
480 422
258 339
276 10
155 798
363 866
424 635
345 1038
839 1089
439 203
921 10
295 719
212 171
46 66
712 897
115 1155
42 920
390 1078
6 845
357 422
91 532
43 533
866 204
200 817
506 842
415 493
237 335
1021 1381
388 688
149 936
256 508
28 426
806 826
785 433
355 844
293 339
476 38
493 1278
716 1334
303 206
387 1300
769 1067
220 381
50 391
39 866
134 238
84 473
355 977
267 249
227 889
205 654
29 427
588 463
28 767
325 226
445 898
288 712
150 488
276 310
92 1248
397 472
151 56
0 830
696 251
192 691
705 707
39 257
312 366
146 674
62 204
653 692
216 520
447 873
479 1166
406 363
317 568
237 163
649 439
45 897
1176 822
294 438
432 90
256 494
58 225
489 1089
33 243
89 117
97 945
174 438
364 866
458 306
592 1337
602 1300
267 19
649 362
87 133
737 235
558 26
201 967
290 4
93 720
200 454
49 435
234 591
200 710
493 274
694 1225
468 189
650 369
303 1088
327 287
430 268
525 936
41 526
1224 1042
15 59
134 189
10 652
765 953
657 709
27 685
42 963
421 16
458 1320
704 2
554 757
264 278
74 102
234 384
127 867
184 945
111 1009
132 613
271 166
533 1181
772 4
126 458
216 19
216 242
168 659
49 688
49 39
493 428
199 204
1 1129
1045 667
53 909
84 545
27 1331
102 563
717 265
785 39
452 292
53 17
308 238
569 148
122 299
518 494
12 801
322 1331
17 192
102 482
196 3
542 801
18 945
303 76
31 910
216 309
421 339
262 488
361 690
154 425
218 433
286 819
65 527
1045 869
335 727
468 412
78 616
75 892
812 798
650 830
15 133
113 712
458 1240
78 886
14 19
42 529
152 37
102 240
432 139
302 553
530 1085
265 558
313 1425
40 395
246 830
1271 1298
32 790
89 841
139 582
13 609
406 1045
1229 533
334 532
96 744
340 1042
412 609
505 600
665 1340
449 159
229 66
148 730
72 906
361 392
598 720
345 864
1047 965
125 465
137 568
225 656
137 608
333 1202
331 784
512 690
318 599
264 175
219 222
347 9
160 80
35 977
241 37
58 71
1172 849
218 142
464 1401
161 189
1128 418
284 340
2 1166
188 3
74 165
943 769
493 1177
525 456
103 197
374 758
148 342
332 562
65 1187
61 1169
38 446
249 78
200 767
378 471
225 29
695 36
267 634
428 226
502 806
149 512
96 135
378 37
126 1300
51 1082
281 1456
628 367
69 282
238 271
712 204
239 49
787 376
290 19
489 148
17 1318
379 199
171 143
255 32
357 113
103 770
502 604
264 1101
196 488
13 192
350 861
508 104
180 463
175 538
516 755
61 337
80 621
123 733
161 961
517 251
337 45
13 383
120 171
436 244
283 1129
1170 953
245 35
413 333
57 54
749 1097
1022 210
340 1047
160 544
17 1413
148 1183
287 839
226 770
238 59
97 974
458 1208
238 148
73 32
111 665
161 310
432 454
218 144
234 339
961 0
177 966
328 197
355 1185
31 1208
500 720
304 456
114 12
68 10
861 1365
94 976
140 396
507 835
10 1136
318 54
23 124
444 163
621 391
1129 861
248 1038
477 58
313 286
267 65
189 949
697 1331
170 382
113 909
27 990
737 289
27 576
884 66
356 325
280 288
192 143
122 1213
300 777
20 917
713 436
270 78
356 696
111 1050
132 109
1166 1027
485 494
196 217
49 1012
282 40
486 1044
218 428
2 754
134 125
654 849
321 493
1166 1067
109 1050
506 855
566 391
334 409
100 947
481 1179
46 562
302 480
649 818
22 725
253 134
126 363
26 762
691 1167
81 332
215 305
793 568
459 372
18 80
150 2
197 563
332 455
119 8
404 204
1113 1466
40 1316
219 597
142 739
152 94
13 336
595 63
777 725
81 1167
74 3
394 371
860 472
78 93
216 169
29 95
696 725
454 812
127 1300
18 10
19 1016
14 436
475 234
399 49
234 423
301 806
43 85
356 455
14 1089
15 744
19 903
174 633
70 125
1020 830
377 517
29 920
137 670
819 756
348 977
502 57
579 817
949 741
418 1167
9 1381
84 358
943 354
101 1139
180 1129
135 842
138 685
44 683
437 133
74 1155
312 236
85 1032
305 786
497 1176
386 362
380 615
102 455
374 918
24 102
174 990
162 340
303 746
276 220
31 1050
676 1044
68 309
44 93
164 769
339 779
241 19
346 181
429 890
449 1321
565 631
591 10
589 1358
464 443
83 85
590 45
196 412
91 334
162 57
45 671
447 85
215 1212
337 1212
50 339
42 1235
325 1098
261 700
231 798
1306 1097
225 79
77 356
355 875
1 465
278 804
151 526
507 64
611 150
33 154
1067 576
59 592
373 687
365 242
132 1016
85 631
188 486
98 936
114 563
43 66
329 94
531 1179
580 326
598 1085
355 285
195 45
9 769
137 762
74 746
715 333
945 898
89 436
207 1155
356 830
148 872
152 12
216 20
148 113
321 1067
323 1118
790 1332
718 132
291 264
634 1124
486 165
504 1365
340 100
356 454
521 1365
101 214
996 465
518 362
534 10
112 634
781 776
550 631
355 48
925 45
16 777
449 1320
392 936
577 1050
152 967
137 961
188 720
19 757
302 201
89 734
1055 766
39 805
46 286
449 1384
51 1388
148 1352
84 1136
813 631
379 4
58 490
84 541
137 770
484 478
603 226
19 363
645 355
150 552
94 575
225 288
336 678
303 82
550 539
339 756
293 830
607 798
171 1129
554 640
604 251
376 1200
350 549
87 50
201 93
737 17
225 869
130 230
46 600
532 12
1047 1009
130 786
404 945
239 1386
274 703
555 1094
15 416
20 767
308 538
220 454
590 106
140 216
284 908
236 1132
928 105
163 798
78 903
722 836
276 78
28 9
671 1139
566 552
13 261
566 694
413 29
195 115
92 534
849 354
293 441
265 897
918 576
454 725
292 1089
817 1088
56 547
161 148
187 49
44 241
195 1314
345 436
258 760
199 371
534 804
721 777
323 681
44 362
300 822
44 414
705 342
687 937
564 1067
502 826
100 326
444 532
16 909
0 226
53 369
332 467
58 118
407 1020
24 866
751 797
332 43
23 15
712 965
265 1372
758 937
189 506
237 859
1188 64
1042 985
550 295
594 369
660 492
303 35
536 292
174 163
84 1193
392 195
114 3
671 756
834 58
381 798
85 756
252 979
267 1027
532 387
438 72
11 501
803 25
782 617
738 1088
230 431
122 103
428 652
215 230
917 372
171 1217
67 1155
627 632
39 855
943 326
211 388
80 920
297 48
87 1431
626 785
355 166
239 26
149 609
652 756
310 371
622 359
480 78
65 132
88 156
322 436
26 637
660 1167
114 1007
171 420
58 1042
234 1108
340 428
656 746
377 125
169 9
548 197
237 204
632 855
468 205
283 869
148 277
254 983
489 19
562 80
1009 1021
316 1259
512 375
449 664
784 660
57 148
132 252
196 920
242 918
1001 711
582 240
303 80
761 1159
435 766
314 815
963 388
174 322
132 395
139 544
710 777
590 226
14 76
945 1136
97 949
16 9
790 1294
844 201
276 1047
272 545
214 849
1051 10
186 836
63 147
302 163
150 731
808 1167
475 252
588 1264
81 131
74 448
609 493
937 1031
113 669
238 563
127 144
156 983
1120 1311
63 507
760 227
347 687
452 485
392 210
254 1248
447 9
84 1082
48 206
53 746
434 375
116 1097
413 180
355 702
295 494
762 945
345 71
241 220
161 659
843 985
89 386
465 910
498 48
388 356
558 1032
333 777
453 22
257 1221
11 395
189 78
346 639
303 886
51 175
686 855
216 1180
300 1047
174 277
200 139
94 1027
388 702
49 806
485 325
131 1129
770 462
219 522
187 299
136 467
139 451
532 315
420 635
150 588
264 486
238 76
540 226
703 251
871 937
369 147
160 837
284 199
402 325
619 9
138 244
733 568
283 1155
329 301
177 1027
270 153
90 1221
548 12
26 807
996 48
671 467
270 49
34 18
133 943
34 176
100 197
696 671
72 436
659 892
869 1136
63 533
1045 1246
174 556
538 604
465 363
209 752
84 734
51 709
103 17
682 1133
606 967
439 1276
254 27
59 546
50 563
288 251
84 288
381 300
838 250
413 685
334 908
1042 240
158 1091
405 325
636 220
700 953
512 953
280 340
465 1341
288 1089
139 278
120 527
150 423
729 1300
410 624
294 405
522 736
14 541
608 139
421 463
207 1023
715 93
196 596
29 35
452 631
643 890
410 193
550 250
63 984
70 545
49 315
70 782
452 68
591 908
249 563
68 50
903 1167
433 739
379 861
295 744
254 10
123 538
40 290
605 206
370 948
489 726
89 836
444 132
305 720
276 473
1062 471
569 216
126 1420
78 240
58 719
402 148
458 729
34 756
81 292
138 428
7 1124
248 866
63 179
571 29
224 118
40 316
22 283
280 39
137 64
321 115
327 909
200 53
334 1486
412 471
84 261
232 371
854 1176
148 339
569 719
132 867
180 451
262 479
355 1214
68 124
168 521
385 890
410 144
161 546
928 372
25 403
74 540
52 1336
137 906
128 277
200 532
126 192
92 533
185 1075
31 613
225 435
259 146
188 966
254 1256
270 579
45 277
892 730
288 788
102 631
25 420
196 406
262 466
102 309
894 2
174 324
235 59
280 416
430 306
65 368
706 985
174 154
49 441
51 298
248 356
784 367
271 212
224 75
314 910
52 325
789 936
44 367
228 135
102 139
135 788
480 446
123 56
150 524
265 869
374 7
333 656
159 371
229 49
148 1283
476 797
541 441
480 979
379 19
161 561
269 951
761 1388
1197 766
174 762
210 1318
84 353
682 117
423 767
1119 9
494 243
29 1166
428 1089
331 458
27 1038
387 1217
271 155
476 381
357 521
719 769
63 853
649 805
402 210
549 450
672 456
379 111
379 568
864 943
237 372
668 1355
106 222
261 1167
346 367
438 327
166 534
175 1009
284 910
910 849
200 240
372 804
783 546
364 761
26 288
479 977
330 1136
34 100
142 572
102 356
841 989
425 1158
130 591
811 62
194 451
313 436
316 68
395 1129
358 1190
940 1167
707 1248
764 487
727 56
675 552
148 610
58 144
29 822
272 425
121 1246
293 1136
203 28
3 1088
6 392
248 1212
590 68
49 1031
482 977
315 563
340 312
294 1403
175 1101
505 1009
963 798
386 17
751 742
571 8
96 83
433 448
96 141
50 210
185 441
804 1101
507 1136
321 730
188 17
205 686
449 720
506 711
379 58
414 1364
494 442
207 1060
173 410
562 681
262 426
94 1398
15 871
84 675
532 82
436 600
86 861
19 722
1085 943
532 589
324 204
156 94
31 1438
265 452
134 184
920 206
196 197
74 1179
766 1026
709 38
502 997
417 11
550 441
11 3
102 153
62 832
422 757
96 501
93 333
97 671
564 918
611 220
418 806
305 244
37 1327
67 268
74 129
310 749
188 1129
239 45
414 797
199 80
28 656
132 121
731 93
98 1167
218 214
883 337
271 915
910 869
951 372
54 301
553 1234
806 600
189 704
356 546
188 1220
44 1246
133 1344
61 489
292 1129
56 1388
364 80
158 387
527 243
1003 807
325 246
48 235
219 39
743 132
610 1331
719 1231
325 35
123 22
85 369
292 604
604 687
754 1027
781 576
838 10
434 549
60 397
51 310
649 526
168 180
448 733
271 56
96 240
804 798
484 442
193 436
362 10
802 100
290 810
337 27
61 802
83 696
356 62
480 38
50 244
330 197
118 904
72 441
1216 484
17 4
31 109
145 1344
836 766
489 777
48 372
356 945
549 1041
220 798
205 9
97 606
338 288
676 667
228 435
295 192
115 770
650 371
52 936
163 139
132 300
342 989
464 139
908 604
534 788
299 354
497 462
439 329
665 226
268 1369
296 148
1117 1195
276 163
697 966
1001 1179
444 2
628 185
14 1026
540 174
486 226
50 80
174 1021
61 503
793 343
838 68
61 52
928 703
113 944
33 554
340 1371
218 1174
303 220
114 46
255 935
683 425
521 1337
96 332
50 132
14 235
198 493
630 310
165 235
536 908
555 113
545 326
75 850
657 1221
228 906
184 770
101 676
835 1181
53 100
287 703
421 489
203 506
49 894
502 551
833 32
392 41
248 458
468 967
48 881
337 1311
248 96
579 599
228 226
471 289
207 623
755 806
22 479
120 136
270 132
832 631
367 532
116 64
1052 349
395 1091
486 920
382 319
192 983
532 356
563 746
280 121
54 703
470 945
216 920
418 691
140 75
303 158
74 1086
327 47
215 609
1233 1025
61 661
1000 711
356 391
61 326
20 160
43 369
749 798
659 985
261 105
168 622
987 494
333 781
441 945
68 576
439 448
68 908
313 287
406 770
163 37
715 428
0 64
1241 1097
609 344
12 1334
46 631
751 115
248 80
61 845
525 869
15 46
553 1097
357 37
160 729
253 937
17 330
467 720
372 64
44 718
230 155
137 309
62 945
199 1166
688 64
22 660
298 49
31 424
379 1129
46 989
164 420
419 520
836 1474
174 554
240 798
582 992
256 113
42 789
490 1335
159 280
758 943
407 719
174 124
517 436
432 1045
215 465
96 925
6 774
25 720
361 377
317 684
346 766
838 45
497 1329
213 10
122 686
316 649
130 51
444 412
28 1059
23 937
550 45
392 434
13 405
947 1458
170 1060
425 568
238 668
78 43
51 1340
102 539
238 1355
165 278
370 251
379 455
25 194
164 15
26 656
260 749
336 871
222 240
97 579
268 744
423 945
502 1320
979 976
707 533
570 562
279 292
308 423
566 9
609 798
475 372
29 554
28 632
403 918
15 937
668 155
872 769
410 1009
97 134
184 50
102 742
144 1167
717 1168
516 722
280 909
465 703
302 532
650 210
381 807
200 191
391 1067
84 161
423 1019
834 51
97 278
84 165
61 944
95 898
622 1465
364 133
269 808
292 1300
3 1027
374 216
621 533
526 1316
590 448
164 118
294 677
428 288
150 315
174 357
295 808
626 275
458 260
665 1050
33 39
188 422
442 621
130 87
19 544
89 1321
505 363
40 357
2 807
504 547
167 1088
100 941
652 945
237 423
13 186
764 91
843 953
130 53
722 703
407 343
192 725
771 492
405 534
197 1235
78 116
29 999
933 339
660 823
137 32
332 1320
295 1351
494 1026
196 917
520 277
195 442
632 37
849 1139
534 685
244 391
68 1146
161 80
379 149
288 441
308 65
781 830
155 1234
69 526
79 428
281 19
72 113
89 286
944 300
33 315
446 1200
72 333
540 68
228 605
189 526
226 968
954 457
380 149
325 990
455 830
377 1
428 1098
22 492
118 242
12 699
459 148
963 746
148 17
881 849
227 808
78 514
55 697
53 696
660 638
363 777
606 82
11 1343
148 1278
137 33
38 1218
10 326
756 907
625 441
438 212
303 524
305 725
139 671
561 1038
888 168
121 493
638 1088
566 435
216 239
142 989
39 756
340 371
87 277
215 936
458 22
149 268
65 153
361 132
329 235
305 615
449 1167
55 1242
72 210
86 635
696 692
10 210
86 884
167 329
20 798
220 679
234 38
535 1462
248 371
347 208
448 3
78 1003
9 819
208 100
756 1009
125 1047
17 693
610 762
96 1026
291 3
347 171
469 719
517 1366
238 783
89 292
219 683
649 1092
234 395
373 7
0 320
73 332
560 970
445 1098
21 777
248 423
271 289
162 61
168 127
39 742
812 757
336 144
159 301
303 78
524 777
137 880
265 9
501 777
158 116
40 24
269 1482
516 429
208 691
50 29
606 855
301 722
290 139
416 133
335 770
132 90
392 64
647 739
100 965
335 226
493 545
222 615
100 719
542 411
253 483
70 325
598 790
928 722
207 709
909 989
575 966
536 1462
215 498
486 307
294 974
222 278
415 369
557 104
193 823
196 12
139 197
161 1129
310 656
288 66
122 806
658 979
514 850
268 808
130 432
84 1186
76 345
433 93
185 333
406 26
540 189
411 497
566 113
930 391
531 681
930 32
169 326
195 909
196 65
19 1014
138 277
34 644
558 10
684 1181
532 214
129 8
216 668
550 96
264 471
625 362
48 419
917 28
733 372
213 1262
144 465
122 324
188 190
199 35
439 50
240 472
621 766
280 400
10 605
216 316
81 46
1125 1407
792 4
502 254
102 167
233 9
282 520
487 884
706 76
928 1277
210 1020
126 439
340 29
133 819
200 116
80 999
645 1097
373 235
454 422
413 769
689 711
581 904
110 798
633 428
945 1318
267 165
660 1129
449 669
113 369
125 861
343 1365
232 1012
493 85
174 199
81 121
587 1068
729 369
1022 88
690 1042
12 1392
61 124
429 424
610 766
469 937
14 1222
372 967
243 945
418 100
158 465
324 82
150 277
49 1023
332 143
234 524
632 1166
517 1065
150 78
508 463
97 153
418 26
62 756
228 786
34 232
625 572
68 364
49 675
377 339
502 386
32 369
137 441
723 1155
627 302
103 746
168 71
1012 339
590 844
0 1136
202 334
265 280
337 786
44 936
138 83
78 422
295 416
302 1358
645 422
823 746
96 769
508 172
226 333
502 671
130 84
261 375
387 598
683 749
284 220
459 1119
1070 1483
328 12
474 861
428 1320
646 226
218 844
114 212
458 1045
465 1045
532 454
165 632
114 356
1016 492
150 49
722 600
224 687
546 1129
697 681
276 545
14 508
302 191
14 604
453 220
438 452
31 193
53 661
196 230
20 650
120 474
22 1235
324 132
337 947
686 681
632 704
175 527
33 49
439 1341
100 300
122 506
538 369
774 638
237 807
534 725
310 508
174 213
353 372
341 302
498 129
140 180
563 989
43 770
1220 668
432 386
611 9
120 536
122 497
42 552
98 728
355 532
413 436
1026 204
21 1136
232 337
908 651
379 290
309 441
331 397
188 546
243 204
74 827
340 64
598 1058
100 9
24 649
199 104
262 422
962 635
109 752
16 756
619 985
452 903
199 45
556 4
449 286
100 652
415 45
330 339
160 131
422 671
410 563
368 214
376 1221
521 985
502 1072
683 770
664 1089
238 1388
412 285
675 939
569 268
199 769
449 1284
770 1136
303 68
356 1047
280 211
660 171
414 240
438 413
294 1202
345 457
58 518
534 1006
14 84
468 307
248 864
256 195
789 1097
357 180
100 1068
379 234
84 106
449 884
18 113
209 300
67 102
421 906
302 1015
202 118
227 1283
51 53
48 299
100 467
413 26
1061 568
0 759
619 49
149 211
49 1142
1045 243
29 1331
226 533
331 604
582 677
721 33
23 776
988 192
139 115
332 666
789 204
444 302
279 719
503 356
200 252
865 372
106 333
935 937
740 1136
42 356
232 909
468 175
290 492
137 76
118 133
563 472
248 279
71 94
432 268
928 600
177 301
340 254
132 822
86 850
35 712
411 830
46 761
226 688
351 372
533 947
195 501
55 1335
68 135
628 132
262 222
212 801
186 884
153 197
650 113
24 1155
6 148
167 1246
216 310
449 563
167 243
225 1098
74 93
844 606
195 37
713 318
410 756
122 2
696 989
298 756
71 1388
149 570
323 135
230 817
502 808
275 115
358 95
354 1355
532 911
357 165
188 839
697 798
282 123
600 742
610 441
79 206
316 310
787 526
41 310
199 135
665 937
355 410
199 362
234 492
852 113
787 797
262 220
237 22
114 289
158 746
194 884
857 142
61 135
276 2
133 720
928 790
150 26
428 1117
9 671
627 1343
621 66
61 1212
323 456
759 210
123 1065
628 545
302 90
55 254
1160 26
216 278
108 124
97 894
476 245
362 300
6 492
97 230
864 604
78 1097
26 243
197 859
134 610
933 965
49 82
88 197
265 545
100 733
262 132
590 123
676 736
297 66
148 413
469 707
122 163
659 1252
342 1089
118 1124
318 436
481 195
751 1338
199 18
137 405
784 387
248 312
4 1318
100 204
418 333
1290 582
92 339
397 711
188 355
512 898
20 688
340 441
428 462
27 16
363 1331
149 204
1229 766
436 339
41 1
362 787
646 365
249 977
65 240
216 111
295 1320
266 1331
709 787
101 8
458 342
811 783
40 1402
804 37
1122 204
102 1327
468 123
76 1139
158 940
211 96
39 1155
550 891
493 906
27 204
15 829
33 43
484 1347
84 344
148 428
276 344
302 979
1100 1089
255 576
130 111
86 499
216 211
2 798
485 442
127 30
894 725
596 552
518 992
319 94
334 4
51 1397
303 369
1098 907
195 185
1063 641
437 268
436 667
27 1047
438 122
489 386
160 139
33 740
222 798
31 1284
107 1405
879 966
340 9
537 216
231 936
256 332
318 1431
218 634
832 1067
1017 1409
53 356
222 3
356 1015
388 855
265 621
67 522
288 300
459 113
160 247
772 823
232 467
171 0
927 849
185 1334
101 522
279 1330
15 665
218 388
212 527
22 372
276 85
1128 58
292 687
188 197
302 155
97 106
374 706
54 1284
100 835
458 1181
225 1012
357 757
199 410
412 979
454 656
89 755
1094 279
97 728
1131 1331
934 953
256 139
737 422
502 108
332 416
100 147
546 1264
316 710
388 1327
542 1109
313 730
429 349
1224 366
44 525
521 761
838 43
475 6
332 1324
634 1089
452 1335
423 333
771 1091
226 580
539 692
167 1168
153 801
86 112
225 1212
13 1042
126 402
475 106
855 588
158 801
634 549
67 752
125 9
34 938
220 252
201 422
886 746
261 392
199 506
502 824
23 463
116 94
534 1158
413 534
1001 681
489 30
384 49
618 1334
536 115
611 356
627 747
491 546
530 1029
627 2
270 563
508 965
32 770
68 788
439 19
555 1401
0 1318
102 804
468 855
97 357
463 1159
806 288
701 1349
90 752
148 761
865 279
54 192
188 886
225 441
364 467
901 1088
89 634
579 1337
278 113
386 287
75 148
486 372
22 746
844 977
806 631
65 249
265 326
230 632
196 26
468 139
642 558
407 180
295 674
380 1045
88 938
39 1044
0 425
959 684
134 175
381 1348
413 770
432 939
435 442
609 206
445 376
35 951
667 734
458 109
357 752
496 1252
386 1337
42 65
611 1136
905 754
160 148
566 210
416 1167
295 588
20 335
433 787
302 170
920 762
377 649
65 458
493 1020
1064 471
458 416
694 757
817 422
195 712
33 545
463 720
2 728
1247 1248
291 1398
139 467
0 910
459 1262
139 226
421 270
355 817
282 412
498 704
346 58
908 1038
553 285
39 448
691 948
284 1276
318 953
983 826
609 1104
234 376
382 115
72 909
647 1316
682 1369
262 33
336 720
195 43
361 532
235 604
769 467
330 12
94 1477
575 422
728 720
200 394
706 15
579 1060
574 397
3 966
161 719
48 538
481 80
209 1155
232 441
40 39
265 806
189 333
329 676
164 343
175 368
611 756
47 26
158 842
335 220
468 200
243 766
356 804
167 285
161 1038
34 401
537 118
26 1337
1255 133
28 830
967 1345
383 568
25 365
61 232
729 661
184 210
325 1158
534 210
262 372
241 78
10 656
362 115
776 1252
268 781
386 148
195 133
572 989
684 621
304 1091
313 280
719 326
45 869
901 977
480 206
209 283
841 369
386 435
569 935
460 568
315 66
523 631
649 395
467 822
193 4
142 1434
189 154
532 842
340 108
129 324
449 471
710 723
31 508
68 252
31 940
1163 1248
97 265
51 1142
104 832
298 369
28 812
46 333
492 1341
18 493
237 334
341 201
945 725
88 494
305 792
199 508
250 696
68 720
1122 210
195 27
167 855
29 631
295 413
1133 54
562 968
149 492
425 779
332 897
1210 145
933 909
884 819
332 342
421 781
710 1092
453 422
420 49
142 589
294 563
68 945
433 1221
228 545
292 549
785 723
58 869
297 832
555 280
215 3
175 285
608 411
757 746
799 1027
420 413
594 113
942 766
362 722
286 354
19 739
69 130
136 71
102 45
42 650
961 336
78 1044
90 1023
24 191
429 1337
92 142
199 64
888 312
10 989
846 29
620 684
84 149
228 39
654 1044
51 1065
294 325
10 621
135 29
498 125
121 391
356 1396
182 937
137 841
122 949
386 703
454 2
53 1122
239 422
140 730
70 27
226 711
422 1327
1047 204
558 133
331 565
136 881
355 1088
90 471
395 739
1020 64
367 598
96 788
303 471
435 47
150 110
502 517
122 1089
233 770
44 937
668 497
674 133
291 76
2 243
664 945
13 345
245 78
262 1
929 1248
197 798
1167 1091
96 728
313 251
103 936
265 1362
579 711
20 328
268 761
102 289
435 427
53 1105
215 686
452 192
224 156
87 558
29 501
19 1023
33 363
458 193
188 42
1133 19
46 197
188 625
1166 1343
215 356
310 132
908 1167
360 135
811 286
540 423
336 508
864 171
654 728
387 936
392 818
174 88
63 138
357 895
917 1097
627 175
458 1097
441 95
602 135
547 720
502 49
159 1088
884 133
138 652
262 650
285 979
175 720
226 744
295 325
316 2
61 100
650 9
43 45
153 589
984 908
338 56
311 2
590 101
364 381
295 148
9 779
295 161
43 442
74 681
164 598
84 298
476 78
61 1318
601 290
271 189
638 30
51 468
131 565
31 683
44 514
345 850
218 532
553 356
87 62
946 133
53 427
167 119
570 891
353 35
511 568
265 481
63 317
560 910
394 12
357 243
213 689
294 683
864 781
577 492
220 1059
248 168
385 510
173 218
356 288
276 770
531 711
194 227
339 204
606 920
61 29
925 1371
380 98
78 466
949 82
167 113
427 64
719 236
281 815
34 740
97 22
418 968
128 238
368 677
698 605
385 1326
405 39
800 494
142 427
228 394
248 1176
70 169
23 703
422 974
136 631
338 132
276 305
449 122
838 413
740 494
121 492
737 277
534 83
136 10
304 565
888 279
26 1212
289 939
487 1129
449 983
51 15
164 277
98 1050
169 1220
287 836
224 801
311 653
283 0
494 435
933 19
750 684
55 664
24 471
234 1050
805 306
148 653
806 1031
19 855
278 1091
96 1004
248 85
86 15
361 936
225 762
280 650
554 339
905 977
40 405
271 686
713 514
112 71
146 877
524 807
609 1088
111 1259
610 80
339 869
222 681
189 1009
141 37
14 338
78 330
160 109
58 549
267 264
456 908
158 492
759 945
404 37
66 580
495 1348
1282 953
683 456
58 221
22 1036
489 398
94 605
328 237
1102 1446
672 0
210 1136
29 277
335 1097
318 429
447 26
248 1048
817 454
55 1238
413 56
210 545
763 10
226 204
295 571
319 1092
265 210
1062 289
226 1179
356 593
256 21
163 770
494 767
83 441
94 214
102 110
829 1252
262 578
709 319
258 1105
379 631
534 545
318 386
310 492
1185 1088
340 33
360 356
236 889
329 979
707 1167
284 665
555 397
532 3
738 798
392 300
121 613
303 271
558 786
29 565
106 506
160 757
571 429
1107 533
293 631
71 769
3 725
566 17
288 463
134 1340
149 41
130 9
1161 1351
569 420
387 1091
72 1167
215 526
63 913
1158 66
234 226
484 88
413 541
61 96
68 1026
493 436
200 647
646 1159
32 945
1036 206
149 1026
316 810
284 1341
392 356
635 1325
723 787
439 292
49 1146
466 746
686 446
260 818
476 139
910 1091
955 702
329 201
78 1284
464 387
570 1141
198 363
656 391
1140 115
364 1340
179 533
295 26
470 226
1229 568
439 286
785 376
781 1129
497 467
650 1097
318 691
132 623
550 332
285 19
400 756
106 214
1039 308
772 356
27 26
28 204
1045 1032
357 589
20 458
76 132
156 339
872 413
203 165
718 439
490 92
440 830
586 953
167 299
276 502
608 364
418 428
276 1115
149 369
548 454
556 180
222 1371
563 804
790 1129
162 369
35 277
234 727
24 90
137 534
294 288
139 720
416 286
43 113
439 804
379 624
792 604
140 761
14 511
128 180
261 1086
625 371
841 268
1215 1431
147 391
346 618
1253 133
222 586
168 343
832 1146
14 691
174 852
225 394
39 371
721 945
81 422
313 761
14 305
897 1098
99 965
189 132
439 761
121 1136
433 101
195 1324
867 362
48 388
95 326
229 339
94 446
122 715
500 277
355 915
127 336
292 227
391 1324
382 739
61 954
9 937
733 1120
162 372
53 228
40 522
235 572
53 648
260 1371
174 832
183 766
347 659
362 492
489 1012
598 277
447 435
190 147
677 85
176 210
894 1045
377 818
961 113
28 593
220 789
79 534
444 698
113 770
474 343
31 149
1038 1091
220 301
34 621
358 371
28 589
87 240
318 223
709 325
74 357
423 506
729 362
34 1181
379 446
449 342
1003 563
27 300
961 339
1136 1009
188 288
377 961
302 799
770 779
837 46
1168 369
655 37
655 49
199 652
61 332
271 2
295 365
628 56
436 1331
25 23
746 1187
217 757
684 1026
26 391
1014 797
61 514
242 653
308 432
532 733
530 222
340 138
615 395
726 506
271 150
102 288
174 838
439 508
971 442
684 1391
703 141
0 613
310 1091
27 965
860 681
832 906
140 483
454 404
45 798
506 299
421 398
492 669
51 122
512 652
61 461
318 755
554 37
17 688
447 490
386 108
331 334
770 1146
102 688
237 616
186 141
170 446
19 1369
271 671
841 186
22 64
534 93
44 1038
241 222
861 1252
39 165
550 621
12 3
642 160
83 756
197 1135
96 369
554 1097
20 76
484 494
398 1098
377 333
344 506
759 492
406 102
27 829
130 342
489 171
458 167
663 560
130 974
487 1217
378 1097
112 896
392 364
118 413
121 1348
59 1067
43 210
566 1136
87 889
142 637
357 1014
600 903
428 832
334 172
173 270
207 257
564 781
106 472
134 268
823 1104
68 608
140 62
102 744
563 725
335 1088
205 1009
136 428
210 1031
782 88
138 610
127 4
139 907
358 489
561 778
79 441
129 733
150 197
386 634
447 631
337 656
247 631
85 621
195 485
51 655
471 736
459 878
98 884
791 359
87 29
709 1221
561 135
13 152
42 163
135 467
205 881
324 35
3 552
267 433
100 1021
91 94
122 22
280 149
551 1117
721 64
74 213
295 669
70 176
629 621
302 405
476 690
175 1097
686 1086
25 864
26 661
329 28
297 106
40 302
130 462
137 233
489 451
536 323
629 441
150 754
63 750
70 87
585 643
28 945
45 507
337 371
412 214
132 852
255 776
13 1316
87 1045
161 943
449 532
97 3
74 704
402 29
204 631
26 1241
61 36
225 832
448 82
41 704
284 495
316 4
358 1176
815 861
347 118
68 243
947 1276
631 1009
188 724
425 326
47 204
75 884
248 182
12 1187
128 811
234 506
181 532
425 507
225 339
188 807
448 440
20 229
454 35
34 380
337 965
309 1047
51 558
439 947
476 24
761 133
237 817
199 604
149 371
120 1089
1030 726
16 391
73 428
602 139
224 504
211 728
290 747
93 1139
629 371
493 1158
370 66
1 757
405 371
309 425
361 381
39 741
184 369
252 754
189 725
821 945
357 175
259 168
102 844
72 15
106 830
485 945
106 8
629 692
238 9
481 213
164 238
370 833
423 720
152 356
707 363
668 306
323 139
594 777
681 688
719 861
23 1176
281 299
167 56
310 50
303 1432
329 2
276 917
322 1176
81 203
79 371
291 899
885 442
65 22
691 1446
709 1155
961 1032
310 1218
347 326
525 465
30 560
325 363
447 10
143 363
534 990
159 125
373 6
245 947
338 206
276 489
280 866
346 1485
439 908
317 105
195 869
630 495
264 211
75 136
209 508
334 560
41 572
836 1248
88 43
142 467
360 199
68 250
25 1494
216 1188
772 1129
32 339
267 167
249 558
1067 1340
228 305
534 333
844 37
770 1098
346 1341
885 766
14 631
102 679
649 382
881 520
39 506
487 1091
235 369
344 654
199 1091
1138 236
382 752
277 631
277 467
44 131
284 468
652 822
118 100
766 1135
58 1166
76 33
955 431
338 212
232 631
262 807
41 563
228 897
310 818
196 394
475 31
102 270
418 45
12 798
1163 631
218 68
521 1231
22 859
70 288
892 918
194 326
97 1088
109 1026
329 440
51 100
449 254
7 691
435 293
276 3
78 286
174 683
234 26
355 175
238 704
303 1277
291 220
283 827
148 371
211 9
276 324
388 725
357 222
87 27
218 807
962 279
97 354
563 675
536 1352
238 336
967 720
52 226
114 480
884 943
364 531
132 83
75 236
519 100
314 228
111 1246
422 37
195 906
398 326
150 658
437 347
769 1136
678 767
493 925
316 81
612 236
629 545
34 256
132 526
165 563
102 325
200 608
283 1032
184 228
80 93
76 356
118 781
44 109
139 1122
357 56
650 756
755 808
61 534
81 395
122 237
959 460
159 806
125 132
16 890
404 770
227 592
482 197
368 289
148 457
216 372
218 10
340 198
227 1462
220 334
250 909
132 424
130 62
439 98
362 1050
188 956
698 210
492 1320
128 864
218 329
184 226
188 22
677 667
670 691
617 762
369 897
628 288
61 306
413 786
49 822
945 1320
940 598
356 99
271 292
421 798
292 635
136 30
112 420
97 497
81 240
284 295
711 889
139 85
49 671
311 1085
298 413
280 85
19 329
446 1338
364 336
303 391
161 910
603 1300
418 766
335 49
606 1402
196 650
2 1331
463 580
718 784
13 638
280 105
58 369
249 222
963 17
292 336
709 534
721 1136
70 143
344 1101
400 1021
56 741
290 410
805 1221
646 564
167 37
586 443
96 225
83 762
150 201
401 684
373 533
433 920
355 93
434 1124
683 45
340 465
123 28
137 728
50 1136
177 102
163 372
253 343
626 67
489 371
2 757
439 556
254 9
668 947
114 340
96 315
106 686
164 161
265 386
152 78
265 256
578 454
303 9
61 1337
189 547
268 849
237 553
155 552
25 576
242 588
24 710
558 945
200 702
254 436
48 830
874 766
529 12
810 815
556 659
122 214
385 497
292 124
300 631
142 372
482 563
160 171
237 332
25 354
645 94
373 494
873 43
345 334
302 382
126 1246
424 236
396 547
139 293
740 1270
344 632
51 756
9 293
284 1284
535 568
70 113
414 39
233 339
430 1060
846 1431
496 1067
331 0
169 854
122 9
333 1009
724 568
656 712
215 910
10 371
29 798
379 815
250 115
310 652
230 3
3 243
248 826
16 1179
265 1136
294 1321
428 1391
438 1167
830 725
436 1068
171 193
379 135
949 119
684 568
161 17
337 1038
137 671
514 186
267 220
189 19
377 121
439 1047
142 326
469 278
84 479
61 675
59 580
20 414
537 706
229 756
523 560
12 563
22 768
224 264
314 334
29 1278
265 534
635 1138
171 936
458 690
532 192
517 827
196 139
102 116
284 729
1251 640
325 1320
189 615
88 621
200 607
1028 494
150 12
88 1061
563 720
144 643
174 232
598 1320
317 88
683 777
262 239
211 210
542 700
42 823
82 704
391 631
261 466
403 588
846 889
125 849
281 316
51 50
818 728
186 974
267 102
284 743
256 100
118 769
27 781
392 1300
130 122
353 855
260 1336
660 4
536 30
340 425
393 43
174 524
199 740
408 534
164 521
130 314
260 681
732 1352
44 1039
19 206
413 1220
582 1453
960 985
68 100
136 1023
195 85
322 545
418 124
205 214
390 362
207 785
327 136
526 1264
672 1300
605 1166
20 93
846 10
184 725
579 801
303 307
78 71
106 43
656 1176
687 943
517 1089
403 720
1064 733
603 318
22 875
15 1058
22 181
207 283
210 1314
707 442
198 2
22 426
82 720
74 382
928 1167
164 286
901 17
571 334
248 777
358 305
10 832
278 1050
405 797
324 225
161 420
136 325
133 871
603 36
65 64
227 1183
270 292
175 731
469 943
199 83
469 342
182 850
39 191
23 897
638 589
74 153
613 240
112 953
87 235
341 431
532 746
653 597
1058 1339
94 501
677 497
428 878
70 497
218 454
859 1386
608 512
51 203
228 326
78 278
88 145
899 977
35 526
563 807
475 508
596 563
473 372
295 730
280 933
97 65
102 658
290 1009
617 29
598 235
340 1129
52 492
454 593
14 386
53 364
406 725
171 659
128 161
292 904
195 39
399 1279
652 968
160 928
137 310
130 467
94 720
97 1101
128 546
128 25
102 572
132 974
291 112
254 228
245 720
1007 977
6 24
597 1446
881 910
31 160
481 113
148 907
1012 756
58 1348
728 546
423 1212
239 563
248 1384
193 687
20 6
31 361
656 832
13 904
423 621
49 1003
954 142
835 1451
449 89
565 391
308 251
124 836
490 136
372 1170
149 1050
232 568
270 138
220 844
698 1045
452 141
685 288
448 967
11 132
0 455
135 98
609 1155
76 214
818 1246
894 3
373 194
307 720
618 1188
575 1088
324 93
12 428
667 1136
356 951
954 1352
100 897
284 842
586 1415
20 334
758 59
85 1324
233 756
244 1166
244 1136
88 631
338 94
49 466
237 422
51 532
475 245
928 819
866 945
421 545
51 163
949 277
598 547
327 17
12 812
175 531
504 279
148 958
841 64
51 572
632 1097
447 66
7 549
785 191
489 323
353 741
610 66
457 880
102 79
168 420
271 471
80 832
238 118
174 330
237 27
376 522
94 235
292 359
87 56
67 1316
25 719
229 1136
449 592
295 364
144 1420
294 50
377 945
84 1021
984 766
469 326
558 1136
454 746
993 1248
357 668
158 304
1003 746
139 1167
163 329
40 797
137 102
423 671
114 757
229 27
620 724
200 141
777 756
30 192
160 306
314 441
195 18
401 766
815 172
723 1014
166 206
111 558
188 1053
691 1326
519 188
164 268
33 1318
764 323
666 722
248 718
784 556
133 1364
124 1089
280 293
216 1101
374 189
467 1324
688 37
102 768
372 746
174 251
100 226
905 1264
438 551
414 310
566 1168
327 113
1129 1341
843 227
474 287
454 461
43 563
772 805
304 0
94 746
729 925
68 64
558 1212
23 1067
126 959
455 798
12 1401
232 80
46 790
61 313
357 287
705 831
346 1479
228 678
14 822
20 268
49 604
112 180
210 66
91 244
754 155
325 99
117 54
632 356
386 292
229 746
264 315
379 676
84 99
33 226
616 798
197 35
169 822
31 458
226 64
1030 168
134 413
319 967
444 1007
26 240
861 1337
161 283
72 806
149 798
524 37
372 1341
47 989
288 656
355 605
555 1029
267 214
150 977
89 1167
61 505
608 154
881 372
1060 797
705 467
395 869
132 165
232 1098
58 1098
65 638
118 861
458 91
17 788
169 372
962 634
312 970
68 781
305 545
590 967
280 272
346 304
237 578
74 272
618 767
432 299
283 1050
237 388
248 656
428 629
415 349
569 1067
325 495
444 122
137 819
693 733
1228 838
65 798
56 804
267 355
188 2
68 629
173 1086
762 712
716 635
96 337
103 777
733 520
208 781
100 1411
566 339
603 320
458 121
481 9
287 362
590 299
525 830
656 1320
262 241
97 538
284 961
17 687
961 558
161 354
391 869
609 204
96 580
872 133
868 472
1115 968
948 806
74 702
348 754
347 1042
1134 928
388 607
202 861
215 95
53 199
93 301
382 1200
88 1093
279 861
755 47
463 861
611 369
163 422
1039 17
130 372
123 252
139 1047
491 3
449 308
805 686
11 508
653 943
414 375
63 190
135 1045
890 1110
207 430
548 522
614 1282
17 823
123 715
505 124
432 1062
195 121
432 37
31 120
561 604
156 600
199 334
284 197
36 372
540 29
304 598
100 92
225 866
1167 742
654 520
0 424
626 1060
159 671
297 372
474 732
556 45
97 632
329 546
268 242
63 210
24 289
493 1146
687 849
324 741
222 818
260 312
761 326
452 342
371 565
165 56
46 356
123 1139
371 819
158 937
738 966
114 329
328 552
111 377
376 866
402 144
34 850
257 693
562 1336
469 92
248 392
331 456
532 1220
532 523
445 777
167 572
84 77
373 937
222 578
137 1020
135 80
704 506
1105 1356
168 208
168 719
357 235
58 345
378 746
33 656
196 859
20 480
201 520
200 723
841 600
244 830
77 35
764 798
441 1176
282 805
282 967
485 339
185 777
413 210
424 1089
156 755
468 849
328 1097
142 777
252 307
194 1340
370 1050
235 2
214 1166
226 1067
537 413
231 122
419 741
266 195
474 194
89 46
282 151
248 442
122 132
571 375
562 1392
458 283
126 492
1166 966
472 1070
13 630
468 94
386 132
220 28
338 144
332 47
392 681
44 615
63 442
365 235
237 488
20 737
772 875
61 45
160 203
393 259
126 136
706 227
844 356
85 906
405 413
421 556
424 492
534 572
268 1279
12 37
188 189
722 974
1026 945
44 884
40 1221
68 1315
44 743
6 446
433 170
44 1016
212 465
485 436
532 193
481 425
10 728
432 977
288 1009
605 66
374 15
96 166
26 1317
303 193
280 898
489 312
44 665
458 356
126 532
537 580
392 465
284 669
281 525
604 463
679 563
756 1146
903 363
846 27
531 62
267 772
172 1032
761 769
888 434
340 222
55 737
161 340
444 75
215 432
102 638
15 547
668 855
264 966
372 369
608 1050
150 702
556 492
365 781
602 1050
801 967
371 441
131 456
215 200
1242 631
41 209
142 576
256 45
346 409
9 832
196 455
224 267
230 404
160 304
713 539
79 204
89 93
493 1176
491 506
558 656
27 463
556 333
194 631
133 1029
120 270
850 861
305 696
129 78
46 770
536 94
578 17
808 806
148 988
1118 1341
51 344
113 898
167 139
70 907
207 24
510 204
1033 937
606 520
945 822
29 830
666 492
258 80
818 936
35 668
441 1324
305 726
318 561
424 287
608 80
97 777
149 0
234 618
255 861
418 534
447 770
71 547
257 657
468 649
49 756
210 756
146 118
432 17
291 434
373 161
122 754
732 1177
20 308
17 2
226 427
335 200
381 563
1133 132
31 121
388 491
22 53
371 363
1133 691
444 203
660 1360
295 457
933 226
52 1218
343 937
421 35
357 1166
596 994
10 869
61 150
115 446
512 60
534 1146
342 598
106 132
165 28
49 770
294 1090
203 305
574 1431
7 94
356 381
1171 766
380 842
238 1340
318 628
841 983
226 565
666 819
588 790
721 898
27 243
878 1092
504 793
126 19
291 747
336 761
27 21
252 798
432 439
68 455
78 948
987 88
145 968
447 467
25 347
125 139
33 485
13 377
163 235
737 955
468 19
305 27
294 409
56 937
96 1362
51 943
914 554
464 493
76 391
370 242
93 754
419 448
1 1009
693 805
815 1300
681 739
496 128
392 672
490 366
284 327
329 720
439 665
352 359
76 454
709 832
294 834
164 345
423 582
265 413
61 1005
91 598
564 1339
449 819
550 68
97 479
200 572
386 1167
1182 902
346 212
371 1117
683 280
287 1167
386 268
294 192
1133 268
502 424
20 231
265 1122
531 43
230 37
944 467
49 558
1071 1281
199 10
262 148
803 255
58 428
151 433
105 1136
721 571
20 37
90 306
70 532
855 8
481 441
293 204
346 86
489 395
558 677
17 807
19 720
101 354
439 93
270 668
984 1341
81 911
139 66
405 275
140 580
199 372
146 865
156 490
167 19
61 161
195 781
733 684
215 56
591 1331
358 770
691 133
787 1218
253 118
970 1129
475 141
696 66
48 506
654 35
284 193
142 580
407 347
321 145
28 886
316 881
169 333
360 806
391 897
410 109
61 225
561 506
46 945
386 1279
949 56
55 748
61 163
1065 1092
381 681
294 832
654 704
421 1337
479 589
759 4
317 100
345 659
184 339
196 222
626 1092
215 731
386 1326
22 103
723 1221
234 87
32 656
88 528
377 672
225 1122
481 272
429 947
81 181
488 807
353 563
483 598
216 967
624 492
527 333
222 229
525 189
188 452
126 503
373 347
968 1371
436 974
423 369
355 658
968 692
353 736
61 571
195 435
195 457
657 752
353 175
132 751
321 909
215 203
109 465
558 1067
447 29
402 26
124 806
50 3
656 467
284 510
758 429
450 1124
247 1009
294 261
70 830
356 733
371 1012
26 1098
340 1348
737 977
405 90
517 386
766 945
124 808
269 719
110 746
193 268
1022 796
174 435
358 228
265 337
377 752
74 1316
551 337
196 142
323 132
333 95
276 49
72 242
423 28
744 1129
1041 1363
332 580
83 369
211 356
91 884
6 136
430 319
134 161
656 300
589 1179
188 605
435 656
866 967
341 434
475 201
6 286
46 907
140 1085
421 883
803 133
854 889
494 1328
79 369
130 228
149 458
152 193
356 274
363 734
74 517
278 1027
17 593
150 17
348 301
219 121
321 114
691 968
942 100
740 684
224 720
23 113
493 462
627 35
362 806
51 85
556 631
164 242
154 375
798 725
884 1136
682 681
262 453
183 533
454 455
24 132
729 113
716 12
268 734
201 35
445 226
174 410
534 326
134 365
197 568
313 1017
387 94
237 339
270 424
118 850
770 720
518 435
322 696
94 992
428 786
646 1388
134 210
382 191
532 743
547 790
295 934
589 746
416 806
308 315
20 28
643 1376
334 1378
526 830
258 361
507 631
62 1136
140 238
148 1339
519 425
97 280
413 192
685 369
124 94
512 586
232 85
160 690
1 139
40 281
521 892
865 227
837 148
84 339
1232 568
464 295
534 1168
216 17
174 501
18 391
248 1409
436 836
761 829
883 944
88 49
232 333
280 565
235 1044
627 203
703 742
235 741
784 1341
31 836
201 728
116 832
381 1097
195 1212
99 333
835 1374
310 725
56 403
142 757
161 158
370 907
262 675
133 769
449 120
884 790
152 424
347 463
174 372
222 702
50 105
422 920
28 214
608 675
137 100
608 552
234 928
114 358
42 11
660 1246
127 1050
160 133
10 186
435 369
79 770
43 479
983 1321
86 937
717 174
743 359
390 39
842 1091
60 1056
7 1337
22 560
370 703
294 841
123 787
333 671
222 845
238 132
219 941
542 676
433 299
41 329
115 1306
205 210
476 375
2 830
184 1373
135 369
124 325
608 388
196 423
1120 1161
638 513
738 757
635 699
340 300
810 362
304 532
1173 953
211 736
188 567
114 93
14 1416
42 917
75 9
135 45
324 770
585 305
166 27
679 936
215 746
623 1092
433 532
1270 80
453 37
132 725
819 943
58 250
280 777
517 1316
1131 148
115 526
373 811
346 835
645 977
345 1124
449 385
29 656
122 468
2 497
423 363
14 35
589 1015
277 790
39 210
1124 896
321 428
192 722
638 634
239 696
333 880
347 15
243 1136
189 368
133 829
542 19
370 1089
340 369
687 191
844 720
399 270
70 508
555 848
972 148
19 1316
52 690
61 386
362 1246
52 435
74 8
58 890
88 545
42 609
265 959
234 643
489 640
268 354
280 841
139 1324
285 422
603 280
193 1089
1288 582
63 197
195 762
1101 967
521 226
27 226
913 684
120 638
188 229
399 801
163 339
474 867
17 671
125 17
358 579
93 467
276 386
102 1097
627 737
49 277
634 492
633 333
137 481
22 381
22 310
627 915
168 960
234 195
696 1070
88 883
430 1014
626 433
439 334
345 547
22 323
943 730
148 1085
295 56
689 968
13 132
135 523
787 1092
832 467
200 751
145 472
271 249
444 747
49 165
379 936
248 756
327 634
256 96
852 454
881 563
353 631
234 1023
706 790
254 1474
387 1115
139 579
811 769
280 510
276 541
9 143
150 116
392 312
1019 263
941 1348
215 652
944 210
385 753
632 197
86 904
286 592
333 685
25 669
46 425
128 730
390 1275
318 411
917 17
399 638
939 155
378 197
311 687
317 508
924 835
428 769
207 132
421 81
335 388
388 566
294 1329
744 1136
676 165
38 1092
159 33
721 846
317 192
418 1023
80 333
449 216
89 808
48 301
322 104
69 1417
379 1045
877 227
26 746
433 205
271 658
238 733
476 382
282 1360
567 192
1229 835
440 1044
280 79
83 830
48 277
12 1015
562 472
314 1045
905 966
412 625
449 418
482 301
230 423
61 136
447 391
308 454
247 560
413 369
525 78
392 425
1208 1091
97 660
278 736
255 872
406 358
242 1085
303 364
195 394
218 369
530 1336
910 568
211 520
20 596
340 865
299 671
1187 807
412 433
428 83
294 1133
803 598
785 967
229 807
868 1124
68 481
550 49
200 1
81 424
928 518
1158 631
288 945
357 28
19 806
412 746
654 855
97 48
571 188
360 801
316 822
137 400
449 505
709 1200
121 1091
213 463
310 9
58 556
209 788
40 362
489 193
248 556
10 507
805 827
710 1136
138 770
107 518
239 807
210 1098
334 356
228 19
153 757
249 454
534 1009
569 62
282 920
425 1122
104 300
35 315
357 405
332 32
308 303
571 100
22 240
626 739
920 1009
737 56
205 945
960 549
170 522
265 685
343 761
309 631
449 428
650 33
246 10
733 1246
216 189
238 19
44 283
270 967
280 205
3 497
30 465
355 3
53 845
692 1179
55 16
433 356
734 631
339 945
173 338
455 1097
11 163
569 71
925 142
134 547
128 439
197 155
463 832
261 295
61 99
432 844
26 832
386 485
399 117
234 497
91 0
257 709
416 907
742 1092
607 746
271 968
600 1100
588 797
376 1316
357 1
295 918
698 113
374 1085
485 104
78 47
360 1089
284 121
650 454
325 728
492 910
247 172
1055 684
295 1272
379 160
615 560
1 362
340 631
396 943
769 830
214 1044
228 169
781 832
41 459
84 264
276 1166
445 395
614 562
335 756
454 563
26 1331
705 997
282 739
163 268
370 139
97 307
599 711
52 45
518 92
88 1328
221 766
554 830
115 560
475 184
222 1052
634 124
90 522
548 526
925 1322
81 98
715 491
1149 860
439 605
917 563
379 316
169 1146
150 593
248 562
96 46
919 458
432 967
217 64
444 48
15 148
456 395
334 797
54 903
148 242
161 1341
808 988
333 9
227 1215
357 334
158 208
289 704
148 1392
1079 362
302 132
496 580
224 6
233 1329
439 544
294 734
485 124
237 2
294 68
189 508
414 382
809 425
370 394
88 562
733 1333
53 29
330 582
250 921
73 471
512 656
1 172
174 244
340 49
844 243
151 432
910 1026
418 1502
19 974
371 631
705 254
97 102
81 661
214 520
89 274
237 201
510 945
14 402
431 1088
441 829
265 327
24 257
517 805
423 243
1051 66
13 439
357 736
922 241
1080 947
598 908
81 455
533 147
68 756
159 124
332 254
480 792
32 806
914 759
364 786
658 37
149 652
212 436
356 85
319 446
303 789
696 1089
516 1350
100 16
761 1129
572 104
242 1129
222 725
16 441
22 4
142 45
869 770
502 286
149 64
10 722
120 132
209 729
41 39
224 875
245 235
819 777
621 756
346 44
216 59
722 1031
671 1136
26 781
252 497
11 920
502 452
758 790
691 836
76 534
563 886
252 82
130 461
238 24
226 400
610 10
279 1029
653 661
563 600
346 15
551 890
76 226
154 325
184 961
321 830
428 788
42 702
167 433
532 388
321 423
316 752
81 139
447 199
137 459
410 226
915 966
529 102
242 226
97 704
76 725
282 35
148 235
133 947
357 1023
208 937
997 1089
331 936
248 137
244 1089
61 226
421 234
468 754
163 741
164 937
480 191
504 604
392 339
210 1158
537 420
772 434
222 372
294 903
954 26
532 287
303 1213
493 576
1050 1276
698 204
357 520
471 801
264 433
120 532
937 730
332 1117
195 199
333 1098
137 571
459 622
226 832
1015 37
296 442
388 616
536 472
340 907
950 1399
202 521
386 1184
264 967
769 580
49 1122
605 204
168 450
660 305
34 1021
304 1305
227 1249
48 746
13 746
175 563
1127 9
303 139
354 326
711 1415
316 234
72 471
271 501
788 1136
537 861
87 607
317 148
534 1047
388 1015
125 1246
257 1155
345 236
285 155
356 155
55 110
174 305
611 228
517 709
501 64
25 943
45 580
331 556
346 13
345 362
93 770
97 163
566 356
621 441
649 961
253 521
79 979
424 936
22 749
1200 1155
225 545
445 364
53 222
617 288
232 47
193 518
238 844
199 434
1172 1202
835 1452
746 798
89 505
141 497
136 424
341 123
139 395
197 789
56 1264
201 454
468 264
12 746
222 466
309 9
439 68
218 165
20 197
35 967
41 205
295 1029
372 2
303 3
276 409
151 388
15 345
230 203
220 955
258 369
650 226
771 560
1166 822
305 968
1006 425
1278 830
341 79
768 285
917 712
148 877
300 770
392 493
470 369
150 812
10 1009
96 49
444 166
264 252
208 1388
84 1396
414 67
228 85
341 110
548 757
819 1167
580 1136
159 186
407 208
526 866
136 568
35 534
340 1218
68 66
439 326
621 568
288 472
291 738
963 197
764 171
86 171
1155 1065
87 26
628 539
27 920
308 3
702 589
46 560
272 945
56 781
1067 1388
357 38
550 85
746 1358
271 211
68 600
412 686
60 877
184 1281
416 518
333 243
603 878
136 434
128 343
552 1327
468 757
97 558
451 1246
608 37
58 667
281 264
159 979
282 1316
785 19
161 343
453 65
586 945
186 707
242 133
706 413
50 463
316 1101
249 285
353 362
798 64
616 757
161 483
15 268
148 27
659 937
119 278
179 568
384 936
86 76
532 544
558 725
544 667
468 560
275 1200
464 26
97 277
55 136
234 191
758 255
908 711
389 27
205 1101
32 600
2 206
130 618
1122 830
195 98
834 1009
287 363
421 19
379 849
189 344
265 93
284 487
230 368
78 420
672 465
1007 979
665 652
947 462
938 236
84 696
329 606
9 856
665 1109
622 635
58 747
345 1231
67 687
238 1338
267 1360
229 197
91 1246
239 712
832 897
268 133
556 139
464 512
61 866
551 287
42 746
13 962
125 965
22 563
715 855
35 819
9 631
166 372
256 423
480 1027
474 386
315 299
116 589
325 83
68 769
286 463
244 210
928 1425
343 326
421 1071
475 264
523 667
494 1061
87 3
70 50
801 1360
790 1067
844 197
441 1067
648 653
331 1118
43 656
222 37
316 413
300 339
738 301
402 113
74 792
310 456
33 777
232 225
364 29
89 839
75 413
8 299
84 66
123 319
814 817
282 1086
402 631
638 193
102 553
493 467
566 777
657 526
280 485
61 1009
254 186
189 15
216 165
404 757
132 624
20 222
1062 3
590 297
532 720
353 920
388 520
410 967
118 549
202 428
139 911
195 788
6 357
24 693
149 558
217 339
13 452
317 420
628 229
755 903
84 1090
318 363
381 1179
51 770
521 78
445 427
316 260
189 329
590 288
287 244
255 365
376 967
358 113
68 326
737 1097
945 326
234 1389
276 319
340 445
73 1158
864 506
370 562
303 1045
481 770
314 1366
148 951
437 719
35 1068
496 59
244 631
404 690
379 601
90 214
132 278
284 133
1041 1359
790 326
308 186
564 776
538 93
281 715
522 967
102 979
317 188
169 244
276 1023
138 539
142 1364
844 12
333 441
660 598
327 997
567 133
364 1495
31 52
270 849
949 599
706 9
421 159
38 723
412 996
220 410
25 653
508 95
317 287
340 439
54 1279
358 675
1059 563
532 686
97 51
425 288
364 272
106 625
323 936
84 678
90 710
11 810
86 286
284 1097
81 928
408 45
495 726
229 356
28 422
216 235
925 472
207 686
652 326
50 288
844 552
84 10
413 580
481 142
766 850
284 683
438 485
531 822
71 362
577 489
166 425
102 608
102 332
700 1092
216 819
22 356
1115 1431
97 158
216 687
219 495
340 339
524 369
518 133
102 526
111 372
150 241
1045 288
279 450
987 766
355 144
319 1155
375 142
538 339
311 106
421 148
126 1167
399 152
336 98
683 512
70 232
150 534
267 875
194 892
432 458
51 151
329 277
294 1149
129 668
282 283
415 947
792 1051
10 1167
75 268
355 422
339 822
2 1047
345 597
85 781
1115 953
644 533
11 123
136 1248
138 568
883 568
196 241
432 388
1022 766
265 73
159 558
827 191
185 819
188 731
132 520
590 76
73 61
446 687
200 789
738 355
78 823
783 829
47 1067
270 422
186 819
508 545
867 17
427 391
24 517
437 6
676 35
55 548
371 869
275 1014
91 1334
175 625
279 743
332 309
132 1356
160 356
86 1342
207 191
76 388
122 388
268 1067
480 526
718 1050
387 691
593 746
47 369
479 422
619 1124
113 869
10 99
984 514
196 737
195 300
147 631
346 1229
294 100
586 848
188 203
516 1331
912 830
248 582
431 754
430 1316
248 250
142 1146
485 113
220 201
261 340
615 4
31 1049
137 16
139 37
445 339
51 777
474 30
864 413
380 424
70 99
54 514
96 53
512 236
247 139
137 550
114 79
36 685
97 299
424 1420
711 1158
79 210
729 210
525 58
165 522
284 525
258 113
230 197
524 356
26 1225
802 568
228 756
437 483
97 197
124 664
414 32
237 608
291 155
218 458
343 413
298 391
358 1202
131 598
425 26
334 667
439 78
471 704
410 424
435 104
61 1136
20 616
338 355
260 726
124 363
1002 1047
754 1358
329 807
234 1140
248 706
120 269
18 766
540 739
25 758
302 605
563 546
1115 1334
97 433
22 78
332 798
60 1319
357 264
139 999
148 226
764 200
324 563
202 504
11 593
11 1027
428 631
106 522
114 1015
504 1058
163 12
54 734
485 806
680 494
53 368
383 549
198 725
271 203
6 1337
314 210
211 920
132 289
163 35
175 17
751 522
1 454
340 545
799 966
359 861
449 265
222 141
180 604
209 845
25 592
247 19
137 725
556 131
165 715
188 278
82 354
174 1051
391 467
58 271
347 1337
14 308
691 861
780 1124
136 722
51 1100
227 1147
864 904
438 418
199 568
377 135
25 118
173 26
945 756
891 192
211 471
84 811
311 1282
487 560
232 944
608 472
302 301
419 1044
25 9
1006 1334
264 720
386 109
68 0
603 204
442 1411
303 27
203 206
355 335
133 277
66 822
194 1365
284 323
1052 450
184 1204
19 970
205 588
367 465
125 1129
120 600
63 100
729 690
325 147
489 756
239 945
188 881
33 371
267 798
163 849
55 856
121 1218
418 9
200 103
660 936
710 141
595 766
646 23
128 133
609 804
276 27
387 1246
53 690
252 422
452 156
303 605
407 571
248 512
369 786
42 977
349 968
162 643
668 920
122 989
554 552
289 301
468 491
1143 1248
230 468
500 1407
160 149
15 666
68 610
480 200
1260 724
139 441
248 66
474 269
920 66
697 12
1022 959
470 10
723 446
225 428
96 808
356 534
1265 977
493 391
73 72
658 552
531 836
32 1089
538 45
321 1339
900 115
265 135
218 19
455 210
715 741
770 1212
33 1031
949 333
139 508
292 1091
405 38
685 762
19 844
312 1071
265 1202
445 526
747 4
231 1386
501 339
758 148
74 283
627 177
894 440
705 497
61 32
149 788
420 227
413 45
729 465
271 422
219 641
302 626
249 12
89 10
1062 132
789 777
888 236
357 200
452 144
45 16
90 109
138 85
532 967
126 160
27 363
432 572
130 770
500 167
33 369
9 369
832 1212
137 590
228 29
447 425
52 756
1133 604
153 634
30 456
174 770
114 264
502 14
706 362
140 161
27 1026
382 742
128 483
357 827
76 3
1000 472
808 363
1264 354
295 1390
527 563
134 9
27 143
413 921
292 1009
591 442
133 547
609 807
150 440
796 1135
517 170
161 664
468 1166
29 462
237 1235
780 168
671 712
44 772
585 992
756 1098
438 634
439 22
215 546
1 199
292 456
618 968
22 110
525 489
864 1365
458 771
391 568
276 288
914 602
53 1324
102 2
294 618
399 1369
41 844
613 845
885 568
449 413
41 815
199 781
260 729
92 722
280 339
387 604
406 454
459 397
50 198
139 725
152 454
159 786
207 275
811 598
81 798
556 19
30 746
954 1426
136 681
436 691
412 419
164 148
25 1031
176 104
88 830
267 589
347 521
758 286
133 371
887 145
216 731
386 333
521 1388
493 326
423 372
292 116
76 19
458 181
34 143
421 244
955 454
63 707
327 563
965 1331
264 798
49 325
681 463
33 677
32 492
280 239
504 1038
148 864
295 2
268 1342
51 56
463 790
139 970
532 440
864 94
61 435
329 1220
333 507
563 1027
200 1155
68 139
753 788
298 696
208 547
609 579
709 425
469 235
502 287
282 844
180 226
430 693
961 369
433 39
152 774
53 422
74 329
560 1284
384 798
248 441
90 544
274 363
53 807
360 1167
150 482
336 771
252 301
682 948
68 688
374 463
870 1215
70 204
705 416
75 604
175 1088
112 182
84 1202
577 1246
159 268
357 76
200 175
424 227
646 1252
10 778
772 139
324 333
679 1097
439 660
295 629
196 804
537 71
13 254
237 974
296 1135
84 327
420 892
76 864
567 953
598 943
94 1348
654 741
68 1168
177 977
121 1050
577 22
650 422
202 706
100 192
68 226
428 1009
944 1212
97 513
571 364
27 786
308 600
815 90
1052 641
693 709
102 723
628 36
22 289
82 725
14 51
468 532
310 681
1102 472
84 596
781 463
224 153
1085 1360
369 770
831 403
649 170
346 118
834 49
788 762
226 712
332 138
1016 560
340 199
259 236
772 609
197 488
27 427
238 752
237 394
188 315
356 832
174 156
609 756
114 575
435 1023
713 597
865 145
355 1027
39 687
316 85
49 27
310 336
58 1095
831 386
9 442
504 59
107 1179
93 746
185 113
333 744
729 222
438 1184
454 155
103 1136
313 776
685 85
762 204
106 474
63 800
255 483
485 493
449 399
542 303
501 945
643 1477
148 643
143 770
678 849
221 210
249 37
174 325
49 600
264 454
660 336
140 268
705 313
7 78
94 722
74 203
379 139
1162 549
331 1334
196 160
484 100
20 163
665 1214
412 632
85 1176
984 1308
308 357
192 563
91 1050
225 605
556 49
815 881
242 342
646 133
50 398
481 210
705 1412
565 204
248 959
367 456
287 884
312 1214
160 511
388 479
707 1256
115 1203
590 532
237 369
136 1214
593 807
268 446
340 818
40 693
518 337
504 761
371 354
112 1037
170 797
25 781
423 757
174 485
159 604
81 105
134 252
449 292
291 48
26 675
267 814
328 200
627 132
161 142
200 201
764 422
159 19
358 222
197 210
829 790
805 1155
216 715
785 289
945 1212
171 592
504 359
222 1179
393 190
523 568
562 1330
33 894
387 4
363 830
518 9
267 552
405 977
82 741
65 37
59 730
158 1266
656 1097
510 64
415 891
76 12
286 781
598 1339
432 369
572 37
338 78
494 1021
14 1232
38 967
370 837
45 441
593 1027
288 766
493 66
158 784
418 722
26 441
199 1047
693 1092
48 269
790 580
574 269
1006 631
226 790
392 154
11 214
237 139
41 672
235 777
468 807
258 499
276 920
449 806
481 756
396 1388
653 1360
500 518
238 194
20 632
548 754
150 354
416 600
445 647
12 1319
285 804
1234 1065
282 132
203 101
149 244
382 797
511 1009
805 362
617 1136
202 614
615 690
148 45
835 1450
238 497
784 1406
214 206
961 465
13 539
61 808
316 1129
61 786
267 527
14 545
1233 885
377 96
124 666
340 1336
89 489
498 150
740 442
74 797
781 969
208 78
42 330
718 336
230 1327
603 539
709 441
132 1369
70 58
161 781
248 545
106 1027
175 967
280 442
419 1402
370 458
116 756
357 798
603 756
608 1348
81 842
114 2
631 830
258 49
408 325
202 635
412 731
124 342
276 334
184 175
387 565
61 441
96 560
291 702
664 819
664 1161
295 185
241 197
810 714
755 287
101 506
49 637
310 465
87 867
276 514
294 82
357 471
332 720
535 494
17 967
311 1050
209 728
523 668
593 939
492 1181
197 494
282 526
195 1009
44 1276
50 1277
813 9
356 777
34 836
300 832
109 368
476 395
496 164
817 1360
1115 681
258 678
35 288
585 271
30 506
52 142
728 1318
459 481
493 243
471 1120
196 201
262 658
294 175
819 1089
1303 568
252 939
101 289
377 743
327 1461
228 47
835 1328
346 706
810 395
45 690
808 983
455 197
436 631
119 235
163 205
378 517
146 960
455 172
603 1246
222 330
327 867
608 12
358 991
74 686
663 139
321 458
650 552
10 631
836 631
253 71
816 534
311 577
356 527
1085 937
232 756
1186 1089
97 333
146 86
502 13
96 1050
789 210
106 454
615 1050
841 19
150 235
740 756
677 64
280 720
97 132
151 949
301 1398
181 1118
650 26
13 465
244 1098
106 50
216 769
343 1038
150 688
133 588
232 113
34 945
248 340
915 301
834 489
146 424
199 883
314 819
55 92
185 1168
196 1003
20 764
203 977
87 375
153 28
360 458
606 35
357 867
496 769
1115 1106
134 541
388 875
983 1276
142 762
547 744
428 679
295 598
512 148
199 1032
200 329
608 422
160 454
81 394
241 798
102 696
1003 994
16 1248
113 1026
253 62
295 60
93 1088
52 472
449 409
356 744
189 62
372 9
248 726
25 547
5 303
805 1014
128 7
48 8
542 410
493 798
12 656
100 883
49 85
102 26
454 977
952 236
282 319
470 568
173 653
271 3
668 1034
102 554
1059 37
659 236
413 71
383 533
60 1029
93 1009
375 300
345 94
336 30
309 10
174 656
305 1281
415 1179
366 1042
180 403
378 422
355 193
809 441
823 552
512 279
20 645
683 142
247 568
209 742
51 271
475 130
327 424
463 730
456 910
315 371
302 395
102 85
530 127
153 37
105 210
25 469
80 869
728 967
395 1065
314 786
284 837
88 973
89 742
244 600
784 1038
113 671
288 1136
40 315
366 236
469 161
447 265
100 891
437 935
655 422
455 1009
174 115
88 66
316 303
96 18
65 479
153 552
137 18
28 733
188 9
19 771
347 180
137 925
510 113
264 197
627 454
444 480
51 632
149 222
190 533
355 1166
413 945
286 1085
148 598
120 687
225 610
377 395
93 2
493 9
219 58
261 194
544 631
48 28
640 1318
808 1331
650 526
432 368
16 681
170 710
188 113
534 1044
231 22
562 1390
209 465
493 1122
208 761
547 588
608 29
138 356
634 359
52 964
78 1036
295 500
181 132
228 18
101 731
600 734
568 64
427 467
276 804
102 275
34 924
139 1189
632 214
716 236
96 66
17 26
573 947
5 234
702 939
42 1327
706 1124
112 1138
215 815
135 508
746 488
237 638
357 552
132 731
255 719
330 770
378 78
54 505
33 945
399 287
152 200
124 534
121 1179
829 631
493 762
645 955
234 723
108 339
211 228
683 493
1276 1091
722 725
428 681
126 355
487 4
792 506
524 210
237 801
746 1327
764 454
654 572
275 710
33 770
239 102
295 984
428 999
629 333
489 436
468 497
1248 1335
622 681
817 589
126 600
838 1233
234 508
658 966
446 797
719 226
174 481
778 1341
35 744
703 884
56 26
295 665
109 861
18 869
61 1213
423 115
58 521
51 19
855 546
238 804
521 268
96 43
136 27
45 333
643 115
97 668
439 181
710 677
363 907
811 365
656 64
345 118
428 66
252 1044
28 572
428 690
132 119
102 710
93 9
526 804
683 1179
231 422
422 93
45 105
271 39
358 545
393 684
761 226
739 1264
1064 78
175 497
468 165
137 656
587 115
644 568
115 371
917 49
990 441
489 104
373 665
366 985
249 94
357 139
278 754
347 726
139 749
294 632
218 774
485 371
894 1136
115 797
284 690
124 1184
55 268
49 974
867 778
61 652
360 218
439 247
294 10
374 208
28 30
261 113
738 289
628 29
35 354
127 192
17 902
743 549
96 832
234 709
571 235
412 966
309 534
507 391
591 842
439 76
175 966
634 363
194 403
230 609
361 1300
230 321
268 861
48 798
76 949
30 492
74 67
679 1386
603 17
608 749
169 428
41 132
13 560
156 192
327 725
61 289
960 359
137 49
129 19
90 382
407 7
150 299
138 29
92 45
937 1129
283 532
127 635
49 728
27 884
589 804
100 27
102 445
373 63
322 428
357 1246
29 897
295 27
113 1021
646 463
447 362
174 50
373 208
564 730
122 197
100 485
134 949
471 728
852 977
707 1089
9 497
78 133
82 506
3 589
698 9
287 989
215 1139
228 501
163 757
174 35
205 315
31 395
452 688
160 98
340 22
434 236
402 9
359 896
276 124
57 1256
286 226
29 441
153 1097
72 26
70 326
536 193
23 989
1201 631
610 288
438 94
168 791
202 719
32 1050
763 534
432 770
603 195
45 226
31 815
96 79
326 1136
383 684
433 563
139 580
26 944
304 1300
369 354
1089 725
6 761
496 781
199 906
137 305
772 135
1180 64
22 817
685 339
108 681
130 819
494 1032
466 777
61 1241
42 237
297 412
81 436
659 761
22 561
115 1136
228 50
469 521
308 124
442 507
109 172
167 368
78 783
230 357
486 362
433 1060
467 1318
399 192
1050 669
1082 82
285 976
279 726
904 182
835 568
444 979
212 4
171 514
280 698
601 283
198 822
604 937
418 1248
238 604
227 850
1061 766
706 268
577 1091
216 252
338 85
284 634
345 761
717 68
511 560
150 153
656 907
195 66
278 849
360 609
230 675
1 422
706 451
608 53
346 345
347 286
433 56
1126 953
78 864
547 1339
103 228
226 9
467 898
130 423
0 45
92 1089
1 1246
393 791
65 789
449 193
477 784
262 289
970 1300
264 605
477 571
68 423
961 210
134 770
196 767
1068 1089
719 985
43 391
1051 631
438 288
634 1009
395 1221
215 1067
723 8
395 115
435 326
440 757
298 250
149 621
56 967
196 264
271 737
346 776
107 1334
248 138
1000 966
908 1246
283 849
181 94
264 76
29 912
962 359
812 563
422 26
897 631
25 831
605 1136
174 43
148 727
332 999
130 767
122 522
565 832
152 433
285 658
421 372
438 93
887 904
261 102
124 1136
927 844
345 1340
44 730
323 1179
751 1023
1029 1124
458 17
174 66
84 830
75 359
594 339
636 1422
346 227
505 953
598 59
447 139
157 188
248 911
276 26
713 764
16 204
782 494
94 422
697 356
550 325
10 26
42 875
759 371
126 1009
84 47
96 709
309 807
72 66
431 589
203 388
305 677
274 1331
439 193
571 1119
61 218
386 725
462 64
524 563
225 391
494 756
415 441
12 688
308 625
428 920
142 999
122 78
414 275
356 1066
864 1388
686 191
97 288
114 454
388 307
444 1000
63 836
1058 776
255 1085
645 754
338 772
13 71
315 804
74 520
230 497
20 152
905 206
545 339
74 151
120 518
590 520
321 476
707 631
200 886
19 754
68 49
949 830
2 741
51 704
217 37
574 1220
430 687
817 30
780 112
738 955
438 360
493 495
139 144
222 963
323 4
937 1252
78 426
118 518
62 761
357 299
286 483
68 1158
67 742
148 71
41 967
433 278
343 336
454 694
353 520
660 116
161 364
188 419
6 15
191 522
602 1091
265 10
75 943
436 186
318 1082
150 548
394 563
29 883
248 69
84 303
217 1097
154 132
315 741
642 727
76 354
281 344
627 605
172 1050
894 1220
728 762
632 82
149 49
24 268
61 81
380 283
88 836
684 326
423 422
47 210
150 608
29 1032
88 221
256 49
343 171
495 1336
763 325
390 382
123 433
476 925
261 722
226 300
1050 878
174 921
56 1045
345 336
19 141
190 947
230 270
49 568
693 289
51 1222
267 668
56 605
1045 497
165 977
33 99
371 788
772 517
80 845
512 925
221 442
536 968
318 1150
425 869
6 234
1212 756
772 28
774 116
800 684
185 391
248 434
380 556
309 746
340 837
265 311
672 362
987 188
655 1338
849 968
439 855
13 770
634 527
327 841
35 441
423 740
0 534
591 367
579 875
1004 442
267 278
439 937
600 141
316 532
865 635
150 553
613 728
371 1316
89 94
358 195
195 744
422 1235
137 933
292 1478
603 266
175 979
428 176
454 957
732 1188
217 582
373 918
1071 953
592 850
657 1316
254 1023
33 418
470 104
143 989
291 548
455 568
139 394
502 72
68 566
230 410
454 278
616 936
797 1221
423 278
904 953
169 210
575 939
603 425
132 589
645 356
93 560
469 57
1021 1318
333 277
385 602
447 288
484 568
652 467
355 1109
149 340
537 937
761 1031
380 494
372 1318
487 1118
308 731
188 82
124 27
634 560
778 903
404 746
270 225
106 654
160 200
974 1139
743 1091
102 430
97 406
216 389
664 1167
197 688
41 657
388 217
51 204
784 181
525 568
49 339
89 360
129 39
618 681
295 1117
691 472
603 945
195 64
120 90
434 925
421 9
254 441
207 445
22 679
1019 26
87 677
475 844
410 1360
228 759
127 700
219 608
218 579
125 819
226 143
387 465
200 638
271 526
146 292
28 479
89 909
148 604
270 9
97 770
23 1212
309 798
271 572
532 395
532 979
230 455
442 1026
10 576
645 807
867 186
68 147
89 1369
292 28
190 684
911 936
781 1340
358 667
261 841
159 362
132 824
726 1124
819 600
378 12
489 755
102 1027
237 113
688 363
626 866
174 1009
338 184
652 712
49 789
265 238
523 1300
308 668
68 16
58 49
444 252
505 19
40 289
449 778
13 706
343 781
361 0
25 884
459 138
218 289
750 880
961 881
678 1204
148 770
447 144
380 340
581 227
513 28
276 165
199 1038
61 1306
40 508
220 94
388 720
928 251
97 141
1020 1136
295 1253
137 303
150 394
102 879
78 1167
267 454
831 806
261 232
196 153
70 104
188 1181
190 349
161 861
262 458
84 944
28 554
504 691
165 471
571 481
737 356
630 549
225 363
215 454
485 251
249 199
86 943
196 188
302 446
81 220
282 299
561 884
386 30
211 534
149 185
388 461
237 632
297 64
87 808
2 746
19 977
710 605
278 368
111 465
350 366
630 279
71 506
237 702
1060 526
265 1020
387 1038
63 1055
148 1314
887 148
530 1414
691 722
377 1221
209 815
84 265
196 1039
738 563
314 640
67 709
70 195
284 237
336 908
14 132
124 425
200 823
128 364
733 849
512 372
49 29
264 43
438 1089
882 639
152 237
223 442
89 1284
78 333
646 1340
61 263
685 497
393 1119
201 736
24 445
82 520
195 830
549 861
447 786
480 283
933 425
768 979
991 582
136 1256
151 354
20 1187
202 345
752 1045
489 1167
604 734
311 696
195 1146
432 1355
324 165
914 499
255 1332
567 560
357 208
439 310
659 943
336 133
188 271
446 206
152 42
49 371
224 609
416 287
307 1097
270 369
282 650
174 930
590 696
220 139
118 451
412 552
3 807
421 590
216 326
367 139
572 1139
768 939
132 1234
477 459
585 1215
49 691
666 989
126 436
26 244
213 29
433 704
78 30
189 937
325 830
422 749
139 10
1111 1440
590 741
690 1348
467 907
140 7
211 849
271 1015
534 770
1171 533
162 1376
265 35
84 660
134 677
737 720
355 1500
102 1014
942 494
148 1325
668 746
215 262
235 1340
492 1167
152 668
295 1085
322 29
54 1326
151 2
237 425
25 32
716 586
798 1358
6 1095
282 517
228 788
470 210
159 283
428 545
728 746
25 7
81 432
498 271
271 522
990 425
458 523
33 762
491 252
442 1032
716 60
228 37
47 703
170 1023
439 710
61 683
33 685
834 1067
74 974
25 182
84 1105
220 26
502 363
65 694
859 757
783 277
230 239
63 108
295 699
50 95
138 554
137 277
74 875
7 112
136 94
70 9
172 631
19 742
297 844
168 612
645 563
17 217
357 41
78 781
738 807
208 769
333 909
180 937
52 681
941 472
774 410
440 552
441 637
331 591
407 9
333 576
160 1244
177 17
225 204
181 1334
10 226
1187 1097
395 568
609 491
219 199
747 1027
525 209
196 51
264 746
377 154
423 779
955 1015
494 288
428 1212
281 1200
65 462
928 598
442 1328
207 382
865 112
103 222
730 1252
200 37
305 210
503 1158
49 436
349 206
248 265
660 527
83 333
265 667
279 1119
600 770
354 631
305 300
6 310
174 728
532 49
811 133
353 532
423 1176
262 697
919 61
31 30
482 12
137 262
137 756
1071 1042
212 116
291 844
627 920
165 94
771 1050
571 791
280 262
287 45
54 948
218 153
137 52
89 1184
297 226
85 95
196 235
629 898
28 471
91 560
19 1338
29 143
74 430
49 541
703 1326
499 142
88 1171
384 746
791 968
226 779
14 834
25 295
455 1026
432 243
261 604
216 9
163 804
560 842
152 579
106 19
264 289
334 1396
228 391
574 1334
88 470
346 504
361 139
424 904
537 871
125 1032
265 629
248 734
468 739
147 66
59 1339
81 1434
268 850
270 798
225 217
75 598
704 967
51 937
430 445
233 497
150 206
297 1044
747 939
255 665
146 443
108 1023
74 459
61 696
454 1187
831 436
237 596
530 902
455 631
34 545
316 1032
271 433
192 664
251 143
148 1351
265 838
284 772
665 943
284 30
391 1212
928 943
81 613
13 1009
439 163
11 109
1158 770
446 742
41 187
451 1091
17 804
423 1320
195 176
455 770
379 336
276 618
61 272
340 26
40 1023
541 1354
542 279
410 757
604 720
439 368
437 580
61 989
85 300
806 664
34 750
152 1360
28 371
468 797
41 125
222 139
336 121
20 1185
610 631
195 1020
266 148
410 362
120 609
386 532
919 560
667 1032
363 997
517 376
234 280
199 1042
308 422
3 757
162 391
67 390
836 604
561 728
295 865
63 941
188 621
226 472
209 623
654 967
212 192
468 150
303 668
196 338
74 1221
34 1411
180 783
175 710
15 32
486 371
217 792
189 632
586 1138
99 104
317 50
423 17
74 1264
423 225
414 283
759 728
209 439
188 967
439 743
484 766
844 1027
102 225
202 1508
327 532
740 100
341 726
672 728
258 516
435 777
671 989
394 26
74 307
690 441
72 413
51 226
151 19
611 770
22 789
150 1166
889 472
229 29
1007 355
130 27
561 1217
138 225
678 1009
61 1031
498 122
152 30
424 268
78 790
412 278
469 659
632 757
504 556
51 303
482 939
458 1364
81 78
102 76
329 354
394 746
332 492
232 534
215 167
615 1218
333 568
316 368
791 904
138 1364
1146 64
100 533
625 226
228 677
255 345
32 186
35 37
280 27
409 681
294 319
502 755
872 326
195 671
248 61
1131 953
138 100
71 691
1109 1304
487 135
761 1252
943 1129
721 770
230 240
769 546
550 113
521 279
683 336
1039 22
143 391
222 426
11 480
915 94
568 767
51 1129
535 533
139 243
224 163
301 1015
231 115
377 830
14 910
61 698
289 372
175 197
343 598
216 710
89 770
167 206
334 187
92 989
42 422
911 560
31 1127
386 1351
245 133
186 1320
139 576
199 132
188 750
1285 1331
447 756
282 866
149 85
423 534
1189 886
819 1017
740 133
148 420
1000 1027
185 371
188 745
446 1092
846 1001
428 369
968 1230
254 1091
82 849
346 109
294 220
113 830
357 572
62 547
34 244
189 967
337 391
188 218
201 849
76 440
280 611
238 225
11 201
598 580
133 926
877 133
199 19
294 372
112 674
590 188
106 968
834 232
296 1328
364 204
15 592
92 968
437 439
208 362
10 1089
356 712
264 1220
449 1369
275 1316
212 989
78 553
340 546
261 691
84 83
228 10
100 17
342 287
433 805
280 64
89 159
295 354
148 665
106 733
439 1038
445 967
86 640
838 227
200 395
371 326
167 844
58 904
752 395
26 467
412 22
371 568
446 647
281 1044
302 526
815 139
97 448
357 439
61 239
45 210
276 619
563 968
199 1336
282 275
167 1044
517 600
504 985
49 1065
137 184
388 101
683 1246
369 1020
668 9
428 147
139 1284
175 278
122 203
40 709
313 806
444 553
1067 1331
208 861
616 17
656 1396
452 436
825 558
562 1115
91 30
280 769
132 522
413 709
326 720
181 1091
216 524
486 119
133 1325
975 1359
421 88
1094 148
227 1404
350 864
310 33
237 116
216 822
100 124
347 312
38 687
563 754
97 17
262 394
74 215
458 556
232 10
160 78
188 1045
132 920
262 749
626 752
371 769
17 749
136 425
100 1226
291 549
61 420
584 953
336 1045
230 548
203 746
715 804
124 428
321 68
38 787
732 269
17 454
138 26
94 1316
173 1060
493 1167
788 204
722 770
174 894
362 1200
361 41
205 606
84 591
468 520
8 1086
368 440
412 668
806 563
733 1355
862 58
912 66
481 711
70 267
282 41
56 604
39 391
222 1348
398 391
1166 1176
355 553
705 836
210 762
123 439
146 889
355 1343
49 779
416 186
327 49
534 427
132 49
51 38
199 47
137 147
137 199
265 822
216 76
196 608
11 901
494 1458
487 244
224 347
58 1047
590 169
334 29
26 720
174 384
1308 1462
297 250
41 743
262 688
102 817
45 712
706 598
303 214
350 726
369 762
398 1166
265 945
168 1037
327 631
668 440
123 301
362 1032
260 630
189 822
848 635
372 26
305 371
423 503
195 428
408 518
865 562
375 1124
413 822
72 286
346 619
120 355
709 395
228 1317
129 471
40 1092
373 182
469 254
131 560
706 365
102 534
203 532
627 979
17 471
53 32
454 142
66 637
45 909
1158 945
85 66
439 165
693 191
34 156
238 205
925 726
161 815
327 368
41 292
114 424
475 439
25 235
40 433
294 428
638 563
72 600
35 696
468 386
562 691
276 189
609 1174
683 1091
378 454
68 869
373 706
834 300
702 1331
291 106
189 1331
13 161
452 563
84 372
76 1378
192 288
184 1451
45 1146
90 1014
9 37
492 1045
468 93
207 647
54 841
764 42
416 989
706 556
854 1001
282 804
706 94
394 226
294 502
309 757
556 832
40 207
279 952
196 372
438 1333
70 300
853 1331
52 428
42 607
449 188
196 404
23 43
20 844
88 1107
51 225
102 558
139 906
280 372
44 598
294 252
264 715
211 720
32 1425
218 93
386 819
561 492
369 1136
215 458
534 462
161 634
736 440
574 474
141 830
102 548
184 1375
327 579
285 920
129 277
280 235
637 953
468 243
568 777
569 504
115 339
295 584
264 506
1220 804
55 1239
521 15
1298 1427
759 204
132 465
59 829
777 64
6 560
675 798
220 479
148 691
657 38
332 27
322 868
414 81
45 244
68 906
100 176
174 413
699 953
193 1091
268 769
61 10
327 92
253 25
96 696
21 391
193 801
132 1284
585 978
670 27
111 869
48 132
372 363
93 37
76 68
214 1034
33 436
120 356
214 506
388 422
174 1278
357 268
761 653
132 491
476 430
199 29
369 798
817 798
10 21
34 941
34 1093
412 968
281 480
846 169
256 635
240 1179
137 237
139 1418
31 1439
11 283
20 1039
399 218
211 371
148 1294
421 364
761 9
238 761
169 906
383 634
390 859
31 749
390 191
42 563
49 787
188 1140
698 206
111 410
148 56
81 757
54 1276
251 770
81 1320
22 552
216 423
470 64
421 133
250 342
237 410
76 324
381 968
737 966
359 366
380 835
459 1158
324 728
645 22
72 1105
123 17
226 1026
280 819
87 337
63 1382
768 1166
58 541
621 369
245 668
449 156
433 344
308 218
248 9
485 568
444 1358
424 549
137 838
457 442
657 805
216 671
781 354
312 836
150 979
238 15
388 488
216 64
93 552
508 1259
112 1041
894 391
295 423
259 549
654 563
130 309
545 1136
562 1320
943 720
910 1129
76 82
372 832
56 463
41 272
248 755
81 260
368 770
677 568
326 631
220 566
779 777
227 1041
90 1045
424 801
463 1179
213 562
26 1009
480 222
303 53
55 592
1033 918
288 277
162 585
399 436
137 709
399 1133
381 142
421 266
135 613
84 134
441 1278
402 133
228 337
328 563
953 1506
53 467
89 867
137 514
373 588
391 1318
875 589
743 0
678 497
224 238
122 245
78 830
381 726
28 668
740 770
423 125
115 1275
45 696
930 269
392 4
3 368
455 113
377 728
275 1060
303 372
20 110
96 121
633 169
289 155
291 214
61 634
19 842
405 1088
102 787
148 1274
659 518
432 725
337 756
519 391
986 148
550 391
619 968
379 0
340 113
142 559
801 798
516 452
20 51
332 326
867 251
510 728
310 493
215 51
151 278
751 866
128 665
150 56
74 41
81 115
41 1045
195 310
364 539
215 506
645 37
99 210
270 433
17 3
184 605
203 299
891 692
345 549
356 493
638 1097
61 233
39 647
132 2
432 82
192 839
355 799
6 937
70 26
371 427
284 200
282 686
115 1047
61 392
529 563
313 600
357 1050
333 427
819 462
552 462
69 664
558 497
103 1097
40 1155
276 298
303 122
19 792
595 442
220 155
27 762
51 1044
256 628
272 210
150 220
203 448
731 736
9 898
682 867
690 425
163 492
34 1171
768 433
303 101
224 521
58 1
68 9
171 363
63 244
45 10
270 534
1112 397
410 391
463 937
481 534
961 391
167 372
61 139
63 457
61 318
332 762
43 425
454 679
81 925
295 318
340 964
295 739
347 136
622 9
18 64
494 850
405 94
239 777
37 767
102 19
278 520
563 974
423 1136
199 572
803 286
609 454
78 488
131 1300
789 26
272 27
303 448
369 568
279 366
324 10
215 316
122 201
194 49
961 90
770 822
161 125
267 593
75 226
225 43
1050 906
192 244
1017 1031
380 660
31 1341
1187 798
521 937
219 1106
630 985
452 734
659 403
38 526
1156 539
22 48
290 85
314 1047
691 806
364 1129
550 1136
590 736
250 428
93 186
7 236
10 1361
353 704
288 565
244 898
591 1125
161 133
31 615
949 563
174 836
56 226
271 974
789 1386
100 21
442 1382
439 1252
28 394
864 326
137 244
606 299
17 141
305 45
78 139
1128 133
19 171
696 909
397 1215
84 263
227 1138
22 116
84 974
220 578
769 1339
542 12
470 100
262 611
428 685
136 1042
361 925
46 413
291 123
199 1218
148 443
667 1232
341 605
148 180
563 1045
386 867
721 423
656 965
68 32
211 235
245 687
198 356
696 652
282 173
155 1088
309 66
103 563
161 970
130 539
25 687
458 247
420 1342
389 206
199 9
753 878
132 362
372 989
706 1231
145 1138
358 26
489 634
174 176
295 235
228 920
356 479
106 356
1197 188
78 967
200 479
345 783
305 441
42 19
312 615
421 300
566 26
413 897
80 560
500 669
269 844
632 307
480 977
346 424
323 465
721 195
705 233
89 666
195 62
112 1056
598 1340
725 898
473 243
502 186
649 797
258 9
46 1329
174 1122
268 1058
502 669
255 1339
22 812
295 1384
230 875
78 197
556 936
759 1136
335 369
267 120
225 28
1114 72
33 79
368 141
216 416
691 1321
508 1331
690 726
11 1042
53 493
13 436
655 726
421 621
722 819
911 1300
501 966
302 285
40 480
715 631
180 861
45 545
486 49
40 1045
46 53
325 1361
1055 494
102 165
231 388
85 1026
175 526
14 273
585 530
918 1340
285 1038
930 371
502 370
772 660
521 451
114 220
353 1009
34 190
489 711
490 112
228 136
258 210
630 236
423 944
811 49
106 1009
649 209
137 669
14 68
232 142
447 61
436 47
702 1097
361 340
139 133
410 471
1239 1366
905 301
446 1023
112 1042
652 339
168 345
327 928
421 661
88 680
449 386
80 786
208 904
38 1023
194 365
378 214
518 94
920 830
439 278
364 547
158 489
523 214
160 387
49 56
498 1044
458 94
1022 494
260 185
310 369
461 1097
356 240
174 9
883 85
239 1168
715 830
42 150
208 793
1006 10
52 458
248 538
195 558
123 214
340 176
265 136
82 277
435 441
74 446
188 1009
904 1037
3 572
264 372
14 832
422 404
171 918
265 884
22 910
827 1218
804 588
650 197
864 761
516 1086
46 722
782 766
101 82
22 203
144 600
406 936
58 557
908 1091
73 210
360 638
834 463
439 167
148 1047
131 1050
150 817
291 312
286 1340
531 372
61 579
78 463
44 132
75 59
986 227
197 527
334 492
289 1166
429 1352
216 1397
365 343
398 441
48 526
127 0
285 598
17 93
262 17
261 371
407 168
682 251
68 580
308 1097
423 898
469 32
96 906
772 801
569 776
303 921
81 608
346 1263
12 953
586 472
238 945
225 779
561 1302
93 8
238 326
424 600
115 506
328 746
139 762
332 1050
779 756
729 1091
258 1443
566 28
123 78
78 534
822 830
194 1231
332 133
6 1340
819 391
158 458
324 78
40 613
303 616
337 463
244 770
161 30
49 38
125 883
234 1042
267 638
834 685
196 163
341 48
271 1027
93 600
680 684
927 175
56 598
379 410
500 1348
510 1136
926 781
360 17
458 1341
719 506
128 182
248 897
114 506
498 175
356 204
44 91
228 999
109 492
89 438
244 497
65 422
42 26
1127 1248
51 473
245 9
228 229
609 728
114 167
302 702
106 22
130 441
635 1401
567 62
781 871
354 1136
422 807
823 356
476 751
611 226
116 424
757 462
281 119
313 192
466 369
158 908
68 897
20 609
14 525
329 625
591 895
332 1020
682 436
278 301
347 1388
646 148
100 29
428 600
146 619
46 45
423 615
238 208
323 485
712 66
356 702
817 634
29 576
297 804
211 329
228 841
333 1278
295 761
60 699
512 145
17 28
61 358
111 132
159 386
305 133
394 391
100 756
423 1068
972 227
570 1161
344 606
374 504
94 1343
255 829
900 684
175 486
22 963
61 563
911 1050
652 898
192 696
649 163
276 452
188 1166
86 350
106 39
668 1456
26 886
353 804
67 306
423 579
493 1324
280 1158
207 1221
468 129
25 861
410 388
1027 206
24 430
196 1015
84 3
180 1340
49 288
52 493
281 1060
61 582
150 466
307 26
203 422
685 371
200 466
74 289
628 98
449 289
68 1212
348 1088
347 1252
393 18
548 1027
475 525
459 739
629 10
218 668
844 966
252 243
215 290
669 600
426 1331
347 504
174 408
561 1167
385 770
213 100
10 781
674 359
689 17
468 704
271 372
360 1300
132 967
242 277
398 288
550 712
764 65
330 757
407 75
13 536
78 1397
61 988
22 957
403 463
527 977
493 786
78 861
215 42
489 310
420 1038
540 770
404 1337
532 806
294 709
265 455
182 463
572 526
133 1457
422 977
423 832
63 793
736 1101
284 356
224 92
412 1101
118 1252
528 176
261 1337
264 50
379 209
148 1435
23 186
458 746
96 204
22 488
111 40
84 501
135 878
102 762
385 806
19 440
95 822
61 925
160 940
112 1119
216 974
65 103
35 563
43 243
399 124
340 288
115 461
58 892
511 1032
447 1136
373 646
333 1176
532 759
248 33
102 725
506 1044
149 391
228 288
312 26
572 299
420 1331
23 398
39 520
238 180
186 664
156 441
150 426
130 414
656 744
6 751
25 504
42 527
19 563
642 142
431 807
49 1047
256 428
788 770
34 933
342 560
150 801
127 904
833 17
458 908
237 175
304 94
160 970
61 222
92 1256
601 624
150 163
370 1331
428 621
882 1135
134 526
217 1136
728 66
121 1042
718 591
330 939
839 703
57 604
125 947
390 797
439 172
632 939
591 668
197 2
197 1015
268 792
378 382
432 807
188 167
698 939
68 880
161 23
632 1088
547 781
310 613
423 135
867 1167
1047 631
1129 1038
388 804
349 472
84 174
1041 953
532 1341
308 526
36 66
667 832
1115 472
130 529
161 761
303 859
354 967
148 592
132 1326
943 580
785 257
215 733
151 8
47 391
285 3
333 912
815 336
491 82
232 125
209 1338
380 1038
75 1231
453 563
734 1167
188 874
130 406
174 1320
755 505
307 1101
189 211
566 936
318 287
139 898
414 94
139 497
205 534
573 442
632 736
199 610
325 326
26 757
336 235
70 883
42 455
72 837
346 362
377 631
76 204
174 33
541 711
522 920
268 805
191 526
538 725
335 37
682 287
228 404
216 342
280 869
963 563
127 1246
468 222
375 472
158 1246
80 435
130 289
399 385
386 1089
169 788
139 454
189 203
591 1334
237 532
989 1326
738 214
75 1337
238 967
332 696
452 435
396 537
248 337
135 534
177 355
477 854
286 71
410 172
13 947
137 260
630 199
102 751
84 468
74 563
31 1461
744 66
132 17
31 1091
811 1009
441 770
72 287
95 1320
68 278
188 433
801 668
468 388
106 668
740 64
84 189
22 1091
76 609
196 524
216 15
144 363
73 363
6 257
397 1341
396 790
502 327
276 532
174 1316
25 216
683 492
627 697
844 1166
445 257
51 412
333 244
609 1264
102 197
367 631
237 650
294 1166
253 148
482 807
688 339
73 610
162 94
727 531
87 1176
337 339
471 804
108 600
149 410
520 546
99 204
810 961
1123 953
287 1068
80 363
13 1246
120 41
222 607
102 650
270 454
29 1045
396 161
468 372
0 818
449 117
431 939
438 322
88 147
267 357
521 1129
286 871
184 756
590 428
174 841
292 560
199 666
48 534
568 1416
550 1311
676 844
271 532
264 1139
835 1509
295 618
561 397
41 148
295 23
534 1026
871 1388
200 26
504 884
792 526
523 465
532 1167
889 133
489 212
27 277
58 472
98 1129
118 1129
638 222
145 614
315 1168
536 1177
22 911
363 786
44 1208
332 108
291 329
237 480
43 1136
909 1372
78 1015
389 441
282 742
285 702
340 729
262 756
201 966
357 132
25 664
830 1320
928 186
264 522
718 947
7 861
51 728
493 1117
438 261
690 1009
844 2
253 75
140 194
176 568
70 576
268 648
338 977
276 0
702 979
362 182
330 422
433 28
626 526
267 737
196 468
128 653
571 692
271 95
219 691
500 203
404 113
257 787
228 1335
175 632
1004 29
19 948
154 690
14 184
392 472
286 687
130 534
25 72
339 1324
357 920
355 116
498 563
408 631
212 135
171 1167
706 350
445 1146
433 736
21 369
148 1344
423 235
35 141
265 550
554 113
841 226
339 1020
51 815
338 11
378 733
49 455
49 485
645 1166
449 14
421 600
439 1208
438 631
771 1118
163 356
442 639
508 744
371 1098
280 688
55 479
149 1032
544 1091
13 806
238 1129
19 808
332 945
975 953
15 403
31 511
227 653
22 1015
737 471
784 304
1001 133
295 895
361 499
332 545
135 759
683 41
228 132
73 1320
568 945
22 433
298 66
134 471
46 492
160 96
123 423
133 730
22 167
46 251
177 327
569 463
456 362
149 1
169 786
106 197
29 685
61 76
32 403
31 22
1234 1358
963 939
399 875
97 698
202 441
845 1371
696 277
36 26
963 454
127 1354
413 1339
144 1300
102 805
452 136
237 466
841 113
218 212
719 1124
338 413
683 613
68 251
19 823
40 827
88 696
345 286
189 532
516 600
331 598
271 277
232 29
132 363
32 1331
377 1246
329 686
449 538
68 912
269 965
920 967
432 1088
733 442
284 91
764 387
316 56
406 17
189 604
875 30
494 226
356 309
302 203
290 135
480 94
280 501
102 329
476 805
19 1167
531 115
963 12
380 290
132 823
280 423
586 1270
132 93
646 9
497 897
186 1031
181 4
9 391
58 425
437 504
146 952
155 1097
407 197
108 968
844 534
630 530
458 424
836 363
683 371
304 936
195 621
444 563
163 589
355 480
74 741
866 391
9 652
336 71
663 492
381 746
386 428
295 432
1243 1462
282 39
558 541
10 391
378 1338
202 1210
641 1179
58 1281
142 47
139 326
122 11
58 441
161 1320
366 1124
569 592
905 114
41 165
44 970
67 1338
216 297
160 3
617 138
959 696
171 1050
287 891
3 1044
74 275
227 443
414 1092
94 289
175 654
203 94
76 175
441 391
283 558
502 435
78 344
609 1060
196 252
340 37
130 631
410 807
314 1136
111 1300
68 105
294 394
912 441
643 992
151 419
54 1369
649 283
100 121
34 1129
40 471
216 238
325 277
133 1331
235 133
67 433
158 1360
220 532
154 563
283 1259
162 226
234 382
276 50
425 47
129 203
367 49
134 604
37 725
769 1340
19 446
137 43
867 806
788 391
532 39
254 356
562 1056
188 522
429 199
464 749
334 12
303 433
882 766
325 372
226 652
683 1322
373 463
12 1344
13 92
61 1189
1069 802
395 526
199 456
313 139
593 206
213 1158
68 779
385 386
635 934
919 4
347 226
267 697
323 651
332 953
660 456
613 4
215 324
80 989
566 371
532 1089
123 65
532 676
302 264
709 191
132 1200
904 1344
216 289
627 167
386 278
363 671
205 252
332 898
1198 23
259 635
383 635
469 216
237 757
270 471
34 853
429 1379
129 625
106 589
527 746
216 1355
377 181
665 560
761 463
512 1098
265 287
733 728
100 71
868 968
561 598
793 180
136 186
41 1038
516 268
34 210
439 133
336 277
230 394
110 757
123 757
278 966
181 456
755 108
553 197
137 1047
237 432
446 8
532 526
716 148
106 37
255 546
295 951
211 299
196 1442
308 354
364 325
620 568
386 244
123 657
44 316
355 804
46 598
20 2
962 49
40 445
1030 145
380 44
278 82
840 968
708 112
323 94
781 1252
120 4
55 836
295 1031
44 706
193 527
458 798
142 288
229 696
638 814
267 663
444 289
425 829
514 989
159 29
552 1358
181 397
751 752
414 626
423 288
116 30
458 845
788 756
222 527
536 212
41 30
772 565
20 78
878 1318
295 50
265 722
877 112
463 1166
110 12
194 1124
84 1023
96 719
160 181
89 538
668 299
84 558
289 1027
591 334
928 945
194 1388
659 463
464 952
242 666
370 339
20 675
949 299
357 728
58 360
598 1294
234 207
0 1101
89 819
406 372
660 28
298 371
164 133
550 696
35 746
15 226
867 227
625 93
831 148
282 1200
314 1090
322 1158
490 352
544 861
623 191
472 641
690 66
295 1030
360 287
438 92
709 696
96 199
377 225
68 184
338 86
281 24
683 1042
44 761
235 204
472 1117
332 845
642 87
184 777
134 3
287 1100
63 221
608 672
436 983
6 1155
690 696
55 658
697 1097
4 1045
650 563
280 72
421 70
282 376
381 493
42 423
78 1235
44 560
294 572
1 798
608 492
542 152
768 132
96 656
162 1335
72 907
419 329
197 479
562 653
123 1166
521 413
234 517
379 649
395 8
697 301
45 354
285 747
46 372
327 1031
188 49
145 681
212 124
358 423
186 734
0 842
212 722
332 228
365 730
394 1136
683 756
433 163
715 372
54 49
608 325
40 306
175 43
337 349
316 175
936 1045
358 142
815 681
650 945
439 264
135 339
933 204
226 769
421 226
899 979
32 552
386 136
2 920
552 37
3 677
44 193
44 1073
262 81
146 1330
703 734
22 886
148 889
2 849
114 123
96 405
281 1155
61 744
100 545
294 1158
345 598
262 106
132 364
7 1342
649 300
493 615
140 439
132 39
175 289
961 386
79 966
338 87
260 434
31 813
390 709
200 48
125 199
196 356
276 637
72 197
56 783
498 299
23 769
32 948
238 781
222 746
158 135
551 124
84 159
759 369
806 725
22 697
201 572
188 1078
82 572
280 656
1023 1234
940 936
325 1362
158 456
485 908
88 610
449 668
544 1032
886 757
220 153
58 690
1022 63
517 289
444 42
234 107
489 545
174 61
83 425
89 108
284 563
289 82
52 29
124 1068
838 1455
114 920
262 917
621 64
24 41
194 429
942 533
26 1324
97 1044
29 1352
137 318
244 369
595 494
38 362
99 1176
449 1215
723 1200
395 522
755 435
373 286
415 332
45 66
87 288
353 329
722 141
468 563
636 17
394 906
102 461
340 19
439 819
347 269
844 372
307 506
357 563
195 169
218 728
587 94
189 440
272 10
276 657
671 64
560 1240
205 720
571 508
121 9
395 1259
6 797
195 1026
456 1246
220 966
97 151
153 12
280 1324
343 286
961 1129
377 195
297 188
196 875
572 807
459 10
264 881
22 818
78 431
804 807
53 388
433 546
41 472
423 121
449 363
705 1184
325 381
27 1146
262 243
31 171
387 884
308 281
424 746
1233 670
47 897
4 1276
65 1059
130 80
367 19
439 1
72 124
239 37
325 354
136 884
19 448
510 371
413 62
132 171
122 150
324 148
234 1045
553 552
265 854
137 297
22 220
61 185
604 769
268 514
22 199
111 936
288 95
518 539
89 1133
267 1097
600 631
284 878
230 466
395 797
458 200
570 350
194 242
20 702
598 326
160 925
289 204
89 327
607 197
287 770
88 733
317 667
277 797
88 68
838 628
519 1136
341 155
126 135
382 395
70 100
99 9
216 29
883 508
806 143
607 26
3 1355
211 324
17 746
475 720
758 268
89 333
420 286
579 492
489 1176
6 1104
114 906
159 290
85 798
97 439
670 428
422 372
372 1486
63 1062
747 1327
987 533
238 471
621 945
919 492
265 87
68 2
422 1059
428 9
429 180
188 1395
502 126
267 206
649 751
441 869
167 497
139 744
81 808
280 225
579 506
445 657
40 961
313 113
52 209
624 1304
97 173
112 952
188 201
218 101
823 798
284 1244
762 1146
245 333
14 353
68 829
195 1047
355 289
489 1
521 336
628 898
238 504
1094 112
287 251
284 98
356 29
782 442
337 681
815 492
78 659
9 403
468 41
42 548
265 0
303 150
23 883
313 722
435 1020
268 395
134 945
335 206
420 861
168 634
13 347
58 236
173 527
148 935
32 242
324 704
372 1396
42 966
30 4
31 748
550 333
105 441
175 798
134 18
73 959
248 206
536 91
823 563
137 920
397 854
371 725
102 866
781 730
412 197
715 45
428 427
168 619
884 861
11 910
471 440
843 1446
244 64
422 426
61 41
635 1330
831 124
379 1032
707 600
341 165
234 859
75 549
283 936
1046 280
17 206
321 15
468 439
626 1155
531 493
864 783
198 3
423 497
132 741
758 161
286 719
80 769
175 39
633 951
146 1029
917 37
329 1101
13 302
285 431
717 10
57 568
884 989
283 132
97 310
100 853
248 940
22 607
458 544
343 884
724 494
52 818
100 766
93 1136
158 638
237 675
532 830
489 883
729 19
220 1166
161 672
1 563
33 788
23 232
1171 568
46 133
49 610
927 106
394 807
188 471
572 113
62 830
327 666
733 766
527 206
160 197
68 29
171 397
45 1176
548 1166
949 305
534 671
345 556
108 983
67 38
288 906
428 243
633 534
93 1089
76 979
188 436
441 300
1020 777
324 277
602 499
344 1009
716 146
189 125
114 645
111 560
642 1431
604 1321
996 466
681 1230
856 1248
836 1167
174 192
606 736
422 798
196 388
196 768
346 487
406 115
115 1168
20 115
17 479
676 93
355 102
604 1279
200 241
438 516
643 362
449 967
440 520
129 949
257 1014
346 208
93 339
350 112
718 884
316 336
208 1058
84 243
362 1337
238 195
72 945
380 525
335 9
84 631
9 918
490 836
205 2
188 206
52 364
370 989
0 387
202 659
419 704
265 49
265 226
169 728
939 907
990 1136
222 300
981 835
471 35
282 215
232 210
373 1339
74 173
1110 968
581 562
200 229
608 454
70 95
474 930
260 142
1 807
534 391
672 132
211 369
78 917
591 1431
168 1041
392 1246
769 1388
364 368
9 64
94 687
360 527
931 112
211 197
215 39
625 563
215 685
797 1200
96 298
399 778
203 1097
609 762
96 467
709 522
388 609
281 165
566 12
315 572
117 78
26 565
360 22
267 698
337 333
43 1262
452 505
414 458
361 1246
793 719
276 479
661 1371
211 307
268 1155
997 1403
84 252
181 884
20 303
831 722
486 1101
406 222
386 92
1044 720
18 898
920 299
1215 968
84 1070
94 801
276 76
222 495
608 78
218 1360
146 312
423 388
770 1314
889 953
32 80
759 1091
68 816
489 605
33 108
15 969
387 651
697 746
361 458
22 632
482 1027
683 29
314 9
271 967
403 781
74 405
415 1195
224 270
928 937
44 565
145 848
572 722
120 386
188 351
293 64
32 696
362 104
27 142
281 920
831 937
171 1073
510 4
435 637
308 78
127 1071
514 600
396 463
355 82
1151 1331
55 1002
80 467
200 461
359 938
345 78
415 325
493 560
20 431
195 944
911 456
516 640
292 600
148 828
668 1246
569 343
672 661
250 534
34 484
82 1101
46 909
781 918
196 22
43 909
45 679
9 463
164 766
562 762
642 493
439 344
595 221
421 305
57 703
829 769
394 64
58 565
548 746
879 754
45 9
201 307
280 427
35 545
558 545
347 100
89 600
386 3
302 747
28 1187
414 170
127 135
303 237
834 185
428 1372
294 83
551 36
230 9
317 386
380 771
76 208
108 441
744 467
76 37
325 1117
149 228
14 410
388 116
556 598
609 435
270 113
476 121
9 968
32 441
280 244
63 232
369 1146
0 911
897 835
267 3
20 4
74 920
303 222
357 797
370 15
55 929
1300 1318
69 686
1025 670
399 1462
374 521
6 943
61 1418
85 712
75 362
70 933
560 1320
925 1179
548 28
228 510
188 439
1031 64
397 908
327 413
560 884
101 967
230 819
526 920
611 777
881 1304
310 880
792 641
5 684
385 19
664 600
760 409
102 596
92 983
33 35
534 637
53 563
502 770
460 766
522 968
230 81
15 659
282 491
150 252
189 1045
116 849
116 362
503 1314
65 650
356 425
133 354
158 343
371 391
321 142
211 222
31 561
237 229
920 807
604 1067
295 755
20 886
45 204
374 861
435 64
122 977
386 342
82 668
540 413
328 150
74 522
255 744
495 45
1252 1339
532 908
132 657
154 845
489 842
182 326
330 945
130 134
74 739
17 455
341 35
457 1400
294 263
58 1012
204 1318
29 1361
116 1136
449 54
566 807
751 395
29 545
225 725
733 83
532 613
279 953
303 388
294 385
666 598
140 937
115 113
789 9
383 442
230 767
90 687
818 661
49 725
136 139
61 197
51 329
66 462
101 440
26 1418
301 1027
260 1348
452 372
244 684
29 744
201 733
224 719
259 213
55 626
500 890
122 94
558 631
286 722
271 899
327 1184
254 490
346 1038
161 362
383 292
622 904
238 1
439 129
283 410
284 2
122 239
645 42
339 832
396 769
399 274
459 145
175 1220
98 565
78 448
268 665
462 807
502 841
267 8
58 1420
572 1009
234 416
677 395
6 340
51 76
485 210
138 1212
228 928
749 807
356 1235
755 538
594 142
220 462
449 438
866 1155
973 533
227 1433
174 722
480 17
611 746
332 652
41 1341
47 685
301 920
65 616
420 937
545 777
10 1158
70 429
108 442
568 1382
294 787
731 491
133 1388
29 1419
325 762
71 904
904 861
107 653
54 47
136 118
175 64
347 506
1136 725
219 845
74 188
47 244
41 119
380 766
235 736
29 725
174 108
538 728
374 161
70 372
838 947
6 275
1187 37
292 823
90 739
317 367
86 236
480 150
755 722
256 442
434 904
718 41
186 826
542 823
80 580
62 441
721 133
314 226
67 1065
1026 1416
311 250
650 391
61 238
209 125
832 1136
68 1372
284 115
100 351
550 280
189 741
160 199
1194 968
955 479
487 506
439 9
334 844
161 1
262 679
638 292
270 228
386 94
226 1122
150 214
267 799
353 491
137 1026
642 29
823 1097
327 1393
489 54
295 1125
581 429
149 83
159 436
949 93
346 864
288 1324
806 836
425 244
256 176
421 777
423 133
356 545
309 539
476 531
142 1212
14 574
196 189
508 685
556 225
429 272
318 274
200 1003
40 525
276 358
719 783
49 1020
439 175
402 770
928 197
344 720
468 11
61 822
655 994
108 251
579 939
1067 898
106 979
89 428
486 563
220 554
262 1003
265 1047
137 508
0 369
71 985
769 762
425 906
132 455
628 428
97 634
130 866
189 497
11 1398
449 372
160 22
42 658
53 925
160 666
264 1166
1059 807
335 132
135 634
421 356
388 859
159 525
61 340
19 201
465 192
308 588
106 68
88 933
502 836
87 336
312 12
5 1025
276 186
149 339
412 235
284 375
357 302
89 143
226 1098
548 422
67 785
1004 1364
315 1044
501 977
78 875
42 110
142 1320
482 285
142 920
422 804
396 326
603 750
207 1065
225 354
834 550
382 1092
413 1320
696 113
61 727
346 556
318 722
579 356
146 1119
269 436
158 521
22 1341
357 830
309 422
325 685
78 1355
78 605
53 495
314 360
65 217
175 82
468 736
321 26
148 708
1029 953
207 723
338 302
377 1014
316 667
218 967
505 287
394 1050
879 977
162 1179
278 506
216 215
135 371
966 206
459 375
150 966
634 1129
438 826
491 235
134 688
475 908
439 212
227 828
132 1279
136 32
388 440
330 9
441 631
84 1316
550 489
627 553
754 1327
500 1346
461 497
525 558
761 776
506 563
78 798
253 1067
527 807
470 770
196 572
220 697
26 869
61 1160
790 354
213 375
542 146
435 968
78 741
93 64
340 4
76 754
7 227
346 1067
45 637
123 206
10 333
31 660
121 756
272 1158
598 133
156 604
889 968
31 111
1064 189
343 112
8 1092
483 403
237 789
19 368
97 93
149 725
496 9
928 113
737 200
145 699
102 522
130 945
1136 64
215 757
1006 1136
305 428
160 46
41 736
718 456
69 522
631 1361
476 902
294 264
340 141
47 1212
100 1067
269 659
343 892
75 347
738 388
405 517
118 547
388 767
532 131
356 488
386 632
345 139
864 268
26 1047
184 113
346 1328
117 635
68 1051
434 240
216 849
537 286
630 222
284 127
278 1088
864 598
41 1179
428 728
303 64
199 545
373 268
710 35
824 703
507 369
6 292
513 817
209 310
226 147
558 667
1 17
1030 112
0 786
30 600
54 386
782 104
188 524
49 1158
49 263
41 322
152 807
592 1360
102 8
12 596
726 985
530 1334
763 339
81 2
48 454
377 487
598 226
363 64
49 411
432 605
475 167
280 445
19 623
70 47
819 1329
124 974
56 920
197 37
114 163
1022 533
111 314
627 768
745 1407
150 330
111 1026
225 1031
554 1468
459 545
232 898
283 677
1042 700
19 615
74 372
30 436
172 1232
148 85
655 563
225 277
364 790
872 547
1113 1441
174 625
196 563
373 78
984 133
346 279
413 403
245 268
295 402
1050 1038
284 46
393 47
464 423
114 939
658 1027
15 463
28 1136
116 1104
439 198
626 1200
29 1067
720 1388
521 691
294 106
392 49
324 33
812 422
569 687
200 334
668 819
97 235
378 132
840 94
522 1360
755 1167
202 343
228 32
690 1179
410 225
455 339
25 78
79 66
88 1129
240 746
448 522
200 875
962 424
303 855
439 822
287 192
148 848
235 770
215 897
589 920
413 761
380 672
355 106
480 939
235 1355
216 505
205 104
161 7
61 739
150 675
738 42
114 966
322 739
293 391
379 395
84 2
78 1045
96 1006
175 301
51 1003
380 362
142 441
580 1339
502 54
537 343
12 455
103 356
139 510
265 228
72 458
327 212
307 315
137 159
151 252
55 1087
78 274
12 426
279 343
38 1060
188 45
330 1097
160 525
1235 798
1122 945
228 1212
729 1246
852 17
382 827
355 563
31 1087
51 591
328 531
220 963
218 119
159 199
899 1027
609 589
439 1044
386 948
49 99
115 947
911 728
47 756
216 2
220 886
196 578
45 243
356 3
772 336
188 999
84 27
132 172
569 235
239 390
588 781
532 1101
629 1334
800 188
188 1055
14 1215
258 1318
623 39
626 1338
722 563
687 1388
327 19
32 428
590 151
163 572
213 425
627 1027
134 357
130 540
979 754
733 804
429 1085
496 564
97 64
163 920
113 1009
574 136
495 1179
438 1331
937 576
629 907
262 1016
193 1129
24 805
502 143
454 589
423 240
137 495
1000 1179
811 781
563 488
167 830
34 470
61 1203
632 979
421 277
887 146
729 132
380 508
19 804
200 211
23 9
416 242
263 133
102 917
410 64
283 446
136 472
55 1199
379 184
521 9
284 455
628 92
61 339
439 725
6 598
264 654
221 639
374 864
137 455
20 200
435 568
348 979
324 372
831 251
126 456
738 19
11 879
562 533
649 432
731 299
809 27
167 807
423 1167
160 1208
760 953
290 336
146 743
43 568
70 1166
715 441
112 659
31 188
581 279
52 312
261 50
314 525
364 64
146 504
281 508
340 458
73 321
294 1215
357 706
332 777
386 1186
280 305
441 652
279 352
710 376
423 756
227 1253
494 1226
214 741
388 746
143 64
152 220
557 1331
649 486
452 1320
100 391
17 670
908 143
207 446
44 199
609 448
276 193
265 631
76 1088
252 830
449 56
149 139
71 1337
72 492
438 188
222 1070
174 534
158 706
80 779
150 804
31 455
44 30
74 19
102 335
498 264
303 103
379 386
1062 163
230 299
696 565
13 318
13 1341
622 268
294 130
412 206
534 667
436 778
31 487
943 1294
70 322
96 770
120 436
372 786
504 598
444 79
558 1026
159 966
854 868
294 193
422 2
0 362
534 712
245 68
317 436
832 770
302 376
1008 1403
337 369
240 757
133 1294
49 305
195 609
789 756
496 346
428 1122
62 769
224 108
86 359
68 402
340 512
489 204
519 371
265 154
303 1275
72 49
142 770
226 371
340 209
12 920
591 304
976 1027
61 307
125 19
452 212
496 547
261 189
634 506
74 191
352 635
196 215
875 94
136 333
655 28
815 4
258 142
501 369
41 171
78 455
438 17
1122 631
234 225
837 458
61 605
109 936
361 914
1220 733
590 129
230 19
630 136
740 533
261 199
237 9
294 174
215 211
0 17
879 1166
164 71
248 909
137 334
3 967
900 1025
101 588
174 334
106 189
380 379
717 413
49 703
14 327
841 722
327 188
696 1009
423 545
66 1146
33 493
17 309
186 725
118 598
68 332
22 423
288 600
609 45
56 855
228 1105
346 719
168 938
314 777
335 945
47 1089
287 465
228 1146
324 532
42 679
295 891
154 9
86 556
572 440
377 360
475 974
61 156
34 1197
32 286
3 920
329 278
284 394
697 27
248 228
308 37
161 226
357 10
412 301
939 667
335 33
961 492
96 139
494 507
174 211
24 522
536 144
621 339
556 465
329 731
1012 369
181 556
846 226
267 424
433 8
3 797
703 974
504 1388
92 192
1068 656
113 497
132 82
68 637
123 39
130 10
590 371
201 301
2 589
149 920
353 78
92 436
365 864
195 425
603 371
195 96
231 200
389 1136
50 756
910 861
332 18
139 572
152 660
333 667
395 1026
276 1100
129 82
449 144
215 150
346 910
45 1370
189 286
626 430
65 1097
61 1078
436 884
841 806
188 287
943 576
31 139
905 267
139 1136
523 4
947 206
49 506
225 115
10 372
33 64
818 121
1166 1327
464 699
429 71
412 538
31 131
200 656
873 113
258 332
435 204
713 386
803 148
264 49
226 442
603 261
222 1336
555 865
531 1045
285 35
320 878
199 312
750 954
10 1020
17 656
199 532
302 79
667 66
377 127
50 43
14 325
159 285
792 653
615 1300
207 38
15 576
230 593
42 632
228 740
458 661
280 217
449 78
624 85
128 255
475 432
138 832
12 767
230 749
332 1202
58 333
87 545
17 1036
160 334
9 277
248 690
202 194
255 937
335 94
138 369
683 936
51 804
289 1044
489 1006
114 102
143 1089
22 1358
22 967
268 783
399 97
192 770
34 494
402 105
476 1092
49 734
818 456
92 26
935 1246
177 285
864 336
377 250
772 1042
357 205
698 339
875 1360
330 552
31 1276
264 589
1176 898
463 822
755 92
493 1125
48 715
142 1020
285 171
50 305
449 604
643 472
232 288
64 1318
26 1167
562 1322
39 472
160 468
148 1159
125 1176
815 849
474 118
263 142
721 142
280 402
41 532
282 207
908 1300
395 667
195 1122
148 1129
275 306
210 869
237 391
579 1167
721 349
334 139
7 362
334 28
52 371
90 686
6 355
225 400
812 746
35 832
253 189
209 805
66 1362
341 904
422 979
45 462
87 1331
31 1181
50 1067
132 1082
78 688
311 476
413 1167
517 306
223 1308
582 978
113 143
321 133
469 864
97 94
617 333
161 209
634 904
274 372
133 1272
372 686
148 1029
841 947
199 576
174 452
558 104
276 161
672 381
357 649
100 909
309 197
41 307
609 907
444 188
606 741
278 369
418 325
122 807
211 746
705 29
222 572
165 1139
233 49
683 1050
43 223
356 1174
289 741
27 869
136 493
318 850
230 462
88 984
189 1397
210 720
709 339
228 631
106 497
188 679
276 159
270 10
196 262
327 254
542 1224
332 9
197 240
110 1088
341 542
1241 1386
706 1340
100 10
449 268
547 730
160 665
216 558
25 819
436 696
668 520
1299 685
152 17
296 115
782 519
114 423
496 148
81 381
92 604
722 742
375 749
357 198
210 326
287 688
302 106
468 492
444 915
51 413
630 635
468 894
380 109
444 150
138 712
782 684
15 1388
772 337
39 395
170 967
171 506
463 354
297 441
532 731
61 677
697 37
96 610
113 339
563 1101
89 308
503 1320
237 917
387 984
297 165
78 702
466 757
838 369
799 301
543 1026
504 904
160 1240
122 1203
772 726
811 463
519 770
163 113
21 425
336 861
666 1017
248 260
370 133
225 113
340 936
68 354
332 1122
165 2
248 81
413 428
65 807
808 691
96 246
35 235
65 548
359 719
100 64
132 703
310 1067
335 26
421 100
903 1072
627 1327
63 1181
104 363
171 1266
234 290
746 1174
433 235
731 307
396 598
207 64
174 759
238 75
568 830
61 394
511 90
237 1059
940 884
883 99
680 442
432 966
609 369
171 30
51 357
81 759
377 340
96 830
68 185
358 678
132 193
238 68
257 687
603 428
1097 1358
188 566
130 907
494 1129
441 462
63 882
288 545
356 757
33 486
638 454
496 969
305 558
480 966
139 594
210 725
224 439
332 928
683 339
242 576
468 12
89 287
15 943
216 333
294 27
58 978
11 844
196 453
272 1176
119 277
375 359
159 302
256 18
914 678
254 94
148 492
294 600
61 33
848 562
38 827
449 631
542 609
337 372
164 75
74 1358
248 946
428 64
96 389
111 90
93 807
54 148
429 494
108 1091
122 289
608 582
447 226
42 301
226 507
579 687
216 873
581 133
888 904
283 139
33 93
208 279
267 175
76 433
670 1308
392 628
448 1139
135 1038
151 1101
518 1120
217 777
311 468
416 113
39 787
769 945
96 105
388 1235
377 45
201 289
114 76
625 372
698 372
7 761
831 703
375 854
899 1088
132 192
381 197
41 911
255 769
653 845
139 1177
58 944
265 124
327 696
336 182
665 761
759 17
189 720
310 756
7 1388
598 937
58 1045
11 412
120 746
412 17
449 100
119 967
517 1023
80 897
318 304
142 1047
31 91
606 372
215 486
194 269
671 798
334 1097
111 489
45 769
20 61
148 463
384 1097
832 756
497 1067
433 517
175 454
312 985
248 54
881 920
130 334
271 606
621 1136
208 413
444 278
703 1279
826 631
29 945
470 49
380 121
874 533
159 977
444 93
282 170
439 304
261 186
392 728
212 402
708 904
81 218
439 144
881 667
609 26
682 1284
405 27
235 463
37 1358
180 1231
125 243
647 967
216 725
649 430
676 520
282 382
41 213
265 999
722 631
437 463
112 889
89 1089
102 93
9 441
325 369
658 746
669 1331
209 1014
73 228
505 806
355 301
511 558
342 1168
41 90
388 142
62 66
123 979
248 339
78 163
502 19
109 1129
132 808
534 906
9 1122
253 180
567 493
188 18
340 672
70 49
512 222
65 593
539 1188
66 1324
55 321
894 777
448 881
81 771
228 1098
303 520
738 267
122 19
841 49
442 1129
475 632
355 737
634 456
242 730
508 1050
500 432
100 47
542 1124
45 1122
839 684
474 420
100 1026
356 9
966 1398
529 454
248 420
140 354
361 121
1147 133
285 966
228 609
591 767
413 781
494 1229
6 1252
718 81
161 91
357 247
6 13
383 236
729 240
514 436
49 596
363 546
161 367
75 1342
160 340
577 4
935 943
196 267
533 1026
61 608
144 436
84 839
265 556
200 1327
336 451
940 1038
371 85
423 792
933 100
341 630
84 79
421 61
57 600
159 54
130 49
731 855
44 511
772 22
122 1275
485 10
195 154
234 1155
332 139
57 251
84 278
96 990
436 722
29 1026
63 143
1167 1335
11 254
136 49
571 463
102 405
202 75
230 458
823 807
378 28
891 685
88 557
429 1094
374 420
709 777
14 411
346 568
533 1328
707 441
203 82
550 64
19 940
128 15
424 518
181 1050
137 99
264 552
395 1300
232 493
791 397
167 1097
33 688
228 154
433 1234
78 855
230 123
140 148
76 526
255 15
433 866
883 45
943 463
633 631
1052 845
44 71
13 707
649 203
321 463
1294 326
38 1065
502 867
844 39
744 945
603 493
358 628
716 562
237 1015
238 242
1050 884
228 789
1131 104
325 43
468 113
20 432
65 167
10 1372
475 122
89 132
276 734
310 1371
355 298
137 93
1007 1088
205 632
819 790
188 754
403 861
589 957
658 757
844 1101
61 610
8 1360
44 343
611 22
826 1026
340 492
71 790
84 762
196 479
475 207
430 8
526 299
1132 133
433 119
265 92
132 1341
44 377
239 65
160 663
615 945
493 435
333 1168
294 2
1049 631
288 1067
188 175
27 141
282 268
520 1139
158 182
355 609
164 188
217 226
136 766
16 333
9 85
634 268
1197 568
124 186
74 901
67 39
356 371
811 242
228 427
176 777
553 37
476 845
129 354
89 13
540 64
310 175
180 94
174 49
22 961
271 440
308 654
42 329
39 752
142 37
897 822
715 299
94 836
139 1020
452 92
805 115
134 844
229 369
287 983
24 275
16 533
949 1044
49 45
271 506
655 454
867 436
704 354
234 1203
20 554
392 22
148 182
337 696
11 108
404 1136
733 289
291 79
338 634
61 518
113 1098
414 608
682 222
961 945
132 144
412 454
346 347
949 372
63 1061
512 45
392 226
80 1146
25 277
90 751
357 497
262 967
220 1097
58 182
433 201
163 704
736 967
310 4
92 830
657 1014
1119 236
482 979
100 534
31 1393
619 681
174 400
308 522
425 920
407 420
122 563
456 1045
13 124
161 9
125 300
74 376
323 556
723 1316
51 319
838 333
228 652
76 343
474 1215
148 9
265 725
203 307
11 360
158 561
444 605
208 1124
139 320
1133 755
1114 1320
42 201
454 974
65 917
688 770
867 94
906 830
382 693
390 967
423 37
87 436
279 1056
100 180
433 953
122 124
730 326
397 4
382 1155
24 395
676 448
100 767
199 702
118 227
74 123
229 204
138 677
715 1044
281 82
698 195
840 643
251 974
288 989
415 174
232 391
439 199
100 1093
210 1146
134 466
169 610
88 136
650 17
24 742
87 770
31 1199
125 43
663 599
163 1355
388 593
444 632
550 339
49 147
303 1206
970 1091
432 422
331 1050
472 1262
375 1322
152 212
276 130
61 4
86 94
262 19
738 1234
216 87
741 588
1114 1421
464 1085
35 558
175 606
148 494
161 15
280 756
18 45
866 797
426 798
383 21
718 1246
347 790
128 345
469 242
335 746
0 878
449 6
51 161
844 214
636 197
106 243
629 1098
793 684
806 696
377 64
49 1335
1 222
555 708
205 668
207 169
72 139
354 777
29 869
120 19
693 668
142 1410
524 798
100 1136
655 723
228 568
378 24
139 1176
399 746
236 861
772 305
540 1176
646 943
297 27
537 364
207 787
232 822
102 974
196 611
1033 598
388 596
118 9
511 410
12 404
536 670
148 769
822 756
532 372
282 191
1004 425
188 363
482 37
167 388
264 668
216 119
333 720
97 873
100 428
224 423
235 728
78 336
377 508
237 17
231 237
332 631
526 967
518 669
18 26
248 795
222 920
909 1314
188 1186
433 967
537 15
199 0
225 1047
137 357
340 770
90 742
602 492
710 356
222 356
493 349
406 43
22 1187
325 1146
427 945
43 944
215 132
262 733
646 286
412 720
384 388
65 454
780 985
283 1316
234 531
148 928
275 390
261 452
284 422
949 433
534 736
825 112
6 38
550 33
468 299
627 431
310 312
106 681
88 223
113 621
13 268
421 1089
176 770
285 879
382 1338
688 371
158 81
127 1368
360 270
538 391
279 877
715 704
277 66
27 906
334 78
239 770
230 656
51 48
164 871
512 637
1041 1124
62 333
433 684
106 237
165 625
49 563
94 1284
77 334
186 288
96 845
392 209
489 945
226 354
652 66
282 302
486 832
10 830
72 608
189 1355
683 472
279 1162
321 1314
70 398
318 268
588 326
1129 1246
255 235
48 589
341 480
103 422
645 388
287 435
412 440
265 244
562 227
270 206
364 661
590 391
203 386
195 656
199 909
625 369
469 416
43 1098
505 192
43 104
529 237
127 386
192 604
21 371
766 897
280 66
815 752
83 10
276 394
100 251
53 240
13 631
195 933
149 277
775 227
33 832
11 836
154 441
75 783
311 432
421 211
96 633
248 550
102 169
1312 953
87 381
449 600
121 425
793 7
341 177
146 896
232 50
189 844
48 356
62 878
146 861
1 936
897 1331
1192 1212
609 329
249 22
230 440
332 169
537 242
13 709
9 1026
321 1105
79 754
22 804
211 119
286 576
354 204
3 301
558 690
436 806
258 261
50 710
308 222
114 26
215 590
529 356
179 766
265 1167
526 968
136 864
643 1052
586 9
562 1401
31 908
27 372
1064 216
631 1335
500 416
423 197
41 1246
15 62
88 225
494 853
464 968
81 939
120 160
108 94
465 908
475 678
622 968
73 46
552 363
132 734
1155 1092
413 588
593 977
51 1090
195 822
183 442
262 65
40 511
802 49
360 171
690 909
102 749
20 636
232 766
598 1406
194 236
20 262
9 1212
871 1129
471 739
331 778
174 920
271 548
281 93
423 193
174 1031
660 0
652 1047
503 17
174 909
370 608
422 563
629 472
569 521
127 1129
68 1370
122 439
438 770
708 227
407 213
172 395
493 494
569 598
261 240
97 10
959 1168
474 706
346 918
984 442
54 124
416 492
260 27
1045 64
88 762
603 33
449 574
199 465
70 428
884 1089
911 565
84 150
23 1089
438 265
189 35
555 681
447 96
100 945
276 89
347 242
230 381
219 375
340 1050
149 116
113 1158
492 1240
89 707
242 547
489 387
182 1340
413 878
81 387
413 287
423 325
78 101
9 1180
575 1166
22 482
120 135
174 688
962 985
609 441
598 819
86 1337
55 155
367 936
137 239
46 95
260 613
294 305
34 460
230 217
620 100
406 605
433 83
238 463
148 1031
90 30
6 454
382 967
61 37
25 646
174 32
174 667
256 766
517 252
189 728
668 849
51 736
261 251
58 1448
331 19
468 90
207 243
236 1042
100 401
248 463
659 359
977 1327
126 489
76 78
68 786
407 272
148 425
294 238
125 558
824 251
160 52
396 1129
332 661
27 681
357 686
869 1009
608 1042
280 1212
563 522
97 243
413 1262
536 386
419 563
489 390
264 277
137 326
321 833
439 677
231 220
627 166
19 235
41 596
58 615
603 0
151 881
392 45
13 116
49 836
26 277
137 340
563 1089
161 71
586 968
1101 605
222 632
589 1086
436 989
286 744
25 659
199 554
304 1167
378 220
688 1167
833 1320
171 485
39 563
403 744
80 725
805 1060
607 563
902 1364
1003 798
1113 1446
393 622
112 699
346 1119
609 225
503 363
175 552
89 72
766 1021
1176 1098
301 983
262 593
21 756
197 372
63 383
755 514
174 58
287 288
261 508
169 1168
61 637
271 966
295 53
1226 442
257 1065
209 961
295 468
357 1097
225 677
4 1284
20 239
22 672
731 741
1108 35
210 1320
136 534
145 1325
226 210
174 1146
357 68
422 155
74 468
418 909
83 1136
50 479
44 387
229 563
232 435
627 264
42 384
230 53
74 506
490 418
140 598
844 422
609 325
25 242
136 494
459 100
13 635
502 132
125 184
1221 1092
306 1092
663 132
40 268
1012 1136
41 109
167 552
554 563
721 339
123 8
87 169
709 1065
606 563
15 872
196 378
533 767
35 1136
489 125
372 99
138 80
256 493
709 94
447 64
199 85
94 2
718 728
438 251
286 180
142 779
34 1135
19 94
479 1097
270 85
171 1300
213 397
968 1176
694 1206
96 244
887 586
248 983
167 454
487 492
556 371
137 356
271 733
17 287
1035 953
18 349
755 703
156 631
15 1085
853 104
134 76
268 363
542 1487
448 278
658 356
26 427
327 839
313 769
61 554
496 604
42 334
318 387
335 694
276 438
500 56
136 533
148 1404
259 9
126 287
174 138
27 9
220 560
628 105
308 1139
185 558
295 861
335 19
15 664
61 418
261 43
469 432
114 48
307 694
270 17
78 696
51 448
709 371
289 1120
722 983
87 222
537 238
188 235
330 777
539 1161
89 604
424 985
137 176
31 911
487 268
768 1027
294 45
598 761
360 1420
248 766
289 770
280 558
569 588
81 1240
77 656
603 534
697 1088
687 1104
658 17
80 1009
62 783
51 307
356 756
253 744
11 979
148 364
227 604
418 989
280 18
102 1338
46 441
435 467
42 804
908 497
295 238
87 115
89 416
49 80
369 869
959 10
216 305
407 71
762 326
327 192
924 494
137 213
276 122
19 300
558 9
210 906
87 605
100 325
231 78
1256 1335
225 819
331 489
26 1146
771 604
1274 133
280 788
237 426
452 93
357 189
432 739
42 116
943 918
125 1091
372 703
88 913
84 756
265 356
459 425
132 319
302 188
188 139
33 1320
167 90
786 898
431 206
25 268
61 506
659 1038
165 289
45 240
714 1304
96 1158
345 136
244 288
379 827
303 920
161 323
42 229
923 334
297 369
240 1371
96 427
959 193
430 710
504 112
264 39
128 761
635 133
47 945
153 410
1136 830
137 51
171 940
764 304
84 709
1031 204
276 1295
808 600
523 936
563 694
465 26
763 631
41 733
224 420
237 563
355 747
159 395
722 688
80 830
337 204
33 115
278 739
116 225
26 363
532 538
548 206
367 1050
17 1097
439 30
811 1388
516 81
362 1316
1070 1446
40 125
485 770
190 21
449 1133
715 82
1095 390
546 326
423 770
262 433
703 826
141 989
29 1314
309 12
115 1078
372 506
918 1067
27 1361
75 403
330 210
605 1027
6 240
161 604
195 369
139 305
420 1231
146 708
955 593
1068 600
436 435
139 1098
395 4
86 269
629 696
449 49
327 792
161 365
464 581
78 49
627 329
445 369
437 659
89 23
566 369
116 37
334 568
84 256
254 806
196 4
295 727
50 902
130 524
225 625
90 1065
203 17
237 804
428 580
329 1027
203 797
20 97
15 720
449 68
289 728
550 685
22 309
511 1026
61 39
167 333
250 878
14 944
49 1324
3 37
350 345
428 143
284 928
158 1129
285 1358
182 547
673 1367
225 507
501 9
130 531
65 596
23 195
78 677
504 242
554 333
128 6
431 1097
772 228
209 1091
78 1369
585 1110
212 703
333 779
43 56
273 568
366 953
1078 1097
622 1124
896 953
258 280
782 188
649 1155
317 669
542 904
131 465
816 830
265 1009
757 767
945 1324
308 703
228 656
504 861
248 300
429 533
791 681
124 210
323 884
463 1252
30 1009
486 756
364 286
638 798
29 10
225 466
41 203
1220 368
325 293
743 904
649 729
530 1446
360 518
137 428
1313 835
185 210
235 371
625 299
53 372
651 1341
56 326
797 742
212 251
216 122
255 194
453 356
205 354
838 80
199 712
13 312
274 604
6 260
81 388
165 746
572 806
568 756
374 483
114 1398
260 653
94 979
314 945
164 719
571 10
474 60
14 624
175 19
365 937
321 95
17 675
603 631
445 446
387 506
521 429
47 113
132 1060
1096 26
788 832
489 337
719 1252
55 220
13 118
220 638
396 148
248 121
517 710
253 580
787 1155
26 506
174 386
248 372
340 532
357 39
106 632
238 280
13 64
458 561
74 693
355 1398
150 264
772 1360
521 769
241 1456
772 318
131 1167
90 827
150 655
330 807
485 9
276 51
196 42
55 604
1070 1359
280 233
265 27
195 50
421 1086
61 1096
678 668
832 1176
601 125
570 94
48 632
122 486
505 436
42 78
452 57
805 446
34 617
51 811
721 467
97 546
265 99
609 520
338 822
222 154
416 124
125 456
137 712
526 797
1 631
17 1015
46 29
286 861
51 657
50 531
737 798
33 9
248 310
453 807
815 615
222 917
345 112
506 736
199 1371
864 861
133 918
432 334
355 698
255 884
188 56
1093 684
395 1200
188 1306
102 517
28 1015
78 817
276 432
485 226
58 1406
500 278
9 427
624 667
617 27
357 129
220 206
33 113
681 1176
225 485
603 209
358 9
237 228
470 777
317 514
175 894
324 777
645 746
676 307
65 608
458 133
282 657
248 445
448 277
998 631
814 356
101 654
1007 1166
365 62
341 166
126 465
371 779
38 686
968 641
439 148
248 861
310 770
203 572
128 769
424 133
961 1009
556 135
310 210
287 143
188 1061
628 274
464 708
569 242
436 1100
126 124
395 686
399 301
424 186
603 369
162 968
136 928
175 968
85 897
211 563
68 93
245 329
17 1167
106 609
29 712
268 403
12 694
454 372
13 303
271 676
61 56
665 1212
68 631
238 324
212 19
89 1186
632 520
645 757
706 549
667 1009
811 937
706 326
289 1331
148 1147
49 830
234 511
70 696
86 127
248 68
235 563
323 268
123 1023
216 315
267 150
294 256
511 19
608 332
370 148
386 1360
111 85
267 1398
22 17
1172 1105
1048 100
27 830
517 430
284 148
68 369
171 424
209 109
41 655
556 325
429 100
486 804
284 613
421 953
777 631
311 413
983 1167
872 783
618 953
264 538
331 492
812 26
437 1305
867 1089
205 235
193 135
51 29
534 1212
658 197
218 94
211 733
429 898
502 631
83 214
58 112
84 531
58 30
347 403
318 1337
86 175
357 1316
283 631
175 668
231 694
283 268
70 362
118 937
232 656
781 467
174 565
535 34
265 322
696 822
577 19
148 1503
993 94
237 197
646 761
61 442
81 22
703 819
321 646
100 26
493 696
585 27
169 798
486 225
197 656
153 193
380 442
803 242
267 37
579 28
976 977
230 554
784 908
138 9
262 1187
415 621
33 78
205 201
346 375
249 1097
254 386
469 403
493 293
875 424
586 1319
369 671
327 87
514 223
43 288
327 268
337 26
173 423
276 325
305 493
436 734
127 1480
755 1321
421 703
168 350
12 671
115 391
391 1136
176 204
90 39
46 943
249 17
262 249
248 29
22 1097
126 0
441 204
217 746
164 439
63 782
13 387
819 770
968 770
215 1091
1025 984
93 756
231 222
369 463
540 132
234 1095
764 908
395 936
559 210
51 501
313 906
22 171
200 798
468 369
683 209
167 506
55 758
206 1398
388 1187
377 68
26 906
230 1187
859 37
294 596
133 546
142 769
346 71
130 268
831 1329
864 1342
185 66
115 376
122 433
369 725
357 188
1060 376
762 64
46 210
752 508
772 630
18 288
844 686
377 0
114 363
566 66
658 28
365 580
325 656
446 1221
374 268
269 7
118 286
9 1335
670 1215
42 1166
134 167
41 471
316 1009
261 1071
697 94
511 1050
35 2
1022 1451
31 283
390 90
232 325
317 533
369 1047
324 113
729 770
58 634
222 886
449 192
193 287
310 27
95 1098
72 790
428 85
230 823
1206 1386
61 1122
340 866
563 588
855 354
589 155
164 790
103 28
354 756
859 807
88 383
85 1212
24 214
485 1167
135 428
106 538
302 93
28 702
96 80
454 309
160 798
268 59
331 4
238 769
68 1467
28 64
269 329
435 1387
1064 214
88 108
572 563
254 268
526 1155
210 1135
154 66
269 688
486 66
469 277
1028 533
316 372
261 100
493 1050
217 371
557 100
127 366
281 910
61 1314
196 609
770 64
275 739
130 233
489 1179
480 563
610 467
97 757
481 1136
449 10
664 770
195 277
49 1215
171 465
294 532
489 681
493 226
454 552
61 28
474 1394
134 286
282 142
237 749
455 936
234 430
194 861
903 251
163 739
265 105
340 671
567 492
9 781
156 722
33 18
603 514
1202 1356
216 588
609 226
1037 1124
199 62
425 1047
545 712
884 104
196 200
844 235
432 804
345 171
202 549
85 1067
188 285
114 203
146 180
196 278
34 733
163 101
388 736
61 519
805 742
74 356
19 746
347 76
140 1067
392 1348
242 71
347 1038
672 121
960 1124
55 702
2 936
666 761
309 552
167 741
368 1101
92 441
281 1101
84 574
346 125
232 1047
93 204
303 406
556 842
665 244
128 937
302 48
436 572
590 265
97 967
284 845
321 770
1205 148
128 588
627 155
9 559
734 1089
10 744
357 1125
382 472
444 159
169 277
124 30
280 696
106 977
22 471
199 696
428 206
420 451
506 182
113 1202
502 703
305 756
134 769
761 1339
489 561
12 64
744 326
19 4
690 786
100 644
134 508
586 952
151 731
136 420
61 678
533 326
373 15
267 422
587 585
52 1348
124 288
276 1186
56 1340
24 1065
63 478
448 668
42 616
66 1320
89 193
33 210
209 613
336 937
278 855
35 1168
269 861
823 30
61 1317
1270 82
97 87
96 912
598 1332
139 613
248 1156
334 618
321 234
941 533
819 64
420 604
294 49
345 793
422 679
15 504
39 967
378 807
454 979
222 859
148 776
11 79
394 369
24 687
346 331
550 199
262 335
446 977
56 2
618 668
12 440
162 770
322 226
13 194
698 725
475 316
355 768
685 1166
487 1305
511 665
752 376
289 1355
188 384
87 199
518 884
265 832
834 334
421 204
388 454
128 706
174 235
92 600
12 1106
1270 849
590 315
115 210
142 1097
476 39
149 712
1117 947
475 329
730 1388
367 945
163 299
29 147
150 1327
267 364
432 206
553 807
96 556
288 1167
441 1370
361 640
280 384
352 985
238 706
963 133
719 781
425 441
435 652
1184 989
19 1284
423 568
364 413
703 1335
1024 142
844 733
716 1375
52 1136
746 206
220 609
479 757
380 1246
265 391
414 454
11 804
45 781
822 1009
110 955
134 203
286 1339
543 568
140 343
248 514
232 777
604 861
483 943
281 736
81 940
400 204
288 631
1142 1009
1087 830
321 503
295 708
89 421
61 1012
313 937
78 844
590 563
267 979
671 1167
242 761
189 541
141 66
687 1088
438 362
883 442
318 228
705 664
20 3
102 37
764 771
115 64
458 220
310 228
169 677
166 428
557 10
310 95
985 861
40 1065
280 1202
572 746
410 17
754 1398
290 881
294 235
20 936
45 907
502 122
542 746
295 226
347 630
61 1024
489 908
230 947
158 918
294 93
514 604
298 615
305 883
540 363
432 28
24 626
1 1091
307 686
334 1277
444 329
927 48
282 175
53 770
904 828
262 886
188 457
585 691
346 574
339 391
858 664
508 897
465 451
1261 1248
46 192
341 3
833 530
169 1009
780 148
137 822
284 544
367 560
81 50
414 1155
171 728
498 106
308 546
314 423
1129 1339
218 422
528 100
629 1195
696 798
228 554
295 1073
148 547
542 305
160 220
228 1158
627 1358
1157 953
840 133
124 631
118 359
105 66
458 906
87 822
216 313
201 920
719 604
1208 492
540 288
504 100
211 936
421 1212
276 141
703 1184
679 798
194 133
175 558
44 940
234 409
1197 684
27 744
437 420
721 68
347 336
357 741
365 943
78 192
410 777
517 38
965 822
284 511
624 1026
615 492
811 1129
343 783
321 570
50 225
102 376
374 935
428 1146
78 593
303 1158
508 861
785 38
25 463
502 903
72 1331
316 1091
37 467
581 586
84 82
27 369
149 363
234 1275
988 133
31 340
527 1166
772 884
469 836
609 572
80 1122
33 1098
311 139
772 1300
906 1320
364 124
489 251
356 462
126 506
785 668
167 344
412 269
186 824
367 336
84 319
429 1392
813 1248
784 323
121 45
452 722
454 749
362 1338
45 725
151 39
817 37
334 49
530 1371
383 147
302 362
637 907
89 385
106 175
171 653
56 572
81 306
776 580
216 1044
611 12
930 1136
97 85
31 215
29 16
425 462
424 363
423 733
1136 1318
381 711
61 499
949 844
68 744
428 441
280 333
276 449
310 105
486 93
540 866
341 132
529 770
94 808
592 937
188 1206
377 226
437 7
371 621
534 779
176 766
61 830
2 301
464 953
212 17
42 35
180 1365
122 211
415 1334
194 691
583 1248
188 933
154 534
33 615
426 37
278 746
685 944
356 1097
142 869
218 589
212 269
873 16
113 545
379 161
497 822
248 724
1000 681
295 1157
815 49
96 667
421 240
196 552
683 225
120 1420
116 356
24 433
125 4
435 989
944 545
132 709
74 1023
9 804
14 961
308 363
87 925
188 557
248 333
806 909
982 1356
13 385
899 939
135 615
177 114
101 715
550 830
979 501
196 93
280 185
764 262
34 226
294 574
427 777
423 1158
176 226
121 472
35 631
225 372
49 710
245 306
718 19
357 458
238 264
829 66
684 1177
1004 27
124 947
883 766
734 568
120 139
228 534
9 66
215 277
416 1425
517 687
279 434
291 1343
215 1300
33 1212
22 214
128 286
276 175
250 625
61 85
161 1031
740 210
338 76
173 305
727 115
150 506
13 909
20 1
336 634
195 138
61 342
468 78
17 1185
20 249
821 210
669 1425
365 790
122 363
195 568
30 1300
655 1060
332 441
215 632
379 172
11 418
961 33
80 99
216 479
150 676
602 315
160 102
1100 1167
215 1050
666 907
355 966
490 762
193 600
719 1058
280 566
951 1329
311 26
722 696
961 861
245 804
1015 1097
959 853
575 977
271 534
113 725
209 240
534 1136
132 632
423 26
386 19
469 268
20 524
605 822
88 351
30 806
158 345
81 878
41 141
502 691
788 878
102 155
196 655
489 493
216 698
96 1331
218 264
154 339
248 518
486 29
256 29
332 1176
760 556
216 303
239 1097
399 327
42 859
163 894
139 424
268 226
31 136
248 571
29 711
120 823
138 66
96 1098
823 849
216 605
76 372
65 655
1 19
329 9
165 881
61 1105
598 576
517 19
465 1038
523 492
139 807
609 631
288 363
908 778
88 707
365 7
31 556
68 554
655 805
454 240
679 807
367 1091
17 1431
61 656
794 681
721 272
84 815
180 1342
267 702
137 391
620 766
267 807
265 565
439 48
109 560
139 769
1047 756
19 546
70 1151
295 963
761 937
282 390
303 552
277 1388
325 880
677 898
164 546
213 428
447 45
911 492
638 28
339 64
476 17
332 240
139 822
758 792
371 1020
439 424
61 64
68 671
139 422
308 967
389 746
267 106
357 523
865 904
243 391
149 677
81 1244
250 315
486 448
188 388
161 423
114 28
747 1358
90 289
253 6
113 580
254 66
234 647
39 319
149 906
715 520
276 705
70 226
0 30
1030 530
174 510
1075 1117
238 523
142 830
815 1026
392 19
267 201
1003 1097
54 136
185 891
406 798
844 28
185 947
475 278
452 424
164 720
279 699
1113 1499
849 720
933 369
81 133
525 81
252 966
526 306
357 356
226 681
276 854
374 598
260 332
265 143
230 1
288 769
41 1264
324 448
485 66
1096 372
140 665
295 78
156 186
19 287
265 102
230 116
265 670
220 49
89 301
345 691
6 207
175 49
66 631
239 210
738 150
224 592
479 37
133 1320
20 527
496 365
279 889
329 506
345 781
555 472
625 756
844 526
971 494
316 64
790 1339
1047 467
356 1059
627 93
554 696
267 553
163 966
231 234
76 8
337 692
225 404
78 381
189 849
61 522
29 472
346 210
445 770
72 830
170 686
444 768
280 188
836 968
38 1316
47 467
606 849
199 667
325 337
981 568
593 966
372 441
752 910
961 1026
124 287
383 883
100 95
96 1320
758 295
966 977
237 141
729 225
230 566
34 528
302 430
1199 631
22 844
132 538
436 1089
92 9
84 45
160 323
959 442
682 1321
709 1136
286 703
785 446
1107 494
542 1079
1202 1136
403 730
363 826
423 667
391 204
234 245
74 308
768 78
290 532
534 798
27 671
160 320
608 222
884 1038
81 660
606 572
738 262
287 734
500 115
11 961
19 2
102 90
49 621
51 489
158 823
14 722
620 88
297 602
325 756
171 71
280 37
529 220
532 754
865 429
355 123
668 967
49 1100
682 385
44 161
230 334
731 372
160 381
1045 1101
211 770
361 222
697 197
234 210
836 441
489 1067
823 206
252 1097
186 909
170 1221
265 246
317 194
81 1276
51 1009
413 242
848 236
727 26
421 340
815 472
1028 100
729 339
389 325
1012 953
534 147
611 237
503 830
525 1091
764 230
737 78
952 904
691 778
816 631
534 497
356 631
31 367
134 15
370 790
139 1158
627 188
384 757
704 588
43 1166
22 388
210 822
276 558
158 1167
436 826
132 977
433 376
355 412
264 285
496 25
305 463
136 363
262 527
292 139
224 823
267 356
373 442
449 362
103 391
247 667
57 268
348 966
709 333
294 538
691 824
173 1167
719 790
290 665
116 197
551 600
627 278
34 1004
44 284
106 78
721 189
357 1062
102 832
291 1015
34 1062
628 53
215 440
1196 878
435 722
47 339
153 388
486 520
346 98
137 272
372 712
122 1139
966 1358
454 801
201 491
501 210
728 300
216 943
335 204
681 1070
479 807
163 1027
1 667
497 770
164 533
421 375
414 690
741 440
106 881
68 287
284 381
394 492
332 50
502 32
284 1208
48 252
455 226
234 228
288 781
1056 133
248 149
821 363
420 884
1038 1331
23 148
1062 442
260 672
13 98
248 1050
146 1344
332 148
341 768
199 95
76 606
22 2
74 28
55 593
135 27
815 1050
284 28
60 1392
114 605
413 10
532 471
189 268
280 363
297 1168
196 812
148 687
211 29
51 148
340 552
573 494
511 492
428 1179
913 568
489 672
572 26
193 936
132 1355
32 133
174 310
255 46
294 38
16 64
97 289
303 66
412 8
42 240
126 327
1285 204
207 522
87 364
18 142
428 337
322 288
882 568
184 33
151 546
691 1375
201 356
312 375
152 798
21 64
72 192
341 976
161 59
779 204
928 1017
768 454
89 831
407 459
334 171
92 425
471 307
280 303
18 204
148 213
333 832
608 798
729 391
470 391
20 422
15 420
137 486
238 649
211 45
454 1097
390 723
128 118
239 226
158 356
1292 640
99 756
763 951
531 605
485 832
34 1229
357 1065
363 742
417 977
608 434
665 59
1032 1451
413 363
646 547
421 1167
78 679
730 576
683 0
425 565
175 277
222 93
332 427
550 1195
312 904
17 436
964 615
340 489
0 510
429 1331
225 337
627 220
3 1168
438 600
422 1358
672 375
107 26
195 79
384 777
49 64
215 19
908 1217
574 227
80 1047
44 476
737 433
68 324
711 589
171 456
402 94
872 1129
455 80
162 33
643 968
438 841
388 801
755 251
63 981
162 225
545 391
270 832
135 424
308 17
644 442
129 546
10 999
578 757
215 17
419 93
556 1360
332 442
115 967
423 9
532 1045
441 798
25 373
42 671
294 1279
552 974
449 485
666 104
360 746
87 690
496 253
200 963
381 45
438 357
270 193
186 997
130 113
571 493
270 830
681 836
894 605
374 659
76 195
707 989
620 533
781 1159
123 1385
489 1202
81 209
961 777
125 1026
195 696
192 141
358 232
627 1000
46 339
57 1089
207 90
412 299
793 182
557 684
20 237
525 1032
22 566
336 62
658 422
458 1167
213 364
294 353
755 948
159 195
316 189
346 144
248 143
278 422
684 147
965 898
309 428
732 336
445 709
532 186
542 635
61 367
27 545
122 440
389 534
367 884
293 210
24 1200
232 933
853 442
268 326
218 30
971 684
489 434
661 1322
114 35
84 854
130 64
68 210
124 903
494 1013
144 506
372 1166
136 26
284 939
422 675
831 452
44 729
677 115
203 132
61 17
498 87
367 728
6 433
168 86
276 505
175 534
295 975
163 1168
1218 1065
13 19
1156 890
452 1326
216 704
504 226
20 167
498 132
193 609
195 384
55 928
679 26
550 786
238 17
152 153
476 458
280 462
506 849
196 334
160 361
128 189
658 589
489 487
666 806
489 369
905 979
823 454
608 300
33 1020
325 27
230 886
3 206
68 1220
310 545
834 100
716 904
67 1200
536 1092
271 324
174 52
175 8
148 435
174 721
243 533
311 68
303 129
423 920
156 436
404 9
690 1322
203 589
199 756
132 1220
284 392
534 679
266 628
203 492
493 829
10 1324
65 675
598 664
193 90
661 1179
51 491
493 441
493 832
199 322
55 813
161 277
650 225
285 501
458 807
361 608
396 783
137 192
359 889
188 573
421 116
136 806
281 76
369 1158
386 100
659 635
32 493
866 1136
127 492
17 957
359 1037
465 436
96 222
380 743
418 830
161 139
203 754
196 688
485 722
35 369
406 262
225 1318
222 1003
303 720
185 85
677 26
851 531
62 1388
188 432
540 909
103 12
295 1414
129 289
29 671
139 372
530 1363
174 169
215 278
14 109
604 277
97 1136
264 8
356 12
137 254
345 539
979 804
248 568
156 49
3 1166
130 325
148 582
364 56
224 278
216 598
86 268
261 222
61 428
250 278
73 340
668 1047
51 326
216 78
48 333
526 849
219 340
199 778
260 428
325 1122
19 436
388 2
257 751
81 323
253 588
231 188
74 1268
18 226
301 1326
358 244
19 751
277 832
1184 1329
496 437
141 746
1040 9
213 1331
789 1189
139 568
65 110
110 285
25 59
123 686
962 1124
491 668
225 756
102 623
261 26
925 27
334 538
295 180
225 1136
28 1360
930 339
17 552
525 161
399 159
656 830
453 582
752 1366
142 1314
325 210
681 770
909 206
70 762
189 255
137 490
109 849
25 226
78 508
375 493
199 225
284 181
61 895
338 2
118 1342
430 657
224 136
114 1327
63 680
963 757
765 227
74 116
96 1136
789 830
26 898
205 526
459 692
334 205
51 371
133 182
242 235
106 28
510 9
834 965
11 702
280 35
573 497
88 1226
432 704
253 769
544 568
22 842
505 1089
386 539
248 195
53 1146
238 247
68 363
358 369
132 588
311 532
388 548
350 71
289 214
58 631
134 1388
6 1023
420 242
41 283
733 855
7 1038
267 48
467 770
84 951
122 353
763 425
550 149
953 1414
523 733
879 94
96 999
139 47
438 416
372 214
182 1038
89 1068
427 770
485 600
156 287
217 12
106 201
23 652
849 472
139 1317
212 363
1022 882
294 165
449 23
239 428
831 287
1155 967
717 696
943 871
1199 9
433 855
412 132
125 1067
119 440
928 10
481 66
345 359
234 125
243 725
97 920
19 522
641 1363
222 532
121 26
147 777
161 871
185 199
718 556
200 609
340 1096
49 1318
202 71
116 454
280 226
216 365
225 243
610 333
755 386
132 1166
80 756
169 769
13 349
380 111
406 28
231 454
163 939
63 1026
1278 66
197 1427
140 51
166 1027
324 175
292 801
211 56
228 21
248 70
285 605
145 1029
261 669
45 391
1022 100
786 1070
123 102
51 1023
239 325
974 807
519 226
2 1044
635 1037
774 356
50 85
189 3
120 1009
168 383
873 435
223 568
1093 568
106 163
312 112
27 770
333 64
162 49
347 350
350 352
29 621
51 402
1140 133
265 1168
237 1187
1059 552
78 182
525 631
423 675
449 653
379 22
490 985
291 1327
554 945
13 343
243 605
114 604
423 27
499 678
139 27
1047 1136
83 631
258 314
90 668
496 761
275 446
123 977
959 413
629 1075
602 598
721 243
288 621
63 57
175 12
247 492
78 963
824 600
160 28
6 144
770 204
338 264
311 608
248 579
255 871
729 204
71 598
547 829
814 875
124 143
346 781
200 270
111 135
341 563
369 339
561 143
481 29
703 1068
215 949
174 226
201 471
212 875
565 66
24 19
45 1136
26 1213
94 908
183 188
340 1052
25 811
61 669
344 625
211 757
626 115
135 756
201 977
10 1098
359 180
80 243
328 28
106 588
294 1105
337 890
235 1129
49 394
126 267
634 703
7 171
291 412
402 96
377 428
353 667
492 1276
58 325
137 516
740 113
302 422
287 722
277 1136
237 167
295 213
324 214
295 721
207 526
447 33
719 761
188 497
589 725
207 866
168 861
262 431
113 133
192 1186
49 204
108 766
347 59
134 943
27 1362
9 786
669 989
532 1284
293 945
149 45
15 365
319 362
1061 442
357 197
18 1142
412 472
627 645
215 201
397 771
96 712
160 556
477 681
75 904
487 139
518 1110
759 391
762 830
132 436
394 210
163 368
284 163
872 226
248 64
227 1056
723 526
503 30
1 12
248 965
432 329
569 937
265 243
310 222
470 26
421 317
14 421
438 254
89 671
136 592
160 115
433 710
42 458
821 770
61 607
114 175
388 26
132 38
174 64
481 830
658 939
336 193
97 66
218 197
181 143
74 626
407 904
302 220
388 524
727 807
203 894
811 59
433 430
458 1016
100 684
235 441
810 1045
340 456
316 665
1156 947
396 365
509 352
719 1388
308 2
1155 1316
729 728
61 789
203 78
56 1129
439 598
158 420
441 769
283 623
154 830
11 125
436 948
23 945
489 722
1017 1384
97 175
68 920
238 797
307 440
438 186
911 884
308 356
262 777
914 489
108 1089
32 287
42 355
1089 1326
29 1051
239 225
87 457
81 467
138 656
1039 397
292 936
164 88
496 1159
70 512
452 32
71 635
127 1357
497 64
298 10
834 10
154 225
358 226
361 456
525 139
111 386
107 1141
421 113
106 419
455 563
303 563
284 109
669 369
346 100
81 495
531 1335
44 659
709 64
140 133
248 1351
563 688
346 842
386 909
129 2
125 752
13 817
253 659
538 671
97 148
271 844
517 623
463 969
359 828
125 1304
33 404
363 339
215 362
271 799
406 1097
231 28
581 145
170 306
284 321
33 92
272 652
638 94
194 761
375 549
129 252
267 302
140 592
741 1139
61 1410
199 176
215 534
775 148
414 357
447 445
729 64
864 100
11 957
356 671
892 937
11 165
321 441
525 849
154 49
262 103
372 545
14 205
138 920
734 1026
384 371
772 497
15 1252
418 10
595 533
7 604
174 707
721 372
78 547
429 1390
664 363
218 22
362 446
440 299
80 637
70 665
331 377
537 769
471 1355
1073 1038
793 71
29 83
127 352
76 113
1136 1324
455 552
218 222
53 148
374 829
761 547
305 711
310 1348
265 690
421 199
433 1355
1062 766
634 936
267 123
334 563
45 427
414 321
51 425
41 433
22 1003
57 722
463 968
405 333
122 335
684 652
264 497
138 441
61 933
159 267
423 148
228 558
476 26
379 405
410 568
90 144
251 631
316 458
388 448
292 268
459 195
681 8
103 798
262 737
618 1180
9 822
762 671
332 1098
645 65
154 413
1283 133
6 139
100 85
46 518
231 807
209 199
132 94
396 59
139 288
1107 100
839 363
502 634
2 797
96 1370
267 35
706 255
324 572
256 533
233 777
226 720
385 274
519 9
264 440
549 889
540 100
456 1038
184 711
603 1101
600 826
27 1020
52 749
388 381
169 493
92 442
351 766
298 1009
974 798
532 632
493 1009
430 115
237 80
145 213
867 124
258 204
981 533
561 556
618 1431
61 72
113 64
489 391
174 1105
84 712
377 1200
78 841
553 939
104 143
70 228
14 678
634 192
63 528
185 226
603 10
433 132
296 248
432 235
174 262
88 1013
1028 63
740 204
319 647
563 589
189 804
550 70
96 309
582 886
294 1222
911 1167
666 943
766 1411
43 1047
439 336
340 364
65 886
694 552
302 19
42 656
67 382
81 197
439 455
4 668
3 506
40 468
498 849
630 690
603 728
174 600
783 588
228 333
370 600
252 1088
696 1372
216 531
28 404
949 448
52 0
70 1067
11 511
43 371
437 937
411 1032
690 1336
687 1058
275 39
281 106
752 723
267 1343
142 93
338 406
108 100
494 176
78 142
294 1395
49 685
909 1362
181 465
262 819
317 516
563 552
124 514
139 121
1005 1386
308 41
232 33
228 1136
261 96
452 386
556 226
62 133
659 9
514 1086
148 108
514 113
785 90
297 151
356 35
1030 562
489 1045
1166 1212
102 616
421 485
29 1136
44 135
867 322
20 553
340 762
76 197
128 78
374 182
437 78
365 720
24 1023
144 1337
346 511
120 0
118 336
336 1246
46 428
276 632
270 356
949 491
379 1
124 113
635 443
566 197
13 386
26 631
609 425
388 789
280 759
209 121
96 26
201 9
949 132
627 249
11 974
504 1340
159 206
435 533
10 829
437 25
731 119
78 1264
508 849
617 45
332 637
42 165
84 563
109 869
267 804
521 1038
848 227
97 19
1072 1326
356 762
45 685
261 148
496 926
386 395
188 725
1094 227
114 593
102 501
68 288
61 46
709 756
225 235
421 54
200 197
222 461
749 845
458 304
185 339
881 741
171 560
80 1278
32 210
327 139
1045 861
276 652
608 939
88 18
224 346
870 145
660 268
1122 1136
203 369
248 418
527 37
97 814
342 703
772 492
432 822
248 112
729 0
248 696
265 288
325 105
645 1027
13 823
123 589
459 652
291 879
6 604
33 136
831 286
96 99
61 2
962 1210
8 920
174 729
611 33
161 255
61 869
698 391
525 458
337 10
49 217
150 917
61 1097
61 147
683 22
538 974
49 510
785 1155
659 861
453 150
523 172
141 299
562 1325
655 807
534 967
19 119
428 186
174 906
468 458
33 0
362 1009
346 180
355 979
10 990
761 1294
319 191
688 552
52 154
529 757
678 210
33 147
635 1056
150 1139
35 947
76 605
377 613
1087 1248
136 989
468 329
654 299
881 804
84 1166
394 560
1060 191
88 425
332 568
844 506
595 796
160 771
493 989
25 1294
78 808
224 608
201 372
439 728
228 556
12 675
260 364
347 783
21 226
649 154
49 43
216 894
137 225
532 722
614 227
412 606
772 1060
6 849
371 1324
241 28
89 826
780 236
234 103
67 866
592 403
199 728
283 465
302 1036
195 652
132 205
192 372
237 671
569 864
154 113
438 159
159 109
810 624
855 277
35 64
133 1252
124 192
656 66
526 520
150 462
804 939
254 568
570 643
327 1100
115 1213
200 632
645 798
25 6
232 1262
894 64
48 497
340 45
459 770
522 1264
511 85
324 9
956 494
489 367
433 214
68 485
43 631
525 667
327 122
961 1136
208 148
265 141
527 589
370 656
97 228
736 1139
33 836
115 1092
167 1027
560 1045
781 744
434 506
11 697
441 1361
928 139
385 703
276 45
148 1249
302 957
236 896
115 756
452 124
310 53
61 465
51 920
379 456
141 798
458 660
88 96
747 1343
115 369
294 303
225 830
767 64
569 1252
242 720
340 653
615 142
502 156
317 86
399 1284
668 563
41 76
975 227
163 204
311 592
125 869
471 299
386 416
49 2
107 1322
196 405
365 659
267 501
248 369
171 604
171 778
226 781
27 80
955 1060
979 1088
697 10
89 485
17 1082
709 446
286 918
49 425
294 251
154 226
20 687
267 658
248 740
102 920
237 93
530 472
744 1388
678 1202
287 141
374 364
87 116
284 362
956 533
627 1007
9 300
550 1120
337 226
905 271
616 454
22 422
527 1088
532 665
201 37
554 204
504 362
151 506
1045 1166
289 855
781 546
284 361
607 1097
568 1328
212 132
122 301
469 720
139 2
186 806
961 1246
188 1097
493 1419
377 1038
29 1370
20 53
380 908
292 112
15 769
914 320
353 720
373 684
265 43
793 659
220 142
70 425
472 1106
963 28
356 920
248 719
53 552
123 201
392 653
49 777
267 252
432 589
53 1097
81 356
428 1167
1122 339
425 545
593 552
878 898
201 197
140 871
487 1050
524 786
321 890
558 391
100 1328
452 362
27 1067
332 906
264 419
1026 1136
239 28
291 168
71 1058
180 1252
311 122
529 746
238 175
324 413
751 687
158 0
384 78
590 308
252 704
305 970
340 99
262 369
906 631
454 37
41 455
388 201
185 349
377 534
289 804
343 547
31 57
423 999
153 798
347 1365
48 37
687 1092
535 88
130 201
502 301
341 844
346 1115
478 100
298 425
296 234
1223 838
84 632
81 451
74 90
358 64
78 598
336 395
218 17
7 413
52 132
39 709
106 372
1074 1418
425 1362
397 1115
492 133
237 548
284 262
256 80
264 1027
194 268
505 204
41 615
46 186
25 1067
648 133
372 251
449 824
13 148
15 790
135 395
455 667
334 132
749 552
504 286
372 552
205 8
250 35
332 832
68 1009
119 534
91 1305
609 82
827 797
659 783
356 607
346 1501
111 456
310 672
58 1477
156 1089
435 696
334 17
547 861
211 214
404 369
746 1097
959 568
137 88
1070 1363
280 76
262 404
408 94
114 579
325 166
433 395
424 560
44 771
257 306
61 859
433 827
471 1456
447 27
18 9
452 669
138 333
28 12
78 604
768 94
232 428
52 512
85 671
884 937
16 711
265 389
11 48
372 722
1004 568
265 1324
52 336
1 456
537 180
106 299
287 1031
97 506
785 647
7 1252
174 237
218 741
525 1304
68 1320
93 299
1257 493
603 228
292 171
339 725
538 141
128 758
94 479
438 141
294 1167
346 890
196 167
761 935
17 268
208 635
464 1325
412 1220
469 148
133 1170
137 86
355 976
358 1288
145 1056
205 289
532 2
76 676
339 1318
316 406
551 629
164 646
413 629
303 413
230 245
96 356
496 403
800 620
127 1360
45 26
729 33
468 728
420 100
1265 362
267 1000
262 423
137 148
9 1067
97 281
438 734
357 1044
440 37
546 937
431 422
560 1244
196 211
46 27
471 770
238 371
60 1085
336 618
32 761
518 1125
58 180
68 690
284 556
278 830
961 9
327 836
388 426
200 384
210 64
224 1085
265 250
42 252
61 956
513 268
61 821
418 251
193 746
315 520
949 736
933 225
295 9
652 762
329 1166
44 1300
116 1360
129 486
48 966
188 789
189 920
1070 1322
174 710
814 746
332 369
831 1017
104 965
208 236
936 859
537 78
127 236
214 1430
188 41
35 966
1081 850
222 199
91 556
199 463
372 819
270 68
428 880
435 898
806 244
537 687
358 33
542 1214
691 1336
81 193
19 82
58 184
96 677
214 1120
314 245
704 1101
386 1031
609 757
636 22
33 565
123 37
195 36
196 116
468 1027
31 247
303 210
216 1002
180 761
231 356
132 101
676 568
728 354
130 1002
633 27
984 771
532 10
713 438
298 27
51 267
822 725
94 948
815 456
338 188
189 205
646 604
279 1325
542 638
133 1047
968 878
410 94
24 170
72 195
238 520
75 171
55 435
295 1129
282 741
276 150
627 482
432 372
234 32
6 947
14 568
96 192
884 182
308 563
239 66
784 771
71 1231
11 155
481 369
106 167
1068 978
347 547
96 408
125 615
226 1339
56 520
502 666
18 631
137 300
137 50
172 492
347 1342
394 197
268 948
476 495
1149 49
947 767
294 806
244 822
731 1044
122 356
153 116
162 653
142 277
102 382
683 1336
415 295
540 721
148 483
910 1259
195 1320
485 441
292 356
100 363
844 278
485 1341
17 859
391 64
542 959
466 37
310 425
124 435
70 142
3 333
377 940
214 1088
794 1336
554 371
390 1023
87 203
877 904
567 867
421 239
139 771
22 197
196 702
216 230
20 1003
189 388
280 481
691 301
312 707
11 479
949 235
87 1019
245 786
536 1179
632 206
90 319
1122 770
136 691
255 659
292 985
1039 1402
613 1129
44 160
282 855
137 163
9 906
26 1410
158 771
386 707
920 441
113 822
447 428
265 195
68 933
46 33
134 336
295 71
196 1358
203 844
127 19
1054 362
410 214
432 250
199 832
181 598
621 762
203 804
48 354
31 98
941 1371
78 895
35 339
356 27
413 9
63 1197
8 1264
20 26
149 1168
89 688
604 1276
42 141
148 909
295 884
70 685
218 920
305 687
264 968
275 319
867 1333
261 104
74 801
137 698
968 1161
129 720
506 520
722 1335
433 720
51 141
1266 1091
1038 1266
641 1336
186 1335
343 268
550 204
278 1168
470 1050
101 235
10 85
709 268
939 966
294 276
87 425
224 57
121 1052
53 12
323 1246
158 864
751 446
23 770
168 674
404 1097
1158 1312
830 576
436 824
432 520
933 43
140 811
22 702
139 387
84 205
104 897
357 372
332 756
73 1356
11 175
436 819
772 41
46 656
539 105
420 943
0 508
490 279
718 598
619 635
238 133
262 804
698 822
310 0
20 241
837 17
93 589
31 1481
58 408
706 403
780 279
633 425
386 669
234 657
448 731
61 1275
88 100
124 600
796 568
295 85
78 307
603 29
280 609
423 965
480 751
44 579
678 640
83 391
610 859
135 771
32 802
37 64
433 632
61 746
51 493
471 1246
10 143
433 35
84 51
625 204
39 1092
1113 1489
230 553
897 66
9 720
788 945
195 53
122 278
203 243
97 372
410 746
280 554
295 659
637 770
529 78
332 497
1002 497
1246 1341
1297 221
45 133
284 278
362 1326
175 479
239 197
240 1336
697 104
607 142
63 1374
210 391
372 945
229 945
635 726
73 368
343 549
530 699
134 908
494 707
20 235
925 80
564 133
556 830
288 968
124 349
844 206
385 318
87 148
430 686
120 338
148 744
135 362
44 215
161 199
79 1166
72 96
429 518
722 734
2 822
271 220
925 1348
138 16
615 770
811 1252
20 17
537 295
114 37
464 1334
61 725
634 635
6 22
216 106
645 17
232 497
931 904
61 1026
342 113
451 1129
215 1045
412 715
70 493
418 339
258 770
25 918
22 200
538 804
674 947
610 907
255 416
287 808
489 600
120 817
423 684
1143 9
607 454
454 4
153 563
477 913
195 35
294 657
423 573
31 665
1215 472
123 388
58 109
212 28
123 315
51 210
414 392
1221 967
196 458
423 631
467 779
540 622
392 656
142 621
264 68
449 1031
370 286
804 1027
3 1356
327 372
486 35
5 31
538 82
512 363
174 246
1297 197
78 725
556 730
29 728
9 869
138 766
34 620
44 521
44 318
683 964
39 522
643 1348
709 797
419 804
738 1166
433 741
13 434
333 141
120 1050
794 1510
681 545
839 251
137 1031
761 1167
448 214
214 977
55 249
150 76
238 756
754 605
118 604
35 720
630 112
1085 1415
209 511
142 965
265 428
392 228
27 999
447 212
188 150
271 879
12 1085
431 301
469 664
248 685
751 1060
392 369
534 354
358 777
11 372
569 51
452 997
10 1168
215 189
602 0
421 566
303 704
141 1089
295 1294
51 64
145 1330
772 1167
658 807
312 435
217 356
311 1168
446 191
199 43
580 830
469 345
396 781
148 1252
39 307
338 198
270 1174
609 534
609 197
81 729
1012 391
174 538
78 309
508 936
502 436
65 423
733 1430
174 933
86 1365
510 226
341 575
203 175
345 279
220 423
758 133
160 807
578 356
79 301
216 609
114 122
1141 890
132 124
461 552
431 746
231 262
110 422
292 4
97 214
319 526
440 746
577 41
581 236
846 425
168 962
93 526
549 366
180 781
150 625
262 608
188 644
480 430
33 148
283 751
314 391
165 668
111 58
628 819
308 278
107 1446
332 49
504 943
200 155
28 488
148 1331
455 465
208 850
44 395
89 1031
188 1381
282 849
770 1320
540 53
340 534
532 121
200 2
120 192
230 963
491 277
496 242
1174 1192
49 143
547 354
280 1009
248 145
653 349
7 781
375 1052
238 1044
941 442
148 720
480 433
211 129
103 756
262 798
195 878
421 386
343 94
258 81
203 497
532 1181
421 755
267 166
122 939
694 1213
258 61
215 58
149 336
491 315
38 8
604 182
321 105
378 563
229 757
229 1386
603 558
261 1361
53 1098
718 22
6 133
96 816
17 712
267 132
395 787
163 448
11 1358
209 1060
146 127
1039 78
201 979
69 39
154 19
370 806
786 427
973 766
9 744
517 319
237 412
31 142
502 124
696 656
254 493
280 822
792 522
68 909
152 563
566 945
11 527
594 371
149 456
230 110
267 563
532 703
30 186
706 547
493 288
373 730
21 210
294 770
445 356
93 945
303 49
322 287
196 78
280 32
550 777
321 1202
50 493
106 82
128 1339
334 615
145 708
216 491
142 333
97 61
1101 299
50 10
84 62
81 68
435 600
175 588
74 855
532 654
269 1491
22 37
162 836
988 436
57 441
421 327
155 967
199 99
327 124
171 651
342 251
635 182
843 1124
606 728
1130 684
654 920
1310 105
275 693
255 463
537 646
887 562
373 546
28 974
294 1295
130 425
76 56
139 607
343 1129
193 703
698 371
195 832
556 918
88 16
536 561
208 136
656 463
1060 1402
959 94
356 572
439 894
220 812
295 332
532 1016
47 545
743 19
615 113
139 832
314 508
132 1167
815 132
336 730
148 322
188 440
533 1032
70 897
49 1089
37 1320
665 300
54 1321
427 66
92 10
163 210
161 1085
474 563
41 804
737 733
439 663
199 493
837 363
425 637
60 518
453 936
78 937
160 1016
961 49
150 19
89 502
729 121
464 1029
883 898
51 87
372 744
626 405
34 987
166 45
208 286
511 386
120 1129
96 554
265 788
226 1136
73 423
284 416
365 180
54 108
157 234
267 446
646 580
458 666
33 384
529 1097
137 115
398 656
396 226
628 497
513 527
400 1136
97 844
1012 945
100 1335
22 675
565 64
334 1047
379 283
84 505
533 1136
377 91
521 112
61 1285
20 963
130 68
280 62
930 225
1048 53
376 742
904 1041
142 497
449 989
87 661
757 37
276 822
531 707
127 424
305 671
738 17
598 1266
109 4
163 64
262 566
385 467
262 529
195 798
759 560
296 100
132 368
524 371
1222 1009
632 830
551 192
372 391
40 647
447 292
150 301
503 144
332 565
421 1324
268 1104
276 1158
138 185
415 333
1026 64
46 926
698 225
122 731
188 28
622 985
241 454
737 19
113 1136
26 1169
85 565
208 171
357 526
76 977
493 779
268 1326
489 26
482 422
632 491
97 303
302 709
315 855
216 538
756 1324
195 324
262 410
800 766
80 441
421 188
485 204
148 664
416 761
32 1182
194 635
34 147
17 29
325 610
877 12
74 671
44 142
60 968
333 580
626 1264
357 307
220 356
297 704
550 770
49 866
516 436
50 64
405 805
297 1136
831 192
631 1324
215 303
208 365
63 733
189 1220
715 325
357 298
527 372
228 121
434 985
0 634
134 133
1003 757
738 28
303 679
10 762
13 127
1085 403
214 746
199 557
615 45
169 609
174 806
13 423
42 767
41 127
1188 1047
917 807
439 729
7 242
500 78
97 654
62 403
87 334
283 1246
349 1336
315 736
153 424
660 139
34 326
228 798
65 801
61 812
220 229
294 449
590 175
139 49
526 736
200 422
189 761
145 533
78 769
793 864
489 287
188 223
344 277
480 220
771 244
22 815
817 1104
100 1229
577 728
215 238
830 1098
375 325
550 425
394 939
448 2
653 978
527 1097
80 762
32 943
600 1326
521 793
691 903
530 1182
197 1187
203 1027
396 268
45 1098
49 21
710 526
610 770
248 1068
433 445
90 693
479 725
683 161
361 615
61 999
261 1089
132 572
265 372
308 806
199 656
441 1158
76 252
218 299
810 1079
173 609
55 998
392 1129
262 68
63 835
33 1324
96 300
253 51
169 356
158 761
280 664
529 28
880 830
234 666
144 1091
458 743
188 979
815 386
142 435
500 472
452 1031
226 685
933 945
96 545
283 8
197 440
88 740
148 1191
49 1082
1197 88
189 326
248 104
374 347
401 494
722 1326
278 741
886 1097
89 19
280 928
413 441
114 348
412 1027
398 333
715 448
159 691
17 466
132 116
829 463
313 598
698 754
85 667
885 533
591 35
123 41
265 66
41 1082
123 798
413 744
420 691
199 613
449 687
27 1176
838 684
120 336
442 770
475 48
51 334
386 572
234 461
138 769
266 372
709 226
502 372
12 968
403 871
819 1136
373 861
142 897
563 1167
181 135
188 618
872 242
142 26
265 829
108 518
19 747
20 220
382 647
538 734
458 563
506 589
420 549
558 244
452 517
136 830
628 99
841 371
158 305
11 57
458 1284
234 109
215 419
827 647
164 442
101 686
52 560
9 1087
222 823
215 139
558 890
102 241
160 495
533 1374
264 546
51 165
772 817
840 518
42 139
29 1020
317 345
280 28
512 427
31 772
224 864
175 898
381 552
196 35
142 66
165 354
44 861
347 413
120 78
590 271
432 920
109 881
772 560
556 85
96 652
61 159
308 606
137 808
658 563
9 1339
452 465
13 758
61 108
327 1070
173 139
65 163
340 239
869 467
163 132
412 949
161 131
295 716
195 789
40 167
390 1306
82 1139
438 474
262 150
516 691
961 770
298 325
102 175
124 362
131 1246
743 465
32 890
346 158
70 697
81 1181
532 8
414 381
6 199
45 631
294 804
379 377
202 7
158 928
704 8
240 1348
799 1088
626 955
267 431
11 768
270 1088
51 189
114 548
195 631
174 333
488 798
683 26
603 367
146 434
772 458
439 615
253 7
679 441
324 945
268 436
15 719
80 45
96 288
410 339
907 1324
275 687
51 391
192 909
308 989
960 953
195 391
302 166
127 514
162 195
590 165
216 572
603 64
166 10
889 1124
353 56
222 252
282 122
140 15
421 452
228 1047
197 26
220 372
137 105
445 751
0 144
140 189
125 492
432 1331
22 241
885 494
357 560
860 1179
282 205
44 75
566 204
132 736
420 463
423 433
627 42
435 26
82 804
772 465
865 953
198 372
63 568
193 1167
237 737
308 632
324 119
49 808
124 997
63 223
199 671
400 339
53 637
110 1166
61 194
72 656
569 730
139 12
793 118
132 693
429 1029
307 354
69 589
174 287
192 989
313 255
377 371
1120 1195
412 220
295 203
1094 133
39 1338
249 102
570 337
87 2
167 205
133 1330
50 133
280 539
49 618
1069 1440
814 1212
137 466
551 989
139 492
1030 985
305 9
149 671
316 410
636 200
900 1367
471 4
487 143
128 194
78 59
649 433
96 920
351 442
529 37
556 532
255 653
302 24
357 8
305 652
412 203
541 66
230 1235
34 418
81 579
201 119
336 56
150 654
169 770
410 206
428 777
109 372
672 690
197 462
14 199
52 1322
480 170
81 420
43 494
291 1358
493 568
849 1045
325 1278
364 493
988 26
501 939
161 911
308 297
211 93
943 744
727 428
414 222
46 386
365 918
550 534
196 239
334 1108
102 467
294 14
132 47
158 323
480 579
113 37
468 454
332 85
423 666
392 726
199 944
475 1025
209 970
710 720
51 174
335 798
182 943
154 371
705 666
369 391
68 35
502 268
102 390
318 983
218 572
199 1212
45 953
53 27
475 920
174 846
9 288
17 30
541 372
11 220
313 250
309 80
7 790
302 805
626 132
763 1136
763 45
97 344
139 1276
428 372
161 181
357 22
173 153
665 910
930 530
608 425
63 850
113 688
850 568
786 756
875 12
337 819
544 869
419 307
468 132
226 369
49 1021
16 10
440 1009
127 465
334 757
286 133
229 210
17 1235
340 333
802 9
549 182
230 406
61 1320
137 1004
122 200
167 17
186 1184
349 1179
58 630
114 139
527 939
752 805
636 237
379 677
283 526
656 762
685 832
341 289
408 1376
516 78
111 849
27 1122
80 652
276 327
360 823
200 17
421 756
819 767
476 640
214 966
193 456
201 82
364 121
465 251
154 661
337 545
106 1101
845 1348
229 777
541 1464
405 376
332 142
931 236
318 195
113 1167
224 235
1235 37
919 1062
329 977
480 1092
164 776
22 165
466 807
628 928
1232 631
102 310
44 424
92 467
122 819
294 308
71 133
689 681
432 1044
253 935
495 1052
159 9
55 314
688 1097
238 165
180 790
283 517
40 742
145 1401
337 830
41 668
138 199
331 1300
226 656
920 1139
405 100
341 658
521 362
264 563
74 40
174 136
423 967
392 53
28 596
41 382
380 212
943 861
26 1176
489 98
150 218
1045 568
280 789
423 821
603 61
938 883
556 29
628 534
286 769
123 1018
656 1136
534 113
230 241
188 245
138 1136
122 722
666 10
228 49
121 371
267 144
508 568
668 1345
297 339
70 333
475 527
111 139
495 613
377 325
122 285
844 881
173 801
333 728
683 135
283 615
265 786
148 1138
324 26
357 271
205 3
349 1348
58 1073
421 604
130 416
423 1262
238 93
31 1335
933 45
31 1318
123 632
493 1070
200 553
42 1
281 649
248 113
174 685
866 339
778 1326
276 709
429 1401
22 292
128 687
476 499
569 720
33 204
163 19
99 1212
449 591
114 1027
24 200
550 744
437 277
89 682
142 1278
508 456
486 64
423 974
683 729
76 881
1302 1341
287 333
433 329
280 277
423 428
333 1320
44 212
444 201
318 367
19 1065
261 192
1149 51
550 210
1107 766
501 756
888 549
715 728
365 744
294 70
814 609
282 1338
1122 441
163 9
72 95
346 133
436 839
3 372
17 235
24 967
764 181
433 623
1084 953
29 326
21 766
691 653
341 357
122 39
242 829
678 1188
243 568
388 277
238 64
411 1009
377 27
388 372
13 22
230 278
156 442
34 16
244 989
864 359
317 841
295 745
258 1251
477 711
346 148
49 300
162 356
524 696
388 1059
298 1168
300 210
345 1388
358 10
379 492
608 28
1057 23
914 142
10 696
150 189
1285 1329
712 1396
295 287
112 443
729 226
337 968
298 339
1238 1366
489 192
210 652
839 600
11 150
340 66
333 1361
3 822
517 522
440 725
200 163
811 148
68 80
23 730
645 271
74 39
909 600
130 45
357 739
429 115
447 142
228 586
84 652
493 637
149 195
42 285
525 386
291 904
150 217
1242 9
1162 1124
228 725
386 363
504 451
316 894
369 1098
438 318
74 338
298 1136
502 421
503 1070
136 339
920 497
269 180
49 268
63 256
477 968
304 984
142 226
479 1027
110 17
174 418
276 203
769 1252
609 29
280 721
414 234
91 1302
791 985
78 1185
61 729
308 757
174 459
670 614
823 362
655 12
1045 1300
372 696
831 161
1048 435
538 1136
192 836
586 387
330 454
468 939
386 47
627 150
138 671
826 1009
44 928
48 676
387 12
96 670
1 1300
280 324
347 937
881 307
843 397
66 354
25 75
454 798
167 82
75 691
134 234
309 1136
19 1430
75 1340
253 268
550 428
148 1320
812 552
200 423
74 141
321 1277
288 204
228 62
61 311
42 289
232 9
451 861
625 741
779 830
265 402
27 621
286 546
142 463
361 4
406 422
42 608
1167 1326
139 1202
265 671
18 442
493 1314
27 637
758 1337
532 171
265 1089
471 372
139 798
310 199
745 372
267 660
707 1091
0 771
758 173
435 806
290 752
844 354
327 663
63 933
379 1304
789 812
280 93
216 340
84 0
284 65
295 75
388 658
594 756
1175 17
578 807
147 945
1052 240
415 372
2 1168
199 653
241 757
89 254
534 1355
224 277
332 413
148 1170
31 157
17 554
40 209
412 19
164 182
39 491
137 217
63 401
233 1136
212 1337
1286 562
28 675
386 836
165 214
188 143
161 592
153 268
44 961
161 1067
74 48
591 1009
31 624
34 782
646 1058
265 45
100 832
175 235
423 108
723 306
598 1031
191 742
269 192
430 1338
929 631
311 423
327 1050
95 1166
433 82
37 770
699 236
378 798
33 83
1046 1182
154 29
434 112
395 1050
755 826
634 1246
356 967
188 1005
74 114
635 1253
192 1320
181 1300
886 807
591 269
659 904
303 838
10 909
464 160
551 1167
347 861
761 546
218 175
429 227
267 686
74 432
1259 977
68 78
248 660
280 377
150 142
97 489
687 403
31 792
290 41
44 947
469 420
22 139
962 112
262 49
237 431
61 105
228 205
313 790
373 75
160 878
238 339
31 929
102 458
475 389
518 1156
54 1335
49 1026
196 141
133 1340
386 1120
406 22
608 818
150 372
769 326
754 966
321 10
791 213
102 39
331 1302
373 864
39 572
452 696
140 420
45 786
123 654
251 734
374 134
135 940
110 966
91 492
377 842
55 499
195 93
386 1321
696 945
12 93
343 1337
81 690
571 619
560 306
1047 830
26 989
10 565
844 546
61 434
449 707
262 102
464 681
61 527
167 220
655 757
518 16
744 1252
61 254
188 947
682 386
212 492
506 8
639 568
332 113
218 132
504 463
784 98
370 255
336 918
1281 700
280 944
26 580
1197 100
148 674
307 522
630 925
208 506
100 703
264 220
572 506
26 204
87 712
45 880
310 936
199 17
48 668
199 210
368 822
649 2
683 332
745 684
423 1168
126 269
215 357
94 563
1311 1351
183 835
554 756
696 104
1220 563
321 781
819 363
228 836
53 26
271 79
444 697
160 388
630 411
149 29
498 76
93 210
76 632
476 661
279 7
261 703
221 100
295 195
132 844
1220 289
837 749
256 27
136 1115
423 906
343 506
436 997
303 566
540 397
31 759
271 175
696 391
474 208
142 391
50 777
759 226
410 508
678 372
123 807
135 1300
17 263
265 147
915 1088
309 1097
449 1115
469 133
877 635
78 658
255 268
27 798
163 93
278 939
12 575
335 222
33 427
58 861
401 568
619 397
324 101
197 796
541 1166
200 920
257 1060
507 777
197 1003
363 391
709 428
403 829
248 52
150 694
89 370
215 297
222 789
805 671
41 181
821 26
327 1428
234 24
216 368
590 307
243 777
649 102
161 588
100 777
222 596
627 501
340 195
195 10
1186 600
84 1068
39 115
405 206
310 100
449 416
181 336
832 64
439 101
630 904
903 989
877 562
148 263
421 550
386 78
758 579
206 1343
70 656
58 1331
468 830
638 849
48 979
370 96
891 1161
137 287
609 371
108 80
165 546
161 182
195 841
291 915
242 769
534 1278
41 257
265 18
86 78
308 271
41 681
212 1050
720 1355
106 606
609 142
51 26
1031 1136
569 1305
304 1246
593 979
167 1050
297 150
287 47
290 377
188 526
114 468
401 442
94 1369
45 845
346 146
1091 1318
394 372
831 15
20 372
327 435
70 96
468 56
148 515
480 90
52 96
428 906
375 26
149 556
201 214
280 243
348 939
200 167
327 1408
294 287
295 837
84 441
979 920
471 93
70 945
465 613
47 604
435 1158
305 113
665 326
579 560
248 53
367 9
404 339
1001 272
660 410
174 436
564 463
493 895
230 17
1233 43
161 598
55 1015
265 270
76 1166
438 517
230 611
197 1328
201 757
257 805
512 904
106 563
19 818
815 135
125 1009
311 278
830 1146
49 205
496 268
74 476
308 187
81 563
161 242
189 101
609 80
359 1042
267 262
150 439
106 324
253 347
39 376
134 822
956 684
231 552
40 723
275 8
1030 146
220 767
132 1430
234 560
841 204
158 504
258 493
600 1320
15 761
203 966
587 643
836 251
1131 133
610 533
418 441
308 498
243 830
394 945
551 17
221 882
493 572
141 441
28 462
33 435
199 333
220 1327
190 898
556 391
626 657
1027 977
247 532
1041 985
28 252
102 228
666 286
158 218
102 1200
476 608
121 113
28 455
496 790
100 1129
100 938
126 81
94 707
653 1337
604 133
388 205
200 725
57 691
843 279
31 842
7 518
372 563
2 520
58 113
434 845
534 855
471 967
275 1221
628 131
53 363
710 1045
58 57
256 441
386 1331
373 51
143 1136
279 1253
262 200
423 907
563 1097
26 725
261 690
40 390
81 32
671 631
50 652
203 198
609 623
13 493
216 746
171 761
195 539
824 989
33 621
660 132
41 805
199 300
49 1115
209 336
86 451
184 497
340 169
164 463
439 307
58 104
423 199
572 588
318 911
337 104
225 777
58 359
228 79
138 113
445 62
120 410
174 377
479 966
493 1212
61 425
627 698
27 326
532 634
255 343
872 781
360 19
9 730
321 107
126 423
199 325
262 37
280 821
52 830
270 169
918 1038
374 75
513 116
216 84
757 488
439 365
412 1088
849 1202
270 339
41 212
449 551
125 398
608 563
762 391
493 898
88 21
785 526
45 788
42 801
182 1365
14 1295
19 731
78 144
432 1091
606 804
115 1225
430 526
124 10
197 404
41 299
137 721
516 667
84 1032
788 339
804 819
900 234
300 945
373 277
9 1211
421 603
399 356
556 420
295 1067
751 1200
1176 1179
262 480
146 7
377 131
8 520
262 204
538 983
380 52
31 1143
203 1355
445 49
27 728
41 660
502 664
646 937
874 684
216 493
40 58
785 471
356 821
405 589
449 703
134 403
548 955
317 102
229 917
377 413
676 1009
308 102
268 277
408 10
81 91
668 64
1220 968
511 4
430 709
224 56
634 985
216 500
63 959
938 568
291 966
269 30
836 339
218 48
35 588
496 537
422 746
367 334
1181 1091
532 124
318 1167
485 64
138 228
169 945
89 49
161 49
844 731
79 1027
677 425
44 455
565 1341
80 47
94 527
119 522
403 546
261 317
471 506
447 421
245 243
1005 694
97 1174
174 897
475 767
40 866
428 656
222 548
357 343
49 133
374 1339
45 147
193 1300
78 368
345 142
42 214
160 1341
159 132
51 574
92 806
413 354
1099 227
650 78
1011 1025
228 696
61 335
849 440
78 287
498 101
399 303
834 897
939 1398
655 1042
172 677
44 561
603 49
22 127
199 1179
1046 930
74 170
287 1331
394 356
1254 460
500 2
901 206
489 292
24 446
525 243
362 1026
493 47
222 26
265 712
412 939
175 830
525 172
532 19
84 93
203 967
111 281
138 1324
26 545
202 359
199 154
42 1015
356 404
361 19
295 889
140 781
146 71
908 728
347 182
137 685
269 1394
672 936
11 1045
786 66
97 473
205 522
188 470
237 64
63 938
43 339
262 553
370 192
283 739
534 9
29 696
340 80
143 1167
924 63
42 197
468 1355
224 148
432 165
149 362
705 928
430 967
729 1129
386 600
73 252
220 197
99 945
387 1129
49 47
452 867
156 691
683 818
70 1176
66 1136
169 26
126 271
137 36
518 287
278 757
766 1165
357 719
297 520
551 386
474 436
288 1146
225 568
603 45
31 1247
357 433
413 141
909 1320
908 1302
197 64
564 761
228 1314
262 817
757 1358
924 568
1159 1067
386 274
591 387
200 650
180 850
199 326
111 861
433 277
173 1268
333 652
327 171
619 359
20 201
479 563
225 371
214 440
499 1318
80 1117
217 604
189 605
252 977
106 422
230 738
617 425
355 687
498 82
108 436
712 830
567 96
281 150
340 821
933 10
174 428
533 835
226 66
487 1302
377 24
537 62
295 72
433 746
48 315
301 563
511 752
51 1264
1155 1338
433 657
19 83
125 497
124 1335
930 204
517 1060
180 985
563 440
150 746
396 373
542 1071
615 1045
489 463
920 277
370 406
344 715
682 274
381 26
100 43
126 22
1031 790
284 388
195 163
471 746
432 43
287 664
215 589
169 681
208 59
567 656
262 1136
187 205
634 1091
423 1047
434 12
81 172
341 220
139 1050
721 87
100 615
154 428
251 1031
305 685
97 424
311 455
449 1085
774 823
381 757
454 671
933 372
496 413
790 1320
53 56
40 729
329 588
356 113
88 333
97 42
423 744
339 1320
126 186
63 644
150 527
504 549
333 1158
545 1047
1127 631
532 455
246 1136
357 42
458 332
688 600
134 411
61 429
310 139
334 169
458 884
311 1256
341 593
429 684
569 872
2 1091
283 967
122 526
489 43
132 307
228 442
216 68
156 124
1037 133
274 9
53 1320
137 789
468 920
45 1026
356 589
1188 576
27 554
216 432
196 749
154 305
844 715
438 386
52 339
75 78
598 403
188 722
18 104
199 4
1094 904
226 829
358 139
489 339
13 86
138 609
660 1300
1247 631
308 39
134 440
646 790
118 171
65 1327
70 185
202 112
142 565
819 989
294 440
438 948
513 609
84 391
327 551
709 647
106 102
60 1330
489 983
761 354
316 432
80 906
125 881
519 210
283 560
327 688
493 244
76 966
327 560
104 621
215 252
430 382
331 1167
361 240
63 971
196 532
432 101
68 1361
603 516
534 554
454 1235
384 1386
367 210
706 861
509 236
13 719
166 1088
222 334
577 456
0 1045
468 65
225 621
161 326
505 186
280 497
34 248
122 82
491 440
150 249
540 372
19 826
294 159
403 819
78 575
19 319
17 368
41 634
659 769
51 256
191 1155
445 225
70 339
254 251
452 288
262 64
302 123
225 226
959 100
58 343
158 556
335 454
603 830
49 819
267 39
193 643
437 1067
172 544
657 1200
887 133
337 652
534 652
530 968
238 855
558 210
629 968
649 910
346 730
1045 898
68 368
721 9
261 989
423 228
947 1390
517 445
597 1322
454 252
1100 1403
65 566
88 326
328 65
267 222
65 410
249 388
37 945
506 526
51 213
891 1117
122 1220
80 781
93 966
441 1146
815 1246
1148 953
294 854
33 1146
350 719
203 49
483 1246
449 696
447 30
87 121
698 1166
32 598
822 1067
399 251
102 657
238 113
550 26
81 163
302 645
435 339
439 1264
226 26
815 869
361 135
785 132
310 309
264 201
439 35
569 182
235 920
327 722
338 30
324 688
96 32
489 109
231 61
40 815
696 878
395 446
49 1320
364 871
132 251
188 12
134 527
248 425
344 56
58 660
220 2
428 272
310 356
167 966
48 422
347 420
646 15
11 1335
841 339
689 322
169 10
47 9
439 618
61 1020
427 756
524 12
78 497
282 93
51 1395
201 1166
448 606
45 1067
453 17
433 48
933 9
612 904
323 472
163 506
778 604
493 631
439 255
341 804
126 58
372 806
126 474
237 29
46 9
352 904
61 777
454 1003
256 66
180 9
358 965
103 369
309 436
337 1075
41 131
358 652
831 790
301 1343
215 315
394 770
183 684
231 1097
100 680
532 910
589 968
413 605
13 1331
33 671
330 371
94 806
160 1
296 494
314 511
595 767
278 552
556 1129
357 182
174 637
311 1378
1100 989
211 532
669 1017
68 441
458 624
216 97
369 1212
12 1235
215 70
657 1338
128 75
61 464
873 746
134 207
1045 1129
195 100
265 600
32 989
80 1324
418 568
101 201
751 739
302 67
189 403
302 548
68 1117
20 658
445 1262
474 264
262 844
721 226
188 100
683 139
136 192
220 17
428 869
161 613
160 278
234 852
317 766
521 463
212 153
132 1038
392 630
344 668
486 741
847 631
225 66
341 291
407 944
78 1279
75 350
388 798
508 85
269 343
329 968
160 172
224 182
427 204
129 522
818 845
669 943
114 388
361 970
536 171
738 11
271 472
595 882
871 790
120 875
268 301
836 1091
215 163
1012 777
481 968
294 1082
33 410
470 766
218 492
104 1047
268 538
33 330
574 49
903 1279
353 307
392 305
489 968
102 395
284 970
493 1320
1177 64
356 1327
283 433
51 1202
84 169
669 403
412 422
385 628
333 85
730 790
31 156
228 866
458 759
1167 631
433 115
764 582
1134 254
26 133
189 299
395 1009
563 1139
395 687
585 349
268 903
222 749
15 1320
692 1322
117 19
270 391
542 350
268 463
596 757
291 236
556 288
124 29
395 492
68 568
84 637
738 979
422 688
682 653
647 1221
512 12
228 822
70 435
930 429
433 1034
511 1259
237 441
356 675
25 416
345 365
194 94
173 506
379 511
39 1360
345 884
607 552
40 517
44 1167
536 304
475 216
9 943
420 1129
106 315
321 156
815 410
695 1117
357 7
384 12
233 423
590 1136
102 334
161 118
17 115
148 26
975 133
746 37
888 146
738 220
386 251
356 45
97 2
379 319
294 1009
224 116
438 703
74 571
608 142
271 201
149 87
455 560
276 421
422 1027
215 82
918 1388
75 1252
271 419
832 945
402 27
15 776
49 62
554 391
189 769
695 415
196 844
563 37
425 605
65 426
14 1142
1031 1089
479 798
90 115
304 1118
17 1187
55 418
460 442
164 1067
151 1139
494 457
53 756
207 497
137 779
130 909
893 474
93 1167
129 881
146 953
94 1276
295 357
87 1001
468 197
534 897
19 1321
823 1360
324 428
329 522
132 903
402 228
271 454
390 1092
379 532
604 918
437 811
437 194
258 1123
209 0
585 408
420 226
303 356
94 703
284 332
455 26
119 588
238 677
433 668
28 466
496 15
58 305
159 989
536 133
740 777
47 600
1269 368
222 875
455 756
6 222
161 413
783 720
302 844
263 562
122 315
290 22
11 203
68 411
175 589
928 192
149 709
448 534
454 596
155 977
598 588
308 609
169 309
104 631
268 943
532 1276
316 698
163 305
659 547
353 165
156 9
28 240
203 433
282 372
895 1407
882 533
197 1358
222 116
686 920
134 534
280 49
189 242
704 546
46 37
262 482
1139 1456
175 35
1316 1092
126 17
66 798
9 243
86 628
165 589
386 505
48 2
28 1358
87 43
235 64
282 480
302 431
609 339
551 186
743 1300
427 830
626 623
51 787
27 769
454 141
284 602
542 366
369 947
88 149
24 686
333 999
456 451
372 522
549 1042
396 604
107 397
132 1188
119 289
696 788
217 422
437 62
474 802
115 1308
65 812
524 1189
900 31
406 204
718 318
524 225
365 403
195 898
436 669
160 432
433 1430
150 289
140 659
96 354
723 797
805 1003
872 286
284 310
7 326
928 436
558 398
237 823
109 1009
176 113
577 936
84 1215
341 1000
93 354
334 336
232 494
109 1304
137 1009
486 855
750 100
645 237
1226 835
601 525
49 66
26 369
456 970
308 686
134 50
38 115
308 11
12 1327
519 45
199 677
93 989
642 819
41 2
238 1136
19 867
268 1119
444 76
367 132
61 229
160 759
139 552
764 356
12 807
145 518
92 766
22 175
1211 631
494 1165
89 30
93 1050
13 1167
428 192
607 493
42 220
267 967
198 35
663 541
63 145
114 370
928 1089
658 12
130 493
61 345
418 29
89 136
160 561
76 225
93 371
347 451
122 186
455 1129
75 15
57 436
200 1235
226 621
265 677
917 798
363 66
625 855
284 32
683 87
149 53
134 605
74 302
81 109
148 739
127 1086
20 329
426 939
94 771
196 106
138 906
704 522
101 277
114 1086
493 372
125 532
257 827
138 1009
166 333
263 1333
764 939
891 890
928 770
540 567
556 937
230 426
62 391
748 1248
41 523
286 669
285 201
485 363
787 647
853 684
288 576
128 71
73 372
377 771
14 909
163 119
108 268
711 288
196 76
125 135
161 937
956 176
883 10
499 554
774 687
24 827
336 911
541 696
124 66
225 10
444 468
58 1052
35 8
1008 1329
280 556
161 790
621 770
199 830
295 1339
89 516
467 1098
31 602
429 292
42 1003
325 779
537 161
355 1358
11 335
151 167
15 669
598 604
793 494
921 1168
801 1174
224 506
48 94
423 136
80 326
165 17
164 659
292 875
798 631
295 769
706 146
267 199
12 527
133 1352
355 201
452 666
0 395
392 96
1150 1445
425 912
280 568
142 667
87 192
664 989
405 283
340 46
920 1101
843 112
267 899
660 687
336 842
197 552
296 346
626 480
502 1089
369 878
704 720
24 657
490 904
653 850
220 163
231 12
480 798
202 333
62 289
790 720
200 165
324 441
119 82
61 1352
645 589
254 531
458 493
88 254
294 909
101 720
126 1337
99 244
516 508
84 655
347 904
295 86
228 1020
154 368
494 351
297 344
439 783
328 22
101 526
100 244
386 124
342 1425
404 777
261 516
329 654
195 1117
298 951
325 565
715 119
160 262
698 43
967 953
436 141
114 327
34 885
74 645
226 588
550 61
74 805
324 520
646 769
783 861
102 1155
13 604
99 26
29 880
115 226
553 757
799 977
768 19
303 277
410 668
265 405
471 741
199 27
773 362
61 457
830 720
122 386
425 363
161 32
304 1050
629 1120
78 119
71 451
422 440
137 565
679 830
379 752
9 1012
373 598
284 552
344 289
482 1166
321 500
200 548
1145 631
216 1252
137 333
261 367
797 354
20 278
790 861
519 64
489 121
626 200
382 1014
556 1266
211 49
216 6
238 96
286 761
68 712
652 832
238 547
377 626
189 43
887 429
428 762
414 22
697 807
871 1340
51 761
51 123
474 1115
664 1017
511 139
295 864
148 659
356 206
1039 132
102 963
68 274
222 817
69 1497
821 142
388 741
171 911
17 605
804 1047
168 706
42 103
89 244
437 345
538 1168
116 552
554 631
123 189
45 363
65 211
123 278
463 776
270 945
512 326
1193 1009
791 112
294 187
908 472
280 68
867 192
22 405
11 446
728 970
283 709
234 476
445 191
563 1235
189 87
221 494
226 1212
889 1179
142 744
33 176
534 141
124 839
860 1399
287 1072
433 446
532 172
657 268
89 126
983 1369
374 277
617 832
195 243
199 497
647 522
542 270
149 423
232 27
196 636
255 1294
385 1331
617 442
264 830
233 499
142 1105
479 754
357 386
248 567
28 369
311 358
346 451
696 770
286 664
160 72
74 1065
666 403
321 656
327 1439
119 506
468 977
591 911
844 440
447 53
265 617
124 441
1006 830
644 766
75 769
189 119
598 776
537 598
48 733
258 64
321 148
280 199
649 3
933 391
238 777
68 45
345 892
345 635
449 124
31 476
672 845
301 1327
25 521
600 1335
562 493
721 210
31 1380
87 1262
500 928
385 94
44 379
262 471
19 214
102 1023
665 463
150 410
250 629
502 318
292 410
88 435
297 29
40 686
31 583
188 332
234 947
626 967
192 1337
275 1155
679 757
196 1185
61 184
125 685
228 325
36 558
485 989
137 375
504 403
476 256
7 1340
184 1512
58 1214
444 123
40 967
502 1186
13 38
325 29
188 37
271 979
151 668
174 217
973 442
432 68
195 1158
418 436
170 268
199 685
25 208
258 1202
748 9
586 1344
627 966
267 362
52 204
17 828
625 27
362 1089
32 436
321 418
423 563
196 330
39 299
271 93
423 777
332 226
84 138
406 597
242 781
569 483
118 1337
264 388
1215 953
61 807
505 703
208 943
686 968
703 836
19 1045
791 549
518 891
63 796
452 742
887 12
839 722
195 105
421 608
51 997
222 410
20 211
772 746
395 1304
392 1050
36 441
61 305
121 142
559 878
517 657
88 750
212 136
49 625
78 3
41 139
76 194
792 8
169 213
42 22
245 767
207 751
519 225
558 756
931 146
529 65
174 18
123 241
77 340
63 885
1165 1135
13 121
7 937
494 1411
74 220
86 49
302 122
97 212
45 1320
261 683
419 299
453 12
625 967
540 27
443 904
658 454
170 526
563 920
40 377
24 751
28 278
225 300
454 675
1045 822
1167 1038
267 155
92 80
161 463
163 371
397 409
449 32
316 936
251 997
325 1136
51 96
61 779
303 741
148 7
752 1155
302 42
163 206
388 920
380 304
219 8
6 191
26 897
258 1315
41 193
558 910
215 289
523 506
415 1311
502 884
338 1104
303 1005
971 188
844 454
305 369
503 37
821 372
476 90
200 807
76 339
85 277
327 54
331 506
304 336
712 832
207 115
224 817
345 268
342 1050
15 1067
608 807
737 12
764 237
222 1187
444 106
226 403
386 413
370 423
136 1109
380 970
159 78
19 109
40 1014
107 1319
489 50
228 324
486 82
603 53
84 212
19 356
280 621
216 139
537 546
558 66
20 423
215 125
353 844
762 66
216 188
356 801
165 686
227 1414
392 770
303 728
122 1166
814 410
15 935
468 42
129 1139
61 235
438 108
441 906
702 1088
379 508
173 217
133 1435
125 545
267 163
93 441
45 1168
301 1358
418 1136
340 53
539 1180
90 1234
167 198
839 1009
310 463
215 606
455 797
379 281
295 1340
1125 1346
701 43
133 1332
808 1333
35 301
606 307
283 19
89 362
218 250
504 171
188 732
153 609
327 72
200 563
89 363
1022 1135
669 907
590 631
840 58
670 618
453 28
266 770
447 68
2 9
81 466
228 1318
302 1027
574 1106
26 9
574 562
228 339
458 455
61 671
374 71
150 486
103 552
175 169
10 572
564 906
439 602
761 861
134 113
961 1091
358 199
39 1200
341 548
0 333
360 687
20 482
569 546
84 677
171 1085
146 1401
525 1300
316 1246
769 790
758 598
74 175
54 274
161 109
442 545
382 1052
17 697
415 539
216 243
432 830
232 945
234 884
230 1047
10 1362
723 1023
763 96
881 35
150 381
225 244
222 145
258 82
128 347
441 1335
267 235
116 690
176 372
122 222
291 905
140 56
808 722
377 660
96 62
88 210
228 367
130 169
158 936
811 761
248 10
229 113
1168 786
35 497
339 1047
268 580
582 26
361 260
91 397
290 1246
710 805
830 1009
665 362
13 68
517 1014
216 354
436 93
28 431
1197 494
120 506
132 1088
421 58
83 1009
346 112
327 516
346 111
42 453
449 634
216 388
55 653
372 299
542 218
414 751
133 497
357 742
363 1031
267 556
264 235
768 966
476 142
949 920
188 959
684 293
436 105
579 305
498 372
301 903
192 884
590 704
148 829
218 814
774 746
421 565
234 307
327 78
776 937
788 830
603 777
18 29
433 709
425 1212
1122 391
361 492
1030 635
139 965
683 325
203 222
201 754
530 1042
161 62
453 102
342 1331
227 1255
50 78
1091 1335
196 150
526 1200
468 1097
843 904
542 549
412 977
763 830
770 898
281 362
466 339
353 572
92 703
106 220
423 427
96 124
249 754
92 472
562 1344
150 789
439 911
75 1388
275 686
948 903
944 1176
41 91
210 143
387 778
311 268
432 175
44 456
428 770
235 790
1162 904
81 1
864 1252
189 94
386 2
443 133
346 477
140 364
109 1259
23 363
264 526
346 1211
362 869
413 690
542 112
203 48
97 305
702 1027
360 28
33 625
304 19
52 456
305 3
162 136
593 757
89 100
1104 746
469 255
1032 1335
402 926
22 451
1186 251
125 0
40 278
739 472
421 143
310 605
388 141
38 805
418 287
114 746
281 752
174 135
476 492
476 526
670 1115
199 725
17 461
615 339
154 381
195 650
18 770
250 229
51 1115
174 303
65 656
88 573
12 1029
114 899
428 1314
332 1105
566 226
137 143
63 470
501 206
489 175
256 43
61 485
305 333
218 1088
458 495
884 842
458 669
691 707
174 300
33 652
169 621
268 454
421 326
1032 1026
35 467
294 1065
148 1072
200 64
14 527
228 497
218 746
331 336
215 720
230 114
249 939
410 849
232 712
249 552
89 703
696 1146
233 371
531 656
558 696
989 1320
232 508
283 319
29 667
304 506
227 1001
399 609
72 423
570 551
280 455
502 46
238 861
19 98
138 442
70 356
791 472
282 723
268 1129
691 435
132 826
527 552
168 182
264 167
534 62
51 207
61 667
323 1300
548 939
130 96
124 333
875 798
526 1338
13 41
616 1097
413 286
195 467
19 35
29 244
271 354
595 296
265 846
192 631
588 937
297 33
312 411
20 812
407 861
56 62
402 425
152 19
51 169
502 688
267 193
211 204
283 1014
65 394
149 439
83 339
203 920
626 647
120 801
68 467
6 634
432 76
281 731
66 568
123 82
379 525
163 243
238 226
268 937
480 746
227 1256
611 49
185 685
803 161
338 169
454 804
84 226
625 1044
624 1032
216 85
752 624
686 563
531 968
344 201
472 770
1141 105
322 770
215 654
386 144
61 1004
114 432
216 271
186 770
388 817
235 391
288 756
404 756
357 17
493 690
841 251
626 517
138 1006
591 423
436 742
175 132
399 903
386 903
751 723
605 898
908 936
614 1121
137 35
884 403
188 237
127 1379
267 879
426 807
62 497
167 235
47 95
556 9
579 268
375 1336
151 218
200 93
61 1331
61 484
52 53
579 527
517 395
413 251
116 325
13 521
670 425
340 493
291 122
432 497
220 48
628 1396
231 42
682 778
203 329
399 153
111 819
222 563
75 269
577 1129
615 910
224 345
200 1015
51 545
35 82
176 442
313 386
196 548
516 19
883 26
28 1104
683 369
161 842
150 94
196 1327
75 279
475 357
333 829
412 189
902 712
224 746
325 788
452 836
627 3
330 391
764 197
125 560
20 725
516 806
341 454
949 720
63 92
185 425
55 480
31 544
102 593
22 554
118 943
14 290
267 479
564 769
733 589
442 1335
46 1072
449 30
281 517
59 776
133 1031
176 497
303 982
293 777
305 142
84 87
475 175
29 1006
165 315
464 458
511 881
444 645
114 159
561 19
388 431
716 145
22 593
252 859
791 9
216 590
34 223
423 47
234 413
226 47
129 1101
870 1110
15 1332
1026 756
89 288
341 527
237 875
631 1416
27 288
529 798
227 1115
644 684
329 966
50 545
823 589
302 1398
464 127
341 915
421 43
254 124
704 315
264 807
188 610
11 422
120 116
381 12
25 439
182 1231
1133 94
86 227
268 2
161 144
476 226
688 777
33 1047
396 295
472 1176
655 727
437 75
204 1324
569 758
989 631
1090 1032
303 360
295 343
348 94
49 632
122 1088
612 279
611 78
137 28
68 493
92 568
271 167
630 1124
58 413
42 388
721 756
356 333
267 122
70 770
379 489
280 10
265 79
308 28
34 1032
108 703
823 757
392 135
60 472
51 619
58 528
33 455
142 99
196 410
438 317
563 1015
74 480
603 9
40 752
434 411
45 369
617 85
109 631
276 1184
84 314
257 522
188 1004
782 232
489 897
270 144
517 382
207 372
48 12
937 1320
655 798
343 133
160 470
68 802
493 339
106 277
41 19
1068 712
248 800
888 1124
919 284
135 1101
68 1006
165 966
470 228
14 251
385 428
321 81
575 37
789 115
402 945
12 197
313 989
31 334
314 109
260 1052
577 560
242 937
485 766
148 1478
438 435
447 80
516 105
561 4
26 779
174 1087
196 738
398 1047
34 947
174 594
312 1224
196 1187
126 936
169 554
493 661
252 757
899 301
125 897
102 812
1018 1331
340 591
184 1137
377 911
454 3
188 186
262 548
158 772
174 404
228 671
490 435
130 6
284 234
130 678
928 287
198 1220
84 96
239 9
294 1412
185 756
806 1184
663 641
296 835
193 817
489 1038
569 354
216 442
550 945
100 425
405 257
60 1415
357 344
835 1129
303 756
421 229
33 28
102 1358
150 229
27 66
192 707
94 1279
156 703
199 1151
14 379
329 497
1158 1136
304 132
78 403
286 1067
20 823
369 907
458 30
249 28
423 214
132 329
428 779
474 1482
99 770
1015 1027
418 531
458 197
504 1337
386 1276
295 935
627 357
84 120
428 610
458 387
340 928
228 565
29 1158
295 425
119 252
336 659
525 333
945 64
235 1252
14 1009
688 472
42 1027
41 129
630 506
268 1340
659 850
503 1176
449 46
97 201
82 974
445 637
85 204
201 1044
913 533
188 220
207 563
260 830
189 167
142 1188
81 194
447 907
294 1021
196 694
659 549
629 27
56 93
438 10
329 315
347 1129
292 989
238 188
242 776
230 798
532 1166
419 736
276 1329
276 591
128 1085
222 431
395 849
656 652
762 467
19 573
112 861
327 1438
438 268
439 704
102 170
258 226
108 192
188 1171
558 605
995 133
259 985
834 35
225 21
603 377
342 722
468 1168
218 82
262 240
117 132
405 909
148 1255
88 945
321 836
340 951
976 206
192 806
237 458
554 762
267 522
142 526
564 598
920 754
297 45
374 51
160 1434
224 546
438 824
413 337
25 783
636 222
52 770
188 652
294 324
1074 188
817 197
909 1158
711 1314
199 869
303 43
345 59
565 842
346 940
271 412
894 278
331 1305
284 334
402 66
265 254
332 744
329 1088
402 1136
120 452
61 262
66 467
303 144
29 878
439 491
172 832
159 287
255 928
138 545
114 1097
302 1185
98 1091
399 948
517 733
29 210
67 445
218 804
719 1365
167 48
347 7
356 80
509 953
353 101
142 545
213 692
283 805
15 364
169 154
340 0
175 472
10 712
42 675
1129 720
81 28
497 545
574 387
94 436
782 1331
210 712
382 1348
29 66
272 113
174 293
502 274
494 133
39 797
805 1023
593 798
439 624
195 272
226 730
899 966
174 455
20 311
329 798
220 553
295 576
327 81
706 506
61 169
960 148
891 1311
254 26
413 235
437 653
367 29
9 462
811 336
208 1342
149 377
96 441
55 42
162 58
516 953
603 744
108 139
926 776
412 315
377 362
137 510
499 640
428 35
148 946
71 1342
642 1095
538 362
516 186
340 68
636 28
121 681
881 299
89 144
305 339
139 1070
114 237
1186 363
403 1031
11 976
388 252
379 458
521 943
448 546
657 1060
214 299
142 939
188 372
379 734
22 153
288 728
160 290
316 160
603 80
163 807
292 703
22 93
329 39
122 419
167 422
655 197
130 364
160 1097
228 869
556 861
62 85
132 728
285 1015
409 1431
13 4
331 485
88 644
391 779
420 770
694 1275
231 303
719 9
24 390
139 1181
51 220
625 82
132 757
245 233
283 336
465 842
471 119
521 1340
1271 197
448 1101
761 669
609 920
188 256
346 508
11 548
93 315
347 94
729 66
6 925
355 348
31 1163
10 427
10 147
815 19
171 1489
42 1059
627 658
100 1167
332 621
152 262
493 781
611 102
160 602
333 756
33 356
171 268
271 82
815 1129
703 1031
177 754
21 945
41 101
6 1388
84 514
303 226
504 518
84 334
217 113
502 78
408 425
276 501
1006 441
199 425
287 707
743 492
371 339
218 749
262 497
168 490
116 807
523 1091
194 1058
39 526
866 777
459 429
480 807
119 546
608 757
120 458
536 959
610 696
571 145
29 26
215 422
129 56
905 1166
106 94
65 139
228 821
91 1038
102 441
216 324
269 400
174 698
22 278
883 712
501 204
681 1086
463 1047
347 781
111 1032
808 362
134 721
25 62
148 937
376 526
196 852
329 472
111 184
276 815
677 696
68 263
238 1264
435 1091
681 641
129 654
677 1045
357 448
235 93
430 38
167 1355
113 1314
188 277
959 859
44 660
632 572
68 1098
424 356
116 1088
207 413
687 1091
322 1001
161 539
285 899
84 56
947 64
1015 807
703 664
609 563
588 943
51 3
371 293
123 471
188 506
492 1284
343 463
685 64
521 100
236 1344
195 356
234 81
81 669
379 273
297 101
161 769
703 1072
489 210
284 493
665 783
211 1355
363 1066
291 357
321 406
494 947
780 567
390 1042
139 1188
137 372
135 144
453 454
379 85
32 560
280 428
276 35
374 872
79 756
13 142
168 1162
458 96
31 158
385 68
51 83
965 326
911 598
9 798
174 1012
255 364
1045 1009
116 579
131 728
284 304
163 454
270 371
230 1097
311 1084
284 171
237 356
96 609
229 798
626 395
340 391
110 28
448 625
308 807
481 591
599 792
716 279
683 96
492 1318
806 1068
332 435
120 271
447 193
35 440
684 1381
248 1460
203 197
102 566
72 598
239 441
321 937
281 109
469 666
1165 533
125 90
505 722
489 989
25 46
78 1129
335 391
210 37
40 486
318 604
496 295
665 714
40 414
403 1129
715 29
293 66
1039 19
264 2
677 1136
864 1340
333 703
68 48
572 1331
128 604
534 920
189 677
550 1168
663 19
58 985
1033 761
865 236
47 463
590 339
186 1186
733 299
42 218
325 204
137 1122
10 788
12 466
234 139
94 1185
623 526
91 1129
248 190
244 251
27 711
433 440
669 1167
66 1098
70 205
90 634
258 227
1 132
412 474
723 827
621 832
486 425
224 707
844 830
90 424
520 720
130 684
63 1013
144 801
17 588
61 230
392 0
114 193
103 454
1070 1348
199 697
270 807
282 751
563 155
594 372
158 19
423 897
581 112
716 530
169 391
225 210
9 656
392 139
606 704
282 792
229 17
504 1231
715 572
228 330
132 1321
1062 2
159 27
212 1129
81 416
357 75
346 442
79 631
542 13
216 591
13 359
22 19
379 1026
630 375
1047 770
357 1016
267 12
1 1097
45 779
375 818
153 807
801 1097
63 243
494 436
196 440
150 222
226 1020
392 1218
74 249
220 309
532 243
264 632
160 910
455 27
684 1151
475 3
794 1179
10 288
70 1098
710 38
282 785
423 12
632 471
318 556
9 1324
563 206
173 303
254 830
433 1065
659 1129
78 4
295 7
437 208
120 423
480 209
159 754
378 967
343 1231
826 1089
102 80
267 203
631 1098
21 770
79 243
480 395
196 801
370 1072
346 892
286 182
971 766
262 725
333 989
86 133
774 609
281 961
519 756
44 878
749 1434
439 125
423 1122
161 1340
55 431
160 493
234 819
226 725
31 1244
904 726
425 427
389 497
132 471
530 1319
537 7
282 476
464 142
195 217
97 68
454 1059
65 688
1136 1146
115 492
61 463
17 404
428 558
759 640
530 1390
218 491
1050 910
404 371
711 1176
89 514
683 222
268 180
6 81
881 736
503 142
883 333
23 906
894 756
3 1246
458 46
311 749
27 652
658 1097
276 188
294 962
295 740
438 96
188 423
122 616
148 10
500 133
476 517
248 1136
458 451
174 866
299 725
338 774
345 326
111 458
74 163
199 485
7 850
632 1355
983 1326
154 945
65 702
333 920
161 342
276 252
128 148
414 38
746 725
808 770
137 135
222 672
305 64
115 945
355 200
590 344
265 418
270 33
25 1252
99 656
502 1335
269 586
222 35
373 118
390 751
537 347
437 546
423 609
377 815
261 363
224 216
556 940
22 1059
81 908
901 22
68 167
344 315
49 9
15 9
550 9
577 458
174 141
161 395
534 244
265 85
886 37
1156 1351
19 362
186 671
502 563
146 345
412 588
569 744
290 560
357 626
28 339
609 85
132 787
280 115
161 720
343 226
830 756
133 687
13 504
163 344
479 979
647 1200
276 962
174 73
433 723
227 1157
704 1139
35 830
455 493
160 661
315 849
601 511
1125 1334
412 546
574 585
172 624
174 314
426 757
414 257
49 368
55 454
124 989
39 723
137 538
619 549
723 1003
242 884
102 462
474 521
67 446
275 526
815 1032
245 64
230 596
452 808
335 563
670 413
120 989
325 580
470 339
154 362
595 100
447 126
390 1241
53 898
522 1092
13 936
794 968
616 28
294 839
506 861
337 1136
149 26
137 70
215 625
287 1186
316 29
296 533
396 133
9 770
974 37
102 605
439 604
1242 1248
128 521
524 17
149 332
337 744
723 1060
259 197
312 845
265 609
806 819
697 349
420 790
11 136
160 367
137 138
358 426
133 1339
284 311
327 1380
430 623
332 337
20 384
685 1098
369 1318
416 1017
185 325
418 94
441 210
180 1058
811 268
151 235
103 1386
216 61
442 326
883 391
52 228
292 506
551 722
978 1179
435 1314
737 37
323 565
81 200
99 830
77 485
220 110
832 798
555 1056
377 970
489 703
556 100
340 310
486 728
925 681
455 362
297 920
162 174
148 78
58 395
598 1170
877 236
82 855
220 575
124 413
737 214
822 898
327 784
392 372
682 1326
238 790
13 446
364 604
758 242
774 153
134 1252
343 1058
939 1358
286 903
271 214
13 659
772 489
516 345
442 1229
446 739
623 723
164 684
70 965
171 842
542 353
234 1073
238 728
437 189
235 520
216 761
944 1067
238 433
321 86
294 558
51 409
20 378
18 333
159 945
310 19
31 209
447 909
410 454
369 832
174 819
195 556
508 1300
459 29
895 1334
609 428
500 342
10 243
248 683
306 967
707 766
433 319
114 173
712 770
160 240
1 336
250 566
22 334
34 680
71 463
78 655
875 807
755 363
677 10
99 652
298 830
524 1097
160 292
538 563
82 372
538 777
63 136
61 333
270 29
36 1098
394 37
579 604
479 822
276 38
61 47
97 13
942 188
276 997
291 468
317 808
268 797
188 740
25 744
549 1037
444 844
681 522
378 262
441 1020
380 487
314 49
6 526
961 410
130 132
220 823
98 560
174 340
200 524
657 687
429 848
564 15
284 424
504 326
514 192
438 292
522 299
388 844
150 454
11 737
630 845
678 1105
202 413
329 526
572 251
122 218
106 720
610 45
1101 725
334 36
502 983
504 268
111 1091
224 208
112 1253
341 42
84 489
73 27
59 937
78 471
557 766
379 284
376 306
324 299
226 756
202 86
29 1179
601 395
588 520
1015 1234
61 1167
762 1009
22 578
920 1097
380 718
99 300
479 1045
325 545
58 935
346 660
392 29
802 533
439 781
323 492
389 830
305 1009
300 1136
831 242
222 593
0 631
430 739
171 1334
413 943
126 518
219 500
410 37
102 36
88 850
277 945
506 1073
894 369
284 292
61 338
313 1050
438 691
773 977
89 1276
237 756
211 1136
396 937
698 94
194 598
40 710
659 268
530 1348
2 563
234 749
36 1120
327 755
294 501
50 982
20 768
41 191
181 778
189 783
332 495
683 228
228 615
1170 363
165 37
265 770
257 967
61 1262
590 855
765 311
438 100
55 738
310 300
11 278
436 333
184 508
234 1128
342 369
598 182
22 404
344 3
265 260
623 647
531 27
398 369
517 124
346 635
51 604
199 21
340 96
332 199
837 269
230 807
174 28
13 99
123 19
110 807
532 201
83 371
500 493
56 677
68 709
111 1129
438 671
261 280
136 1384
356 688
156 1091
248 629
303 804
40 785
682 1322
135 786
280 143
248 199
703 631
308 1167
480 12
71 861
219 1070
139 1262
1058 1067
245 309
621 631
941 568
891 337
197 533
604 1326
250 538
688 391
120 722
681 563
333 143
173 599
7 1129
481 226
554 832
303 579
397 349
96 277
703 725
332 1009
447 360
276 353
905 94
122 589
35 27
405 430
279 443
368 1431
74 623
86 50
63 802
70 337
86 549
500 26
196 1059
105 631
361 336
452 572
24 797
656 339
180 326
829 1340
379 1091
26 1122
406 694
97 855
428 293
132 752
151 632
29 845
80 671
139 559
303 1203
313 458
294 99
150 1015
534 1320
658 1234
302 737
789 807
188 78
439 563
782 533
738 302
556 169
582 675
334 558
402 428
242 935
399 267
321 1425
51 445
39 1065
168 843
698 49
344 471
458 78
290 172
709 1014
430 1065
203 979
615 391
196 1036
314 499
137 631
23 965
226 1009
556 369
136 180
20 462
2 977
27 1009
373 56
215 235
61 413
892 182
133 463
14 618
961 869
31 1016
23 452
19 879
185 1098
276 436
152 206
248 494
7 451
116 917
174 744
683 361
537 403
27 878
152 292
100 457
228 607
379 810
26 442
441 1117
534 1098
126 114
464 877
67 827
84 1047
468 188
239 78
218 139
163 285
195 756
25 1332
262 344
412 439
598 1159
287 572
348 17
76 1220
627 348
1027 1327
365 71
114 541
189 356
361 81
1122 467
331 1038
19 778
100 1061
446 1060
132 1065
440 967
449 433
192 948
68 36
262 649
216 625
148 740
627 252
467 1212
167 757
429 659
632 552
235 855
346 76
139 565
433 17
772 1050
61 213
167 491
40 787
122 206
22 688
120 936
345 451
378 150
369 66
174 878
58 66
171 180
10 600
41 289
805 1200
171 362
627 214
370 1105
703 600
0 970
532 354
609 552
261 867
598 769
188 132
532 506
572 703
80 1176
476 1155
931 148
419 728
27 47
160 42
321 769
197 422
211 17
92 1136
529 422
298 45
43 1105
72 133
102 394
540 56
350 118
623 797
258 1136
846 652
327 514
254 442
303 1220
22 455
690 869
302 563
0 121
34 179
84 997
423 442
357 93
808 1089
421 712
355 852
532 104
196 414
252 804
364 497
138 533
405 647
61 531
188 221
510 391
428 326
487 465
188 1225
248 770
945 1146
536 1341
372 720
438 127
91 135
372 315
410 1026
268 1339
591 372
146 383
531 35
469 75
211 339
158 1300
52 434
78 141
101 534
137 554
518 895
660 356
106 235
53 326
52 10
121 1336
328 220
375 9
660 19
195 47
758 604
423 96
341 966
167 94
18 369
413 1087
591 98
345 493
81 199
135 493
663 792
267 688
114 1343
367 508
192 1184
235 1264
591 561
318 171
937 720
226 501
125 463
423 1324
55 707
142 909
384 17
85 652
103 204
369 605
103 78
436 725
591 487
40 818
423 113
265 16
132 746
339 1026
161 556
1136 1098
20 381
246 425
214 1345
532 588
362 85
776 326
439 878
286 598
830 1370
696 210
151 324
682 1371
1114 802
67 787
656 552
836 1089
388 886
113 788
78 920
27 105
42 372
140 546
36 621
447 120
150 203
360 1246
97 432
412 324
219 623
94 920
203 736
161 68
460 684
188 746
1062 494
569 604
11 605
413 142
17 362
676 804
48 440
603 265
602 878
335 1386
195 363
188 356
388 309
978 1376
770 1381
549 896
28 749
154 369
248 985
203 704
292 236
2 1246
678 770
25 238
254 703
12 554
103 371
706 286
439 1284
73 356
660 746
282 1065
365 133
120 58
148 1186
928 492
734 1009
89 261
682 192
188 563
609 64
45 744
728 1341
13 861
40 739
386 192
521 403
63 1107
134 295
305 897
158 439
325 554
452 532
333 906
294 243
276 1105
424 192
369 363
17 615
524 582
439 678
238 736
248 204
508 1304
527 798
904 896
164 864
425 884
280 545
436 1031
438 313
31 292
438 287
61 192
35 506
318 113
332 1317
162 92
81 970
284 395
216 295
43 756
731 849
41 1092
709 752
121 1300
103 388
282 405
883 832
439 1045
150 656
220 1003
58 318
755 1279
19 424
80 143
635 1041
73 303
54 538
92 493
124 1031
19 90
534 1370
852 206
321 33
423 769
237 593
566 333
70 43
959 533
13 518
939 1343
75 985
355 501
211 113
268 546
786 1158
965 830
196 789
196 53
216 141
160 127
149 770
449 517
132 201
29 372
31 684
840 1068
160 37
97 220
280 781
724 533
592 790
279 1042
195 678
209 154
360 600
824 1167
532 1027
31 92
75 168
205 56
429 213
784 1167
145 691
414 199
295 958
222 694
708 12
19 278
291 432
358 1006
875 454
34 724
230 688
256 750
740 766
31 108
1145 1248
19 274
226 861
465 989
459 228
458 613
72 228
1064 433
204 326
16 288
671 1097
324 339
97 830
33 756
81 665
238 307
384 756
922 4
650 339
325 798
165 538
138 142
43 99
269 71
635 1132
737 979
102 348
248 45
959 144
267 1015
1057 127
698 175
591 104
276 1032
74 282
51 683
284 807
211 289
439 15
195 769
361 1091
360 386
438 363
340 336
213 878
356 431
237 767
783 744
453 746
253 242
279 828
65 632
160 552
716 953
540 652
944 463
341 146
949 849
234 371
625 1168
1079 136
369 631
86 1124
256 568
685 204
203 139
439 109
169 725
439 226
75 326
70 149
780 227
327 974
84 337
684 288
265 566
138 822
138 631
15 182
88 796
496 286
160 577
412 3
258 391
207 78
514 703
81 1364
414 160
129 440
370 332
615 465
638 388
181 604
256 325
182 861
422 859
297 967
42 589
36 890
20 607
665 4
41 150
455 369
239 413
415 518
7 506
413 1372
3 754
61 631
1073 1091
249 422
550 545
650 798
314 85
907 1320
429 390
284 911
251 671
265 571
709 723
686 299
88 724
74 479
325 507
267 747
159 94
43 558
202 1124
334 1026
220 658
805 1316
81 102
343 635
2 299
590 29
167 979
26 1078
34 984
265 1006
376 687
789 798
250 333
35 66
132 948
766 1335
165 201
284 746
810 508
1165 835
268 598
224 653
10 685
32 471
540 481
517 647
174 62
209 661
339 798
915 977
87 1158
424 359
78 1340
433 289
676 1026
332 1270
137 392
451 936
569 790
458 939
74 649
122 423
291 985
423 637
465 362
844 497
454 12
61 154
333 788
129 588
591 227
177 1088
971 568
441 1212
817 94
444 1327
234 266
173 28
341 747
415 1120
49 319
51 35
25 286
325 832
1054 977
62 113
200 566
792 1086
372 440
438 518
32 1202
563 251
238 448
132 801
262 197
346 171
231 17
209 22
35 425
61 938
650 939
948 1326
137 1318
411 333
280 358
0 10
411 671
566 10
24 382
441 354
346 1045
496 140
9 664
595 568
646 403
328 17
537 864
76 720
150 471
894 35
305 425
42 48
349 597
100 436
292 436
291 479
278 1355
370 10
297 122
58 146
1122 369
312 549
388 671
489 10
415 1375
815 665
408 830
711 545
346 1406
327 1186
300 66
130 163
841 777
207 19
0 371
344 588
817 746
44 1091
533 1129
228 143
740 9
268 707
806 742
91 1167
78 554
242 62
141 1097
200 688
938 766
371 798
159 210
686 736
216 133
304 778
253 730
751 319
721 139
74 472
766 568
58 504
208 359
115 878
609 356
885 684
40 109
296 34
143 777
139 455
419 175
636 422
232 49
211 741
14 362
189 148
98 508
355 264
844 56
1102 1179
148 790
853 568
506 1341
113 244
672 135
61 173
195 423
48 552
134 468
121 1322
260 45
502 839
31 1475
134 262
189 855
644 1130
137 852
174 280
355 76
42 309
3 492
268 826
769 354
394 363
439 520
197 746
647 8
340 1179
94 1335
602 532
61 545
132 733
542 153
292 1038
202 985
310 10
45 568
182 769
837 133
219 1348
308 1082
254 372
1006 333
1022 568
31 16
140 1305
609 362
577 1300
102 497
161 818
332 1158
356 1068
275 827
774 817
26 822
468 356
732 334
78 1059
162 204
268 278
940 728
20 153
234 406
842 1129
160 1284
205 746
199 288
162 156
20 56
476 560
156 251
364 240
493 1105
540 477
33 1009
987 442
718 1091
496 313
665 1389
493 769
709 739
0 325
533 1135
138 372
373 521
228 688
920 1136
80 568
265 61
864 463
102 423
57 363
154 777
14 189
19 849
41 940
81 278
604 580
81 663
197 974
61 121
468 301
284 1320
766 947
215 588
171 139
222 1235
150 155
128 943
881 1044
1022 595
72 833
61 1225
281 307
133 1423
532 132
666 703
10 703
904 1029
804 552
818 381
476 310
370 363
152 422
525 615
1051 1136
19 451
652 472
38 742
425 798
160 615
340 87
209 1221
627 1015
452 30
174 621
15 928
370 441
138 788
172 1009
165 301
423 532
285 575
751 693
124 1326
140 872
696 143
627 479
114 30
28 440
949 205
604 1284
165 299
133 1437
788 631
550 29
425 300
80 631
575 757
9 621
530 1162
261 121
363 1047
629 1311
808 703
281 45
406 65
844 301
156 386
513 823
224 133
168 630
407 47
146 1325
217 204
27 133
854 10
618 1009
840 234
271 486
70 645
437 1339
136 342
679 10
225 688
962 904
452 725
74 553
197 882
604 903
180 904
428 36
875 144
841 9
969 1339
295 1037
85 576
168 726
806 363
76 50
196 607
415 711
125 333
220 1015
188 1062
68 762
271 35
280 489
697 454
14 192
474 618
373 216
555 699
435 391
34 1335
486 844
556 304
39 1086
423 144
26 462
145 227
171 4
721 322
90 362
764 1097
137 295
494 16
29 925
379 910
85 656
365 769
733 155
423 204
174 250
378 17
17 37
1167 725
476 260
229 454
22 26
265 377
218 200
557 442
425 728
3 66
364 629
226 684
281 572
1136 1370
203 1168
390 170
248 332
271 546
142 8
346 131
188 885
969 918
370 413
479 605
769 832
562 947
494 1135
938 1124
133 776
18 859
244 442
116 206
792 1085
609 736
522 1086
550 27
239 552
116 746
362 1023
19 686
468 1088
137 769
211 101
35 56
986 133
392 332
20 102
137 786
271 329
751 1221
617 534
796 766
271 8
489 49
161 819
485 467
369 467
321 930
586 770
346 407
539 1195
42 2
480 1234
261 52
377 387
415 61
33 116
457 568
134 678
657 319
149 493
766 981
27 113
439 413
230 801
15 235
123 1027
487 0
135 441
859 1097
174 725
305 204
590 174
166 977
292 817
52 631
132 1345
34 557
142 1136
598 1073
380 367
693 471
221 1427
188 678
386 563
327 808
68 195
379 1416
15 598
504 850
84 325
44 602
129 967
246 441
608 681
294 76
860 968
50 56
14 363
44 345
365 420
337 85
22 656
1186 1167
20 42
325 671
883 288
339 1009
759 777
347 892
57 1091
70 310
772 312
829 830
869 631
412 388
268 71
49 1009
133 580
380 127
518 182
271 654
650 582
32 363
40 257
554 798
827 967
387 1118
324 855
174 391
438 532
20 22
336 719
3 977
392 199
306 1155
22 384
657 446
312 925
635 1029
207 376
678 1373
238 347
659 1340
22 671
67 805
543 1009
222 697
120 363
146 630
203 285
10 671
555 581
920 977
396 255
118 268
959 494
137 21
356 64
463 326
262 264
1064 277
772 218
89 342
253 295
447 137
0 441
1134 836
365 665
208 463
281 532
51 47
342 192
337 685
248 493
277 1264
281 967
449 682
73 9
513 687
918 580
558 965
485 777
280 637
65 237
433 1044
33 728
138 425
609 165
195 103
47 568
124 604
583 631
449 360
282 647
565 830
721 1179
113 243
768 301
516 195
50 113
494 639
42 886
382 623
977 1398
838 1286
721 369
405 382
502 144
632 289
395 1014
20 122
1026 568
548 94
26 1125
983 251
438 436
50 9
525 336
89 141
318 98
1140 1407
390 376
74 35
42 211
261 127
129 315
40 657
568 467
809 830
61 103
19 508
346 161
928 124
369 1324
449 13
76 1045
86 9
719 598
3 739
131 135
205 440
219 260
267 579
238 35
256 425
373 62
517 90
855 526
926 730
533 1335
609 307
14 149
861 1342
162 435
295 409
558 339
254 518
412 218
435 226
281 849
792 541
234 336
518 978
491 2
78 826
337 210
53 428
123 38
555 1325
194 604
194 770
476 1096
73 18
357 101
609 372
139 92
182 1388
309 493
685 391
61 149
10 798
145 100
234 1206
332 610
532 1240
308 1101
524 226
683 690
1184 1403
216 677
212 336
764 220
9 861
657 739
434 359
288 798
279 864
304 268
294 591
1032 568
137 238
174 822
470 9
732 462
154 710
356 466
15 580
321 1182
97 329
211 78
687 1337
437 235
1 4
439 395
51 255
2 819
94 278
337 777
362 186
257 686
118 790
1168 66
308 715
70 898
160 939
468 106
65 1235
437 758
381 472
468 68
492 306
1081 135
436 604
455 391
743 1246
13 49
421 83
242 1320
130 61
841 225
390 38
369 822
682 1279
983 903
162 222
767 1328
1278 631
603 333
356 554
46 325
390 647
84 318
702 1234
474 347
452 551
29 463
539 685
136 182
0 98
406 12
392 33
260 29
738 200
329 206
706 691
881 1026
1026 777
464 902
271 553
383 100
310 1042
978 968
455 204
428 45
61 325
122 406
289 1200
612 635
830 1324
128 463
44 864
271 1139
396 413
192 824
435 1167
121 226
19 979
260 325
617 33
294 432
804 977
1057 1337
196 616
373 148
68 300
440 798
148 635
274 903
21 85
808 604
78 461
227 1401
475 1462
265 363
875 634
244 363
1032 1374
180 691
97 211
258 640
49 920
343 1124
553 94
96 715
16 369
96 909
284 17
295 3
174 229
181 1246
230 422
846 739
27 945
32 142
1166 1398
192 819
24 655
159 225
1150 1287
97 413
590 82
547 918
435 1278
150 881
536 423
137 609
282 271
310 49
600 725
345 242
315 391
1060 1360
702 757
884 631
525 1259
318 467
151 201
76 299
11 563
388 165
48 1220
1060 1155
1232 1009
729 375
702 206
476 94
49 501
216 473
34 288
137 832
142 652
357 787
439 579
195 1381
39 446
761 1058
56 704
274 770
45 770
321 57
29 79
7 9
325 85
134 148
849 588
329 715
192 1335
78 94
668 804
332 607
481 204
32 9
174 47
445 204
58 1140
366 726
60 387
743 336
276 811
369 830
61 391
336 180
454 789
10 945
43 508
474 192
327 1091
619 236
96 100
961 204
220 650
27 725
330 798
36 1075
1136 1320
81 1045
333 288
510 1050
324 733
438 563
334 45
224 468
68 372
635 889
534 288
129 3
663 305
828 985
738 22
419 372
124 372
471 306
104 565
872 937
392 27
449 313
209 1246
33 798
110 454
475 64
483 133
94 274
52 423
214 804
372 1089
11 1185
434 635
417 362
164 872
499 1123
195 1031
310 1052
149 822
1030 359
216 1388
438 342
761 1340
919 81
23 761
311 1396
677 80
340 728
224 3
186 47
660 817
421 121
479 301
68 558
71 761
502 100
191 739
211 76
392 532
284 212
84 619
196 656
11 1327
52 439
136 100
22 548
380 199
134 656
865 148
20 757
151 471
97 120
514 806
374 592
421 363
330 113
655 742
122 41
254 968
31 1
169 709
1171 442
375 985
420 1252
72 363
142 890
398 832
156 494
25 364
360 268
831 1089
100 1004
41 757
914 640
525 861
421 1158
139 80
804 1166
698 1088
102 976
43 1176
392 777
51 17
316 898
179 494
285 329
48 967
470 458
161 451
283 1221
41 771
571 195
369 652
295 36
1050 1244
43 26
81 884
287 725
268 829
248 1282
1097 807
475 468
26 770
74 115
52 672
158 532
274 1326
933 1262
333 770
228 467
475 79
147 1136
66 1026
120 22
137 121
26 1070
121 964
757 1097
385 1318
51 106
534 849
41 561
264 1045
14 974
414 376
195 225
350 518
81 1208
113 66
158 194
571 26
425 1009
683 81
73 945
617 68
468 220
627 48
256 26
3 741
148 546
96 661
20 552
761 730
214 754
569 396
63 545
100 1316
78 2
94 978
26 1158
199 337
716 429
327 1471
148 1401
96 1212
174 427
150 240
81 454
476 423
33 135
1154 372
496 133
103 64
245 336
205 10
355 676
63 484
508 1091
113 878
174 92
636 78
356 974
757 155
439 283
722 1186
127 132
781 861
196 697
688 968
325 769
280 1314
525 0
1295 1009
316 456
363 1184
425 66
249 356
358 685
174 392
357 808
150 638
175 354
763 29
31 310
525 11
481 681
1172 1373
534 945
284 370
558 64
652 1179
930 777
439 613
53 454
61 721
97 454
430 742
500 1334
174 1202
58 337
761 277
132 285
370 906
343 100
13 168
289 206
934 133
2 333
154 333
940 506
236 1392
557 176
265 633
188 1167
378 523
303 770
783 871
300 204
432 448
681 978
120 153
112 1392
173 823
151 609
367 1246
121 728
153 527
649 167
222 925
327 108
224 836
211 1264
406 32
44 556
444 804
321 1125
176 533
608 1179
1129 1067
51 547
294 163
261 58
421 287
40 751
189 736
316 560
34 1226
81 150
47 983
51 133
722 806
175 2
19 1345
262 563
197 596
423 64
308 189
149 1300
17 920
249 746
193 356
610 1136
325 113
202 146
122 746
210 1324
398 497
983 1279
289 1088
524 28
458 98
142 631
591 462
924 88
137 524
29 832
47 64
840 1376
60 269
174 617
202 208
617 533
234 967
343 242
57 989
494 890
521 136
27 696
308 197
244 85
683 560
538 299
113 427
168 194
245 461
175 728
689 1179
388 462
61 426
502 136
571 425
386 688
1234 967
534 565
721 497
9 974
772 132
224 303
617 88
769 631
294 479
262 270
144 806
303 371
98 492
594 80
33 712
156 312
196 645
100 494
761 926
226 391
138 363
696 441
61 615
68 254
215 28
267 332
102 229
491 1139
82 546
61 798
615 80
976 1088
361 845
284 12
44 86
196 329
132 274
432 492
825 184
844 968
225 615
581 12
61 836
89 989
532 277
355 278
501 371
738 589
449 502
463 472
138 494
1176 830
664 1425
113 501
199 492
97 625
88 885
805 723
55 1040
140 182
784 1266
158 71
230 309
44 22
658 1166
89 78
675 37
870 562
360 817
406 78
257 319
556 71
246 631
540 429
295 928
836 472
203 372
233 225
1197 533
469 108
169 968
51 571
158 687
636 746
452 143
199 770
439 3
134 163
271 353
195 226
157 684
374 56
294 117
800 100
532 1331
167 746
87 356
355 35
268 191
230 658
23 918
80 497
318 19
369 95
163 552
130 204
219 127
230 480
148 948
697 1027
17 240
394 339
31 634
338 454
439 2
42 94
288 326
268 235
551 1089
332 1047
836 600
199 898
1058 861
458 1038
468 81
160 563
563 1088
404 391
670 885
360 363
313 160
3 299
68 1047
56 797
11 773
540 26
1099 133
148 136
97 419
786 326
237 527
379 615
378 187
132 544
336 387
207 67
44 1318
222 1015
88 568
859 746
116 45
1166 965
719 1342
422 1088
362 936
87 298
612 549
40 199
421 298
285 93
45 372
626 709
340 1246
1301 1507
830 462
28 93
643 133
541 333
340 749
40 526
378 19
6 772
13 364
6 258
52 135
229 337
44 451
232 326
114 632
282 48
31 1471
521 59
356 226
489 1042
188 354
149 58
27 244
582 1059
324 471
517 787
68 83
875 197
102 656
282 687
467 64
120 124
74 738
508 1129
250 486
74 527
164 835
489 815
660 875
1062 684
377 199
1067 1252
608 1322
26 667
229 441
140 1339
284 360
85 965
62 943
22 330
532 1097
6 792
465 1089
627 122
174 519
326 756
755 778
234 257
1236 127
148 669
137 103
154 770
207 68
12 461
9 866
569 602
88 639
49 997
27 462
150 589
420 1365
47 251
79 27
31 961
280 744
84 126
17 808
369 779
125 830
357 237
48 163
138 148
102 29
454 1088
233 947
99 369
17 522
211 704
591 1177
312 676
49 409
11 726
253 604
844 289
455 945
38 797
699 133
480 757
57 94
195 534
517 287
150 278
196 957
372 1139
928 403
137 288
195 330
455 441
127 359
26 552
458 148
539 880
189 93
216 461
709 27
294 808
344 538
522 804
371 300
268 589
666 1331
336 420
284 150
56 299
239 369
173 687
791 941
211 64
337 770
113 1047
454 462
51 278
15 242
421 671
161 56
89 192
498 19
264 354
441 507
68 1020
195 436
356 368
370 37
507 766
797 1316
159 1045
124 92
132 506
132 1045
1101 728
165 1088
160 416
558 712
890 9
632 967
709 306
61 370
48 654
199 172
159 755
26 1203
400 210
192 1100
289 93
781 769
136 193
100 696
227 1337
76 770
238 106
20 1235
918 1159
139 244
142 746
89 517
41 448
280 392
201 1027
254 472
388 1358
13 171
489 586
789 552
331 22
478 442
284 1045
399 538
34 971
295 424
327 362
10 1212
629 947
265 52
31 560
552 671
4 1341
225 85
59 720
35 762
276 82
318 131
238 151
75 100
74 152
538 1101
444 175
479 1088
1082 368
686 1155
11 454
721 711
20 461
686 797
29 580
357 1088
710 64
960 227
168 366
303 412
358 381
449 671
200 404
119 3
283 797
335 552
645 285
302 257
305 43
407 864
61 1278
104 1038
338 734
683 532
836 1256
51 433
757 1327
26 1020
458 320
191 1200
279 674
137 625
325 64
627 527
137 652
42 566
224 638
294 1089
125 568
106 56
650 37
65 197
469 163
163 1044
423 289
316 188
222 121
237 812
451 560
881 362
145 947
11 725
459 945
656 945
239 222
254 1136
979 1027
102 22
658 798
32 722
601 1366
346 290
797 720
10 300
52 19
675 1097
628 436
719 403
924 766
412 353
305 1428
68 166
421 52
199 1322
226 943
764 28
196 1
195 740
161 268
468 572
220 1187
740 139
308 200
572 354
901 78
547 769
323 506
257 1200
462 1097
97 542
17 278
579 589
155 1027
442 878
826 1167
302 527
733 739
271 711
1247 9
1253 985
82 141
84 424
425 621
61 9
172 273
441 897
228 100
240 300
174 786
368 605
959 333
834 70
347 236
196 480
302 920
139 757
208 336
39 827
1307 664
253 871
65 859
355 360
736 277
27 679
423 293
633 29
137 519
150 388
196 671
425 1278
961 667
732 372
130 213
340 917
308 468
134 255
294 96
32 124
294 334
215 552
545 822
127 1224
120 287
818 240
232 104
841 691
569 180
302 977
20 165
327 747
443 236
207 739
111 649
194 793
908 884
329 471
276 402
58 822
96 508
224 357
29 133
591 870
210 835
890 858
495 858
31 331
26 1275
34 383
74 119
324 344
738 206
316 41
284 93
493 720
616 12
199 1300
210 798
44 194
652 1098
139 669
271 431
377 171
496 161
230 524
156 148
523 1009
949 175
660 556
805 319
603 441
70 199
226 631
80 1158
762 906
229 12
996 844
113 1318
764 563
81 93
208 226
425 788
334 19
311 1189
706 1129
79 1136
280 335
74 299
512 240
900 1462
311 3
601 815
556 719
313 1168
13 80
382 306
280 1381
6 430
435 472
280 310
292 186
214 855
927 412
197 679
33 869
14 83
68 678
125 372
477 87
418 66
594 226
148 1272
45 115
524 770
70 652
751 1014
87 594
151 3
113 1320
102 454
230 575
294 997
96 1020
295 167
194 9
303 264
134 115
215 244
691 251
171 861
211 372
174 79
150 309
6 64
368 668
91 465
208 598
262 668
200 410
290 649
562 1029
261 808
144 492
489 910
483 937
474 400
148 707
757 798
29 1333
222 409
44 41
508 243
732 767
262 76
33 300
475 1002
58 85
324 696
19 344
823 424
81 615
53 37
122 436
250 100
242 354
444 501
52 465
237 3
437 781
949 804
458 487
238 71
98 1246
183 568
139 634
719 904
106 715
265 232
355 214
718 1167
414 61
553 1166
149 33
608 423
965 1098
403 576
42 749
655 552
537 182
400 945
142 1331
355 697
390 1155
149 199
22 596
84 238
96 16
392 336
441 744
691 1359
933 132
611 65
834 558
24 39
502 514
764 22
1000 301
340 332
764 1341
906 1136
516 54
578 12
102 1235
455 10
49 507
312 881
284 624
13 304
147 830
994 1402
391 712
139 908
604 744
40 19
486 532
1261 9
676 205
102 264
280 337
338 558
256 534
253 665
1041 1063
418 1089
295 1215
136 287
196 432
317 189
470 225
26 1364
386 997
25 1129
230 488
324 329
132 747
6 334
131 492
550 195
270 1104
42 426
207 433
49 534
437 598
213 1119
960 236
175 333
160 451
66 770
581 1030
413 1168
27 661
445 656
428 16
88 853
784 911
486 1168
46 471
262 789
148 947
228 115
52 68
468 1044
25 769
1016 733
134 278
271 1179
70 210
137 339
324 17
490 359
571 62
96 897
108 10
76 546
1030 133
121 465
169 1045
524 10
501 1136
311 428
271 575
735 1331
913 442
341 93
45 906
239 10
357 87
94 435
3 804
402 534
438 514
696 1167
81 523
553 1088
189 1340
103 225
1131 10
307 526
13 703
786 637
1042 661
264 472
248 904
282 472
425 141
303 48
239 757
656 37
290 1304
433 523
127 936
286 665
373 255
883 497
272 226
502 948
121 749
379 1316
149 1129
146 450
413 372
234 910
74 132
556 113
360 132
163 391
383 112
928 1050
227 192
634 227
164 7
249 955
43 898
265 715
173 638
218 206
295 54
449 436
248 367
225 671
43 830
188 307
199 49
354 64
80 442
270 214
811 132
875 1104
42 167
540 571
280 369
90 526
7 226
267 575
358 1059
559 945
832 1009
448 506
205 1139
414 709
377 391
497 605
139 109
229 45
469 156
308 433
502 438
87 725
374 235
200 554
97 486
500 423
705 418
196 687
1028 568
269 1463
532 966
665 398
418 493
892 761
656 756
682 1446
649 38
525 90
248 226
959 557
450 985
282 165
140 769
49 572
493 277
72 1089
864 850
330 37
14 667
218 798
336 970
22 729
333 462
238 119
191 1023
263 953
600 1031
798 756
3 1097
68 333
801 552
289 967
432 56
132 686
380 815
453 222
253 161
608 27
305 777
79 339
738 94
47 533
481 945
100 1498
186 669
203 119
163 226
133 1353
11 915
338 17
216 364
117 755
356 141
52 300
818 495
14 920
211 807
40 687
403 354
497 965
115 1042
432 94
216 618
475 573
325 829
303 256
286 806
31 44
17 440
601 109
137 621
158 91
370 696
340 139
25 928
281 1014
1 135
284 759
424 1009
78 668
435 1324
228 384
51 678
73 10
917 454
625 736
572 1097
421 225
598 546
215 624
282 6
27 1179
85 463
545 1009
160 523
58 1168
490 1124
119 315
304 135
153 78
188 939
19 1234
174 87
200 142
371 656
517 655
429 512
88 179
959 428
369 1031
219 381
722 363
53 244
603 489
751 827
607 37
124 884
418 600
808 45
325 953
698 770
147 204
392 712
140 935
262 28
276 243
139 306
33 1335
278 1246
724 442
785 214
530 387
148 333
928 104
68 99
512 467
527 754
72 339
438 806
155 746
751 1316
111 41
194 790
495 472
738 78
369 243
19 1166
436 288
412 200
1039 922
676 572
227 409
347 71
1156 1120
906 66
131 884
857 1379
80 492
200 749
386 514
356 789
43 497
347 268
722 1167
26 461
449 742
33 1136
1193 953
210 830
282 752
65 218
49 678
736 354
837 906
148 326
914 86
404 726
28 35
280 514
199 928
193 28
818 925
196 823
570 558
34 108
49 226
295 872
234 536
142 293
414 640
471 859
188 64
423 726
68 96
722 903
49 192
51 423
106 200
91 651
362 568
149 604
52 64
321 918
842 1300
588 1355
289 849
683 458
45 435
635 896
88 897
34 956
108 631
1020 467
207 333
106 203
326 64
196 974
493 594
68 844
10 9
209 492
184 849
375 425
638 197
372 1066
42 12
897 568
291 146
388 278
570 1156
53 375
132 508
645 104
359 1119
1117 66
49 615
51 734
229 9
199 556
340 777
420 904
18 225
770 1331
63 485
14 1021
310 1129
1064 262
25 313
444 1015
387 1215
138 1146
21 9
1050 1167
979 1358
14 983
284 209
31 743
412 201
100 272
41 968
315 339
661 472
229 388
331 465
502 428
42 270
44 182
48 522
61 566
80 1314
137 84
68 228
473 49
172 826
167 35
25 665
861 1388
169 712
421 683
89 313
388 64
785 382
262 655
285 479
108 363
749 939
755 124
164 744
494 568
333 1324
188 176
284 815
647 1014
452 824
604 1360
68 138
134 141
214 1200
167 356
600 671
374 871
370 492
254 33
116 17
800 88
587 133
360 0
154 64
51 769
40 200
357 861
253 758
242 326
283 1060
216 234
532 609
468 119
423 804
466 798
231 65
758 761
137 688
590 538
956 368
720 1340
664 790
374 937
845 300
276 318
217 9
269 563
502 385
318 558
709 866
225 798
548 356
170 38
168 347
94 1065
363 832
913 100
1044 354
216 129
169 80
968 1336
504 1342
282 8
284 120
526 741
378 757
1001 968
103 696
265 229
96 495
0 300
769 1159
248 100
19 289
493 677
111 492
355 405
828 1124
280 798
266 508
228 594
469 435
49 100
628 272
355 110
416 790
44 323
392 1042
248 945
829 781
475 189
9 637
432 1050
6 709
73 1314
585 60
254 722
1050 1341
236 182
386 696
532 497
303 33
565 945
139 677
282 17
920 746
494 1382
310 1246
88 534
383 494
124 819
55 1358
42 798
51 844
646 313
421 1092
420 769
58 992
764 37
86 598
138 288
252 736
225 894
278 492
291 150
428 756
75 1038
928 210
126 251
534 756
489 127
106 388
288 369
153 817
480 37
200 694
733 4
126 1091
40 1338
242 1294
258 554
1060 647
439 242
97 572
657 94
509 1224
225 455
40 538
671 1089
563 277
324 210
609 113
502 10
878 945
624 1050
67 1023
262 656
418 703
1120 967
248 185
45 99
260 96
189 1129
879 979
665 508
216 245
208 790
424 1300
684 507
474 1490
357 369
52 391
458 665
200 3
439 849
617 10
46 534
710 395
6 39
128 598
327 141
137 1006
1138 133
127 634
243 631
14 989
27 1370
577 532
345 937
365 1067
169 667
650 746
532 17
93 830
137 266
50 770
664 943
456 1341
384 391
458 28
171 598
291 167
452 1068
529 268
560 669
27 909
413 829
188 701
523 1026
162 945
321 49
291 165
340 305
238 210
97 741
27 467
21 204
439 943
200 153
181 485
502 1184
89 122
1046 582
175 413
560 1038
590 64
49 479
336 1341
33 32
489 132
446 376
149 392
261 268
53 1167
625 920
137 894
177 11
763 1012
230 453
2 770
302 165
201 1088
50 897
61 68
42 575
196 720
94 192
108 531
340 154
51 797
556 1246
29 243
281 1338
542 11
96 154
160 908
1043 17
234 756
51 388
265 1278
605 64
58 1009
487 19
460 533
61 43
26 739
603 27
33 62
286 277
13 592
908 506
237 566
135 49
781 277
623 1360
388 572
149 568
96 148
136 7
222 844
167 12
267 329
142 363
137 556
18 684
391 1047
550 228
1000 285
780 359
234 1072
561 139
100 1135
927 102
68 1278
419 532
134 2
38 1200
146 208
688 798
188 324
237 33
657 751
59 935
251 826
626 319
154 728
268 1337
824 604
212 687
349 1363
31 172
1212 1098
468 28
327 742
280 1098
303 205
54 707
464 1138
360 1304
20 116
262 1358
428 210
310 1050
162 777
163 497
438 57
372 37
219 690
61 66
628 64
169 1324
703 770
655 38
239 1136
158 86
504 1124
648 592
142 244
284 306
904 1330
51 463
723 1065
672 240
135 325
188 386
151 676
191 797
429 1414
657 742
397 1179
392 100
75 556
220 278
1212 898
338 193
1028 766
75 146
262 116
137 710
696 1324
346 850
475 949
68 43
76 746
688 369
1005 1097
333 105
13 363
927 563
759 770
281 372
81 514
68 989
787 446
254 631
880 66
1117 1334
464 1344
764 17
51 78
284 661
122 17
248 1168
227 1037
20 1358
235 1136
188 239
364 690
65 335
108 533
1081 429
150 82
524 197
337 712
573 1047
249 966
731 728
228 637
133 770
303 425
406 388
277 937
203 220
304 492
129 353
260 534
906 467
238 101
824 722
493 580
0 1246
226 293
173 817
194 286
94 719
919 26
96 367
577 428
68 556
15 118
841 391
308 163
532 508
463 1388
379 302
884 363
265 423
116 757
548 1097
65 116
388 554
52 195
376 1014
736 546
526 497
14 125
158 98
914 1251
212 186
131 936
357 220
135 970
479 552
26 1306
216 426
485 1089
209 1300
74 609
144 527
358 240
139 1212
238 391
226 605
159 327
255 1320
42 203
88 288
414 560
372 226
751 1092
163 797
42 93
429 345
438 372
437 396
762 631
51 1158
51 261
282 572
89 424
174 712
447 762
554 9
1034 967
45 652
295 580
387 728
346 202
467 945
177 271
88 478
318 91
63 156
365 78
940 1129
132 1044
265 251
96 92
108 604
585 58
19 8
96 749
97 271
267 10
87 226
569 118
933 104
136 45
161 194
405 191
441 667
248 146
392 1336
1011 614
320 640
70 740
13 274
271 218
19 1038
267 757
1007 11
425 391
373 720
62 631
403 1340
294 188
654 491
356 1187
372 762
304 143
938 533
704 668
11 434
532 624
684 1146
74 205
378 552
467 326
338 368
680 766
314 947
469 136
910 1032
111 284
512 609
392 439
230 42
225 945
624 869
849 546
603 1081
142 243
305 712
308 552
516 703
114 252
360 560
72 1050
364 925
721 213
846 397
188 335
100 463
474 369
570 32
337 945
6 321
398 47
309 333
216 844
76 210
563 822
540 539
338 305
106 754
433 306
222 616
235 756
163 1136
636 1097
84 122
310 244
38 191
526 243
741 720
669 363
421 965
321 761
161 508
4 1240
315 756
11 630
258 1172
51 945
603 1136
10 769
368 725
42 222
32 333
323 711
815 677
49 115
1158 1179
46 906
487 1300
531 1356
102 440
42 578
289 83
489 472
88 767
936 886
586 1085
189 908
235 704
150 563
375 613
610 568
154 391
237 225
174 507
802 442
71 604
188 214
287 974
268 776
53 381
423 762
355 431
41 849
432 1027
683 945
397 272
284 925
17 1358
429 182
76 747
211 454
74 532
341 188
382 526
505 604
627 799
136 909
123 746
659 326
762 777
303 292
66 1361
502 831
69 968
160 375
102 132
89 156
200 675
203 728
216 855
425 240
97 412
126 132
104 576
270 222
96 671
659 413
962 1286
226 1146
481 228
650 64
532 206
109 1246
458 842
85 363
6 1050
452 514
140 588
161 580
180 1038
382 686
174 76
71 1129
224 189
15 781
158 659
469 928
883 558
480 388
15 926
516 251
423 1314
133 969
492 1244
291 188
575 754
864 985
683 1136
257 742
412 150
817 12
287 1326
420 326
34 874
276 1149
961 560
788 210
41 1155
493 10
639 766
49 1184
667 826
103 757
267 532
222 142
167 563
19 534
22 523
167 423
102 10
733 741
717 428
502 212
216 783
733 746
933 1136
