1596 1682
3062 3154
2370 2374
1925 2506
3877 3962
2078 2095
56 304
2218 2433
2502 2629
1684 2707
1491 1714
1653 1816
363 1514
1366 1807
1217 1536
1380 1746
3478 3776
2174 2203
941 1412
1086 1620
1621 1835
1514 1645
2333 2567
1962 2131
2340 2374
172 308
3062 3219
1302 1376
2135 2194
1184 1542
1205 1736
3096 3184
1447 1772
67 200
2307 2504
2074 2359
2627 2657
982 1457
2356 2602
1962 2103
483 1066
3437 3440
2549 2611
1766 1773
2136 2611
1475 1742
967 1272
1380 1685
2257 2543
2211 2345
1299 1876
1718 2451
3219 3337
2045 2446
1986 2586
1019 1235
3247 3316
1684 3377
1187 1410
3011 3061
428 1778
2198 2384
2719 3239
3115 3182
1380 1456
1929 2306
2163 2582
389 1745
2741 2862
916 1547
1192 1315
1660 1766
1689 1888
924 1549
3609 3692
946 1707
1966 2564
2086 2410
737 837
2833 3116
952 1467
606 1086
2132 2501
2471 2543
1135 1420
1056 1205
1913 2203
2174 2419
1839 1842
2369 2606
1082 1392
2781 3366
3596 3674
1006 1370
2395 2507
1281 1871
2719 3332
3455 3769
3529 3906
107 1658
2376 2428
1613 1768
2067 2154
731 827
1086 1135
2761 3234
636 685
2023 2628
1569 1903
2260 2659
728 739
2666 2913
517 580
1456 1902
3437 3716
686 736
2920 3098
1575 1818
1060 1636
2056 2339
2098 2573
3017 3320
2485 2492
2182 2610
758 808
2800 2854
1134 1709
599 627
1567 1719
3437 3586
1322 1720
353 1778
2827 2943
1462 1857
1912 2634
1953 2395
1508 1894
2846 3013
1684 3294
2192 2538
2037 2356
1555 1847
3848 3918
1081 1871
1962 2549
1416 1532
3469 3474
2062 2125
2196 2642
1938 2124
1250 1795
2171 2364
2054 2394
2981 3114
2754 3065
2278 2348
1192 1591
2160 2360
1941 2462
2880 2919
3039 3172
1917 2376
3116 3297
394 676
2492 2623
1028 1092
366 1673
2184 2430
3642 3658
1159 1275
2073 2124
2090 2103
1523 1877
1036 1381
2757 2911
1549 1565
1559 1639
1540 1807
3046 3360
199 313
2154 2430
3015 3287
3203 3345
698 891
1075 1644
2293 2336
3482 3508
2467 2586
2796 3320
2071 2292
2724 3133
957 1479
3738 3915
3596 3750
2778 3076
303 315
2504 2575
2815 2943
1943 2074
2928 3117
3029 3417
2872 3056
2109 2485
1689 1796
460 553
2949 3083
2253 2615
1684 3069
2711 3118
1086 1563
19 214
2081 2135
1107 1458
2409 2520
1299 1681
58 3003
2911 3096
1510 1778
2231 2474
3140 3397
1551 1809
1447 1637
1180 1447
2800 2928
1475 1661
982 1336
2551 2552
2679 3046
1985 2532
1032 1273
1092 1126
3065 3226
1410 1803
828 830
1495 1591
1221 1569
1102 1871
1153 1665
2809 3333
2224 2420
136 2102
603 619
2112 2576
1377 1416
2283 2592
2128 2148
1964 2610
2665 3017
2807 3129
3262 3287
1688 1845
2869 3170
3145 3255
1191 1290
1985 2363
2409 2630
1377 1614
2820 3246
2394 2508
1322 1628
686 692
2516 2649
2047 2592
1938 2139
2945 3293
2795 3385
2742 3148
999 1092
2354 2579
2111 2491
2133 2642
1730 1736
2350 2542
1971 2520
2823 3079
1048 1888
1092 1559
0 54
1735 1810
2910 2928
2138 2294
2115 2350
2285 2302
2849 3102
2276 2290
1149 1538
3774 3836
2892 3019
1107 1456
107 1876
2095 2546
3437 3775
1577 1947
526 1357
3146 3351
1288 1457
2683 2890
3234 3400
2292 2368
3595 3628
2359 2363
1396 1871
3468 3956
26 200
2180 2224
2194 2289
1182 1718
1267 1584
3052 3232
1995 2006
1735 1768
2816 3256
2482 2542
1230 1516
1954 2187
983 1078
1285 1399
762 805
1035 1496
1011 1482
107 1664
2084 2140
2037 2546
2238 2562
1287 1331
2827 3301
2702 2748
1976 2365
1323 1563
1225 1500
644 664
2683 2906
3338 3425
1616 1881
2326 2418
3132 3316
2504 2623
2999 3263
606 1882
1971 2359
3111 3350
1718 2111
1197 1368
3160 3386
1947 2007
1569 1818
805 810
3223 3410
375 404
1525 1536
2215 2508
1047 1327
1076 1509
2054 2597
953 1685
1513 1622
1067 1715
1863 1888
719 853
2862 3417
2101 2434
526 1557
903 1319
2055 2542
1044 1636
2081 2398
1983 2340
348 398
993 1597
2419 2557
2606 2655
1925 1984
2426 2486
1948 2135
394 620
1470 1843
1172 1902
1292 1887
2142 2233
2550 2586
1398 1851
2324 2462
415 520
1017 1330
1047 1389
2233 2308
2387 2460
2768 3276
136 2598
3027 3403
2098 2190
3089 3106
993 1584
2188 2326
1080 1616
719 845
1912 2055
3546 3939
2123 2549
1107 1370
984 1820
2532 2630
13 21
1758 2813
1684 3195
2153 2338
107 1772
2200 2469
2614 2618
1092 1741
2198 2511
2220 2423
3542 3628
1014 1292
2319 2592
2616 2617
1117 1800
2862 2874
2063 2560
1979 2045
993 1617
817 850
1925 2601
2109 2586
2294 2525
3540 3667
3111 3377
1093 1667
2780 3049
130 277
1191 1470
2200 2410
3191 3320
946 960
238 342
1723 1888
3224 3344
2718 3369
2874 3243
1059 1340
1735 1835
1509 1746
1107 1589
698 729
1329 1800
2676 3301
1089 1507
2246 2582
1255 1663
925 1584
2124 2602
1367 1879
2676 2944
1308 1703
1419 2971
1941 1985
380 505
2408 2630
1963 2253
1136 1325
1609 1643
2374 2554
2918 3256
1107 1551
913 1727
3461 3934
3505 3644
366 394
2174 2176
1912 2169
1809 1888
1554 1839
1554 1737
2131 2150
1554 1827
2087 2325
2796 2849
2220 2543
2684 2708
2684 2797
2915 3158
1684 2700
2122 2308
2124 2601
2377 2461
0 99
2806 3184
1017 1130
2425 2557
754 773
961 1038
2076 2349
984 1661
2282 2533
9 72
1947 2510
2403 2618
370 483
1563 1662
0 113
3437 3722
2278 2550
3100 3366
1185 1334
2112 2625
1941 2144
2172 2611
2092 2602
724 829
21 334
2352 2423
1912 2287
2139 2564
1185 1559
3449 3692
1793 1816
2250 2400
2822 2941
431 536
1549 1763
2460 2625
1086 1143
3501 3948
807 838
3573 3966
1926 2458
2196 2330
632 670
2091 2231
111 137
2339 2428
978 1800
2936 3403
457 469
1132 1267
2892 3420
2407 2464
2779 3233
2394 2458
2213 2542
2250 2598
1077 1702
1128 1886
1006 1813
107 1712
2674 3288
2951 3411
25 285
2151 2289
1104 1899
2126 2301
2154 2363
993 1688
2229 2271
2037 2625
2071 2328
2827 3064
2118 2123
1006 1839
2054 2461
3280 3381
2615 2625
2054 2174
2464 2560
3255 3256
1391 1669
2755 3399
3684 3780
2504 2593
2279 2598
402 432
1968 2001
3274 3353
703 754
896 1728
2184 2550
2433 2564
1152 1630
2153 2180
3132 3185
3026 3139
2299 2369
1001 1397
2144 2315
3448 3860
2916 2919
1916 2133
1912 2079
1192 1682
1423 1871
483 1158
2669 2866
1484 1874
1079 1623
107 1029
2007 2345
254 299
1567 1615
80 300
2198 2273
1916 2246
2287 2323
2863 3365
2317 2580
1102 1316
395 438
2993 3362
1153 1811
2190 2625
2763 2931
723 770
2030 2428
1948 2007
1675 1730
2207 2550
3082 3332
896 1345
1379 1583
1938 2046
2039 2643
2088 2550
2750 3096
661 662
2319 2384
1656 3278
2681 2945
3547 3628
1979 2059
353 1114
917 1018
1300 1374
2087 2305
1998 2648
573 622
3064 3065
2149 2183
1017 1721
2039 2189
2696 3107
402 425
1300 1514
2133 2582
2415 2537
2706 2782
2088 2331
3488 3930
933 1103
2663 2710
514 570
1032 1282
944 1169
3768 3770
1684 3433
2468 2601
1189 1541
376 431
1927 2346
2738 2756
2700 2811
2785 3352
2915 3293
2718 3350
1551 1617
822 829
2702 3027
713 752
2669 2994
3302 3347
1379 1691
1831 1910
1292 1438
1577 2163
980 1559
666 680
1943 2257
597 609
2064 2578
2685 3263
3152 3185
1912 2408
1020 1871
1991 2364
2915 2994
1399 1810
1684 2929
1485 1835
1643 1799
1932 2196
1083 1256
2887 2994
2501 2524
2495 2625
1916 1932
2154 2374
1267 1662
1318 1881
2093 2370
2821 2966
355 547
3845 3851
2520 2625
3468 3764
2220 2347
2236 2644
737 820
1516 1539
2420 2629
1228 1308
1048 1621
781 794
3089 3321
2058 2611
651 1113
1457 1898
2462 2521
1303 1427
995 1868
1256 1717
2231 2397
3620 3648
1929 2428
747 848
2960 3414
1985 2308
2287 2446
2122 2607
407 513
2414 2460
2356 2409
1156 1609
119 122
2240 2601
1372 1910
1029 1842
975 1899
2218 2532
1449 1736
3440 3525
2803 2848
1684 2894
1489 1704
1256 1331
1527 1670
2496 2543
2047 2248
2742 2780
1941 2065
363 370
31 291
1091 1472
2781 3214
2430 2500
600 681
3062 3233
2948 3301
2936 3330
2869 3350
2110 2377
483 1425
1917 2563
3702 3891
2996 3275
2877 3117
2906 2966
2749 2905
2543 2599
2257 2654
3557 3938
2564 2631
1986 2257
1985 2124
3747 3766
990 2883
3099 3329
2211 2642
1943 2460
3508 3553
1589 1662
1155 1574
2967 3054
2063 2237
1929 2090
3177 3295
1132 1662
2927 3324
1227 1649
2371 2488
2286 2361
3739 3868
826 830
966 1153
1289 1390
2247 2537
930 1526
1302 1823
354 519
3631 3648
1011 1756
2891 3073
3596 3658
3762 3902
1107 1809
465 558
3339 3387
2135 2653
2353 2561
1132 1800
1940 2516
3437 3670
107 1628
1099 1204
368 527
3437 3695
1435 1819
2131 2578
2850 3054
2679 2993
3656 3886
978 1663
1036 1350
3629 3636
2125 2294
2537 2589
2347 2607
2329 2611
1427 1549
1101 1335
1952 2384
1075 1460
2871 3087
1396 1894
136 2038
2489 2563
1707 1791
2229 2329
1017 1522
1149 1796
1139 1869
2448 2614
3677 3888
2005 2216
407 543
2853 3113
2212 2554
2706 3426
1566 1814
2131 2526
575 579
687 820
2872 3149
3584 3924
438 475
944 1472
2315 2629
2910 3174
1718 2155
2334 2623
1929 2395
3495 3842
617 677
1100 1715
2188 2233
2787 3312
370 555
1485 1735
756 826
2196 2315
2109 2630
946 1799
1014 1893
2949 3336
1329 1528
1684 3033
1537 1856
1279 1292
2174 2508
2033 2395
2180 2194
2026 2333
2325 2498
2989 3320
2460 2601
2191 2475
2030 2093
422 497
2064 2409
3082 3224
107 1751
2866 3149
1939 2458
1487 1692
1684 3334
1242 1352
2676 3284
2484 2613
277 334
2131 2606
1040 1331
2395 2428
3002 3397
1374 1512
2111 2161
1113 1878
1092 1214
419 423
408 526
3626 3979
2872 2905
928 1825
2138 2608
2123 2590
2365 2378
2354 2409
2913 2986
2757 3090
1704 1794
3947 3976
107 1843
2866 3387
840 856
2124 2593
3598 3685
353 1790
1174 1421
3721 3756
2086 2370
1447 1470
3577 3611
1142 1844
1 322
2139 2340
3033 3399
1912 2156
2122 2131
2444 2490
1684 3353
1479 1655
2102 2169
908 1465
378 417
969 1732
2154 2410
2827 3284
1231 1720
1055 1544
2093 2374
1441 1544
3463 3705
352 479
2867 3023
627 643
2669 3237
2909 3022
599 661
606 1574
1921 2009
3480 3491
2689 2986
984 1066
3564 3622
2410 2469
2753 3019
2002 2127
927 1888
3070 3240
1110 1609
354 507
2738 3104
946 1149
1675 1800
1495 1786
1491 1621
2910 2927
1230 1746
1017 1128
1230 1391
2095 2309
2089 2107
1185 1707
1173 1388
2751 3321
3242 3274
1352 1572
2412 2587
1371 1692
1912 2410
2144 2187
1571 1622
1286 1893
932 1420
2733 3320
3475 3526
2284 2657
3224 3240
1957 2378
1335 1447
1250 1652
1927 1954
56 221
1330 1722
1684 3078
2218 2290
88 303
1201 1388
2419 2518
2299 2430
1126 1833
1991 2626
1041 1472
2248 2286
1483 1584
2844 3075
2020 2601
2098 2359
2809 3394
3569 3714
2143 2649
2724 3356
2202 2657
2205 2209
1006 1810
1800 1864
1059 1269
2211 2289
3701 3837
755 845
3312 3393
1456 1789
1341 1835
1927 2284
1971 2549
2748 3240
1912 2077
2059 2077
1919 2365
1939 2247
1914 2364
3193 3301
2738 2809
1746 1752
1059 1617
1356 1497
107 1801
2491 2537
2122 2430
1351 1702
3476 3519
107 1521
978 1124
2862 3384
1980 2024
3514 3737
2060 2331
211 223
2020 2340
2302 2609
2939 3381
724 827
3261 3403
531 539
2115 2462
1480 1610
2202 2378
2080 2145
2984 3027
1707 1754
2210 2340
2148 2458
40 307
2111 2417
997 1163
1283 1301
1215 1790
2040 2121
1126 1488
1098 1666
2271 2630
2336 2394
2279 2589
348 417
554 563
2846 3041
1841 1872
2032 2394
1465 2199
1017 1757
3288 3411
2928 2929
2139 2201
1489 1729
538 1237
1085 1187
3794 3914
2183 2264
1250 1559
2901 3113
2093 2409
1429 1729
1665 1712
3387 3390
2849 3046
2411 2412
1584 1823
1603 1746
1048 1845
1334 1765
814 827
1230 1290
2184 2546
1465 2042
1948 2332
1941 2059
1787 1876
1938 2574
1118 1548
3683 3830
2758 3256
4009 4019
1259 1630
2891 3184
55 67
1954 2475
1684 2769
1098 1579
1048 1522
3495 3908
1185 1293
348 411
1935 2346
1392 1426
3101 3297
1947 2279
1918 2500
113 261
1912 2437
2869 2936
2562 2618
2211 2325
2536 2553
2867 3054
2055 2506
1004 1437
1185 1391
2118 2607
917 1316
1669 1861
2970 3106
601 1122
3679 3905
2866 3142
2083 2240
1051 1225
1447 1471
2419 2434
2240 2574
2302 2468
1951 2659
1577 2180
3455 3599
1365 1643
2060 2404
2409 2410
1941 2616
1609 1768
1473 1574
2308 2542
993 1662
2025 2633
3495 3877
1912 2625
1052 1106
1950 2004
107 995
2184 2189
1943 2309
1033 1511
2184 2655
2323 2560
2206 2579
2062 2652
1042 1338
1290 1622
1470 1509
1727 1876
1751 1894
1132 1868
2833 3113
2122 2507
1597 1621
2883 3258
947 1612
55 185
2793 3097
1341 1823
1917 2150
2825 2921
1032 1316
2830 3412
389 551
2081 2283
2773 3096
2068 2176
3529 3947
363 527
1533 1601
2239 2293
2046 2492
2793 3027
87 315
1925 2172
3509 3906
3195 3226
2143 2328
2800 2867
1335 1554
1287 1612
1128 1399
637 1677
1619 1668
2409 2552
107 1322
2179 2423
2988 3084
1124 1184
956 1218
3437 3832
2144 2384
2005 2123
3486 3870
990 1684
1126 1669
1242 1652
2210 2369
2297 2627
2253 2607
1457 1612
2026 2127
1412 1429
2409 2482
1925 2026
2672 3179
1684 2729
1081 1396
2876 3280
1964 2313
2324 2370
2844 2881
579 633
538 1122
2033 2549
1026 1570
1290 1339
2271 2404
1971 2586
2200 2489
1966 2308
2931 3042
1024 1256
1954 1973
3730 3913
2777 2928
2354 2469
107 1814
804 882
1388 1470
1309 1812
2381 2550
2414 2543
778 812
2973 3120
2047 2475
2881 3395
1099 1515
2231 2448
2323 2326
1014 1108
2196 2199
1139 1469
2033 2556
1211 1886
1736 1849
2010 2461
546 563
2994 3047
2553 2561
2876 2904
1718 2247
3933 3960
947 1291
1074 1849
1420 1796
2384 2537
2904 3406
966 1491
2575 2593
695 778
2184 2492
993 1643
2190 2543
1577 1954
3728 3862
591 646
3021 3265
1416 1833
2739 3366
941 945
983 1888
2499 2526
1378 1787
1964 2265
1175 1598
2423 2433
2045 2601
1662 1714
925 1485
2038 2174
2118 2543
1341 1538
2987 3025
2244 2433
1684 3009
1551 1843
1796 1804
2509 2547
2508 2510
2675 3253
2969 3085
3182 3396
2299 2602
1522 1839
1431 1643
2549 2574
517 553
2331 2484
41 116
3642 3838
2038 2199
1390 1902
3633 3928
2418 2607
1041 1507
1352 1750
2940 2944
1526 1565
2188 2549
2781 2863
1542 1800
2913 2953
786 813
450 548
2330 2350
3517 3851
978 1076
3455 3802
21 98
2180 2496
857 3586
2201 2553
3553 3629
1376 1765
2477 2495
1059 1707
2933 3368
304 341
291 315
2061 2657
1361 1718
2111 2203
1912 2036
3555 3777
1387 1678
1330 1359
1644 1800
107 911
484 1300
3576 3596
2224 2333
2002 2592
3011 3332
1610 1662
967 1290
276 322
2863 2991
2921 3107
1447 1535
1050 1266
2157 2648
1714 1791
694 823
1912 2306
1017 1467
3179 3296
1684 2996
1070 1236
392 492
2059 2142
2384 2389
3086 3176
3077 3103
2164 2300
3590 3867
1591 1872
2007 2393
1238 1746
2338 2592
2770 2778
2848 2876
107 1847
458 545
1736 1768
2354 2374
2256 2291
3188 3206
3437 3495
2392 2619
424 551
1015 1628
2046 2495
1912 1930
107 1017
2956 3119
2059 2257
1487 1813
2049 2534
628 647
2133 2377
3116 3381
3960 3967
2969 3108
3529 3915
2142 2539
107 1428
1464 1878
1182 1255
956 1177
2077 2253
2669 3174
2220 2287
2078 2607
1981 2336
3240 3335
1182 1509
2473 2543
2172 2586
3437 3789
1076 1659
2782 2909
465 524
1577 2608
2366 2566
458 470
2088 2395
1392 1475
2218 2306
2409 2418
2904 3035
1055 1779
824 853
1920 1987
1028 1124
1267 1341
1940 2295
2111 2338
1205 1861
1941 2040
2001 2192
2212 2386
2250 2319
705 773
1947 2328
964 1904
1984 2278
2077 2578
1981 2384
1175 1620
3268 3407
1912 1944
2324 2573
3010 3269
387 415
2538 2626
1525 1681
2149 2332
1962 2118
2783 3369
526 1078
479 503
2835 3387
2506 2551
2244 2507
990 1450
3800 3944
2361 2455
921 952
494 538
2985 2993
1078 1707
1942 2556
2165 2233
107 1565
966 1868
391 512
2467 2601
123 342
1959 2282
1199 1799
372 545
2679 3384
1199 1793
3150 3360
2122 2604
1339 1886
2339 2404
2319 2594
2956 2993
1283 1641
387 436
1420 1570
2112 2150
444 495
3797 3886
745 817
23 245
2754 2874
2835 3174
2224 2246
3456 3830
2897 2946
2218 2410
1959 2111
2126 2152
1449 1804
376 673
1545 1654
2101 2522
2063 2615
1066 1382
3291 3397
148 272
1110 1663
2084 2601
999 1551
2033 2090
39 200
2423 2552
2169 2516
1941 2332
2869 3270
2340 2560
967 1376
1282 1783
107 999
917 1032
2101 2294
2236 2580
1286 1820
463 557
2574 2593
2796 3082
3437 3815
2863 3016
1729 1893
1962 2462
1718 2169
1285 1456
879 881
3749 3923
1938 1997
2927 3056
686 728
2821 3114
2039 2642
1335 1367
926 1782
1993 2188
2875 3076
1669 1845
2117 2475
1441 1564
2190 2604
3809 3960
2031 2318
940 1650
2540 2557
1080 1673
1912 2047
2069 2098
1228 1412
1912 2298
1938 2395
3587 3809
2759 2961
3437 3782
3555 3803
2532 2591
728 783
1277 1515
3061 3398
1972 2011
2212 2593
1359 1813
1006 1603
2755 3117
2333 2530
1925 2218
1809 1813
1629 1837
1571 1823
93 310
1302 1752
2795 2904
658 681
2222 2384
2987 3123
1970 2110
2793 2937
2767 3318
3488 3514
2026 2594
696 773
1750 1761
2815 2912
3018 3366
2780 3297
2194 2351
2059 2615
2058 2093
972 1900
134 252
2031 2174
2858 2923
2278 2392
2863 3154
1989 2520
1483 1842
906 1547
1040 1622
2083 2507
2020 2395
1298 1715
1255 1291
1954 2571
2112 2553
1367 1757
2410 2489
2123 2504
1729 1850
214 312
1929 2275
1146 1538
1456 1761
537 538
1718 1954
2090 2418
2720 3355
686 852
2139 2553
792 835
178 329
2932 3256
3185 3342
456 484
2477 2646
2761 2763
1139 1703
1128 1804
3465 3519
2181 2497
2157 2171
2454 2542
107 1675
2268 2640
1569 1658
2115 2423
946 1700
1573 1576
3471 3526
2354 2404
1235 1903
3466 3761
3472 3521
2730 2801
2184 2392
3721 3968
1267 1799
1941 2597
1940 2436
1448 1790
1541 1904
2133 2491
2122 2326
2002 2347
1331 1388
2093 2579
2037 2115
2033 2446
3752 3915
107 1587
2117 2264
3052 3193
1920 2125
2131 2576
2124 2212
1114 1692
1163 1447
3569 3969
1542 1707
2289 2616
1335 1604
1078 1173
1222 1827
1938 2561
3596 3830
995 1553
2460 2615
1255 1603
2188 2482
2071 2643
2056 2218
1216 1837
963 1802
2065 2292
2673 2839
348 416
2664 3098
2299 2520
764 828
2275 2550
2863 3198
2993 3104
2124 2625
3123 3137
1945 2458
2880 2925
2960 3153
1211 1230
1590 1804
1473 1807
2074 2308
108 127
32 310
1361 1447
2554 2615
2240 2600
1100 1350
1129 1462
389 516
484 506
3437 3794
1325 1687
3616 3647
1757 1810
2063 2446
1242 1750
1337 1441
1782 1886
1456 1800
1320 1844
1438 1587
2869 2939
1912 2407
3327 3424
686 711
22 87
1946 2073
1791 1842
1989 2414
1912 2286
981 1235
391 515
2154 2179
1078 1675
412 547
3586 3633
1329 1420
2196 2589
2250 2516
2370 2646
1352 1376
1997 2103
2836 3327
2943 3108
199 314
1929 2464
1983 2546
3604 3788
703 779
2960 2986
119 208
2648 2659
1955 2087
1227 1857
2147 2576
2348 2542
0 203
3557 3858
102 263
1912 2324
272 304
1835 1867
1367 1793
1427 1487
2369 2591
2363 2543
394 438
2897 3363
1086 1184
0 296
1559 1598
1912 2173
2927 3108
2552 2601
1017 1449
3569 3822
353 560
686 846
1953 2611
1993 2624
1698 1806
1804 1886
1075 1076
1684 3246
2253 2469
1684 2794
1390 1617
2839 3004
2116 2648
2045 2063
2979 3297
26 119
2755 3022
1938 2521
3189 3395
1132 1746
1272 1669
107 1465
2492 2506
2153 2176
1912 2299
2278 2410
2413 2531
967 1721
2906 3387
1881 1897
2290 2520
1125 1757
1124 1173
1148 1404
21 25
2830 3434
2742 3378
2040 2261
1066 1473
3111 3403
3287 3320
931 1453
1986 2118
2712 3299
1979 2043
1587 1628
3107 3323
2396 2459
1979 2408
2988 3104
1916 2475
2098 2460
2378 2447
917 1709
2098 2123
578 582
2738 2798
1302 1367
1003 1513
1076 1199
1230 1267
981 1596
1015 1277
3025 3135
1916 2512
2112 2655
2840 3145
1938 2037
2134 2196
2243 2264
1746 1750
2943 2945
3049 3344
2313 2431
2064 2550
3836 3910
1528 1845
2317 2618
1245 1824
2073 2290
1097 1371
2327 2461
2156 2587
1214 1605
2713 3106
1072 1681
2763 2967
719 829
1402 1609
1979 2395
2334 2391
1945 2289
2188 2574
3476 3809
1791 1849
1361 1793
2418 2492
934 1589
1946 2546
2030 2165
953 1571
2395 2430
2088 2122
1350 1628
3442 3615
1750 1752
1107 1230
2376 2423
701 726
599 658
1665 1868
1153 1172
3172 3185
924 1338
1112 1799
2800 2897
512 513
361 475
1453 1818
2777 2800
3002 3051
2064 2556
2137 2502
1078 1230
1605 1826
2772 3221
997 1712
2138 2144
1332 1543
2423 2586
1227 1423
1330 1707
3479 3594
1358 1695
1926 2417
1684 2754
2109 2590
1625 1660
3182 3297
688 697
3217 3302
3027 3192
1998 2640
1080 1695
2782 3226
1540 1689
2793 3345
1155 1645
2033 2108
2337 2365
1554 1589
2121 2308
2324 2575
3524 3786
2088 2423
2773 3040
2279 2436
1684 2807
2133 2315
107 948
3156 3365
1768 1842
1180 1238
82 170
1161 1337
1175 1668
1980 1999
1920 2398
2096 2222
484 1408
1495 1783
2138 2279
1437 1864
3633 3962
2853 3116
609 666
107 1366
2810 2839
2800 2890
2806 2919
2200 2206
3258 3291
2942 3233
1085 1588
606 1110
2068 2419
1912 2239
2866 3064
2127 2223
934 1753
2198 2344
1313 1374
3641 3696
3700 3911
2348 2611
2048 2155
2325 2603
1222 1351
1132 1580
1460 1637
2042 2128
2244 2276
2735 2932
2092 2350
1091 1598
1180 1280
2844 3101
1973 2006
2731 3137
2381 2543
54 119
2271 2485
2018 2159
2201 2324
1078 1488
1184 1209
2253 2489
1805 1813
414 675
2131 2619
2031 2325
1302 1665
927 1312
1647 1715
1333 1733
1509 1752
1080 1767
2222 2390
2142 2334
1086 1823
2762 3248
3437 3473
3822 3826
1243 1420
978 1839
3529 3602
3504 3530
1059 1532
62 224
2117 2543
2492 2495
946 1163
2131 2290
1020 1316
3152 3280
1330 1535
1173 1460
2224 2508
2054 2588
1741 1827
1006 1376
2489 2564
3276 3343
2973 3330
2003 2434
2720 3201
2894 3411
2913 3033
694 703
56 232
2698 3117
2328 2516
1185 1312
1406 1732
2862 3119
2932 3236
3829 3900
1198 1344
1365 1612
3684 3902
2037 2300
2005 2229
2229 2504
1273 1649
1721 1795
4004 4013
2835 2874
576 640
1986 2030
2546 2586
2212 2482
1684 2790
2111 2461
579 592
559 637
1198 1598
2150 2646
58 1912
980 1761
1917 2347
1271 1768
3397 3419
1426 1578
1075 1367
2187 2588
2338 2372
1049 1075
2894 3115
1361 1909
1079 1101
3501 3800
1230 1800
1684 2728
0 184
142 332
1387 1486
2877 3426
2004 2116
1201 1280
2123 2391
2973 3132
2020 2059
2693 2822
2689 2717
1352 1757
1669 1761
2124 2539
1280 1409
1577 2643
2888 3090
2796 3381
2068 2555
1202 1858
1288 1491
1219 1662
2309 2564
3292 3341
2461 2649
2246 2518
2132 2280
3485 3559
1211 1613
2235 2282
2190 2340
2446 2460
1984 2188
3437 3556
1348 1428
2069 2462
1141 1634
1535 1571
2247 2289
3541 3725
370 646
1436 1583
1955 2187
2273 2384
3519 3757
2019 2334
1331 1613
1380 1826
2555 2597
2751 3291
2742 2785
1363 1533
2192 2639
1964 2517
901 992
2095 2237
1453 1829
1456 1598
376 1536
311 344
397 481
1489 1893
921 1389
925 1312
2365 2583
1117 1125
651 1357
1971 1985
1470 1551
2004 2022
922 1909
3437 3736
2420 2617
2140 2164
3437 3614
118 200
1580 1613
3860 3902
2945 3213
1230 1867
2169 2198
1684 3126
257 280
107 1094
605 677
67 185
2118 2586
1577 2468
2179 2309
1971 2201
1998 2225
204 277
2220 2593
2513 2650
3013 3209
1935 2659
730 783
1312 1398
2209 2325
1983 1984
927 1124
2257 2307
1242 1861
1995 2620
2331 2376
1211 1845
2384 2417
2676 2864
1496 1529
2365 2659
1962 2625
3528 3737
2037 2623
1256 1458
1970 2132
2410 2619
1619 1793
2143 2224
1927 1931
1267 1623
1256 1619
2098 2104
3043 3313
2124 2623
2121 2604
2108 2469
1305 1409
2002 2461
906 1075
651 1012
2086 2323
2229 2526
2102 2347
1210 1408
2247 2498
2363 2573
547 548
2730 3136
3726 3972
1938 2590
916 1685
2211 2214
1205 1288
3505 3521
742 829
579 636
1060 1100
1006 1101
1059 1329
896 1417
1059 1530
2509 2537
1078 1554
2283 2332
2150 2590
1684 2981
2283 2384
1997 2240
487 492
2743 3243
1997 2124
1819 1877
1656 1702
1522 1589
606 1674
2796 3101
2683 3237
1684 2867
3574 3762
2757 3078
2069 2590
2289 2555
1101 1390
3552 3886
1786 1824
1966 2374
3484 3633
1483 1832
496 513
388 500
1663 1813
3026 3238
2045 2593
1256 1665
1124 1902
2915 3303
2139 2212
2395 2446
2363 2615
1037 1703
2283 2516
2391 2542
1684 3152
525 567
3346 3379
960 1175
2827 3149
2720 2932
1101 1287
1149 1643
3530 3673
1281 1828
107 1674
1048 1669
2738 2925
1699 1807
2348 2469
1917 2356
1018 1273
2020 2414
2369 2460
3150 3411
3544 3775
353 363
272 280
2973 3049
1637 1675
1750 1835
413 463
2065 2154
2172 2556
752 842
983 1793
1329 1559
2827 3195
1160 1352
2391 2428
2206 2646
1313 1694
2679 2683
1349 1645
993 1376
3101 3116
2323 2611
2429 2430
1378 1837
2122 2586
1420 1491
2919 2944
3105 3141
724 821
2543 2594
1485 1718
3479 3830
1230 1269
2062 2283
3133 3366
946 967
2254 2598
1479 1716
1948 2315
2896 2919
2029 2642
3324 3363
1335 1621
1819 1846
1219 1610
1983 2064
1131 1756
2039 2138
1591 1807
1495 1508
975 1473
1277 1764
3518 3707
2059 2074
2850 2943
2827 3426
412 593
1235 1576
1622 1662
3568 3645
1068 1238
1943 2551
1390 1707
2500 2563
1645 1878
1083 1185
2037 2165
2319 2398
2833 3146
1989 2526
1329 1845
1115 1596
1175 1471
514 683
916 1288
1099 1907
1941 2604
2712 3321
2510 2653
2086 2553
1107 1662
1917 2520
1257 1426
2057 2268
1953 2482
3826 3947
1334 1516
3051 3102
2897 3033
2026 2068
3119 3238
697 721
25 332
747 804
1920 2315
931 1343
1255 1361
1485 1845
1663 1688
1684 3333
3945 3956
2180 2417
2142 2363
3152 3330
2429 2507
2329 2414
3527 3545
1017 1909
3525 3692
2477 2561
428 515
2150 2339
1642 2725
2117 2226
1606 1766
1235 1284
1940 2241
2098 2244
2446 2625
402 523
2906 3056
2803 2881
1447 1898
2040 2423
1275 1815
1619 1707
1146 1757
641 1122
1413 1655
1495 1583
903 1747
1614 1735
1192 1277
2266 2536
2476 2561
2266 2619
107 1179
900 1698
1971 2554
2315 2571
3032 3167
2951 3321
2047 2567
2271 2347
1800 1879
2267 2394
1179 1767
2006 2192
2033 2489
1302 1584
1637 1761
1993 2638
1620 1888
2331 2655
1993 2611
1941 2336
2170 2490
1943 2543
1947 2241
1164 1603
3113 3182
2756 3084
3533 3830
2271 2625
1040 1604
3201 3265
2729 3010
1963 2033
2973 3347
97 230
1567 1705
3491 3845
984 1014
805 838
1125 1480
2144 2224
1124 1222
1250 1288
1229 1611
2300 2331
758 781
1388 1849
2043 2539
688 821
354 470
3136 3282
465 511
2919 2988
2769 3010
1567 1825
1874 1888
2084 2299
1945 2635
2007 2653
2863 3297
688 751
924 1781
1083 1652
1917 2468
2467 2559
2292 2463
0 274
3036 3231
2738 3220
3437 3513
300 346
3 170
2904 3017
1938 1971
2115 2348
1199 1399
1322 1550
2090 2339
904 1224
1009 1284
3073 3114
1079 1557
1399 1741
594 667
2102 2567
1382 1454
1391 1467
2047 2384
2730 2871
934 1795
1707 1839
1207 1839
3558 3646
2619 2655
2233 2300
0 56
981 988
563 645
1048 1519
1349 1408
105 277
2915 3304
2127 2597
2005 2324
1021 1423
1256 1663
2698 2909
1066 1638
2964 3331
3437 3459
107 926
1985 2323
1040 1409
249 346
2719 2992
26 297
1912 2131
26 169
1078 1621
2259 2537
2973 3320
1516 1833
1447 1584
2243 2594
1352 1520
2645 2657
3526 3753
26 265
2611 2654
463 560
2706 3220
693 713
2325 2473
2320 2650
2085 2145
2220 2311
1979 2604
970 1806
2978 3231
2090 2410
1035 1159
3995 4014
3036 3363
2220 2579
959 1205
483 1692
917 957
1322 1379
1966 2428
2510 2617
1951 1995
2911 2912
1370 1517
1201 1329
1612 1721
1167 1630
378 502
1491 1888
1943 2469
1211 1267
3524 3535
1632 1867
2187 2282
1076 1810
3719 3810
2288 2383
940 1221
3627 3707
1130 1305
2210 2551
2212 2492
1912 1963
2308 2386
2266 2407
2165 2526
3545 3962
1006 1271
434 488
2201 2370
2040 2064
2108 2276
2796 3297
2139 2323
1415 1783
1135 1589
3195 3399
2191 2279
2028 2302
3764 3881
1339 1810
1947 2274
2339 2604
107 1064
2392 2575
1457 1714
1912 2598
2560 2655
2111 2333
3514 3578
1917 2363
3493 3900
1946 2069
3261 3291
3084 3400
1684 3384
2353 2370
2058 2395
2125 2510
2078 2507
3007 3191
3475 3838
1584 1752
3119 3362
2910 2911
3000 3435
954 1235
1107 1571
2110 2394
1663 1826
1938 2381
2865 3253
2075 2274
2250 2567
3437 3898
3341 3369
2720 3060
1620 1754
2037 2370
1166 1324
1188 1472
627 659
1290 1420
1288 1352
1391 1746
3687 3800
2007 2547
1221 1745
402 413
2697 3246
3734 3929
3048 3342
2794 2887
1243 1399
632 662
3490 3905
1731 1814
2909 3000
2367 2617
1947 2368
3437 3978
2359 2467
2370 2423
2778 3016
1243 1584
53 101
1729 1894
1986 2164
2339 2469
474 489
2046 2404
908 1698
2278 2460
2140 2172
2047 2347
3107 3395
1141 1308
3201 3347
1391 1399
2736 2836
1935 2171
1291 1589
488 511
2633 2636
1456 1741
3437 3700
1110 1845
3060 3367
493 507
988 1277
2086 2112
3486 3705
3674 3886
968 1699
3152 3247
1361 1465
2500 2591
2955 3255
1984 2575
412 567
1684 2843
2839 2920
2045 2469
2473 2612
2184 2233
2680 2705
2741 2786
1227 1379
2889 3309
1684 3361
1329 1683
2090 2624
1931 1976
1566 1671
2601 2606
542 561
2081 2161
694 828
1489 1591
2153 2302
1389 1467
7 347
141 236
1076 1331
2000 2284
3517 3586
2268 2502
2504 2561
2043 2147
2184 2574
352 525
2248 2534
1589 1623
2043 2506
3490 3894
1746 1835
2164 2233
946 1367
1104 1857
1465 2111
1059 1714
2839 3184
2966 3090
1535 1717
2271 2275
1352 1613
2086 2615
2914 3209
1565 1881
2136 2300
946 1554
2081 2149
518 563
1973 2022
2758 2918
1240 1394
3691 3830
1388 1620
3634 3937
2299 2428
578 615
2129 2570
2266 2446
94 242
597 653
397 420
2542 2550
2331 2391
1504 1783
3558 3969
1347 1591
2285 2390
2054 2398
2854 2969
3501 3609
906 1110
966 983
2698 2966
3258 3299
1636 1742
2789 3428
3567 3743
1917 2078
2705 3426
755 781
2163 2516
1985 2065
1959 2599
2996 3027
2849 3239
2011 2639
2032 2199
2711 2714
2468 2553
3604 3687
2151 2189
384 552
2793 2992
1536 1692
2010 2463
3510 3668
2489 2601
1618 1836
284 309
2254 2511
0 229
2095 2213
1676 1687
1245 1309
1945 2259
1019 1229
430 465
3224 3386
1434 1590
2117 2472
3540 3684
1136 1433
1146 1554
2228 2317
3132 3206
445 460
2374 2468
1768 1863
1318 1882
580 936
2135 2463
1288 1390
758 793
1684 2888
1160 1849
2271 2348
1338 1699
3101 3366
98 119
1017 1737
2240 2258
2005 2446
606 1334
1188 1260
2370 2467
2862 3364
1359 1791
1912 2120
1333 1837
732 818
3643 3794
1097 1232
1358 1427
718 745
2123 2220
2111 2502
2991 3378
2142 2600
265 342
2230 2313
60 313
2121 2500
1926 2189
1712 1761
1520 1795
2754 2850
2672 3350
907 1172
2124 2482
496 517
431 500
1199 1665
2521 2619
1198 1746
1643 1653
2039 2148
1523 1617
2073 2575
2840 3034
1554 1891
747 831
132 317
131 177
988 1720
2132 2333
2352 2590
1019 1611
1761 1810
921 1312
1584 1608
2539 2586
1104 1322
976 1358
1707 1757
2254 2491
2194 2567
878 886
2045 2253
2376 2433
983 1156
373 498
1943 2619
2500 2507
2046 2218
249 330
423 637
1361 1604
2757 2927
2887 3025
1305 1757
1068 1211
363 936
1149 1835
1532 1707
2748 2785
524 553
925 1431
1201 1804
1146 1352
2122 2165
2032 2148
1482 1525
896 1021
2843 3385
2213 2446
3135 3433
2680 3129
92 196
258 323
1182 1639
493 561
3547 3693
161 322
482 515
1816 1827
2793 3103
107 1171
2078 2275
484 1179
2084 2109
26 232
1117 1877
1445 1687
1352 1580
1553 1791
0 196
1207 1336
1172 1605
2054 2161
3132 3391
916 1614
916 972
21 200
2943 3243
1222 1753
2084 2218
1102 1273
2304 2516
3082 3267
823 827
1117 1598
1094 1154
1126 1554
2665 2914
3252 3277
2098 2550
1129 1857
1078 1717
3463 3486
1382 1812
2627 2660
2398 2594
1279 1691
3136 3419
1069 1488
428 1912
3553 3728
2155 2273
898 1014
1795 1891
2235 2603
2163 2543
1432 1680
1942 2266
2038 2149
2069 2560
2124 2507
2237 2586
3437 3955
2841 2898
1150 1476
475 1237
3201 3277
2550 2559
2224 2605
2757 3301
2266 2347
2381 2410
1340 1800
1010 1070
1684 2778
3541 3628
2781 3116
2349 2444
1729 1742
2753 3101
2327 2516
3140 3380
1684 3214
2744 3369
1143 1215
2075 2235
2290 2469
2675 3395
3154 3379
3968 3971
3657 3743
1917 2188
1014 1100
1472 1703
3508 3791
2054 2250
1156 1707
1917 2077
1456 1839
2084 2552
497 506
2386 2604
1951 2159
1467 1765
107 1803
1943 2625
632 643
2763 2919
1175 1774
2085 2322
1958 2284
1613 1879
1536 1686
934 1305
1271 1757
80 315
3077 3176
2268 2583
2021 2604
896 1635
1918 2276
2992 3101
1256 1480
2521 2601
2224 2498
2158 2411
1686 1876
2597 2643
3449 3756
1069 1736
1946 2030
1954 2498
1227 1235
2863 3006
388 483
2668 3341
1037 1529
2464 2469
422 432
2280 2336
372 531
1583 1903
2304 2510
966 1488
3203 3291
1375 1613
2021 2564
2327 2597
107 1198
2102 2203
3485 3817
2054 2289
769 798
1925 2600
1947 2390
1497 1885
2064 2630
422 654
1606 1870
93 137
1979 2539
2147 2615
1215 1729
966 1662
1512 1767
2176 2461
3553 3936
2334 2655
2765 3021
2306 2646
1950 2061
566 1512
3541 3868
1285 1898
2088 2536
3633 3741
3627 3635
3590 3615
1404 1611
1918 2579
2264 2282
2042 2351
2819 3017
2154 2630
1537 1806
579 609
366 1427
3780 3877
431 479
107 1300
2793 3247
2739 3162
2108 2579
2232 2336
2731 2988
2334 2492
2890 2920
633 644
1086 1285
3090 3433
3794 3906
1985 2549
2327 2567
1076 1753
1078 1198
1643 1721
3804 3884
3047 3339
1245 1382
2138 2292
3293 3339
456 473
3068 3086
2818 2946
1532 1632
2385 2398
2425 2594
1120 1611
457 486
1684 3292
2242 2610
2115 2409
806 818
1293 1589
1288 1289
86 177
977 1709
2142 2376
2199 2598
2199 2282
2054 2643
348 518
2436 2588
3190 3341
2111 2247
2290 2381
1393 1753
2861 3218
1927 2658
2190 2586
1380 1610
1687 1825
898 919
3437 3800
2600 2607
2323 2552
1983 2122
2753 3350
538 1358
474 500
2750 2877
2399 2544
483 1284
3476 3975
2040 2574
2694 2787
3472 3526
2129 2540
107 943
2042 2567
1971 2109
3616 3918
2076 2255
352 431
915 1790
3253 3255
444 513
1915 2107
2133 2318
1413 1576
2394 2652
1014 1824
1912 2497
1939 2438
1457 1610
79 188
3177 3420
2198 2254
2769 2943
1000 1010
2039 2081
2247 2475
2994 3362
934 980
3314 3382
1042 1634
1522 1821
1983 2654
2240 2299
363 373
1044 1227
2877 2891
1184 1331
2083 2115
2679 3293
2044 2602
3648 3792
1327 1800
3522 3950
1987 2372
686 757
917 1725
2433 2600
947 1079
2869 3082
2502 2649
2007 2491
2046 2240
2363 2370
387 525
2461 2509
408 536
1341 1420
3623 3947
3050 3312
2317 2540
1986 2261
1702 1911
1522 1685
2319 2355
1966 2353
2220 2308
2044 2084
781 830
921 1255
3014 3026
1128 1431
1471 1879
938 1548
1416 1714
2140 2261
1197 1788
428 475
1984 2607
2266 2454
2069 2115
2005 2077
2069 2387
2019 2443
185 271
1620 1632
2054 2458
2026 2398
3574 3642
2753 3116
2188 2218
277 294
2169 2502
1293 1339
2368 2377
2991 3267
2661 2901
2787 2932
3139 3300
0 148
1290 1620
3149 3387
2719 2793
3514 3672
1947 2161
1204 1661
2758 3341
2950 3152
2012 2365
1344 1367
3070 3302
1214 1845
1684 3032
1954 2640
1160 1688
2121 2655
2438 2568
1227 1282
1210 1740
916 1571
927 946
2010 2377
2121 2564
587 645
1714 1723
3574 3731
1237 1574
2058 2624
1946 2638
1684 3354
2933 2997
2465 2533
978 1734
1122 1374
107 1341
141 258
2742 3252
1985 2393
2240 2631
3039 3225
368 374
2125 2605
2754 2896
2694 2786
1181 1849
2074 2520
2190 2550
966 1449
2902 3181
1409 1620
2069 2140
1537 1613
718 719
2083 2131
1449 1826
2960 3040
2377 2394
2414 2578
2840 3281
1951 1968
2890 2909
3869 3924
1075 1888
2025 2657
2142 2443
2582 2588
2068 2071
2353 2563
2071 2247
2132 2434
1917 2591
2507 2575
3027 3101
2045 2646
1668 1683
519 546
348 443
2311 2409
3584 3896
2484 2539
2786 3026
1986 2615
1946 2290
1730 1750
1377 1886
2194 2283
2241 2279
2140 2374
580 1645
3506 3623
1107 1390
932 1663
2783 3385
1258 1584
693 837
188 341
946 1663
1172 1768
1623 1750
2604 2619
2232 2379
2156 2424
1153 1712
107 1050
526 1393
3043 3093
2894 3079
107 1026
1479 1587
2221 2641
747 807
1132 1652
2755 3166
373 590
3578 3633
3287 3377
1951 2645
2699 2959
3287 3422
1539 1622
2172 2237
252 265
594 4011
1201 1580
2187 2508
946 1402
481 489
1255 1305
2273 2567
828 856
3609 3797
2154 2334
2877 3363
1260 1686
1532 1789
14 149
56 272
3005 3320
1261 1850
969 1032
56 75
2966 3303
2059 2083
1404 1462
1230 1367
3235 3397
954 1893
1943 2200
2849 3397
1250 1416
2333 2465
1142 1374
1117 1160
2220 2556
2830 3191
1784 1837
969 1396
1813 1898
257 304
2132 2598
71 230
2768 3118
3437 3890
353 482
1959 2293
695 754
2509 2617
1684 2875
3600 3612
1327 1656
1962 2359
3289 3302
2738 2890
1987 2042
417 514
3240 3391
1941 1971
3474 3829
1450 3263
3599 3835
1502 1636
2104 2414
2742 3152
2864 3232
2032 2038
2108 2615
1707 1722
107 475
483 606
774 843
2028 2191
2037 2578
1507 1624
1135 1613
973 1327
1970 2652
2131 2354
3525 3577
2112 2123
1109 1507
2800 3426
2841 3248
3488 3611
825 856
2292 2643
2077 2078
1979 2578
2124 2467
2237 2290
86 227
483 1032
2793 3120
1978 2248
2468 2631
1559 1730
2694 2773
1714 1717
2491 2617
1917 2115
2020 2306
1335 1351
1691 1875
1984 2233
2344 2394
2753 2989
3129 3426
961 1197
2916 3226
2462 2630
2002 2062
1431 1793
1343 1831
930 976
2254 2264
3154 3411
3012 3072
1230 1827
686 806
2913 3119
1180 1888
422 489
1127 1785
1256 1768
3256 3427
598 630
2023 2231
803 840
134 304
2005 2611
3223 3371
1420 1730
2420 2597
1378 1548
3684 3962
2845 3118
2172 2623
2190 2611
1163 1804
2093 2395
1222 1622
1622 1835
1067 1292
2347 2460
2216 2363
3460 3881
3450 3930
1946 2299
199 261
1106 1496
3980 4027
3136 3341
670 675
2229 2499
2078 2423
1491 1644
1352 1685
2267 2302
1199 1589
967 1509
1912 2649
1556 1810
2154 2213
2024 2660
2981 3025
2593 2624
3518 3804
1006 1402
1550 1611
92 194
2369 2579
651 1122
986 1225
2111 2537
3822 3855
1040 1542
2007 2067
2672 2684
2121 2625
98 118
2512 2611
2705 3054
1017 1185
3149 3426
1926 2279
3102 3347
1919 2006
2309 2602
522 568
932 1775
28 144
781 828
1946 2271
948 1543
3156 3255
2290 2500
1513 1522
3437 3979
1159 1781
480 540
2237 2546
222 313
1938 2131
1947 2198
1256 1598
2140 2575
1968 2659
3214 3249
1267 1402
1984 2443
3328 3343
1102 1282
2561 2615
2326 2383
2140 2329
2037 2414
3366 3379
1993 2414
2189 2285
1979 2556
436 673
1921 1935
2324 2607
2807 3300
1684 2766
362 371
1482 1709
2374 2543
2781 3060
3653 3789
3145 3350
1985 2460
1659 1721
1059 1086
2140 2210
1621 1879
1833 1842
954 1781
1577 1941
2309 2542
1917 2218
2118 2430
2272 2480
2774 2817
1488 1689
1718 2368
1563 1768
208 277
1953 2033
2278 2575
697 747
1912 2622
1991 1998
3162 3302
2007 2396
1216 1568
1491 1662
2473 2649
1235 1315
2309 2499
2131 2237
515 555
2169 2187
1723 1842
1929 1943
3578 3830
2142 2387
1538 1735
56 113
606 1357
2121 2376
1279 1786
373 527
2724 3405
2789 3300
3437 3631
104 252
3563 3684
787 809
1663 1665
1768 1804
695 794
3086 3410
1204 1680
932 1898
932 1827
1737 1833
2680 3174
2669 3085
3553 3698
3437 3456
2046 2212
3593 3648
1496 1541
2495 2559
1932 2332
2867 2910
1996 2565
2364 2636
431 503
1920 2135
2299 2499
2469 2478
1941 2206
651 1574
2730 3395
2095 2352
1429 1786
1048 1341
1918 1984
3019 3377
3363 3394
2886 3322
2142 2606
2174 2268
1415 1739
2062 2075
2904 3353
1184 1603
2039 2543
2356 2638
2783 3185
2131 2625
1827 1864
414 673
1130 1668
815 828
1291 1795
1943 2278
1574 1773
2046 2376
1938 2307
1298 1636
1717 1835
1306 1756
107 1266
2087 2589
2062 2280
922 1863
916 1530
1396 1582
1571 1600
2782 2969
1925 2200
1921 2627
1643 1888
1271 1449
1612 1836
1181 1584
1076 1877
2675 3219
2172 2563
3672 3684
1004 1128
2116 2389
2049 2497
1170 1820
2375 2439
2665 2781
1125 1551
1920 2087
2054 2243
2348 2532
404 511
2777 2966
24 180
1199 1833
2302 2642
2088 2554
960 1409
943 1225
2059 2423
2810 3056
1226 1709
1315 1636
1273 1412
1086 1376
2068 2512
2278 2423
1117 1201
2056 2142
1280 1809
436 556
1932 2039
2738 2862
2118 2124
3591 3822
2451 2458
2872 3054
4023 4034
3573 3625
2131 2206
694 766
2984 3206
2884 3044
2239 2512
916 1610
2212 2600
2741 2994
2184 2410
997 1125
2278 2409
1124 1352
3554 3794
2133 2254
1970 2274
563 1217
2030 2575
1945 2451
1048 1146
348 370
1003 1004
2089 2371
1971 2374
119 329
3590 3862
1946 2058
2706 2880
2071 2183
2945 3029
2969 3054
2328 2338
2317 2456
2669 3362
1959 2285
136 2447
1600 1750
1706 1871
199 232
2713 3223
2758 3307
1916 2518
348 444
2908 2920
3274 3360
2257 2309
1740 1778
2460 2602
978 1331
1723 1791
1173 1534
738 751
1614 1768
1054 1761
2768 2813
423 553
2765 3316
397 554
1191 1361
900 1825
2199 2617
2093 2559
363 1677
2877 3064
2052 2099
381 424
2038 2417
1964 2406
1938 2043
2127 2594
450 475
1946 1997
2681 2864
2915 3324
927 1026
2099 2197
1993 2311
960 1163
2891 3142
2833 3288
2679 3056
2665 2711
2142 2339
1684 2698
1983 2290
1305 1836
3651 3750
2088 2300
1127 1759
1 73
2783 3383
2308 2324
2037 2615
3326 3342
3437 3548
348 378
2165 2520
2000 2435
980 1717
915 948
1111 1788
2232 2259
3363 3430
1173 1519
107 1187
2755 2910
964 1259
2272 2419
1427 1695
1242 1877
3563 3667
758 814
266 302
1491 1736
2309 2619
914 1052
1431 1741
1684 3144
2717 3142
747 773
2719 3111
1086 1132
2988 3026
930 1080
1076 1451
1017 1222
2669 2782
952 1004
964 1062
2745 3004
3115 3179
1033 1567
3020 3258
1011 1249
1912 2563
2047 2597
1172 1714
25 94
3440 3805
2374 2561
2371 2628
990 3263
65 252
980 1520
2190 2601
948 1574
2828 3027
994 1658
2103 2118
2324 2625
1294 1801
2183 2241
1912 2463
1370 1589
1260 1633
2259 2543
3540 3841
2440 2497
2339 2579
2095 2630
1621 1752
1946 2604
1612 1769
2116 2413
2329 2546
2300 2347
395 495
1409 1598
2418 2625
517 1025
2799 3122
686 695
2020 2546
994 1235
953 1741
2203 2588
2546 2624
686 773
1086 1665
9 297
56 239
109 314
3730 3926
1191 1491
2324 2326
2172 2326
724 830
1528 1768
2108 2410
957 1655
3851 3873
3025 3073
3713 3907
1182 1195
2500 2504
1637 1811
1943 2564
3611 3891
1669 1888
544 683
1033 1360
1752 1819
2910 2988
1205 1685
1005 1259
2328 2617
1750 1867
1055 1266
2223 2332
3319 3411
2386 2395
1540 1909
2192 2364
1938 2630
2911 3426
2075 2081
2339 2551
1048 1559
3493 3680
2081 2543
2095 2276
1312 1795
2073 2352
2284 2627
2201 2278
348 565
2069 2309
3437 3773
372 543
1319 1895
2026 2283
3489 3665
2854 3414
3082 3198
1998 2346
2223 2282
3842 3971
2484 2654
2132 2319
432 525
2006 2639
2271 2500
1124 1622
238 239
2661 3360
1082 1550
1184 1242
2128 2287
2083 2088
2234 2526
376 456
566 1844
3491 3838
2220 2586
958 1319
2785 3299
2332 2608
1684 2879
930 1844
2299 2590
1943 2118
437 467
1107 1721
769 869
1163 1488
2142 2542
1471 1909
107 1652
2550 2622
128 213
917 1086
3296 3297
686 716
3698 3747
1505 3019
1092 1291
1465 2180
2818 3067
3727 3771
953 1707
3341 3359
2395 2579
1929 2625
3117 3274
2354 2619
1557 1827
1684 3419
1467 1613
2859 3302
1971 2655
2323 2625
2154 2478
3392 3430
1912 2488
1238 1456
1124 1542
2976 3111
2942 3136
1074 1793
2112 2624
688 824
1100 1235
1925 2266
2133 2211
2782 3149
2010 2133
428 667
1718 1945
395 545
2304 2471
916 1238
1989 2216
107 1707
1480 1612
1912 2480
3583 3758
1391 1750
1923 2176
0 28
2044 2476
3437 3438
1222 1772
2715 3171
2103 2172
1920 2247
1988 2622
3780 3842
1351 1888
927 1290
2187 2629
2958 2976
3706 3900
2046 2266
2033 2507
3061 3405
2127 2643
2410 2638
2176 2557
754 805
2554 2578
773 827
2074 2206
2172 2348
1216 1784
2916 3090
3790 3902
1153 1717
1169 1831
995 1265
2093 2164
1350 1583
460 535
2896 3301
2176 2194
2484 2625
1663 1675
1925 2607
994 1630
1059 1522
2084 2554
2266 2504
2880 3004
3596 3730
2395 2625
3437 3602
3877 3948
2451 2589
1018 1396
1475 1786
563 1574
1238 1280
946 966
1943 2290
2978 3045
1812 1820
2823 2828
1447 1835
1947 2498
1595 1893
2689 3078
3596 3734
0 243
2683 3090
1231 1812
8 264
2378 2538
2071 2196
1623 1888
2037 2201
2062 2438
1126 1335
1079 1523
3474 3602
3642 3730
2363 2369
3545 3605
2458 2617
2139 2414
1524 1589
1979 2278
3152 3320
1239 1845
2443 2584
1617 1864
1327 1618
1036 1104
3599 3862
2598 2616
1152 1807
1984 2604
1377 1861
2428 2561
2187 2617
1124 1485
1076 1185
2223 2327
1004 1632
2108 2300
2213 2290
199 342
1574 1695
2756 2887
2833 3051
1965 2114
483 641
412 482
3089 3101
1835 1842
1023 1861
2164 2206
1684 3202
2872 2956
2174 2319
185 285
1269 1823
1312 1391
1718 2264
2446 2484
3479 3639
561 591
3747 3960
2991 3070
2822 3164
1554 1610
2904 3267
2719 3201
2253 2553
3437 3616
2267 2511
925 967
908 1327
169 248
0 219
2919 2940
1364 1747
723 734
2142 2398
500 557
1080 1870
3456 3586
1017 1399
1124 1563
1429 1828
1835 1845
1604 1879
1352 1516
2087 2533
953 1849
1009 1862
1684 3002
2555 2594
2059 2381
2126 2659
1980 2657
1577 2191
1377 1782
1444 1500
517 905
2030 2423
2520 2630
348 392
329 332
1431 1886
2134 2199
1283 1858
1045 1384
2078 2611
3228 3324
2005 2500
3215 3280
2953 3000
107 1400
2032 2143
1963 2122
2359 2409
1005 1672
2007 2117
2750 3137
2951 2990
695 701
2139 2539
930 1142
3176 3356
3440 3684
2712 3345
1449 1556
3275 3359
1437 1730
2702 3275
2011 2657
1662 1864
2729 2988
2324 2368
485 518
2131 2408
3272 3291
1946 2074
1205 1509
2472 2567
1589 1867
2730 3385
1371 1787
3132 3154
1051 1260
3132 3320
1358 1574
2038 2471
469 553
946 1753
728 747
3049 3419
2683 2731
1557 1623
1122 1790
1977 2566
3000 3026
578 681
612 636
2102 2617
3140 3393
1483 1570
3150 3381
3302 3403
1962 2542
872 885
2680 2763
1198 1644
2062 2351
969 1871
1201 1470
3297 3316
1614 1752
3774 3918
1132 1597
2039 2180
1571 1598
107 1877
2064 2407
2913 3096
2943 3073
908 1077
2226 2310
2063 2339
2578 2655
3046 3076
2765 3206
1959 2125
2354 2446
3643 3870
363 507
517 536
2279 2347
1970 2333
2866 3363
1799 1804
1185 1488
2210 2631
1014 1020
2324 2369
2334 2356
1983 2123
1132 1163
1330 1605
366 555
1126 1810
2121 2275
2830 3154
2074 2428
373 400
2054 2183
1011 1260
1272 1793
1120 1277
2112 2240
2600 2615
1649 1732
2139 2520
2940 3056
2088 2460
2109 2624
1534 3101
3054 3243
1420 1714
1447 1559
1107 1823
370 475
2708 2797
2337 2346
2606 2619
2363 2586
2069 2532
2720 3239
2758 2865
3437 3540
1528 1559
2726 3231
2694 2880
3029 3364
2087 2293
1941 2026
1663 1809
2267 2461
1684 3262
1912 2498
3852 3966
1963 2056
1431 1823
1057 1607
1684 3006
2224 2419
2521 2593
1914 1972
953 1323
2268 2458
2556 2625
348 506
2694 3000
2673 2890
3201 3204
2069 2300
2240 2329
2369 2526
2010 2153
1316 1382
417 538
1420 1485
2073 2495
2081 2420
1416 1554
3937 3945
1130 1488
392 483
2689 2694
2924 3000
3989 3991
2135 2417
132 311
2122 2340
2783 3060
395 471
1632 1833
606 1767
3519 3705
1035 1529
2180 2436
3577 3586
1293 1613
2661 3021
2782 2943
625 630
107 1833
2059 2575
1968 1976
723 830
1243 1639
2969 2974
2877 3052
2122 2290
1912 1938
2265 2406
1684 3329
218 328
2154 2352
2187 2264
2702 2954
1124 1675
983 1833
3672 3852
2927 2988
2164 2560
1947 2110
2687 2914
2245 2301
1925 2271
3835 3907
203 342
2480 2637
3223 3406
1467 1761
3359 3412
2323 2615
1958 2337
2423 2553
2334 2409
2010 2509
1730 1774
2738 2911
807 819
2290 2606
2979 3340
2258 2326
908 1421
1465 2279
897 1123
2045 2418
1258 1444
3362 3387
2310 2325
579 626
2696 3246
2241 2533
2909 2916
606 1349
2184 2551
1214 1437
2121 2309
2153 2279
1665 1741
2 149
3679 3863
1941 2334
2284 2346
1912 2493
934 1467
2072 2518
1318 1543
1420 1597
2996 3302
3523 3830
1150 1911
2927 2985
2463 2471
925 1590
2859 2984
3131 3180
3175 3194
1665 1793
2095 2423
2866 3033
2200 2506
1491 1795
1074 1864
2091 2317
1336 1391
1471 1659
1973 2657
1390 1888
3330 3381
2212 2353
3291 3337
1706 1794
2188 2278
2829 3154
584 630
82 169
1014 1592
946 1614
946 1078
1185 1431
1420 1721
1584 1761
1684 2706
2506 2543
1981 2110
364 501
3752 3761
2186 2379
2910 2966
1371 1733
977 1041
2831 3326
1247 1273
2937 3280
3207 3410
1605 1839
2833 3434
1973 2319
993 1110
48 73
2374 2386
1537 1567
25 98
3907 3960
3638 3799
2127 2598
2213 2506
107 649
1718 2653
1004 1287
1963 2485
378 544
2200 2331
2989 3321
136 2475
2307 2619
381 516
511 556
1684 2781
1090 1228
2027 2626
1115 1315
410 500
1626 1674
417 465
1199 1795
1311 1667
698 874
1684 2886
1159 1183
2083 2590
2214 2345
2304 2333
2198 2264
507 556
2201 2485
2532 2549
2057 2508
2684 2737
67 236
2266 2462
1465 2196
2741 2969
2047 2465
3538 3874
2127 2268
107 1056
1335 1376
3450 3913
2059 2233
362 535
2336 2417
3011 3160
2139 2150
2757 3195
2778 3306
2238 2251
997 1222
2054 2510
4 306
1124 1810
1009 1716
2300 2339
1947 2463
1538 1542
3680 3711
1243 1730
2689 3085
1572 1757
252 325
1390 1447
348 360
107 1123
538 1313
1983 2184
2304 2432
1673 1740
1313 1660
3016 3270
2713 3285
3578 3877
348 452
370 563
2097 2645
2769 3090
2877 3073
1917 2553
2670 2767
2261 2409
2669 2877
367 455
2088 2201
3437 3894
225 278
1636 1903
2221 2603
2777 3363
2661 3049
3154 3162
2864 3119
2142 2604
2073 2206
3456 3762
1089 1168
720 790
1225 1355
3926 3971
2721 3091
3437 3557
2309 2601
784 828
1195 1730
3089 3209
2145 2313
2033 2359
940 1906
419 452
2271 2359
3994 4030
2395 2532
2507 2623
953 1330
107 1901
2048 2128
2500 2631
1912 2477
1110 1861
2556 2607
414 580
2087 2598
3256 3418
3335 3434
1497 1881
3787 3923
2213 2404
2510 2555
2711 2881
1201 1243
2530 2567
2109 2172
3707 3828
1580 1663
2179 2477
708 774
1156 1173
930 1425
1870 1882
513 601
2343 2344
2299 2601
1298 1841
2730 3168
1943 2154
1092 1361
3199 3280
1309 1783
3604 3721
3350 3411
3437 3654
1416 1589
2720 3344
1707 1736
1612 1789
2292 2509
2087 2135
2090 2369
2038 2239
927 1520
2115 2359
2365 2657
1534 3278
1979 2058
461 645
1199 1662
2890 2977
1929 2433
645 651
1198 1532
2001 2494
1500 1686
1480 1619
1290 1833
3980 3998
1954 2508
2347 2590
3693 3734
2951 3415
432 460
1985 2615
2775 2947
1997 2206
2284 2459
2932 2938
2869 3204
1600 1652
0 15
3545 3790
238 325
2074 2216
1122 1349
1943 2046
2992 3120
186 285
497 565
2133 2325
2110 2396
3114 3426
1717 1737
1423 1459
1697 1806
520 561
1917 2069
1377 1898
1523 1718
2471 2629
451 553
2845 3263
2516 2543
2083 2300
1941 2052
1954 2538
1007 1170
948 1464
1280 1402
3070 3434
181 328
107 1817
3170 3185
3084 3300
2352 2542
2359 2423
2796 3017
2384 2555
382 410
1941 2571
2279 2345
1528 1835
1929 2200
3468 3529
2127 2319
2927 3004
1523 1867
2928 3394
1345 1716
107 1101
107 1393
1491 1813
3793 3900
2022 2365
537 545
2165 2462
3786 3906
1205 1675
2172 2464
2159 2365
2083 2122
3224 3360
2689 2835
1172 1335
98 186
1004 1184
56 141
1179 1400
1063 1238
3550 3552
1107 1153
2045 2464
1214 1256
3635 3702
1964 2256
2026 2550
1109 1348
2901 3214
927 1768
1017 1074
2118 2631
21 203
1554 1617
1597 1827
2913 2927
3065 3174
581 642
2174 2264
1962 2090
2095 2500
962 1910
1137 1493
3986 4021
1218 1562
2334 2482
419 431
2993 3084
3191 3344
1577 2445
3272 3328
3180 3181
2240 2290
3888 3950
1286 1628
3764 3895
2302 2384
1341 1471
2297 2633
1519 1642
2117 2394
2043 2046
1684 3022
2905 3078
3994 3998
2890 2929
2063 2485
2210 2556
2559 2602
1205 1517
1672 1828
2484 2590
2748 2976
1685 1771
1211 1799
2331 2353
2257 2556
1975 2193
2118 2559
2859 3291
3245 3278
1497 1910
1506 1616
1123 1156
2183 2187
2184 2549
2108 2409
1983 2323
2458 2501
2873 2874
1362 1469
2730 2958
1954 2174
1160 1902
2025 2626
2873 3078
414 643
2835 3363
2839 2919
903 963
1943 1985
262 312
1916 2298
2145 2186
1011 1131
1184 1267
2069 2602
3545 3651
1515 1899
2309 2559
2436 2653
2115 2600
2198 2332
1377 1659
1680 1691
928 1705
953 1605
1457 1746
2198 2518
995 1274
941 1273
107 1025
1456 1622
2313 2361
3636 3867
2561 2579
2271 2532
3498 3907
2058 2078
3994 4023
2966 3056
2384 2603
1045 1337
1184 1799
2111 2434
3151 3214
3150 3335
107 1028
1940 2102
1361 1839
1953 2095
980 1393
152 181
3307 3406
1523 1746
1210 1767
394 475
896 1462
1534 1674
2109 2520
2290 2307
2026 2102
1146 1898
2901 3345
3247 3381
566 1673
687 805
107 1142
1626 1817
220 312
706 731
2376 2550
3087 3406
3097 3302
1684 3358
2194 2279
2521 2602
999 1621
1479 1502
3675 3899
1352 1800
3264 3365
2043 2409
1449 1485
3342 3391
3052 3384
3447 3894
2093 2309
2331 2423
2046 2369
2270 2318
1126 1456
1180 1598
414 644
2007 2379
93 167
1335 1737
2331 2404
1118 1747
1166 1812
2257 2359
137 167
1619 1886
360 543
398 408
2087 2336
1939 2199
1017 1810
146 285
2278 2574
1269 1609
966 1456
3569 3951
2345 2453
1181 1663
1014 1462
2047 2066
921 1376
1912 2364
1997 2352
1643 1789
2363 2520
257 315
1149 1375
1199 1447
107 1799
2778 3434
2178 2321
3821 3947
3437 3863
23 99
2054 2377
2227 2558
993 1813
3087 3385
348 446
2904 3321
1516 1653
2672 3396
1181 1431
3437 3939
1504 1815
578 659
1028 1800
1167 1338
686 843
934 1509
1250 1819
1261 1373
3862 3867
1941 2057
2005 2381
1473 1630
2149 2510
3057 3061
1985 2521
2156 2251
980 1765
1003 1639
1968 2009
1483 1849
3011 3258
1011 1169
1201 1352
1201 1609
2250 2328
2307 2467
1951 2171
1260 1525
1135 1238
1569 1862
1126 1590
3359 3366
3229 3300
2793 3320
1941 2489
661 681
1959 2274
2190 2469
2719 3204
1447 1868
1918 2348
388 493
3743 3857
2084 2353
2201 2339
3087 3253
3576 3930
402 542
2377 2434
2132 2461
107 1657
981 1104
97 182
1049 1721
1684 2747
2840 3403
2363 2495
2347 2475
2161 2396
2229 2539
2030 2095
1472 1904
2000 2171
2007 2053
2280 2458
1621 1622
1684 2717
2132 2399
1772 1902
1126 1341
2464 2551
2675 3136
1018 1729
107 1218
2706 2777
348 358
3016 3208
1215 1893
3406 3409
2323 2655
2285 2597
1167 1275
1483 1768
3510 3602
1005 1783
2087 2530
2123 2306
1402 1604
1979 2551
107 1378
142 303
1210 1744
2053 2617
107 898
1049 1659
2211 2366
3070 3267
1685 1888
2233 2553
2782 2912
1621 1659
3501 3756
1117 1380
1388 1663
803 820
3470 3710
2224 2512
2546 2553
1107 1132
2139 2220
3220 3232
739 828
2701 2708
3350 3355
2212 2213
2194 2315
2051 2313
2376 2602
1964 2186
1180 1685
104 318
1113 1122
1668 1816
3612 3758
921 1842
1269 1584
2224 2367
2098 2115
2542 2619
2850 3195
3111 3157
1578 1716
2460 2552
2137 2468
3046 3146
113 158
1113 1464
1211 1431
2701 2797
348 439
1165 1641
686 691
1950 1995
1336 1456
348 442
3557 3838
1659 1737
1062 1876
2712 2991
3437 3458
1638 1783
1920 2235
414 679
2108 2543
1985 2638
136 2384
2288 2309
188 272
2001 2636
378 500
3437 3761
902 1298
688 845
3659 3979
1684 3237
2674 3206
3557 3828
1551 1734
3116 3330
2906 2913
2081 2491
1827 1879
981 1872
2806 2854
2777 3158
2307 2601
3002 3150
2244 2504
1703 1807
2216 2220
2019 2449
2109 2560
3669 3864
782 813
2250 2399
1377 1730
2086 2356
2629 2642
2489 2543
1132 1416
3836 3957
3329 3409
1628 1872
1962 2363
1995 2639
1376 1735
1360 1708
898 1081
408 524
925 1184
3169 3201
1333 1784
2707 3145
1114 1778
526 968
1955 2183
2604 2655
372 547
107 1395
2676 2705
2701 3079
2742 2970
709 823
2359 2520
1997 2630
980 1603
348 505
1275 1418
1032 1227
1077 1202
107 1291
2083 2103
2046 2275
2925 2956
3034 3366
2694 2908
2712 2780
967 1003
2103 2240
2190 2410
772 828
3838 3845
1941 2229
106 332
2060 2625
3258 3350
1355 1472
1378 1568
2717 2897
2072 2537
1979 1984
2916 3064
2359 2500
2778 3225
1431 1905
3197 3345
1375 1612
1006 1584
2250 2649
2955 3404
410 474
2850 2906
959 1207
2112 2115
2236 2361
3437 3788
2764 2941
3747 3967
3437 3506
1389 1888
2042 2203
3456 3596
2125 2343
3089 3319
2054 2133
2464 2654
0 152
2199 2629
2142 2381
3437 3718
1051 1709
2261 2428
1912 2037
2115 2586
1049 1110
1509 1669
2387 2449
1531 1781
3174 3284
1431 1614
26 236
1980 2585
2237 2408
1052 1109
2539 2591
1684 3092
2142 2499
2049 2474
1066 1515
3486 3900
1040 1571
3635 3800
1600 1877
2731 2987
2035 2488
1985 2213
3077 3168
3549 3814
2330 2384
1146 1795
2756 3362
2609 2629
3353 3397
2090 2553
1819 1835
2087 2338
2033 2056
2890 2915
1373 1727
396 568
1129 1345
1765 1846
2176 2199
1966 2095
1992 2650
2138 2151
2829 3412
1953 2464
1950 1991
1943 2630
2116 2203
2229 2492
2919 3417
2144 2617
1530 1668
1535 1675
2142 2521
108 197
1198 1653
2117 2345
1628 1636
1684 3062
1684 2864
1150 1656
1919 1999
1339 1390
3076 3150
1622 1842
1192 1647
3651 3824
1684 3218
1976 2459
1684 2860
465 483
367 504
1478 1566
199 222
1269 1688
1020 1495
2738 3000
3154 3344
1181 1199
2173 2341
1059 1712
994 1584
990 1419
1427 1673
1472 1650
719 781
2728 3241
2102 2254
3007 3252
966 1107
412 492
2149 2588
902 1691
926 1810
1017 1078
1468 1493
1290 1800
2145 2473
2719 2785
1116 1540
2684 2875
1195 1554
3060 3403
2730 3162
473 527
426 525
1126 1485
2104 2348
916 1839
1243 1563
3437 3490
1416 1810
1502 1596
3854 3918
982 1888
783 820
2124 2347
2467 2602
1746 1813
992 1747
1946 2414
2332 2384
993 1663
363 1506
2069 2575
2213 2549
1376 1789
1675 1717
1079 1128
2088 2563
2822 3278
1060 1628
2093 2150
3485 3611
57 213
1248 1785
2710 2809
733 829
3757 3759
2102 2268
2071 2289
3643 3909
2724 2730
21 239
2887 3084
2189 2203
3239 3406
1146 1643
2077 2090
1078 1551
1959 2183
2323 2429
2811 3280
3120 3154
1687 1698
348 397
2896 3129
803 880
2463 2629
3437 3853
271 318
3437 3895
1684 3388
1544 1779
445 535
1291 1741
2445 2616
1972 2629
963 1787
2347 2451
3204 3267
2361 2371
1390 1665
1257 1292
525 561
1970 2434
2188 2428
2300 2428
1181 1750
2229 2655
483 1099
1329 1675
397 514
2237 2331
430 559
3720 3802
3504 3551
3252 3391
1086 1737
1259 1348
2037 2257
2088 2495
1199 1622
897 1805
1124 1702
1431 1819
1289 1736
3563 3968
2754 2852
493 512
1912 2308
2133 2510
25 336
2672 3332
3198 3253
3998 4014
1995 2004
1010 1159
3051 3381
738 745
2578 2646
3557 3627
2241 2247
3634 3945
9 200
1989 2423
2428 2430
2078 2363
2675 3369
1622 1663
1107 1623
1049 1877
954 1373
1935 2202
395 559
2966 3052
2098 2624
2131 2324
2668 2832
1000 1228
3667 3842
2331 2492
3611 3971
2516 2544
538 1080
2275 2559
400 506
369 516
107 985
3087 3296
2991 3347
1285 1380
1287 1746
156 235
1971 2546
731 834
1948 2338
2122 2590
2576 2590
916 947
2969 3387
1329 1620
901 1097
2876 3272
507 545
688 754
1561 1678
566 968
3676 3825
2057 2065
2347 2526
2131 2261
573 684
2731 3123
1642 2693
1745 1770
3048 3178
2060 2163
1375 1714
1126 1439
997 1456
961 1852
104 239
2123 2150
419 430
2484 2532
2498 2512
1954 2365
1938 2542
921 1735
1158 1841
722 745
1946 2499
2759 3237
3042 3426
98 325
944 1275
1302 1746
1201 1621
1078 1665
1663 1839
1391 1431
2332 2592
1256 1409
1456 1752
107 1509
897 927
1912 2599
579 620
2115 2477
2180 2247
2165 2278
2461 2597
999 1839
2090 2499
3558 3906
1235 1550
3502 3830
2334 2395
1370 1391
986 1634
3443 3466
1431 1539
2359 2418
1757 1833
934 1128
2956 2986
3173 3381
402 566
1190 1432
2381 2430
980 1222
378 497
2142 2655
1107 1488
1985 2489
2042 2372
2030 2623
2101 2438
713 831
2129 2231
2331 2352
1225 1634
3035 3070
1684 3019
3011 3182
1923 2254
2286 2534
2563 2654
3252 3345
1323 1604
946 991
2117 2242
2129 2412
1323 1330
1946 2353
136 2018
901 1468
1938 2212
1333 1601
1959 2572
1929 2257
1149 1184
2415 2432
2696 3275
1048 1209
3186 3233
2935 3063
1380 1839
1684 3113
2138 2194
2007 2249
2074 2323
2102 2239
693 695
2384 2473
2786 2874
2212 2433
2032 2241
3166 3174
2311 2625
2134 2289
87 322
2188 2216
2958 3009
3558 3924
1303 1661
1437 1702
953 1487
1914 2024
2072 2463
2560 2593
107 1165
2173 2248
686 727
1330 1746
2694 2806
1282 1582
1963 2059
3207 3285
414 581
1983 2543
2872 2966
1078 1867
2093 2625
484 1487
2003 2384
2559 2579
2115 2575
2340 2638
2134 2148
1151 1447
2102 2508
1577 1945
2201 2418
1761 1835
914 1882
2345 2537
2873 2977
916 1312
2071 2436
1238 1712
1350 1635
1323 1675
2046 2532
1255 1819
2410 2623
2088 2433
2131 2638
2991 3051
2323 2462
1926 2325
3611 3852
2839 2866
3043 3357
1352 1842
1990 2405
2347 2409
428 479
2027 2435
2763 2777
1940 2199
2302 2436
2749 2911
1955 2222
2303 2376
2086 2604
990 1726
421 504
1955 2239
1955 2268
1078 1271
0 23
1227 1448
2006 2171
2239 2436
373 408
2158 2231
1989 2600
1024 1449
1684 2831
1349 1543
3187 3365
2872 3339
1912 2039
261 342
1920 2144
1025 1080
1004 1730
2345 2610
1570 1835
1051 1703
2190 2553
2125 2143
2114 2361
2047 2472
2176 2241
3780 3966
2252 2333
2308 2600
1109 1709
1806 1866
2111 2336
3047 3098
2377 2510
651 1744
388 412
3725 3819
1684 3142
2039 2199
1212 1831
1156 1632
3237 3284
364 564
1496 1681
993 1669
2689 2920
2139 2331
2737 3273
2124 2615
2210 2561
2132 2235
1110 1312
481 531
2788 3271
2131 2546
2485 2593
2729 2977
1029 1537
2266 2518
3264 3369
2432 2486
1971 2611
2078 2625
2142 2331
2047 2052
1405 1467
2060 2271
1170 1893
1572 1597
2218 2299
3001 3244
1329 1765
1436 1794
280 290
1608 1823
3252 3406
1795 1839
3838 3891
1223 1778
2103 2233
1267 1352
2206 2287
2354 2482
1469 1869
3519 3579
3813 3911
1962 2590
2140 2433
2765 3434
1912 1936
957 1423
2408 2607
1475 1716
1199 1205
1256 1547
1922 2455
2027 2645
2828 3132
2188 2607
1642 1684
2951 3274
1483 1609
2299 2354
2863 3115
1409 1553
1189 1226
2084 2348
2906 3426
1272 1800
1656 2764
1457 1707
1390 1431
916 966
840 848
719 733
1257 1636
2239 2338
2189 2649
1714 1833
2339 2520
1663 1683
414 588
1941 2068
2719 3185
2948 3315
1994 2597
1932 2149
3437 3962
688 740
2423 2611
2625 2630
3017 3330
2063 2326
107 1496
1622 1800
1917 2607
2103 2638
2308 2326
2747 2865
2233 2386
1350 1611
1390 1886
2056 2271
348 447
2529 2616
2045 2559
2600 2625
2579 2593
1651 1768
3491 3797
3980 3990
397 570
1959 2396
1939 2394
1584 1868
2398 2617
2247 2302
2880 3078
2007 2436
3741 3780
961 1688
2007 2010
1794 1807
1596 1872
2103 2331
3260 3298
2896 3324
3160 3350
1408 1549
3550 3872
1946 2561
3022 3064
2877 2985
1329 1522
1477 1505
954 1277
2848 3306
56 132
517 566
2210 2414
172 329
2867 3213
2060 2393
2423 2560
1591 1828
104 325
1009 1872
2063 2073
430 537
2359 2482
1341 1845
2247 2471
1871 1894
3086 3295
2731 3387
2026 2328
2907 3220
2336 2629
0 319
400 415
1985 2179
1011 1109
397 418
3852 3971
2045 2482
1970 2390
1019 1691
632 661
2902 2930
1086 1810
1227 1515
2376 2607
1282 1286
3989 4011
1980 2171
2797 2995
2951 3150
3019 3306
1195 1603
2151 2169
1367 1488
1983 2086
2716 2951
3346 3366
374 417
3822 3896
2955 3018
2404 2624
1074 1393
2713 3420
1799 1877
2369 2409
2119 2361
1783 1871
1149 1467
3602 3634
1983 2363
2708 3076
1985 2118
3321 3391
30 56
2307 2331
3706 3906
1985 2206
2807 3400
2765 3007
3542 3838
637 1128
3097 3177
2620 2627
3469 3764
2054 2652
1137 1371
637 896
2276 2550
370 415
1644 1700
2285 2537
670 681
496 507
2665 3342
3542 3707
3628 3874
1997 2271
1945 2461
2306 2352
2749 2896
761 772
3768 3793
2069 2460
2257 2308
3604 3804
2526 2630
1916 2028
2381 2623
2191 2498
3753 3867
999 1617
2353 2464
2787 2904
3437 3816
3505 3607
1572 1810
3105 3200
1059 1610
1964 2498
1431 1902
203 313
3152 3192
2101 2510
980 1017
2020 2188
2241 2465
2112 2546
2994 3166
2024 2027
1986 2521
2281 2487
2118 2462
1082 1292
2194 2199
3437 3974
1926 2211
2111 2343
1079 1750
1260 1630
1684 3028
531 555
2363 2507
107 1292
2742 3280
1912 2353
2705 3033
2874 2977
158 322
690 831
2033 2218
3437 3721
376 604
2702 3219
2361 2644
2711 3233
1146 1879
2339 2623
2125 2333
1413 1691
1083 1132
1110 1290
701 794
1083 1551
2359 2433
2028 2102
2244 2369
2416 2641
2739 3191
1681 1847
2169 2419
1366 1584
2102 2588
2848 2881
967 1516
2754 3033
1079 1643
3700 3864
761 827
2063 2244
1312 1750
606 963
2925 3065
1358 1763
2032 2338
2117 2283
2180 2268
355 515
1535 1804
1919 2538
2131 2460
25 103
1409 1483
133 232
374 526
3830 3948
2112 2607
3784 3973
203 211
2089 2570
1166 1595
1055 1585
167 310
2206 2560
2142 2212
3102 3351
0 149
2575 2602
1412 1549
1985 2611
1086 1456
417 567
3080 3394
1943 2408
1936 2035
1146 1471
1249 1703
3518 3596
2206 2213
1428 1469
1606 1740
3437 3964
963 1097
997 1668
3035 3316
1024 1211
3017 3145
645 669
431 475
107 1783
2064 2418
1358 1631
1132 1302
3191 3291
2560 2574
2095 2554
3545 3788
1015 1857
2323 2574
1730 1811
2203 2643
1159 1167
3063 3368
2560 2586
2135 2330
3076 3350
1912 2124
1204 1227
2764 3361
1571 1580
932 1172
2278 2542
58 3173
1021 1862
2363 2593
2384 2643
1447 1675
1429 1844
3550 3625
3547 3747
1048 1334
395 436
2560 2630
507 561
1135 1800
1718 2250
2520 2550
1577 2223
978 1603
1024 1789
1946 2655
697 713
1017 1457
993 1761
1912 2514
3791 3964
1955 2133
1939 2068
353 1514
1184 1522
353 409
2020 2468
2086 2464
2867 3117
2300 2485
3545 3687
2030 2500
128 186
1993 2507
2698 3078
3240 3316
1221 1680
1928 2027
382 547
2682 3068
984 1273
2936 2998
1985 2271
2153 2215
2126 2360
2118 2347
1411 1520
2049 2503
1538 1789
222 238
3079 3351
2150 2563
1340 1886
1287 1471
974 1000
3519 3708
2308 2482
463 547
1321 1863
2184 2532
1380 1816
2039 2267
2339 2550
991 1561
1603 1707
2112 2309
348 440
2268 2597
2235 2511
1315 1479
1076 1662
2423 2600
3576 3858
1742 1871
2347 2469
1958 2365
2142 2395
2040 2446
1172 1707
2966 3166
3640 3762
2118 2303
1988 2399
2112 2464
1912 2022
2308 2354
2333 2533
1076 1079
2033 2391
484 1536
363 524
2218 2363
1684 3373
3559 3762
101 346
359 376
2434 2537
2742 3169
378 431
25 39
2778 3132
2010 2325
1204 1429
1577 2054
422 592
1954 1972
2459 2645
2244 2347
3559 3944
1920 2302
2364 2648
1577 2389
1683 1849
1663 1891
2083 2331
2229 2521
1482 1504
1029 1470
1982 2513
107 1785
1083 1757
261 297
2370 2611
2681 2743
2546 2623
2731 2821
1947 2436
1684 2990
428 1374
1289 1547
1447 1793
936 1870
2669 3384
1059 1198
2258 2560
1257 1587
1333 1895
2937 3116
355 510
1718 2649
1437 1594
2858 3302
2675 2999
1604 1839
3365 3393
1017 1124
3120 3321
68 227
1302 1390
1920 2399
363 483
2118 2276
1083 1604
1462 1716
1381 1636
1282 1396
2392 2410
1083 1352
1440 1863
2071 2315
1684 3431
1980 2659
2377 2629
3437 3515
3726 3909
2755 2777
2266 2539
3488 3913
2183 2279
1662 1669
2194 2609
2520 2546
2068 2302
1017 1398
2069 2142
1966 2084
353 1349
1993 2631
2694 3388
1123 1782
0 1
2019 2499
3671 3770
2052 2616
1426 1786
1259 1260
3002 3087
2536 2574
1460 1522
2782 3184
2212 2340
960 1799
2093 2275
1959 2597
348 473
2040 2311
1182 1637
72 239
1926 2547
3265 3416
2871 3299
2665 3411
3633 3796
3199 3320
1971 2261
1955 2328
60 291
2299 2600
0 100
9 329
3896 3951
595 658
2340 2348
1702 1805
1684 2828
370 544
1156 1238
1064 1356
3066 3072
3462 3604
2030 2561
1229 1231
2026 2588
1020 1508
738 805
2149 2529
2063 2278
1513 1718
2334 2477
1613 1689
2052 2588
1059 1352
2043 2131
1117 1330
1959 2149
2102 2143
2318 2416
1491 1522
1288 1598
2040 2526
2155 2368
3535 3694
3500 3933
3167 3177
1945 2384
1083 1902
1272 1369
3867 3921
105 236
2398 2436
2333 2529
2110 2111
2183 2592
2064 2363
2129 2181
2892 3077
1993 2492
2306 2601
3617 3645
1173 1665
915 1766
2370 2586
615 635
1505 2725
2324 2408
0 220
1979 2104
1947 2511
2122 2500
1479 1691
637 1155
2267 2555
2309 2654
2271 2604
2840 2973
2833 3411
2183 2351
107 1649
1160 1898
2326 2601
1953 2103
1281 1820
1604 1714
2469 2561
1912 2478
2451 2510
2033 2115
2781 3221
2180 2267
1813 1868
2555 2609
2009 2472
2662 3019
107 1316
1229 1347
2240 2408
907 1730
107 1793
932 1845
2778 3111
2720 2984
2200 2615
1523 1683
2005 2020
2206 2369
2005 2550
483 1300
1577 2413
1662 1800
1942 2164
1563 1663
2345 2594
2458 2598
2932 2955
946 1242
497 566
198 399
2029 2117
1405 1883
1136 1494
1407 1864
2778 2863
2002 2555
3281 3377
2855 3272
2084 2391
1175 1288
1015 1495
959 1078
2257 2429
2069 2348
2096 2432
2107 2322
3033 3435
425 523
1409 1604
2674 3350
2101 2222
2271 2520
1680 1715
2037 2654
988 1596
1718 2582
2122 2611
1441 1822
3437 3629
2164 2404
2750 2897
1238 1610
2147 2288
2030 2309
4021 4026
2003 2161
45 303
2567 2617
483 494
3584 3782
1962 2086
3027 3198
32 167
2356 2408
2741 2896
947 1399
1389 1621
1421 1555
2144 2148
2271 2334
2588 2616
2551 2586
1483 1736
1625 1763
1288 1888
2992 3079
2092 2478
1021 1596
131 143
13 211
1376 1835
186 277
2032 2203
3468 3777
1238 1335
1388 1842
547 557
1182 1663
1267 1590
2694 2896
348 492
2863 3351
2336 2419
2955 3342
2392 2646
2285 2472
2409 2591
1032 1396
1054 1721
2007 2582
3033 3052
1523 1795
1447 1902
2213 2600
1612 1746
2095 2172
1983 2354
1932 2289
107 1795
957 1067
2689 2750
981 1120
360 570
1265 1460
2194 2417
24 299
580 1616
2526 2654
2582 2616
1647 1841
2812 3087
2238 2411
578 662
2278 2532
2110 2603
2150 2526
3097 3107
3470 3599
1999 2006
107 1223
1245 1661
1710 1861
2070 2361
376 1313
1483 1632
1076 1811
1181 1833
3005 3111
2890 3026
2040 2326
3116 3335
1939 2235
1938 2233
1393 1879
1359 1722
1227 1680
3101 3169
1413 1495
2467 2552
1019 1475
3998 4009
1130 1376
1309 1893
1912 2012
2988 3123
2543 2572
2043 2290
2507 2532
2928 3400
767 768
1522 1563
2165 2190
484 544
2869 3335
2292 2582
2381 2492
2276 2464
2720 3106
1964 2081
2726 2899
2253 2409
2352 2549
3514 3518
1595 1894
1230 1754
595 670
2755 2880
2128 2151
2154 2190
360 373
1491 1793
1037 1109
2056 2545
1010 1525
625 684
354 474
2716 2868
1086 1643
2436 2508
2694 3149
1918 1962
1102 1742
2716 3154
2191 2592
2290 2630
1214 1668
2726 3139
1918 2212
1559 1662
1929 2556
56 313
1980 2583
2118 2309
2103 2306
1068 1644
1495 1502
1004 1714
1782 1842
211 261
3578 3604
711 724
1959 2567
1932 2028
2032 2292
2078 2172
375 493
3010 3025
2410 2552
2187 2419
1600 1791
2233 2477
2872 2880
2428 2554
2864 3226
2033 2428
2809 3317
3584 3793
388 445
2377 2436
1198 1563
1181 1683
575 680
1221 1903
2290 2532
1983 2210
2928 3414
1191 1447
107 1155
2348 2464
956 1548
3662 3814
993 1389
483 1783
713 848
1608 1617
2347 2485
1946 2323
1580 1621
1352 1772
2189 2550
2180 2191
402 428
2344 2377
1505 3245
2192 2658
2135 2598
2602 2638
2064 2601
2901 3110
3437 3542
2742 3332
434 436
2786 2862
3711 3810
978 1520
2138 2153
1117 1637
2583 2640
2239 2327
2008 2114
1219 1437
2724 3077
3498 3629
400 637
2278 2307
3500 3615
2880 3184
1123 1833
1989 2501
2408 2602
3488 3731
926 1256
2127 2398
979 1562
1059 1827
698 862
2313 2406
2669 3274
2109 2404
2671 2824
1158 1596
651 1179
713 721
2718 3087
1688 1816
2958 3396
1984 2324
2461 2616
2973 3332
107 938
2052 2555
3553 3867
376 414
2676 3010
1976 2472
1199 1305
2423 2506
1947 2616
2115 2460
2750 3098
1782 1851
2069 2521
3501 3938
1405 1544
2314 2335
2110 2537
3232 3237
2068 2305
622 684
3120 3239
1810 1877
2090 2201
1083 1470
2076 2650
3455 3876
2084 2188
2081 2110
2103 2521
3079 3179
1688 1746
999 1361
1966 2347
1959 2543
2103 2484
1918 2520
2880 2945
1032 1081
3586 3677
1117 1402
2729 2743
107 1340
2024 2365
1661 1824
2777 3399
2143 2289
1632 1644
2410 2460
2132 2415
2404 2554
2043 2122
3437 3726
3387 3435
2090 2552
1589 1597
2781 3148
3084 3339
2150 2220
2206 2418
1014 1392
1528 1612
1966 2575
3730 3790
107 171
1130 1391
1958 2364
3168 3412
1309 1894
3117 3228
104 295
2905 2927
1323 1609
531 543
3501 3796
2943 3023
1017 1198
1215 1706
1643 1813
2045 2275
1380 1809
1962 2520
1993 2095
1689 1835
1936 1975
2128 2502
1255 1714
3829 3945
1198 1800
538 1545
2093 2122
2867 3000
2169 2451
3437 3501
366 514
67 123
3232 3400
2060 2083
1184 1340
1406 1820
2793 2901
2005 2423
1557 1659
1571 1849
2028 2125
1312 1879
463 504
2124 2619
708 747
745 824
2218 2376
2673 3363
525 526
2750 2910
1191 1584
1004 1867
484 1545
2073 2324
2043 2086
2261 2339
1684 3106
2271 2350
2034 2156
0 134
1126 1480
716 820
2272 2325
2258 2393
391 506
2115 2216
2280 2345
592 680
2915 3078
1991 2171
1735 1827
2150 2299
1912 2354
2074 2287
2794 2966
980 1721
2169 2582
3120 3207
946 1782
3756 3841
2074 2240
3617 3777
2244 2409
2451 2543
1613 1816
1480 1816
2012 2378
82 268
2927 3417
2307 2329
2180 2510
3148 3280
1456 1652
2356 2370
953 1488
1078 1361
2787 3087
2201 2233
967 1312
1568 1895
2077 2233
2108 2467
2002 2143
2319 2597
1399 1516
2117 2471
2101 2283
2090 2507
1118 1733
1684 3160
3027 3214
2750 2867
828 844
805 828
697 815
1170 1857
1984 2074
2045 2201
1026 1156
1962 2374
1117 1730
1391 1447
3718 3969
40 271
1912 2320
2073 2093
1912 1997
2280 2333
1986 2506
2679 3054
2757 2877
2363 2477
3113 3327
505 551
2039 2057
1529 1727
896 1873
1684 2801
3093 3177
2112 2433
2016 2018
1350 1413
2879 3311
107 1479
1523 1835
1973 2648
515 527
2088 2404
1634 1876
1322 1592
2749 3129
1984 2309
2254 2463
2729 3166
2951 3097
1097 1892
2716 3385
2165 2300
1809 1826
1361 1626
637 1142
3776 3791
403 470
1636 1893
3437 3483
133 322
1399 1467
2665 2844
1291 1736
2278 2323
2191 2642
1609 1804
713 782
2108 2359
2078 2103
2329 2339
1126 1272
2730 3312
122 248
2478 2482
1516 1663
2112 2578
2749 2919
1520 1750
2460 2495
3675 3774
2005 2554
3495 3618
947 1584
2149 2463
3521 3907
2086 2190
2086 2154
305 312
1269 1460
3473 3538
2526 2578
946 1736
2374 2551
1612 1796
414 428
3111 3145
2060 2093
2322 2577
1376 1520
2504 2564
3280 3344
2976 3160
1929 2485
2906 2911
2966 3098
2098 2590
107 1609
2831 2865
2499 2520
2142 2593
446 515
1947 2072
828 842
395 417
2062 2333
2343 2436
1926 2642
1398 1888
1966 2121
2053 2510
3523 3594
2132 2555
1238 1271
444 504
953 1662
1930 2117
917 919
1603 1736
3150 3297
2504 2619
1469 1664
1242 1278
2045 2392
1584 1757
1429 1515
1673 1878
2142 2423
2164 2200
3991 4031
1746 1849
2839 3029
3294 3333
136 2081
2116 2159
1700 1707
1198 1538
3116 3350
1599 1696
2506 2611
2083 2611
3767 3927
2004 2202
3069 3168
1284 1576
1918 2549
3542 3730
1957 2365
1052 1634
2203 2268
2275 2604
993 1842
3021 3132
1938 2418
23 237
2943 3348
3458 3793
1100 1292
1684 3264
2037 2521
1540 1699
798 852
1267 1467
1347 1573
1472 1569
2007 2285
705 741
1585 1666
2347 2356
1591 1715
2278 2586
1207 1809
3107 3242
2770 3116
438 546
1011 1348
2688 3328
2112 2484
122 251
1940 2533
2711 2989
2047 2516
1271 1832
3288 3313
1934 2145
1742 1824
113 203
1121 1472
2500 2590
107 956
0 329
2787 3027
2324 2376
1522 1659
3795 3929
419 487
2871 3111
2224 2280
1312 1765
266 330
1358 1400
2873 3029
1963 2308
2112 2354
2087 2208
2067 2334
2064 2103
442 523
1125 1370
107 1415
3740 3865
3437 3661
1606 1882
932 1685
2176 2343
2003 2509
107 1370
1943 2340
2484 2551
2859 3107
1420 1827
2329 2586
1577 2605
1160 1665
1006 1605
2074 2083
1012 1616
1669 1734
1994 2417
538 545
2102 2547
439 514
689 839
1912 2605
1915 2341
698 890
136 1912
1966 2370
1330 1571
2069 2077
1465 2302
107 1195
949 1472
967 1614
107 1186
698 745
399 441
1205 1714
3777 3829
1483 1714
3442 3597
3449 3830
2664 3363
1366 1496
2040 2123
223 265
2132 2384
1985 2109
2992 3240
1221 1884
1462 1479
2009 2417
3027 3113
997 1160
582 627
1000 1840
1126 1768
3090 3363
1312 1590
2339 2409
2368 2597
1001 1217
2332 2512
1035 1778
3468 3535
2084 2467
3353 3386
2307 2446
2789 2851
1168 1667
1327 1352
935 1781
1214 1243
934 1399
1390 1791
3154 3295
1530 1793
2469 2655
2278 2370
1047 1902
3176 3233
2049 2313
26 203
2084 2606
374 567
1573 1596
1174 1803
1081 1495
2140 2495
686 726
1022 1086
1116 1367
2119 2412
3457 3830
1307 1555
3033 3238
3569 3906
107 1222
701 747
2404 2655
2138 2196
2190 2418
1318 1766
1085 3540
1399 1605
353 580
3008 3283
3002 3027
483 1374
1925 2140
2410 2543
1247 1897
1549 1695
2031 2176
3980 4013
3100 3118
1402 1816
2698 3047
20 44
2086 2646
91 245
2240 2573
2073 2244
1488 1539
2005 2374
1564 1666
3711 3881
3066 3322
643 650
1946 1989
122 224
2815 2925
0 209
1912 2088
2184 2433
2054 2344
1095 1113
959 1359
2132 2629
1083 1816
2427 2429
1249 1338
1589 1902
1102 1508
2282 2472
2294 2333
1597 1761
1427 1882
705 835
921 1833
3087 3338
2161 2501
1997 2551
3005 3347
2706 2927
1199 1242
2423 2428
25 252
2445 2649
107 1397
2199 2603
2295 2643
1026 1775
2350 2363
966 1181
3501 3943
2078 2220
1269 1643
2174 2463
2474 2523
3258 3342
1158 1298
2150 2507
1962 2122
2718 3076
2139 2550
1271 1668
2180 2330
2043 2495
1912 2414
32 93
107 1663
1229 1859
1211 1563
2796 3274
3717 3830
2043 2575
1172 1804
1184 1376
171 1684
1610 1639
576 659
1056 1570
1732 1751
1377 1620
773 780
1078 1547
75 170
2757 3056
2053 2384
2875 3335
3539 3904
1269 1431
2980 3270
3558 3792
0 205
426 546
2266 2615
2206 2613
1377 1799
1067 1279
1107 1879
1021 1104
2507 2551
1396 1893
2331 2347
2724 2845
2042 2187
3437 3701
0 254
2180 2187
436 561
2290 2353
2059 2418
2192 2645
3514 3966
731 847
2039 2461
2209 2289
1112 1789
973 1561
1519 1553
698 860
1024 1863
2189 2588
128 265
2328 2567
2045 2414
2461 2582
3437 3811
971 1429
1090 1131
2683 3000
2126 2440
1827 1891
62 199
2138 2189
1126 1250
2754 2919
1061 1325
412 559
88 322
2879 3008
1109 1469
1377 1689
1287 1584
2169 2203
2073 2433
1935 2640
3672 3838
651 1473
3466 3945
1113 1773
1212 1497
3640 3731
2276 2469
1104 1550
917 1371
2365 2647
2417 2594
2266 2485
2324 2409
1939 2280
2681 2773
1245 1282
2183 2267
2149 2292
2560 2606
1684 3248
1250 1399
378 482
3534 3758
391 553
1598 1707
2399 2471
1068 1823
2521 2563
3321 3421
3534 3614
1912 2113
2869 2980
3566 3662
1250 1827
2404 2630
2091 2126
2716 3288
1029 1730
981 1231
2123 2477
1416 1644
2081 2319
1135 1570
3731 3762
2133 2199
2073 2309
2409 2646
1199 1570
2254 2330
797 849
1746 1795
559 606
2101 2603
906 1256
1101 1516
1367 1688
2032 2304
3745 3812
107 1080
1973 2620
2707 3062
2115 2261
3116 3261
626 677
1573 1873
2549 2573
2279 2608
1962 2150
2747 2832
2186 2277
1329 1685
2030 2506
2275 2307
2797 3076
1302 1491
107 1256
962 1453
2802 2863
2240 2261
1516 1600
3232 3417
423 497
2063 2604
994 1217
3514 3824
1021 1893
2220 2484
3017 3396
200 334
2280 2282
1235 1438
1123 1735
1939 2180
2072 2232
1419 1594
697 769
2047 2345
2216 2539
417 431
3401 3427
1570 1675
3645 3786
1947 2344
1684 3408
1144 1410
3618 3633
2983 2999
2520 2561
2053 2598
2929 3417
2026 2338
2242 2642
1926 2472
107 1746
3146 3347
2881 3019
2059 2532
1522 1668
579 663
2748 3342
3002 3007
2484 2611
2056 2625
1104 1841
927 1243
2047 2126
239 285
2111 2508
2872 3226
579 680
2994 3073
3830 3913
1662 1799
2742 3146
62 141
3526 3553
2738 3025
1223 1371
1917 2482
2374 2467
1056 1688
1566 1743
1335 1849
3038 3335
2289 2474
980 1584
2266 2307
2285 2508
2108 2546
2290 2615
1995 2027
2827 3390
2777 3304
2088 2576
1256 1639
2145 2525
1912 2233
1392 1479
2128 2537
1927 2435
2108 2395
395 414
2040 2506
1004 1399
1986 2414
1736 1800
290 342
1984 2539
3528 3707
1255 1391
1230 1361
1457 1622
2005 2201
2191 2343
1149 1603
1938 2586
2674 3051
2270 2557
916 925
1429 1794
1062 1357
2626 2636
2332 2629
1971 2233
1061 1676
80 330
1983 2112
2865 2918
3441 3662
113 342
1970 2325
1431 1589
1987 2385
3532 3535
1003 1819
2229 2347
999 1291
2026 2180
1684 2820
925 1242
2040 2131
1068 1613
2820 3190
1712 1809
2155 2641
107 1236
2288 2350
2077 2619
1048 1724
1165 1182
1020 1475
3067 3261
483 561
2125 2232
3568 3818
3101 3381
1947 2149
1048 1195
2235 2432
2880 3362
2370 2600
3284 3363
2005 2363
412 527
2210 2244
2109 2460
2237 2591
2046 2088
3791 3920
1390 1741
2037 2220
1652 1662
2074 2578
1273 1489
1051 1152
941 1893
2028 2279
484 538
2939 2973
1604 1632
3797 3851
3053 3105
2184 2210
1972 2268
2275 2578
3190 3383
2750 3339
982 1537
1577 2472
1438 1636
1070 1366
510 528
2661 2833
1377 1639
2032 2282
463 500
2248 2644
2043 2339
2492 2564
2029 2282
3463 3794
122 323
227 296
2418 2553
2083 2307
1227 1591
1684 3405
2170 2622
2047 2226
2410 2433
3151 3327
703 815
2201 2326
993 1589
1938 1979
2833 3182
2338 2347
3416 3434
3318 3423
1235 1298
2693 3397
456 496
1809 1886
946 1132
1662 1757
1237 1332
2038 2649
2148 2472
1181 1267
2032 2153
1420 1879
896 1862
1021 1257
896 1148
2144 2465
1211 1609
913 1238
2913 3026
906 1891
1436 1686
1267 1689
2004 2435
2064 2404
3437 3914
2881 3039
2795 3178
1971 2275
2742 3321
2172 2352
1551 1612
1953 2363
2149 2241
2037 2104
3267 3270
1917 1938
2404 2410
2262 2387
2586 2600
3085 3238
3449 3877
2661 3434
1128 1199
2340 2600
2289 2498
3456 3557
3267 3351
1361 1547
2250 2312
1684 2995
924 1500
1941 2547
99 177
1804 1813
2005 2124
239 304
1272 1513
1941 2039
2253 2624
2236 2405
297 323
1345 1576
2675 3196
1021 1350
2696 3001
1128 1724
1334 1807
1076 1329
1006 1702
2199 2246
3291 3299
2125 2582
2748 3107
2734 3057
2299 2607
2520 2624
2084 2142
2670 3008
1009 1277
947 993
538 1878
2777 3226
2091 2260
1468 1837
1376 1516
1405 2775
2810 2928
2278 2521
2698 3284
2853 3102
2333 2479
921 1026
1230 1509
3076 3403
2131 2359
196 266
942 1812
1953 2020
2074 2418
1375 1795
2103 2356
136 2116
1925 2369
1261 1345
1273 1786
1071 1202
2946 3263
2209 2416
2526 2606
1966 2611
2664 3033
1577 2264
3747 3783
107 637
2235 2327
697 823
2121 2468
3255 3264
1943 2172
2778 3397
2328 2616
1848 1871
1182 1835
2229 2575
239 261
3351 3381
1948 2344
3645 3941
419 565
1514 1602
1243 1849
2093 2200
1920 2052
1938 2469
1970 2471
3471 3930
1078 1861
285 315
1539 1768
1085 3886
1946 2354
3026 3096
3168 3295
2867 2909
1099 1108
320 346
422 504
2909 2911
1391 1827
2389 2610
1684 3076
3924 3976
2143 2461
3527 3672
1117 1707
734 770
1051 1569
1524 1623
605 644
921 1520
2968 3161
1941 2561
1499 1562
2683 3364
1175 1863
3596 3702
3675 3836
2327 2351
1075 1278
2542 2623
1097 1424
925 1644
965 1703
933 1850
1768 1900
1324 1582
1940 2336
1272 1761
2744 3156
2148 2417
1596 1786
1516 1689
1036 1479
694 722
348 523
2139 2482
2133 2368
404 431
993 1407
2351 2516
3437 3650
2370 2564
2786 2896
2346 2636
2687 3013
1943 1971
1684 3265
1509 1804
993 1175
1156 1211
2052 2420
2109 2559
1153 1390
1294 1671
1156 1557
483 1695
2478 2624
3039 3378
2986 3056
2179 2654
2150 2306
1222 1272
3569 3909
2232 2445
925 1559
2715 2868
2188 2602
2199 2304
1399 1768
1055 1441
589 592
2143 2315
1791 1827
3593 3924
952 1736
1101 1302
21 169
2338 2420
2189 2283
1625 1844
1024 1833
3204 3342
443 453
2214 2366
1542 1605
2104 2299
2253 2563
630 678
1312 1793
1979 2210
2904 3291
3656 3842
2212 2309
1406 1638
3437 3917
2341 2361
1716 1899
2370 2542
1078 1789
1086 1754
1366 1703
2311 2500
1128 1242
483 639
2229 2340
3306 3353
2542 2556
171 3003
2098 2172
1148 1235
107 1442
1736 1772
120 277
965 1634
2292 2396
2936 2965
1 280
436 669
1292 1647
1505 3165
3529 3900
1044 1221
2115 2495
2763 3237
2107 2424
2989 3160
3596 3779
1205 1902
1104 1231
136 146
2867 3293
2661 3347
1597 1795
2112 2430
3635 3790
2875 3060
56 212
2602 2607
1232 1648
2754 2906
1941 2165
366 368
451 569
1656 3263
1962 2275
1621 1839
3437 3711
1148 1820
2501 2543
2773 3174
1557 1589
1367 1826
3514 3938
2038 2508
3874 3912
2037 2485
1993 2093
2331 2542
1557 1730
1104 1636
2661 2793
1205 1409
983 1069
3082 3299
2165 2240
2084 2504
3063 3072
702 789
2055 2059
1468 1568
3426 3430
2102 2273
938 1880
3096 3226
2460 2624
3437 3731
2395 2499
896 1732
1604 1675
1516 1791
3553 3773
2247 2491
925 1059
1012 1155
1175 1730
2868 3215
1941 2293
1043 1788
2104 2184
1923 2155
1475 1706
2243 2267
3087 3299
956 979
1467 1735
2199 2372
1126 1603
1086 1830
773 820
2206 2469
319 327
3169 3344
1612 1867
3076 3152
1243 1608
1199 1603
2319 2617
686 720
1322 1502
618 685
1549 1801
1288 1610
2299 2611
1048 1056
1867 1888
2009 2648
2201 2563
2123 2311
702 822
2150 2489
2950 3261
2742 3021
1026 1589
1552 1642
2874 3135
2057 2102
2040 2237
2078 2339
724 752
1985 2307
49 255
3077 3207
3790 3804
3437 3474
2756 3025
2028 2512
2050 2640
1431 1734
1209 1735
1095 1897
1526 1766
2340 2446
2897 2960
2234 2404
2109 2324
3509 3803
1528 1754
2287 2602
3182 3274
1737 1741
373 390
978 1198
2945 2960
2171 2459
1582 1783
1049 1086
3246 3275
213 322
795 820
2043 2542
3040 3090
2218 2395
3567 3628
2468 2507
2127 2338
3593 3793
3980 3986
2124 2607
378 563
2187 2502
374 492
221 303
3363 3426
1935 2025
1234 1671
1959 2434
3045 3269
821 836
149 326
1082 1322
2835 2864
2043 2549
1021 1115
3909 3924
1183 1525
105 280
1912 2277
2543 2611
1117 1861
1293 1522
2059 2200
2033 2287
3150 3154
2201 2500
1946 2430
1707 1721
3021 3320
1742 1848
1684 2708
1768 1868
1928 2018
107 936
3475 3877
1004 1589
3132 3344
615 665
1966 2560
3739 3892
1459 1715
1118 1452
3792 3822
1612 1879
1443 1831
2730 3256
1931 2016
2253 2564
934 1199
3471 3484
2290 2607
1953 2150
1079 1335
3468 3680
2328 2336
2123 2124
2850 2905
1292 1392
1551 1753
957 1104
1269 1613
2333 2475
1947 2052
2173 2497
245 259
723 826
2210 2423
1488 1741
1199 1207
1110 1795
1153 1370
1377 1528
107 1158
2843 3402
1166 1638
2055 2593
2733 2894
1432 1573
3239 3265
3790 3830
2666 2915
1964 2371
475 531
1149 1323
3335 3397
2046 2500
578 665
2694 3387
1258 1815
896 1286
2339 2446
465 473
2179 2218
1913 2529
1320 1694
3013 3212
1237 1692
2386 2552
2356 2559
1467 1639
3620 3906
1009 1322
1124 1214
1942 1966
2546 2631
1981 2390
1680 1764
1941 2458
3148 3327
1213 1667
1946 2253
2063 2492
2122 2410
2184 2323
526 1265
2351 2642
1347 1899
2428 2520
603 677
1243 1554
1623 1768
2104 2646
2112 2376
2184 2468
3563 3683
1250 1271
3596 3686
3027 3395
1912 2471
2054 2519
1979 2546
107 1463
2164 2363
916 1302
1920 2598
348 356
1075 1819
1962 2369
2149 2508
2030 2308
2154 2276
1017 1612
686 786
2661 3116
376 391
475 567
1345 1628
2359 2560
1052 1188
87 213
906 1078
1770 1906
1107 1886
1665 1833
2369 2423
2233 2271
630 664
2202 2633
1912 2643
1684 3372
1156 1449
1991 2636
359 422
1941 2543
2574 2630
2907 3293
2985 3054
370 559
1009 1635
708 849
3440 3797
2992 3381
1636 1857
1643 1675
1201 1570
1684 2934
2292 2629
2138 2537
1344 1659
2566 2612
1289 1603
2020 2142
2253 2468
1799 1867
2205 2416
3000 3433
2793 3253
2223 2280
1198 1707
2053 2438
1339 1532
2399 2511
3366 3412
1572 1724
107 1034
493 503
2339 2408
1207 1302
3490 3546
1942 2084
2346 2583
2683 2977
2218 2556
1431 1584
1444 1630
1158 1448
2880 3348
2198 2294
142 170
2090 2549
2206 2654
1126 1754
2115 2590
428 512
1444 1699
2881 3365
1125 1810
3204 3320
1912 2003
1609 1793
2071 2282
1919 2660
2754 2974
2188 2575
3765 3830
2744 3385
2155 2425
2560 2561
1273 1382
21 56
739 840
2889 2982
2698 2782
1655 1841
1479 1578
1917 2542
2901 2904
1984 2386
2839 3052
2058 2590
3989 4013
724 853
1039 1107
2669 2966
2956 2981
2834 3325
2097 2192
3830 3943
2046 2210
2074 2546
2396 2537
2347 2429
921 1471
3240 3291
1361 1458
1184 1613
3491 3693
1916 2588
2017 2321
158 248
3118 3160
917 1783
2026 2547
1702 1865
1985 2348
1927 2647
1589 1761
2254 2285
2223 2567
1941 2095
1946 2220
2045 2323
1146 1726
604 651
3205 3369
2730 3086
1689 1819
2268 2336
483 1155
107 1757
324 331
1555 1719
2073 2607
1392 1628
993 1126
2363 2560
1917 2290
2890 2906
3713 3921
2233 2299
2936 3160
2411 2580
3145 3261
1684 3131
1358 1616
2991 3381
936 1237
2358 2411
1714 1809
2359 2590
2074 2593
2163 2399
1584 1789
2033 2520
1963 2331
1130 1809
2356 2423
1516 1826
2151 2510
925 1796
1539 1540
1079 1365
1440 1702
2299 2462
1946 2098
388 465
1358 1677
1983 2189
1230 1589
2111 2243
2327 2451
2278 2329
1267 1391
3680 3878
2010 2592
2987 3026
1542 1604
354 355
1017 1845
70 230
924 1260
1485 1644
3267 3344
746 782
510 553
2003 2390
2547 2597
2138 2174
1561 1852
2229 2339
997 1205
1482 1650
1983 2559
3060 3378
2098 2188
2135 2203
1919 1972
2123 2507
2172 2404
1006 1600
1083 1091
483 1894
2770 3330
1947 2555
1209 1724
2115 2218
1328 1421
79 185
1370 1821
1305 1390
2869 3302
3633 3721
2894 3258
2313 2422
1341 1734
2179 2188
3533 3795
598 605
203 332
997 1669
1957 1968
2391 2552
1339 1613
1292 1611
954 1020
1322 1381
707 742
1191 1663
1927 2022
1213 1507
995 1517
823 828
2708 3298
2064 2638
3715 3835
451 513
2235 2594
21 55
1018 1148
1684 3436
2866 2917
2914 2951
2499 2553
2924 2925
1794 1844
2347 2582
1635 1859
2675 3404
107 1897
978 1909
1563 1643
2140 2244
2889 2972
2262 2391
2049 2628
2393 2526
1912 2232
2235 2415
2891 3234
978 1439
2716 2846
3654 3830
2374 2499
3926 3943
2932 3136
1928 2620
2224 2254
2038 2289
1684 3286
3116 3120
3534 3810
2007 2468
1584 1835
451 514
1370 1714
3596 3790
1758 3205
2143 2582
2076 2513
2877 3202
2109 2124
2087 2617
2121 2414
3579 3975
2165 2485
53 194
1916 2002
1936 2335
1721 1888
897 967
2772 2803
1983 2469
1227 1636
2081 2508
1198 1610
1148 1423
1997 2543
274 341
3536 3549
1160 1608
2829 3068
1666 3222
2675 3107
1316 1661
2046 2095
737 843
2263 2313
3116 3214
2785 3058
1351 1617
1310 1504
827 834
1684 2949
2108 2504
1597 1799
1960 2440
428 561
1406 1729
2745 3143
2131 2552
2270 2610
2905 2956
2669 3301
1944 2047
2278 2526
1048 1124
370 520
2739 3273
897 1388
0 265
1399 1793
2094 2167
2048 2296
2264 2368
2901 3434
1912 2436
1209 1344
3526 3769
2991 3434
2713 3371
2938 3369
1101 1845
0 185
109 331
122 271
2597 2608
3082 3378
1799 1827
1973 2583
348 483
2510 2511
3584 3719
2549 2553
1993 2326
1185 1714
2077 2184
2033 2064
2172 2258
3559 3930
2086 2172
1938 2409
1971 2326
2399 2434
1128 1799
2083 2607
2820 3295
3111 3378
1582 1812
2340 2551
1075 1250
2755 3363
2681 2924
1912 2639
1314 1601
994 1459
2218 2526
2276 2410
1557 1622
1684 2759
1718 2508
1334 1685
376 557
1985 2543
2336 2343
1324 1875
2284 2583
1367 1652
2784 2813
1330 1898
2290 2410
0 39
1923 2273
2239 2332
1934 2540
2355 2459
3511 3821
2815 2905
1324 1820
3347 3381
1431 1623
845 849
3587 3641
2074 2433
1912 2571
389 1348
2224 2509
2873 3364
1510 1650
3456 3693
1069 1809
2910 2944
2111 2377
1569 1703
2188 2550
2157 2447
1056 1580
3679 3894
280 291
1024 1288
1107 1902
3349 3360
982 1821
1912 2355
1416 1659
1117 1827
3148 3331
1066 1848
1048 1074
2309 2464
2077 2244
1572 1688
915 1427
1255 1600
352 394
2363 2646
436 496
745 758
2082 2570
1535 1730
2063 2154
3206 3434
1610 1665
1214 1480
1184 1530
2169 2250
2989 3360
1102 1502
1559 1752
2328 2642
1374 1844
2123 2339
2477 2607
3065 3362
118 203
1925 2188
2966 3078
2706 2877
930 1679
1356 1425
1983 2077
1471 1714
730 849
2384 2529
3038 3288
2068 2249
2075 2438
497 538
2664 2717
2944 3348
2045 2140
1917 2485
2095 2430
1612 1891
697 849
2123 2287
2368 2458
3938 3968
1300 1673
3185 3278
1917 2631
2675 3187
3663 3921
2683 3220
1302 1391
2206 2638
1303 1828
2921 2989
2225 2648
2121 2520
2782 2956
2786 2924
2756 2931
3049 3277
2951 3176
353 1855
2218 2356
2468 2555
2037 2074
1375 1827
1222 1447
2213 2275
2059 2446
2507 2553
982 1302
1255 1369
1199 1230
2409 2546
1222 1683
2220 2353
150 163
400 538
1063 1736
1124 1399
436 438
2733 3172
2290 2329
1938 2646
1917 2108
896 1120
2913 2993
1432 1628
3584 3643
1998 2116
374 376
2259 2379
696 795
3260 3288
2299 2546
3667 3684
1405 1513
2502 2544
3692 3938
2040 2055
1536 1699
946 1580
3119 3174
977 1258
1184 1700
1622 1789
1427 1446
986 1299
252 345
1991 2225
1172 1431
2717 2782
31 200
2754 2756
2404 2409
1964 2162
1332 1766
2172 2257
3623 3786
1684 3381
1231 1783
2685 3345
79 200
1136 1567
2187 2458
2122 2200
2786 2929
367 483
1943 2556
1522 1879
828 848
2045 2121
2669 2960
436 483
2104 2376
3132 3188
2904 3212
742 759
2467 2546
1447 1717
1959 2063
2793 3350
2098 2423
2875 3386
2042 2510
3437 3606
2043 2623
2069 2370
2199 2597
1643 1757
1377 1793
2928 3029
939 1497
3108 3348
2835 2839
2839 3234
348 526
2121 2409
2666 2851
2327 2537
1204 1475
2863 3101
1551 1813
2123 2352
94 101
2083 2142
2839 3085
2084 2276
2962 3077
1963 2109
2896 2931
1491 1516
694 824
1465 2148
2906 2956
1662 1668
2853 3351
876 888
966 978
1017 1622
21 281
3455 3867
1796 1813
2803 3140
438 523
2564 2654
353 431
2332 2473
1229 1413
2376 2521
3013 3109
2054 2191
3437 3858
2103 2619
3463 3924
1331 1685
3057 3222
1684 3005
2669 3363
1052 1225
1517 1685
2118 2638
2960 3158
1086 1146
2140 2339
2430 2543
925 1835
3591 3855
1966 2253
2206 2574
1689 1813
1431 1585
2309 2500
1005 1089
2149 2224
2084 2229
0 340
2103 2590
2240 2495
1962 2356
1331 1402
471 513
1302 1619
701 780
2045 2553
437 453
1135 1467
1577 1920
947 1491
1912 2245
2446 2553
938 1798
1912 2485
1245 1871
3602 3738
1051 1496
1066 1306
1242 1683
1390 1416
1684 2971
3690 3878
2201 2220
2087 2246
2679 3184
370 507
1457 1491
1323 1811
2306 2655
1221 1703
2491 2649
3687 3762
1984 2409
1173 1539
1920 2215
701 760
2665 2675
2108 2136
3056 3135
1916 2054
2206 2553
2090 2576
1918 2121
917 1099
1943 2392
2309 2476
2190 2536
2047 2279
439 542
2492 2574
2174 2292
2032 2582
2873 3362
745 815
2929 3220
3103 3410
107 1819
1985 2553
1343 1584
2068 2582
3830 3970
1275 1348
1433 1698
3663 3728
2104 2381
414 605
927 1269
1291 1488
417 513
395 523
3281 3396
2112 2190
943 1167
2109 2329
906 1622
2046 2172
1971 2056
916 1004
1616 1844
2060 2154
2290 2308
1104 1729
1056 1559
726 731
187 194
428 1226
1661 1786
1946 2040
2554 2654
2543 2643
48 130
2010 2032
1175 1600
2020 2200
989 1751
2734 2923
3081 3405
439 475
363 402
1557 1795
2611 2619
1313 1358
2674 3267
2183 2436
2250 2268
2386 2423
1997 2074
492 614
1298 1862
2355 2641
2324 2489
1388 1605
2099 2230
2987 3195
2150 2206
1971 2624
3279 3305
2367 2581
3117 3339
387 517
1029 1447
376 387
1932 2653
1376 1513
2131 2201
2854 3426
1318 1645
906 1551
2030 2115
594 4031
1972 2658
1604 1734
1255 1737
2915 2966
2127 2555
2721 2824
348 361
635 675
513 517
1399 1757
732 839
107 1762
2924 2928
2953 3026
1684 2755
1378 1892
1439 1610
1133 1590
2729 3362
1238 1620
2757 2944
2047 2411
2381 2418
2188 2200
1202 1326
2772 2895
1229 1583
2223 2338
400 484
3146 3252
2939 3113
2093 2287
1280 1551
2103 2112
3438 3877
1786 1907
507 513
980 1079
524 565
3032 3259
2043 2206
2521 2556
2399 2617
348 365
2055 2526
726 845
864 893
3267 3299
2074 2604
100 217
711 842
2053 2491
978 1199
1456 1559
1006 1388
3515 3706
1626 1683
1066 1812
1621 1736
107 906
1758 1835
1933 2360
2716 2863
1308 1310
1191 1707
1712 1746
2451 2597
1070 1507
2136 2370
3660 3780
2968 3343
2931 3399
1929 2359
2188 2257
1456 1605
1784 1787
2948 3052
637 1025
948 1526
1966 2363
1190 1587
136 2327
2777 3073
3437 3575
1328 1825
2253 2278
2068 2153
2172 2323
2084 2482
107 1564
2086 2578
1334 1343
2696 3140
2883 3223
1941 2087
772 814
901 1568
1942 2201
107 1016
1462 1475
3722 3876
1006 1293
354 376
2495 2607
2799 2861
925 1710
2075 2572
1972 2459
1156 1401
3625 3978
1184 1597
1918 2484
2131 2561
2266 2311
422 618
1020 1273
1971 2630
3550 3971
2780 2795
1662 1809
1101 1888
1217 1794
2943 3284
1813 1867
1534 1577
2259 2384
2150 2308
2780 3102
2077 2381
2548 2558
1365 1431
1141 1355
2025 2364
1367 1746
1979 2261
3078 3174
107 972
2683 3137
2131 2602
2506 2561
3344 3345
1271 1800
907 1845
2831 3214
980 1124
1104 1166
709 838
348 516
1444 1620
119 229
1194 1586
3738 3754
2282 2315
1255 1757
934 1608
3437 3592
1998 2365
1475 1628
188 252
3014 3387
1617 1714
2989 3386
1966 2212
1662 1774
485 563
2689 2777
997 1898
107 1741
3842 3908
1367 1471
1684 3307
917 942
2040 2124
980 1185
2077 2122
477 554
707 833
1509 1800
964 1469
3296 3415
1070 1549
14 214
2107 2236
1509 1839
3077 3091
957 1231
2143 2420
2073 2600
1648 1837
2063 2408
1149 1819
3150 3329
2705 2815
2029 2605
2247 2336
619 623
2275 2613
1309 1454
2849 3169
1177 1218
1047 1110
2786 2910
2394 2434
1377 1685
107 1288
2516 2519
2097 2447
2324 2430
2040 2550
0 248
3295 3415
1330 1842
493 537
387 408
2928 3399
104 188
2693 3310
1391 1813
3437 3680
2367 2566
3521 3831
1684 3145
3611 3804
2805 3121
1941 2542
947 1886
459 563
1129 1573
2775 3062
2244 2477
1459 1903
3062 3331
348 547
2199 2653
1267 1269
2123 2625
805 831
2266 2376
3711 3903
3471 3672
1376 1608
1619 1712
959 1483
1984 2060
1135 1620
1242 1339
612 654
2087 2649
1207 1800
1684 3422
1471 1730
373 428
1994 2567
2304 2384
2969 3284
1207 1447
2911 3387
2103 2347
1132 1559
2549 2624
2115 2526
3016 3416
2717 3348
2183 2597
982 1029
3631 3903
3980 4003
2716 3015
3549 3905
2863 2901
2550 2625
396 422
2030 2546
2063 2404
1995 2009
3101 3360
3610 3659
355 455
1187 1698
2179 2359
1471 1547
1512 1790
1529 1807
2142 2303
3052 3387
2750 2763
913 1357
1078 1597
2028 2183
1341 1393
1459 1887
1926 2246
1985 2229
3639 3883
3437 3780
361 562
2404 2586
2619 2654
2894 3306
0 160
760 823
2083 2257
3145 3199
1916 2250
1242 1823
2144 2191
2211 2367
3545 3577
1028 1491
1021 1229
1978 2397
3596 3603
2043 2356
3469 3825
2032 2180
1929 2073
1160 1669
1215 1502
2174 2368
3129 3435
2471 2511
2672 3261
2102 2199
2128 2332
426 455
3146 3206
695 777
2372 2572
1097 1802
1723 1730
1972 2435
2962 3295
2165 2172
376 547
2132 2169
2356 2560
1182 1329
3116 3321
686 778
1164 1329
2059 2306
2213 2563
1029 1074
0 297
1524 1867
1070 1869
1092 1622
1576 1592
1003 1795
2271 2556
3684 3966
687 703
1049 1689
3480 3651
1256 1516
2180 2199
1916 2149
2293 2468
2697 2962
2121 2553
1985 2253
1285 1793
2787 3101
3264 3337
3826 3890
3032 3187
3596 3788
2205 2232
1941 2526
1199 1658
584 596
2102 2151
1942 2449
1226 1415
1465 2629
1250 1597
538 1565
686 819
2125 2336
2134 2496
1335 1437
2664 2988
1491 1623
56 118
1148 1907
353 936
2976 3060
2112 2602
2142 2165
694 845
3573 3891
545 561
484 1237
2029 2480
1999 2297
3677 3797
389 949
2311 2539
2240 2624
1994 2332
1993 2069
3549 3624
1947 2180
2365 2645
953 1331
606 905
1483 1551
760 830
496 523
959 1039
1159 1876
2881 3024
1370 1665
83 84
2184 2638
2261 2624
1467 1520
105 257
1024 1501
2779 3077
2550 2553
2770 3280
2853 3320
2254 2594
3437 3491
1437 1662
3558 3768
1954 2273
2078 2467
2090 2200
2844 3027
2509 2510
459 518
1947 2399
2344 2471
107 1775
1067 1235
2220 2329
2392 2520
1684 2720
3628 3657
2546 2607
2394 2432
916 1290
3154 3415
2864 3433
2047 2068
29 338
2102 2116
2054 2463
1377 1902
2410 2550
752 823
3203 3275
2203 2223
724 805
2384 2533
2171 2627
619 630
1988 2207
2976 3344
1557 1799
2054 2498
1191 1639
1757 1835
2955 3253
1644 1717
3753 3876
2010 2254
2104 2485
1447 1826
1921 2025
1432 1647
1376 1589
1768 1811
484 1897
2059 2553
428 558
2080 2277
2387 2584
3120 3381
333 343
993 1864
423 430
2200 2339
1059 1211
400 431
2326 2561
1004 1185
2327 2372
1259 1311
1557 1768
1929 2064
2773 2905
87 339
650 681
2593 2615
116 343
2330 2589
2716 2973
2784 2856
2283 2396
3495 3934
1122 1878
3002 3395
412 549
2201 2543
2931 3384
412 430
2050 2297
3198 3385
3256 3429
921 1608
2009 2365
1912 2495
1718 2344
1966 2078
3558 3881
1780 1858
2555 2649
1192 1893
938 1747
2242 2362
1765 1883
1018 1032
2465 2599
194 302
1079 1689
374 497
146 313
2047 2186
1993 2064
3805 3916
3443 3909
1181 1367
0 57
483 1397
2347 2638
3609 3962
2324 2407
2135 2592
1265 1782
2377 2438
1293 1516
2088 2115
966 1839
3528 3557
92 299
1684 3204
1985 2086
1459 1502
2007 2254
1261 1907
1123 1132
378 676
0 284
2226 2283
3437 3563
1993 2520
946 1361
1207 1833
2139 2240
2279 2543
1367 1813
1993 2121
1976 2099
3097 3124
2967 3303
2040 2507
1078 1086
3558 3794
1919 2297
1984 2020
2078 2623
2200 2240
988 1515
2257 2376
1179 1606
378 524
2986 3073
1256 1610
118 172
1696 1814
118 252
3097 3215
1647 1899
3342 3419
2214 2228
7 308
1181 1752
141 239
1606 1695
1914 2636
2896 2928
2669 2919
1942 2067
641 1671
628 632
2958 3262
1110 1819
3629 3666
1317 1561
1636 1899
1684 3328
1352 1816
2680 2974
3714 3794
2068 2343
2108 2329
3498 3740
1668 1752
1078 1522
2140 2220
2230 2358
1449 1839
2142 2625
1185 1570
1945 2328
637 1778
980 1827
2680 2743
2046 2190
902 1899
1185 1621
862 868
2327 2367
3535 3881
3491 3684
2111 2653
1735 1750
1583 1611
934 1516
3740 3835
107 1499
1337 1860
2240 2532
3463 3826
2467 2611
1530 1810
2974 3073
1302 1598
2477 2560
3549 3682
2184 2257
1209 1375
2339 2477
2102 2133
1329 1669
3107 3340
2076 2320
2124 2611
2059 2506
1338 1525
1940 2472
2065 2215
353 487
1086 1722
2187 2368
3188 3201
2172 2370
0 9
2739 3118
3544 3888
2956 2977
2352 2593
2353 2543
1774 1851
1516 1810
1154 1531
1267 1431
1750 1833
1319 1747
392 553
1846 1883
2148 2295
1279 1404
2730 3032
1078 1730
2059 2331
1668 1902
3684 3741
2257 2624
3196 3289
471 507
1736 1900
2064 2266
2198 2336
2044 2454
1999 2459
1086 1715
1170 1691
695 781
1750 1771
947 1078
3596 3838
2108 2386
2905 3362
1502 1503
779 792
3488 3702
2037 2553
2074 2404
2755 3339
1250 1584
273 328
1962 2201
2738 2928
896 1578
2043 2392
2551 2560
2111 2332
2474 2497
1361 1584
1661 1893
2083 2467
2730 3403
3555 3754
2499 2561
2054 2189
1943 2593
1155 1237
2122 2492
1480 1888
1547 1600
978 1623
30 236
271 342
3546 3894
2553 2578
3774 3910
2381 2489
1024 1849
1787 1880
3437 3766
1399 1867
2081 2458
2911 2956
2702 3395
378 456
494 559
1540 1718
745 760
2468 2542
368 517
2206 2561
211 238
1128 1344
26 128
1947 2617
1984 2381
1185 1352
507 520
1659 1683
2085 2296
2369 2638
2379 2608
20 226
1718 2199
396 500
3 188
1929 2654
3010 3317
1926 2471
2683 3362
163 249
916 1211
2304 2327
3137 3232
2073 2410
1726 3263
3041 3240
29 252
2214 2265
2750 2786
1079 1879
1450 1684
1333 1533
55 277
591 637
606 1677
1979 2123
1153 1816
2150 2554
584 637
2241 2254
2374 2410
997 1117
1120 1830
2989 3345
1684 2976
1947 1970
88 178
1006 1214
876 889
475 507
412 544
728 754
385 436
422 680
2045 2500
2983 3155
2278 2564
1955 2608
2139 2395
0 95
2553 2590
601 637
2392 2404
2294 2547
3599 3815
2120 2405
2249 2268
983 1457
993 1580
2218 2646
414 621
1001 1692
1003 1380
3713 3835
583 670
1398 1712
941 1462
2578 2638
800 851
2201 2615
2467 2564
1312 1637
2078 2604
3000 3400
2877 2906
3452 3891
3078 3364
526 637
805 843
2712 3038
2000 2337
2749 2750
686 823
778 834
0 258
1953 2489
2282 2294
3440 3734
1614 1846
1943 2586
964 1507
1029 1409
3670 3824
2188 2271
2173 2405
982 1132
2138 2598
1610 1619
3437 3600
1623 1652
1943 2188
544 669
1222 1888
1102 1894
2174 2471
1376 1491
3320 3386
1431 1757
2910 2940
1214 1813
2785 3302
1941 2328
1079 1416
2363 2549
693 697
1325 1360
2738 2754
2665 2989
2698 2974
3584 3784
3501 3651
2086 2131
2118 2655
713 815
3446 3546
1175 1644
2371 2618
2307 2326
2482 2586
1570 1730
1173 1330
2183 2529
2184 2563
2832 3256
1604 1861
2210 2573
687 747
1211 1376
2428 2654
431 507
1211 1449
2030 2543
997 1323
2244 2556
1448 1636
2500 2526
1004 1290
1101 1663
2143 2199
3721 3877
362 495
1622 1736
2176 2512
26 248
1622 1685
2074 2460
2037 2206
1399 1617
30 178
1726 3057
2088 2326
414 506
1237 1397
997 1663
1001 1487
1897 1910
2118 2278
1230 1741
3280 3434
1561 1656
2520 2638
2939 3434
1146 1827
1752 1800
414 591
2043 2433
2211 2322
3497 3790
1169 1482
1250 1622
1684 3059
2043 2601
2244 2482
3803 3890
3002 3295
1050 1822
1485 1509
1939 2399
2775 3001
2396 2415
2381 2564
1079 1757
1663 1730
2271 2542
1236 1815
113 121
1962 2536
1540 1730
2399 2461
2333 2336
2103 2363
1457 1600
1126 1879
348 569
355 412
1964 2214
2299 2404
2763 3184
1280 1663
1361 1722
1530 1559
1332 1628
989 1235
3046 3434
2674 3049
2601 2615
2093 2404
1458 1768
2354 2460
1912 2116
1006 1471
2739 3168
2539 2550
80 242
1946 2464
2153 2465
2000 2011
1431 1516
2661 3344
2289 2653
2090 2492
1914 2011
544 561
1622 1675
1981 2592
3026 3339
1273 1451
2927 2946
2363 2552
2862 2993
2074 2095
3611 3902
3073 3220
1003 1340
981 1583
3506 3958
2620 2647
2780 3041
1439 1623
3225 3396
1060 1515
1217 1247
2956 2988
94 254
2134 2372
2324 2334
1017 1563
916 1040
2011 2494
1624 1667
3755 3830
1555 1726
2862 3435
1970 2608
2552 2607
2718 2883
1971 2253
1148 1583
2072 2110
2078 2206
1130 1863
2909 3004
88 186
2150 2307
2870 2934
1485 1559
2043 2559
1912 2416
2180 2336
1962 2124
513 566
2068 2473
741 763
1622 1768
1141 1188
2327 2543
1182 1420
2986 3220
2276 2624
1917 2611
3150 3330
2074 2086
1971 2410
1230 1243
1267 1839
1159 1507
995 1554
3562 3898
2374 2655
2055 2056
1943 2352
2184 2619
2028 2616
2730 3210
2553 2559
1335 1902
2073 2559
1916 2598
3080 3400
1198 1810
107 1791
927 1530
1195 1376
3038 3386
2901 3406
1277 1728
2273 2512
2339 2386
2374 2504
622 625
523 545
2706 2806
2033 2573
2730 3097
451 567
1406 1894
1459 1495
2204 2437
107 1349
1345 1873
430 497
1956 2570
370 645
0 19
587 591
2694 2940
2827 3096
1280 1842
2040 2623
737 745
2174 2327
1918 2104
1975 2228
2116 2447
2307 2500
56 66
1966 2404
2091 2371
1980 2012
1577 2007
1951 2022
2683 2807
1732 1742
3452 3462
2028 2111
686 797
1946 2150
2187 2461
983 1665
1520 1613
370 451
3116 3188
2020 2369
2543 2575
3600 3861
2135 2319
1376 1689
1962 2593
4000 4021
2520 2573
1135 1312
1984 2059
2720 3386
1684 2873
3259 3337
1469 1783
1912 2413
1198 1623
1994 2338
2228 2402
3712 3734
960 1839
2676 3348
1538 1750
1925 2340
99 225
1918 2464
1255 1750
251 309
2044 2512
2921 2942
1938 2543
3838 3851
113 252
2526 2624
2988 3119
2289 2610
2137 2597
1026 1185
2552 2615
1559 1809
1912 2644
1231 1423
1684 3192
353 1012
2319 2420
1352 1898
2199 2247
2268 2616
2224 2617
2668 3305
2052 2332
1912 2552
1121 1847
2101 2594
2944 3232
3576 3756
2702 2859
1101 1336
2356 2374
1025 1897
1931 1980
902 1227
1153 1471
2243 2603
1554 1723
1307 1325
1449 1707
1917 2201
1049 1367
3019 3062
2179 2607
2370 2549
107 1120
3195 3363
3610 3772
2040 2109
1914 2225
272 285
1333 1452
513 514
1256 1746
144 312
2172 2446
3514 3884
1953 2370
376 496
1970 2125
133 315
2719 2742
3020 3201
1199 1772
3318 3325
2356 2460
941 1704
2190 2578
1207 1370
3482 3832
1376 1827
354 481
3243 3433
2238 2455
981 1587
1718 2174
1339 1663
3235 3288
2121 2240
729 863
2058 2104
500 565
2103 2124
1075 1754
1684 2881
3590 3636
1399 1845
429 531
2169 2183
1917 2308
2719 2797
3576 3577
1134 1725
2201 2257
1994 2183
2140 2395
2823 3145
2053 2396
1522 1547
567 645
1551 1683
2068 2616
2288 2406
506 557
1040 1879
2035 2236
1938 2033
3572 3869
2451 2594
2056 2150
1734 1775
1146 1589
960 1238
3495 3586
2153 2325
2086 2593
2150 2184
1555 1676
2095 2542
2718 3264
2123 2428
2007 2282
0 230
3206 3239
2960 3108
1573 1862
1028 1352
1997 2088
1789 1819
404 452
907 1047
1945 1994
3710 3722
2639 2640
2109 2631
1714 1835
1563 1813
213 303
1361 1603
1388 1741
2362 2525
2010 2194
1987 2057
1962 2578
1277 1786
2510 2592
1912 2251
2278 2290
2030 2347
2664 2806
1935 1980
1381 1583
2951 3154
932 1269
2742 2901
1986 2593
1305 1833
2134 2187
3438 3501
1225 1504
3084 3123
983 1868
1059 1380
2142 2454
2912 2986
3522 3872
1099 1751
2075 2652
2078 2409
2682 3295
1624 1709
3980 4014
2720 3198
2974 3108
1129 1475
118 331
3437 3786
2354 2477
1454 1783
2915 3004
1669 1835
2369 2376
1427 1790
935 1807
483 1318
1456 1457
1036 1859
1183 1536
1420 1864
1399 1804
2121 2150
1971 2348
2135 2268
1204 1786
2686 3395
2102 2400
2149 2273
2108 2363
995 1559
591 683
2377 2396
2992 3378
2088 2500
2812 3187
3120 3335
2226 2368
2006 2447
2324 2638
2052 2138
2348 2550
2345 2406
3821 3834
948 1625
353 976
62 67
1723 1736
2742 2869
2326 2334
2765 3116
975 1682
2272 2525
2750 3026
2471 2509
988 1893
1959 2279
896 1812
2324 2492
2090 2506
1172 1199
107 910
3476 3708
698 864
1367 1750
1932 1948
107 1454
2583 2636
1116 1827
2137 2333
511 561
2661 3152
0 332
2078 2551
2931 3085
2755 3250
3521 3735
3089 3355
915 1763
3790 3913
2133 2398
1914 2171
1921 2472
1987 2223
1070 1303
1989 2468
1329 1761
2863 3124
1298 1786
1106 1418
942 1451
2021 2574
2073 2363
2258 2266
925 1086
1147 1435
3149 3339
2086 2414
896 984
2765 3252
3636 3735
1971 2460
2020 2579
1178 1461
1732 1824
751 795
2062 2509
1267 1491
25 26
2951 3219
3527 3528
1917 2593
2124 2309
2694 2960
3342 3403
2882 3057
2289 2511
3542 3804
3819 3917
1260 1275
2939 3291
1242 1724
2108 2604
348 561
2247 2643
2369 2600
1029 1391
428 461
917 1770
1938 2136
926 1604
2890 3114
1987 2289
1525 1686
1006 1542
796 818
1989 2220
2083 2655
1545 1679
2717 2911
2154 2206
2213 2615
1915 2587
3082 3344
2344 2432
2694 2946
2056 2309
1290 1312
1153 1768
1575 1761
2115 2275
1475 1479
1986 2266
1515 1828
350 552
942 1706
1543 1677
1063 1809
3697 3797
2960 3228
1912 2253
3159 3168
1156 1603
3499 3947
2690 2723
2913 3348
1124 1388
1341 1361
1912 2428
2022 2364
3486 3803
2333 2396
3002 3323
1024 1207
2140 2549
2218 2266
2839 3022
2748 3215
1945 2347
3075 3323
1305 1376
2663 2738
1256 1604
3277 3316
1124 1361
1146 1329
353 1358
2606 2607
2160 2238
1211 1712
1076 1181
1597 1663
107 1702
2354 2593
1250 1799
2084 2578
1160 1804
985 1304
1106 1630
1684 2914
3172 3353
1117 1813
2461 2588
2491 2509
1926 2291
2906 3324
2143 2198
2800 3284
1929 2033
1979 2090
488 513
2575 2604
1064 1234
1912 2270
2717 2757
2936 3396
2715 3291
30 329
2895 3331
988 1576
2808 3121
2741 3220
2347 2646
2718 2832
628 665
566 1358
3956 3972
1684 2937
917 1221
1238 1793
2294 2463
106 329
3198 3411
483 1313
1156 1456
1912 2600
2801 3365
2095 2591
2828 3185
3482 3505
2782 2835
2414 2630
2991 3351
3106 3416
3349 3353
2000 2647
2936 3373
715 745
1199 1449
1315 1573
2189 2542
768 789
1589 1833
2578 2615
1684 3308
3511 3904
2237 2590
1128 1622
2865 3081
1266 1779
2928 2974
1791 1868
2679 2940
1237 1427
563 1777
1912 2441
2123 2131
2133 2250
2235 2566
1912 2577
3339 3417
1935 1951
1191 1267
1787 1837
1317 1641
1238 1571
1913 2389
3576 3828
532 572
380 554
1185 1467
428 604
2890 3090
921 1048
766 780
2371 2448
1912 2153
2780 2863
1986 2374
2352 2655
1941 2127
1199 1791
2664 2967
1966 2104
896 1392
2427 2478
1020 1108
1017 1816
3518 3578
2748 3082
1610 1793
2314 2403
921 1516
1917 2090
2102 2385
916 1791
1718 2133
3277 3381
1163 1888
2006 2365
2601 2619
1141 1667
2240 2275
302 315
2179 2271
2928 3096
3465 3579
2046 2593
975 1596
2741 3098
2764 3319
917 1273
1327 1435
995 1214
1269 1467
414 648
366 1320
1211 1833
1370 1839
2865 2955
1515 1732
3884 3968
1032 1067
2244 2631
752 853
2088 2532
2302 2471
1236 1338
2127 2543
1955 2509
1931 2061
2936 3051
376 487
2313 2358
3852 3926
1052 1507
2169 2246
2143 2598
1612 1685
2150 2340
3692 3873
932 1659
3633 3828
2220 2631
2183 2471
3692 3712
3877 3966
727 849
2576 2611
1784 1798
932 1330
2835 2956
1972 2001
2125 2501
1269 1746
2950 3246
107 965
2055 2188
1983 2578
483 1763
2676 3065
1789 1888
2849 3179
1912 2250
2070 2570
2211 2608
2320 2490
2218 2553
2290 2495
2433 2446
1997 2499
1423 1899
2063 2308
2074 2299
107 1433
3465 3774
867 877
199 324
373 556
1943 2542
1117 1222
1530 1721
1256 1637
1211 1689
3684 3736
107 1251
1989 2299
2059 2579
1313 1844
2121 2536
2873 3104
2386 2484
705 737
1981 2327
2229 2646
3759 3975
1090 1634
1199 1741
770 799
1006 1516
2828 2991
1344 1589
2058 2604
952 1199
1983 2103
3437 3572
1912 2103
2271 2469
1964 2141
1813 1839
374 553
1078 1791
2001 2645
3726 3956
922 1800
2091 2448
1049 1230
1185 1243
3782 3810
1125 1612
107 1884
2200 2352
3097 3101
107 913
993 1851
2937 3320
960 998
2059 2624
1513 1528
1181 1365
1034 1283
2395 2504
2742 3411
1912 2154
1028 1305
2381 2591
1946 2615
368 500
2200 2646
2218 2484
1945 2537
257 258
3990 4025
2928 2960
107 1297
2091 2341
1275 1496
948 1358
1989 2037
2718 3198
2877 3040
2924 2988
1129 1576
2161 2491
122 304
2189 2608
2001 2538
2407 2655
2068 2144
1652 1683
3490 3814
2392 2478
1563 1891
2074 2495
930 1565
960 1288
2334 2601
1380 1662
3437 3896
2225 2494
3834 3881
3481 3898
2764 3302
1431 1685
2477 2624
1968 1999
3674 3841
1369 1656
2043 2423
2124 2276
1067 1227
1026 1637
130 257
3214 3221
921 995
2554 2655
1017 1163
1344 1688
3002 3249
1999 2143
1483 1826
324 329
1467 1614
1285 1888
1559 1864
2154 2376
1603 1800
592 655
2026 2592
378 452
422 682
381 554
1984 2108
1292 1462
2717 3174
397 449
2139 2500
31 129
1912 2263
2309 2482
2573 2604
1390 1471
2148 2599
574 584
2578 2601
3041 3345
2184 2543
2880 2960
628 643
1302 1826
2719 3206
2831 2901
368 375
0 94
1226 1507
1339 1598
2278 2326
41 312
1232 1593
1947 2319
1754 1845
2772 3192
1473 1569
452 507
2172 2469
2141 2176
2165 2464
3496 3861
2784 3072
2074 2630
2232 2384
1258 1709
2506 2560
2077 2376
1385 1531
1047 1757
3021 3182
1334 1341
2005 2590
3558 3719
2623 2625
2915 3390
2054 2072
1929 2354
1416 1888
2942 3404
3578 3858
3498 3713
1980 2337
2800 3174
2025 2225
1004 1557
2478 2576
1958 2050
428 1358
1155 1420
1285 1288
2826 2979
3768 3818
1021 1691
2053 2567
3113 3377
2250 2643
617 619
953 1172
2244 2492
2864 3324
2083 2602
964 1278
1070 1306
2894 2973
107 420
2244 2339
1327 1384
1255 1329
2676 3364
2206 2323
418 568
3088 3291
3017 3076
2911 2985
902 1019
2333 2652
995 1419
1471 1849
1238 1302
2700 3253
2751 3124
1191 1804
2925 3040
1183 1436
2985 3064
1153 1796
686 703
1370 1390
3291 3345
2123 2206
1694 1910
1399 1556
1049 1416
452 519
9 75
897 1480
1589 1637
1041 1070
2683 2966
391 513
2430 2553
2353 2606
1917 2084
1158 1716
2021 2563
2315 2333
25 105
1912 1954
1290 1835
2033 2353
2755 2911
2547 2555
2188 2655
2877 3142
2243 2384
2233 2329
2462 2551
2180 2547
1804 1811
3145 3377
315 345
2468 2560
3097 3360
2033 2369
2758 3369
2030 2142
917 1102
72 291
2125 2148
2111 2347
2139 2237
400 676
2734 2848
3437 3601
3506 3511
2278 2395
3120 3351
3187 3240
2199 2351
2915 2953
1126 1539
1604 1768
1970 2479
3202 3324
1930 2129
903 1629
686 851
3116 3185
252 291
1012 1320
896 1277
896 989
2212 2631
3034 3406
3518 3858
2189 2234
1945 2512
2022 2097
2069 2607
3263 3278
1795 1835
2876 3214
2292 2385
395 430
0 315
497 526
3277 3320
2174 2475
2133 2187
688 815
2045 2655
1940 2052
1947 2479
1128 1554
2737 3298
2047 2609
2773 3014
3804 3824
696 840
1824 1893
2088 2244
582 595
1917 2056
2033 2059
1970 2389
2090 2578
2033 2340
3617 3878
2554 2602
1709 1748
947 1365
2391 2404
1286 1322
2135 2629
1953 2468
3437 3924
471 537
195 328
515 654
2184 2266
698 840
82 121
651 1536
2272 2642
3870 3951
2112 2229
2306 2410
1655 1728
2977 3243
1571 1833
353 1878
1086 1879
2108 2150
2356 2549
2359 2574
417 570
2676 2905
25 323
1331 1559
786 829
2078 2237
2158 2335
1352 1639
3095 3137
0 114
1173 1811
2060 2244
630 631
1726 2744
909 1043
1255 1717
1502 1783
952 1589
2227 2263
2782 2920
2939 3094
2085 2152
1423 1636
2072 2384
2059 2469
1997 2590
2240 2395
2074 2098
506 553
1612 1621
975 1459
2139 2591
994 1427
1125 1538
3505 3553
2676 2966
2139 2499
1584 1867
967 1365
107 1037
2728 3279
1557 1746
3442 3705
1290 1663
188 208
1985 2384
1277 1550
1303 1893
1939 1981
629 630
2839 3348
2494 2626
2172 2233
3188 3253
107 967
2005 2410
1099 1893
1721 1902
921 925
2849 3406
1753 1833
2005 2088
1396 1783
455 541
2138 2344
830 849
1220 1537
67 113
1984 2536
2186 2425
2890 3033
1376 1842
2121 2266
7 129
2165 2551
1173 1608
1373 1893
1577 2246
3028 3063
823 853
2104 2560
2761 3362
2101 2511
1010 1781
2165 2611
3137 3430
1516 1584
1191 1211
791 796
1292 1583
188 322
2284 2447
1076 1211
2762 3385
2951 3360
2131 2190
1573 1691
348 376
1361 1662
2011 2157
1684 2915
1049 1572
3618 3842
1545 1844
2430 2604
1684 3049
1912 2267
2451 2509
2554 2607
1075 1746
2389 2531
2728 3007
1953 2275
2640 2660
2944 3220
1302 1610
2729 3104
3026 3119
2124 2213
436 646
107 1794
446 487
747 880
1684 3231
1684 3155
1980 2018
2409 2521
3046 3406
2929 3384
1604 1849
1211 1768
2925 3324
2780 3299
107 934
2203 2508
1316 1729
2199 2224
1684 3222
686 814
1067 1479
2068 2174
2586 2655
387 444
2340 2624
1926 1959
1962 2539
1230 1331
98 332
1634 1906
2911 3108
2840 2904
1009 1066
3185 3360
1511 1676
2058 2507
2207 2426
1205 1610
176 188
2049 2523
404 419
2153 2273
3232 3339
1922 1990
2233 2543
2703 2972
2095 2188
651 1001
2352 2561
1706 1729
1079 1209
3437 3840
2679 2915
2567 2629
1574 1740
926 1026
1011 1258
778 819
1540 1717
2324 2348
2083 2560
1359 1868
2777 2782
1048 1551
1066 1742
1721 1879
3598 3850
2781 3425
2011 2192
115 149
3206 3347
2042 2057
967 1813
1912 2591
1299 1536
2109 2354
414 672
1017 1092
949 1428
1015 1192
1963 2323
1514 1694
3605 3670
107 1660
2241 2471
1480 1620
2086 2118
1160 1637
2127 2537
2698 3226
2285 2555
66 142
2290 2404
3150 3151
2187 2384
1272 1405
0 300
3799 3844
1612 1662
3594 3898
916 1402
1962 2266
451 465
3571 3759
3240 3416
366 1001
3145 3351
2056 2216
1945 2127
1943 2212
758 827
960 1331
1181 1662
497 545
395 614
412 500
1222 1819
2553 2564
161 314
1033 1698
2010 2151
2053 2071
1614 1730
897 1612
1409 1842
3641 3960
3038 3297
3376 3402
908 1325
2033 2206
2088 2095
2103 2139
1195 1377
1970 2267
1684 3148
1589 1721
617 654
2815 3090
2911 3149
2018 2459
0 48
1577 2111
1 88
1296 1338
1289 1617
2718 3335
1487 1604
2374 2460
1384 1505
2062 2096
3448 3779
1017 1367
3021 3296
1288 1842
651 1767
2877 2974
1912 2065
897 1553
2372 2508
1926 2347
2940 3064
2773 2988
1242 1800
2072 2328
1404 1479
1917 2551
461 669
2675 2932
3438 3545
2042 2268
922 1341
1551 1714
1231 1596
2889 3275
2048 2289
203 322
1922 2156
1494 1511
2372 2445
389 1415
2526 2550
2937 3434
1406 1871
2742 2765
2172 2484
2065 2087
2267 2653
2037 2591
2897 3303
2292 2372
1577 2151
1565 1767
2155 2246
3579 3757
2370 2556
2084 2404
1966 2261
1959 2187
456 538
2925 3129
2217 2558
1522 1570
2309 2467
1917 2121
3558 3826
2331 2623
2828 3076
1255 1570
72 132
258 291
2059 2229
56 252
2229 2237
2484 2564
2073 2308
943 1236
1048 1149
141 272
2361 2440
1222 1702
1947 2087
2329 2340
1997 2619
2087 2111
1981 2509
898 1099
1554 1621
2040 2212
3440 3842
1943 2306
2088 2574
705 759
1357 1536
1912 2017
1054 1557
2153 2653
2591 2638
1181 1737
2253 2631
2108 2278
1059 1107
2103 2179
2862 2890
1390 1603
409 503
2913 3426
745 814
2189 2268
537 569
3240 3434
2234 2387
489 531
2423 2578
445 520
690 694
2032 2125
649 1694
2810 3362
2376 2392
1367 1613
1943 2624
2741 3026
1610 1816
1215 1828
1918 2590
1210 1300
1148 1459
1684 3421
2836 3157
2223 2616
1946 2485
1367 1524
2275 2482
1399 1471
2374 2556
2081 2589
1684 2979
1551 1604
3017 3434
2275 2623
2121 2601
2236 2440
3980 4028
2748 2901
455 543
2229 2478
1620 1813
3782 3945
1550 1578
1268 1876
2187 2250
2689 3142
1048 1816
1515 1871
1052 1496
1994 2543
177 227
3252 3265
941 1502
2916 2969
1986 2485
1813 1861
3136 3335
1366 1783
1610 1668
3614 3652
3471 3971
2077 2495
2800 2944
1102 1495
2781 2958
2077 2220
3131 3181
2216 2233
1515 1636
366 1878
1972 2284
2196 2471
2338 2649
1993 2140
2035 2614
2729 2873
2154 2428
2072 2491
107 1688
2334 2504
3458 3468
1056 1280
1221 1529
2590 2631
720 781
2025 2171
1012 1882
2874 2966
2077 2347
1259 1482
1032 1751
2780 3360
1949 2236
2915 3010
2666 3348
946 1267
2129 2373
2202 2640
971 1273
2948 3193
2072 2111
1964 2117
1181 1184
2213 2607
1932 2592
916 1563
2199 2315
2778 2823
1271 1285
645 683
3460 3630
409 542
1356 1831
3049 3152
2077 2638
1979 2300
2909 2943
1861 1888
2718 3396
1126 1823
1075 1344
2046 2591
1352 1795
999 1211
2068 2132
957 1873
1211 1623
1344 1757
1941 2408
703 764
3568 3915
1959 2169
2030 2240
2564 2646
2393 2542
3999 4036
2002 2264
1278 1771
1653 1835
1079 1375
2164 2188
703 827
1078 1390
1310 1472
2742 3345
1040 1132
2083 2550
2679 3084
3308 3398
1167 1246
1547 1826
2253 2370
2909 3033
2766 2924
944 977
2398 2542
2207 2259
2299 2542
55 252
1970 2603
1465 2292
2164 2625
1650 1828
2308 2469
2092 2172
2123 2520
2093 2154
538 1114
2088 2619
3596 3860
2128 2351
3357 3360
3619 3970
1827 1861
1128 1584
461 492
2052 2247
3148 3215
526 1861
1370 1610
3830 3971
1454 1515
2471 2512
2338 2384
960 1712
2040 2090
2095 2477
3625 3886
959 1391
1943 2500
1267 1302
1 236
729 882
1175 1540
1173 1637
817 819
2331 2532
628 661
2677 3302
1277 1414
897 1420
1365 1663
1066 1392
1124 1126
1964 2488
2520 2602
1524 1608
2236 2371
3106 3397
688 856
2212 2590
2002 2511
1536 1876
1931 2011
1613 1753
2606 2625
993 1730
3107 3198
2112 2290
2339 2340
3171 3312
1929 2559
2102 2649
2124 2532
3437 3948
1979 2200
1920 2068
637 968
440 449
1619 1823
1970 2531
2176 2522
1548 1787
2676 2943
1376 1714
2668 3110
1379 1423
2680 3056
2282 2617
2583 2657
2783 2819
2115 2276
1663 1804
1816 1898
2161 2537
2054 2445
2785 3341
2254 2589
1984 2482
1948 2461
2054 2128
2901 3049
1376 1547
1986 2090
2285 2543
3014 3184
2188 2275
99 102
1516 1800
2069 2423
1608 1689
1580 1888
1971 2037
2677 3185
947 1768
2757 2763
1071 1253
2371 2402
686 714
513 604
1685 1707
2299 2631
3013 3352
1439 1804
2775 3346
651 1374
2686 3107
378 436
2191 2332
2009 2459
948 1320
1415 1725
2154 2414
650 665
2866 2911
3437 3543
2754 3220
2043 2324
2077 2329
400 465
3095 3143
3053 3141
967 1524
1985 2062
3145 3260
1015 1322
1746 1867
0 327
2327 2547
1935 2365
1684 2804
2203 2516
2627 2639
1018 1786
3100 3145
2078 2504
2150 2376
2218 2418
2038 2211
2088 2546
1136 1174
722 829
374 614
1986 2560
2172 2307
107 1540
1229 1764
2081 2588
713 814
2036 2610
732 802
696 845
2308 2374
2071 2330
1502 1515
1947 2629
1124 1522
951 1337
2550 2623
953 1637
1420 1632
378 428
1097 1733
2356 2554
1465 2191
1329 1753
94 320
941 984
1001 1352
1364 1435
1471 1741
2077 2606
2716 3106
2386 2654
2986 3238
127 139
2118 2579
1019 1104
1962 2500
737 773
2098 2340
2501 2560
1963 2118
3249 3346
2250 2519
2028 2384
1256 1520
2909 3026
2927 2940
200 332
1768 1827
2435 2647
997 1768
2058 2586
1014 1396
2110 2328
2729 3089
3655 3960
2460 2574
2045 2244
3555 3767
1104 1764
2188 2578
2030 2253
2333 2498
1540 1584
2121 2427
1675 1888
1524 1572
2742 3179
2229 2586
395 422
1929 2188
1336 1580
997 1772
1596 1611
1598 1613
1267 1735
2136 2200
1272 1730
2347 2408
2234 2476
2261 2370
2109 2348
2087 2319
3726 3945
1753 1886
1070 1310
2823 3396
1112 1737
946 1590
2032 2068
1941 2081
1985 2059
3596 3670
2121 2326
1331 1662
1336 1359
629 1223
980 1768
2915 3090
1298 1315
395 604
1079 1447
2781 3280
1136 1803
2465 2555
1684 2741
2072 2223
3 200
1945 2203
2706 2786
2064 2606
414 649
1973 2636
1344 1623
1018 1661
1810 1888
2165 2543
1447 1723
391 524
3234 3286
3586 3796
1714 1888
2750 2944
1918 2607
2571 2598
348 474
2918 3385
3049 3351
3448 3889
2724 3203
1912 2369
2734 2836
3076 3367
1072 1904
1290 1612
2016 2645
1199 1407
1373 1454
2741 2928
2785 3209
2237 2489
1344 1721
2389 2400
1759 1840
2028 2068
2279 2283
2098 2142
2973 2992
1177 1436
1962 2095
2139 2546
3365 3397
2061 2364
2308 2604
1004 1750
414 566
2773 3348
2224 2283
2840 3267
2090 2122
2765 3239
3258 3396
2148 2327
1315 1875
3722 3773
2074 2201
409 526
932 1730
1172 1376
1943 2576
3705 3740
107 1255
2261 2556
3178 3211
1188 1308
2710 3300
2793 3240
1061 1136
990 3278
2482 2590
641 1881
1929 2123
2037 2154
1668 1804
3188 3352
1684 2663
1146 1619
2083 2244
637 1645
2188 2507
2213 2575
3148 3422
3675 3837
1941 1945
1940 2643
1604 1902
2862 2956
2830 3002
1049 1800
2040 2108
2510 2537
603 680
2280 2598
355 460
1210 1778
2212 2347
1345 1515
2190 2560
2361 2540
1272 1765
1519 1900
1272 1888
922 1467
1929 1983
1929 2164
2289 2368
2905 3014
483 493
2022 2116
2237 2611
923 1758
3525 3886
1320 1400
915 1155
1943 1979
3137 3426
1238 1608
1329 1613
13 82
3148 3272
3047 3417
1214 1888
2829 3334
2684 3011
2072 2292
2164 2306
1918 2554
2724 3359
2278 2482
413 448
1936 1990
2244 2593
2071 2512
2871 2950
3727 3949
1958 1980
1470 1563
465 506
2719 3113
946 1833
2716 3267
3696 3960
1074 1199
2679 3104
1078 1793
694 724
2765 2780
2306 2638
1590 1613
2290 2590
3117 3195
2870 3009
1863 1911
1260 1304
415 463
475 1692
3002 3019
3514 3800
2928 3417
353 497
1656 3057
3191 3313
2174 2289
2063 2430
2598 2635
2780 3101
3167 3369
694 752
2102 2543
3437 3941
2069 2395
932 1665
1979 2550
2007 2031
641 1573
3737 3930
3511 3566
461 561
370 469
2773 3364
1211 1416
2271 2623
2419 2471
2729 3257
3658 3756
1724 1861
1714 1799
2862 3232
815 824
2123 2381
2257 2404
2143 2149
2083 2506
496 497
483 1464
1577 1718
1917 2623
1275 1310
2047 2205
1153 1480
2078 2240
2844 2951
1101 1185
2240 2278
3321 3397
107 1344
2853 3252
1590 1768
2068 2087
1939 2282
2730 3100
2827 2866
3161 3176
2339 2552
1516 1570
909 1436
107 1072
2133 2475
3176 3207
724 745
75 258
1684 2782
2323 2602
2200 2414
474 557
2059 2489
2726 3229
1048 1049
3594 3613
1943 2300
458 490
606 1436
414 590
1172 1388
322 329
1006 1175
1984 2526
949 1541
107 980
363 461
3454 3642
1059 1754
1577 2384
1912 2486
378 400
1367 1717
1839 1888
2415 2509
369 455
1912 2207
2800 2986
2498 2581
999 1538
1335 1796
2027 2657
1559 1712
1376 1753
2806 3309
3728 3907
3664 3918
2604 2624
954 1227
2033 2543
1993 2591
2672 2797
2154 2482
2104 2386
122 186
897 1483
2324 2526
2410 2560
2728 3154
3172 3332
2894 3049
3002 3233
1255 1589
3554 3915
2037 2244
2354 2369
1535 1898
1120 1655
1425 1478
3316 3344
3013 3345
1367 1620
2271 2309
3026 3435
2052 2399
1272 1488
56 285
1059 1669
2115 2418
2744 2843
2289 2319
3098 3142
3602 3761
2064 2469
1014 1875
2131 2579
2775 2962
1410 1555
3501 3596
1765 1842
1962 2485
2674 3330
1277 1573
2064 2309
370 515
2765 2970
953 1391
2805 3012
2331 2500
1415 1472
1718 2125
483 1113
1758 2677
1172 1821
2074 2560
2124 2340
483 1392
2742 3224
1190 1448
810 823
1644 1823
2092 2492
2190 2623
1979 2063
3076 3079
1963 2495
2010 2224
1554 1689
1409 1791
2074 2104
1002 1105
2768 3299
1302 1669
2090 2630
1288 1849
3087 3256
3584 3810
2020 2083
1689 1730
2240 2521
1659 1813
3327 3383
1102 1661
1291 1643
423 558
2492 2646
2833 3035
2060 2201
1124 1736
2031 2138
0 8
1115 1680
1985 2451
1388 1754
2036 2366
2026 2396
1374 1790
2216 2354
2920 2924
1271 1741
2905 3384
400 420
2069 2139
3506 3690
3460 3726
2201 2542
1997 2188
2460 2638
2299 2418
2824 2962
2719 3355
3558 3947
503 517
1610 1675
2844 2894
1984 2433
3437 3637
1275 1785
1912 2329
921 1222
2209 2425
2839 3174
1958 2024
1543 1574
2806 2912
2212 2561
1211 1612
1501 1513
1006 1791
3259 3380
2832 3276
1515 1848
1620 1867
3018 3259
2157 2202
2128 2368
1985 2619
1360 1410
1222 1662
2233 2429
3126 3336
906 1877
1997 2309
34 414
3442 3907
1391 1877
1120 1315
2220 2460
2127 2189
2172 2600
3005 3072
2266 2303
2138 2436
1376 1622
1041 1469
1391 1662
2108 2131
1955 2461
1216 1424
1315 1345
2020 2586
2904 3009
2123 2363
1935 2627
76 270
1048 1746
3680 3830
805 827
67 323
1983 2606
348 566
2140 2216
2778 3146
1542 1839
1429 1487
137 289
2669 2864
2099 2283
3386 3396
1323 1520
402 422
107 989
196 254
414 500
1997 2507
972 1736
687 728
2165 2560
2694 3304
1684 3146
1199 1617
2284 2633
1214 1849
1185 1471
1392 1462
713 840
1051 1500
2054 2332
368 525
2104 2553
2308 2500
2210 2218
1338 1366
1569 1699
921 1757
2698 2956
1990 2534
3286 3414
1946 2500
2499 2574
2124 2433
2030 2410
1730 1839
2928 3174
1032 1824
224 332
2033 2131
36 251
107 953
1149 1707
3726 3829
3119 3123
1312 1544
1941 2191
771 806
2287 2340
2088 2556
483 520
2078 2257
2308 2340
2940 2943
412 504
1554 1603
1391 1849
3472 3598
1665 1795
3439 3932
1684 2989
2072 2377
925 927
363 1318
687 817
1236 1536
2115 2188
917 1042
1284 1413
2944 3065
2787 2825
3623 3782
1420 1669
898 1406
391 500
2839 2943
2118 2563
242 299
1963 2190
1048 1563
1054 1075
2927 3339
2086 2504
2436 2533
1804 1809
92 101
1048 1717
1965 2286
3664 3776
2897 3054
2683 2915
1164 1334
2049 2371
1483 1669
2150 2492
1966 2536
2426 2490
2801 3032
2498 2588
2198 2598
497 537
2187 2451
1620 1789
2118 2233
188 280
2376 2552
422 596
2723 3009
107 1046
348 507
2053 2068
747 809
1491 1653
2299 2591
992 1837
121 206
1081 1751
999 1078
781 842
927 1195
1083 1612
2233 2624
2169 2338
1972 2061
2115 2271
1007 1393
2967 3324
2210 2601
1735 1867
2237 2261
2758 3259
1554 1800
1175 1214
3474 3630
3036 3104
3495 3577
2717 2754
1166 1316
2184 2206
2107 2562
1267 1791
0 282
1051 1338
1800 1867
2081 2254
1612 1753
1557 1612
3120 3397
339 340
2343 2616
2664 3226
2410 2579
2395 2539
1582 1729
2047 2053
2132 2592
2128 2582
1997 2109
866 879
459 551
1003 1765
1352 1643
1603 1886
348 395
1448 1655
1243 1867
1059 1810
2111 2344
2724 3415
2543 2579
600 658
1920 2259
2511 2512
606 1548
2118 2244
1464 1794
3035 3101
1684 3175
896 981
2102 2642
1221 1691
2118 2334
2103 2552
1710 1771
2196 2384
2994 3294
397 444
2047 2196
1148 1322
2150 2352
271 276
2053 2134
2071 2451
3437 3734
1583 1862
1736 1839
2430 2564
2418 2539
953 1604
960 1622
947 1135
3680 3882
1143 1706
2133 2588
916 1662
1549 1671
2313 2366
2046 2460
3514 3832
953 1736
3219 3256
1040 1736
1940 2328
2464 2590
2083 2370
2768 3020
1912 2199
3677 3943
2343 2536
2340 2625
3191 3233
3038 3224
3521 3597
1554 1877
1962 2418
3488 3545
2161 2194
1563 1835
2306 2460
2906 3040
2324 2601
688 719
1482 1876
428 436
2951 3346
2102 2327
3463 3869
2877 3033
1117 1772
1993 2625
26 298
2112 2561
2243 2336
107 1460
2861 3141
2218 2507
376 652
3545 3800
2376 2601
3022 3362
2369 2654
925 1819
960 1547
3073 3158
1067 1873
492 567
2139 2615
2913 2915
1280 1330
2188 2573
1019 1227
1985 2088
2040 2521
1101 1163
566 1320
2033 2495
1730 1861
1085 3525
2138 2465
2920 3226
2257 2590
1001 1673
2206 2492
3737 3873
1971 2407
2180 2491
2124 2561
1943 2121
2446 2482
2681 3129
1623 1683
3471 3845
2300 2334
366 460
967 1149
2184 2428
2340 2623
3449 3684
2340 2506
1941 2508
1037 1338
1942 2088
2142 2326
213 291
1970 2081
484 1029
2257 2290
2823 3320
2749 3426
2955 3236
1962 2020
2191 2224
1707 1888
1124 1334
422 644
3776 3967
1912 2144
1120 1636
3577 3651
2526 2600
1584 1703
946 1405
2101 2571
941 1406
1400 1487
1990 2173
927 1811
2266 2607
2045 2334
2098 2520
2772 3411
2818 3350
823 840
1390 1668
2043 2201
404 487
2116 2642
2404 2492
1352 1584
967 1265
2266 2546
2543 2544
2179 2507
2312 2610
1947 2336
2890 3417
1612 1717
1979 2339
1365 1557
1609 1835
2676 3426
577 640
3815 3867
2806 3114
1716 1872
1140 1656
203 341
2451 2653
2742 3260
1966 2414
1971 2356
67 104
2279 2451
3540 3750
1547 1864
2352 2506
2674 3247
1964 2226
2108 2172
2833 3345
1018 1277
1983 2331
2892 3207
353 493
1619 1861
2111 2327
2344 2501
2123 2579
2007 2475
2840 2992
2088 2468
2062 2221
2007 2394
1919 2022
420 471
1027 1890
1568 1648
1041 1109
1971 2043
995 1861
1647 1862
1938 2237
122 342
2331 2601
2939 3239
3609 3779
2179 2484
3115 3351
1691 1899
678 679
113 132
1966 2220
3463 3951
1009 1100
3023 3363
2964 3326
3690 3768
1448 1893
1360 1567
1006 1522
2343 2384
483 1545
412 431
2216 2625
2891 3026
2038 2134
2714 2979
1987 2039
1242 1689
2810 3090
916 1753
3076 3261
1117 1559
713 734
1452 1493
2046 2276
107 1862
378 488
1480 1782
1647 1720
3437 3768
3488 3800
604 676
3440 3501
703 747
2341 2456
3319 3344
3486 3826
3387 3417
3056 3387
1479 1661
1095 1692
1269 1580
2676 2906
496 591
2348 2354
1018 1578
438 566
2138 2472
2184 2309
1912 2024
1059 1839
2666 3149
2273 2419
2240 2326
2098 2500
1078 1542
709 777
2928 3257
3030 3231
1327 1852
2927 3022
387 428
1109 1189
2816 3087
1677 1870
524 567
2727 2780
2625 2646
2803 3124
2869 3419
2661 3280
2240 2559
2351 2609
1943 1984
1929 2005
2931 3029
400 537
517 1677
107 1743
1917 2331
925 1643
2093 2607
171 3290
1597 1689
2369 2392
2408 2564
2164 2615
2052 2151
1185 1449
2107 2325
320 329
2323 2404
2123 2418
98 141
2873 2877
2374 2506
1250 1663
2282 2511
2742 3076
2506 2615
1531 1646
3 283
2901 3106
1185 1833
2526 2591
1946 2376
3705 3924
637 1448
1984 2334
1351 1712
3611 3672
1613 1833
1332 1882
1554 1605
2136 2646
3060 3396
1619 1665
2150 2212
3584 3951
1804 1849
136 156
2853 3344
1912 2512
1277 1691
1983 2586
1086 1571
1146 1861
2750 3284
1431 1447
2228 2570
3437 3691
420 465
1502 1871
3750 3968
73 130
2716 3353
1548 1648
1683 1821
2486 2622
3460 3900
1269 1456
925 1049
3501 3586
1603 1757
1075 1637
1199 1331
947 1750
2742 3116
947 1752
2172 2300
1317 1369
908 1825
2791 2975
3558 3782
1101 1559
2028 2194
17 41
2843 3032
637 1423
3500 3809
1181 1554
1730 1864
2961 3227
2240 2468
1971 2059
966 1024
2327 2419
1320 1673
1917 2324
964 1109
2045 2142
2841 3016
2287 2339
2133 2637
582 650
2010 2054
1006 1287
994 1807
483 1778
1368 1788
2329 2462
2796 3172
2839 3417
1139 1170
1623 1833
1130 1826
3833 3947
2122 2352
2201 2359
2560 2646
2287 2311
2090 2213
1128 1735
1194 1492
1316 1894
1319 1568
194 299
1373 1502
2359 2654
526 1882
3437 3462
1390 1584
2290 2593
354 452
1684 3114
2754 2944
3136 3171
1960 2570
3826 3958
1943 2638
1572 1746
2203 2445
2046 2098
2354 2408
1912 2606
1231 1680
1735 1800
978 993
1963 2326
2206 2591
3463 3706
2064 2504
2564 2575
1376 1632
1912 2086
2726 2851
1152 1159
348 486
1159 1584
3612 3673
2738 3098
3622 3821
0 150
1605 1707
1663 1723
2914 3342
2331 2561
2045 2575
2400 2616
1211 1823
2142 2329
360 548
2795 3211
1006 1351
1083 1238
1175 1768
369 407
0 281
31 339
940 1472
2058 2131
2680 3193
2300 2593
1283 1505
2009 2660
1288 1810
1941 2551
2053 2543
376 526
2244 2429
3532 3767
1718 2267
2719 2869
93 337
1070 1876
2220 2306
1554 1608
2742 2828
1684 3216
2666 2698
1040 1832
1454 1824
23 144
2218 2271
3469 3529
2290 2464
2037 2095
2244 2391
2124 2428
896 1583
1669 1823
1616 1882
3051 3170
1495 1824
934 1902
2376 2578
2433 2607
26 332
3203 3313
2116 2378
1563 1730
2737 3154
1242 1572
1471 1746
1191 1868
2916 3399
1632 1736
353 1425
995 1431
1947 2081
1059 1746
3502 3813
369 486
2052 2250
2489 2507
2748 3106
2088 2600
1062 1739
1467 1823
2969 3195
1557 1772
2873 2915
2367 2510
1941 2117
867 872
378 513
1456 1580
2153 2616
107 1532
1146 1723
2054 2293
927 1563
107 1044
1955 2071
2309 2631
2009 2116
1079 1795
1173 1861
2800 2913
1447 1702
1722 1741
2162 2341
200 274
1475 1899
1409 1458
2093 2266
3129 3228
1250 1877
2381 2460
91 259
1173 1604
920 1792
1321 1780
2069 2404
1917 2630
2206 2506
1912 1926
1036 1158
483 1512
2543 2588
1714 1886
2482 2551
2116 2571
2713 3154
2773 2815
107 1505
1610 1849
3456 3651
1918 2109
653 680
1684 3188
2674 3277
3093 3380
359 475
3635 3731
4014 4037
1448 1472
2174 2254
3824 3873
2863 3102
2315 2330
398 488
967 1867
997 1902
2754 2890
759 766
651 1606
1273 1830
1984 2347
425 460
1204 1903
8 201
2192 2620
500 556
952 1290
1302 1833
2074 2233
1509 1617
2037 2423
1608 1663
1173 1570
2234 2429
2469 2564
1959 2385
2927 3220
2114 2412
2506 2601
2354 2655
484 936
1398 1399
1557 1833
1413 1479
2302 2544
3146 3265
0 312
2148 2279
1345 1448
2257 2646
3273 3366
2742 3416
2833 2939
773 823
3981 4023
1989 2410
1456 1621
2007 2038
3761 3956
1115 1857
1416 1688
2299 2578
1921 2647
107 1249
1970 2161
2806 2944
1960 2335
94 187
917 1824
1912 2213
516 518
1242 1491
896 1158
1112 1420
104 109
1107 1330
3758 3761
1970 2368
107 1154
117 285
1015 1636
1663 1724
2977 3084
2307 2356
922 1805
1694 1831
1610 1827
1706 1742
1707 1799
2911 3284
2103 2220
1981 2243
1272 1799
2233 2287
1583 1716
428 497
1269 1735
2627 2647
2317 2628
3437 3870
618 619
2943 2974
2708 3262
463 481
3114 3339
2194 2336
3076 3182
1464 1660
2521 2543
470 555
1110 1526
1388 1393
1577 2268
2279 2597
394 512
694 719
2231 2577
1993 2376
2668 2702
0 139
1986 2574
3208 3411
1014 1423
2733 3179
2860 3168
3022 3195
2172 2546
3298 3378
484 527
688 777
2133 2239
896 1044
2246 2555
1153 1331
1946 2104
1033 1806
1274 1825
1666 2707
2315 2384
2315 2372
2133 2196
1201 1535
2187 2285
2499 2550
3548 3661
1408 1575
574 631
80 213
2133 2330
107 1348
2118 2423
2451 2491
1132 1874
2951 3168
2737 2869
1230 1335
1434 1460
2042 2516
2078 2109
1153 1488
466 531
2662 3152
1198 1643
1125 1886
3120 3434
2352 2604
1199 1612
3460 3829
109 322
2807 3231
1984 2261
2005 2104
1017 1668
686 805
1426 1515
2761 3193
1416 1746
2038 2384
906 1407
1112 1710
1148 1576
2786 2931
1954 2176
1583 1859
1941 2103
1914 2004
1266 1822
1917 2602
2002 2169
2221 2384
1059 1180
2472 2543
3495 3525
2121 2464
1132 1467
966 1621
1286 1459
2073 2271
921 1290
1483 1517
2507 2563
3330 3396
2064 2323
3448 3545
2536 2546
2078 2190
388 507
2933 3028
2128 2333
2046 2615
2121 2410
1431 1668
925 1736
1984 2142
1231 1636
2142 2590
1112 1800
1320 1767
3819 3912
1926 2002
1608 1612
465 676
2853 2991
698 876
1684 2900
1954 2153
1201 1331
1238 1402
404 559
3289 3331
3480 3841
428 1408
2074 2586
2675 3259
1912 2102
13 304
374 456
1449 1799
2539 2546
1612 1799
1181 1800
2275 2418
1998 2627
1462 1884
686 795
2356 2546
1086 1632
493 566
606 1645
1078 1879
596 1215
1267 1793
876 886
1117 1483
1205 1608
1446 1695
3437 3591
2912 3033
1185 1269
952 1230
2141 2209
1020 1104
2132 2264
920 1782
2716 3150
1209 1835
186 223
98 123
2957 3081
925 1570
2200 2237
1520 1551
3495 3545
2103 2604
1978 2314
2150 2326
1054 1554
3829 3843
2098 2630
1975 2335
2485 2573
3743 3874
2715 2831
2010 2187
107 1645
902 1459
2468 2485
827 853
2187 2328
1216 1314
2921 3002
1494 1705
3545 3938
2927 3047
1986 2244
688 770
2104 2430
32 337
2187 2336
2206 2655
3437 3489
3108 3426
428 482
2370 2409
1916 1939
1375 1724
3693 3851
1304 1759
1185 1639
2001 2116
2199 2471
1377 1470
1978 2503
357 459
3296 3434
928 1174
1994 2292
2694 3065
2453 2505
1449 1833
1791 1826
2938 3182
2200 2563
1917 2118
2919 2943
2030 2564
1943 2354
127 309
1990 2335
944 1306
2200 2654
239 265
3480 3586
2689 3065
118 239
2390 2509
2247 2332
988 1104
1185 1685
1298 1459
2000 2636
1684 3201
2809 3010
3280 3422
959 1370
2064 2624
2082 2440
1932 2111
2153 2328
2392 2395
1920 2138
3483 3878
1404 1628
1989 2553
2694 2872
1446 1790
2131 2655
3631 3786
2282 2338
1344 1622
1289 1622
1993 2506
3035 3145
609 644
494 561
1156 1736
1083 1809
163 173
3576 3640
586 634
1238 1845
3980 3982
2154 2573
627 661
1159 1260
1128 1589
952 1291
983 1390
2783 3255
1125 1291
917 1582
1833 1886
3437 3873
1945 1947
1938 2220
1736 1819
2104 2326
2777 3064
1153 1336
1632 1700
1644 1827
1535 1685
1333 1568
1015 1576
2449 2631
1141 1785
1257 1573
1912 2249
1927 2157
3776 3920
2088 2370
2139 2624
2122 2460
2951 3017
2184 2369
806 822
934 1675
2235 2394
966 1367
2936 3320
3002 3207
2218 2278
3593 3931
2018 2284
2043 2326
3706 3803
2946 2969
2056 2619
3599 3728
2464 2489
2872 3052
2139 2638
348 539
1040 1613
633 636
1052 1453
1078 1888
2730 3062
1945 2052
3019 3203
2762 3214
1943 2033
479 512
913 1575
2026 2153
2149 2399
1724 1827
784 794
3035 3344
1331 1746
2246 2302
1746 1823
2004 2171
800 805
2733 3434
2791 2812
3532 3956
85 188
897 1376
647 681
2730 2843
1966 2381
2033 2184
3284 3426
2282 2343
2149 2498
2799 3354
2326 2423
997 1483
3679 3806
686 788
722 737
389 459
1049 1123
3146 3247
1917 2165
2662 3397
1994 2302
3550 3684
2777 2850
2095 2428
2278 2414
951 1852
1341 1608
1917 2500
1970 2111
2919 3430
3005 3017
2381 2563
348 480
2697 2992
1009 1628
3320 3434
2828 3330
860 1684
3590 3629
1044 1392
2738 3362
1348 1815
3624 3679
1207 1668
2668 3138
2102 2250
366 1300
3082 3169
404 445
2035 2082
2001 2472
1126 1612
2007 2183
2112 2414
1338 1435
2018 2571
1059 1688
1084 1620
3236 3264
2200 2309
2309 2492
3568 3810
2867 3301
977 1748
2290 2430
1993 2429
1275 1525
1367 1612
1665 1902
2484 2492
1281 1373
2573 2619
2873 2956
2294 2304
946 1717
2115 2172
348 351
2787 2901
2143 2250
1718 2589
2597 2629
2664 3324
1963 1971
978 1721
140 214
2687 3194
978 1537
1390 1809
1199 1823
2184 2521
2364 2645
950 1410
2738 3294
2131 2404
1284 1720
3642 3779
458 496
107 1152
2139 2504
2538 2645
1912 2418
2165 2574
3226 3363
3859 3870
2157 2459
3670 3731
3184 3294
1067 1716
3288 3297
2103 2266
637 641
575 685
2033 2539
1056 1191
1191 1571
1149 1613
2683 3158
1172 1809
1617 1741
1988 2513
1943 2275
2674 2828
1334 1608
927 1420
2187 2592
960 1480
2825 3075
2081 2282
2138 2198
1729 1848
1746 1877
2331 2409
2592 2652
500 553
1684 3090
2083 2359
2328 2396
363 492
4027 4038
925 1017
360 376
1219 1707
2750 3387
2071 2072
1689 1707
2992 3416
3529 3601
2960 3433
388 567
2786 3073
1289 1598
2216 2383
1028 1584
2032 2187
2194 2259
2068 2111
1920 2653
1186 1798
2198 2246
2309 2551
3437 3656
3020 3072
115 192
1019 1060
1983 2477
404 515
3625 3756
2258 2408
2504 2553
1963 2074
2125 2289
2773 3166
3187 3408
3177 3233
2936 3397
2914 3276
2862 2988
1205 1329
983 1006
92 302
1504 1672
2224 2268
1939 2537
2282 2475
707 816
2762 3380
2025 2061
1041 1348
1959 2445
916 1092
3456 3968
1736 1799
2719 3291
1943 2495
2864 3004
2190 2484
1948 2333
2937 3332
1684 3136
2247 2327
2052 2053
1684 2837
1229 1729
1198 1799
2001 2647
53 266
1302 1791
2121 2340
2253 2630
2054 2396
1598 1902
2819 3385
1488 1557
2725 2818
1598 1603
2683 3026
941 1850
1107 1842
3448 3737
1166 1661
1589 1683
1067 1148
1130 1614
2220 2446
1158 1729
2104 2504
470 531
2328 2475
2271 2409
2306 2395
2220 2546
1190 1235
518 551
1026 1420
2552 2655
2781 3005
1379 1404
2960 3232
3077 3244
1042 1052
1984 2093
7 38
1698 1847
0 138
1833 1839
1502 1794
1128 1761
2797 3332
1287 1845
1925 2430
136 1991
3082 3416
2101 2235
1921 1951
2084 2324
1971 2654
3070 3355
1107 1746
2064 2237
2081 2652
3191 3379
2024 2378
3113 3366
2670 3318
2138 2148
2187 2338
0 215
366 1408
1793 1800
1450 1561
2793 3224
2190 2369
2211 2296
2020 2064
2224 2302
3890 3927
2853 3120
1101 1256
26 334
1269 1886
1668 1833
2139 2468
1929 2536
373 565
2394 2594
2229 2561
2793 3132
2870 3406
615 628
3713 3867
1656 1726
3248 3389
1341 1826
2914 3302
1318 1763
967 1622
3604 3830
1725 1783
3525 3948
1191 1811
2302 2543
2778 3378
423 683
3550 3633
2037 2188
2038 2343
2129 2448
2620 2660
3005 3060
1577 2609
2187 2199
1334 1563
774 869
2433 2560
1230 1554
348 461
1718 2254
3010 3033
53 346
3584 3833
3529 3752
1684 2750
1985 2623
366 1658
2220 2560
2877 2925
1086 1351
2910 2985
1375 1532
1274 1708
915 1844
1459 1899
1247 1604
199 288
2944 2956
1940 2463
2500 2574
2224 2327
3005 3057
3523 3581
3049 3252
2336 2649
2134 2511
3263 3308
2911 3250
2115 2604
2222 2327
2887 3119
2446 2646
1971 2506
1946 2045
1684 3079
767 822
1312 1846
1957 2364
727 846
1989 2104
2754 3004
1970 2247
2463 2547
2309 2549
1876 1906
2306 2543
1551 1608
3551 3723
1714 1793
1684 3230
975 1322
2064 2623
1645 1679
438 497
1646 1781
1479 1872
2130 2659
2951 3299
2200 2433
3603 3790
2016 2022
2240 2386
1729 1783
718 720
475 566
1420 1663
1923 1944
1255 1509
2716 3041
3472 3482
2123 2600
999 1059
2844 3365
2010 2283
2033 2467
2108 2271
2741 2743
1938 2489
2148 2302
2938 3331
1912 2570
0 179
2240 2593
772 800
2645 2660
2069 2369
1007 1070
3980 4006
1505 1534
2348 2655
1991 2459
896 1638
3617 3724
1288 1456
2154 2339
1156 1447
122 176
2123 2244
1488 1605
1345 1884
2909 2920
3660 3775
1101 1361
2956 3114
2404 2552
1367 1539
2165 2602
1960 2091
3456 3884
2129 2317
2777 2786
354 450
1717 1736
3226 3284
3491 3968
1482 1634
2087 2151
2103 2464
2238 2360
1283 1863
3785 3860
1971 2033
1912 2651
1186 1232
1079 1181
2083 2108
2661 2869
459 516
2376 2573
1540 1891
2271 2464
531 568
2064 2213
3634 3761
1079 1768
1583 1857
2381 2593
1535 1669
2201 2348
1621 1707
3521 3625
2121 2395
2923 3046
2064 2077
1677 1844
1946 2172
2897 2909
2835 3117
925 1269
3800 3962
1078 1291
2268 2594
2220 2299
1988 2443
1135 1867
2495 2532
595 640
1250 1736
2180 2598
366 373
2005 2261
2665 3345
993 1146
481 547
1684 2806
1153 1741
1214 1863
3201 3419
1989 2218
118 322
2423 2564
2293 2384
2918 3255
1421 1825
2188 2306
2074 2154
2284 2636
1941 2567
3437 3514
1312 1405
2546 2613
612 678
2739 3050
995 1813
1006 1741
2124 2638
1604 1707
2381 2464
2083 2418
1995 1998
3609 3750
3198 3351
2253 2526
1505 1561
2326 2359
805 824
2404 2460
1467 1589
2765 3120
3035 3179
1021 1448
1083 1868
1273 1316
2508 2511
104 271
2381 2554
1256 1388
107 1621
2392 2600
938 1232
2026 2287
2724 3062
3017 3225
1926 2134
2172 2414
902 1873
3399 3433
1497 1814
2334 2469
1927 2583
980 1608
2770 2853
2504 2630
395 683
2418 2551
1427 1526
3082 3335
2348 2395
3728 3740
2468 2484
113 199
631 639
1004 1211
1348 1472
2240 2353
2142 2507
1655 1720
29 211
1219 1902
2139 2392
1584 1843
3437 3561
1683 1823
1456 1833
1048 1399
1918 1985
1237 1374
763 803
1962 2350
862 3550
1519 1620
141 172
2309 2630
2757 3054
3518 3545
2059 2482
2511 2594
2719 2937
536 545
2118 2460
1288 1816
1535 1793
3437 3596
2266 2370
1101 1902
927 1329
919 1245
1293 1632
1219 1888
2111 2224
1953 2240
2593 2655
0 84
1156 1370
765 835
754 823
2161 2232
1399 1532
2143 2159
2873 3433
999 1737
366 1549
2973 3344
2781 3252
1376 1761
360 555
2871 3327
1425 1671
3715 3907
3980 4011
3038 3380
1626 1702
1768 1772
3843 3927
966 1584
1360 1806
2872 2993
2352 2484
1603 1612
1583 1728
1148 1292
526 1242
1377 1612
1334 1473
2716 2828
1315 1903
2869 3113
2323 2631
1979 2376
2815 2920
1017 1351
2134 2241
2063 2139
3033 3195
2422 2441
2111 2294
2183 2384
2679 2931
1015 1903
2068 2125
1146 1644
2770 3152
2311 2460
641 1332
1312 1376
1947 1948
2201 2554
2694 2777
1925 2604
2112 2258
2173 2503
400 683
2729 3363
1112 1278
2827 2929
2702 2739
3822 3951
2958 3048
3019 3068
20 333
2369 2615
2268 2660
1114 1408
2800 3250
1160 1707
1222 1437
3331 3366
1975 2503
1988 2466
3019 3412
3714 3829
898 1595
1018 1820
1149 1185
3756 3944
1928 1973
2369 2553
1972 2192
2931 3078
919 1661
2064 2485
1926 2267
2174 2377
810 842
2271 2433
2369 2499
2237 2339
2929 3104
742 786
1391 1600
1067 1859
1305 1800
484 1512
2464 2574
1580 1662
1235 1655
1912 1990
1250 1796
2112 2188
1107 1399
1082 1576
104 344
1608 1637
1559 1746
2463 2649
1010 1051
232 280
3462 3930
2093 2229
3605 3838
2334 2468
3584 3758
2176 2211
2206 2395
0 236
1973 2018
2863 3035
967 1230
3033 3080
2153 2246
1932 2134
2679 3339
2111 2199
2390 2396
1231 1576
1080 1790
1044 1459
2111 2390
1971 2074
417 524
1950 2159
3052 3226
2359 2428
2201 2240
3526 3722
2392 2574
2110 2333
2136 2428
2673 2706
3247 3335
3485 3514
3639 3830
2939 3297
2829 3295
1576 1636
2973 3240
2174 2612
107 1728
1195 1614
3076 3313
1929 2564
978 1274
2369 2619
2726 3114
1083 1211
2057 2445
3497 3672
3460 3529
349 434
1167 1188
109 186
1173 1551
1264 1295
1056 1768
2088 2575
999 1879
2135 2420
1075 1539
1097 1798
2133 2279
1223 1320
1980 2297
1946 2307
2844 2878
1255 1846
1390 1879
2146 2181
2960 3119
3022 3096
580 1095
1357 1487
2104 2220
2088 2237
3017 3060
2078 2229
1954 2151
475 527
2754 3025
1118 1629
2047 2436
2216 2418
2951 3253
1321 1813
423 586
1007 1021
1014 1129
1516 1793
3049 3113
2324 2561
2944 3363
3206 3316
1075 1845
2990 3191
1912 2280
417 475
2920 3117
1375 1888
2955 3419
2629 2643
1217 1575
609 664
2184 2407
0 290
2019 2058
2351 2598
479 542
1583 1812
91 201
1203 1588
3440 3755
1280 1849
2996 3224
2122 2257
1184 1185
2919 3348
2161 2199
1323 1791
2047 2254
1953 2638
2090 2575
3743 3868
3252 3280
995 1171
1746 1796
3017 3192
3617 3793
1928 2268
1912 2525
2084 2631
472 533
2754 3000
2356 2446
2276 2354
1443 1910
925 1339
1605 1898
107 1275
3616 3716
1689 1809
1485 1659
2027 2284
2072 2180
2793 2950
896 1515
686 777
1918 2559
2088 2103
2753 3075
697 754
2446 2630
3437 3533
1509 1768
3126 3322
967 1026
3553 3705
999 1653
3459 3763
1204 1462
2202 2659
1983 2601
3830 3858
2526 2586
3677 3684
0 222
2045 2623
2606 2638
2081 2384
2927 3040
3841 3851
3510 3869
1060 1715
2045 2354
1914 2647
916 1331
993 1522
1948 2643
2220 2275
2101 2652
1912 2442
1505 3079
2899 3392
3562 3649
1912 2328
3797 3968
988 1655
2833 2992
2203 2491
2460 2462
2007 2189
3398 3405
1163 1621
1183 1246
698 873
3585 3863
107 1563
2896 2925
2271 2631
2943 3096
2246 2294
2320 2515
563 634
1689 1736
1536 1897
1085 1847
2770 3188
900 1553
484 1238
3528 3702
916 1827
3106 3191
1370 1622
1217 1658
1452 1601
958 1798
1577 2134
3660 3847
2828 3396
2598 2629
1085 3872
3050 3171
2111 2293
198 348
1339 1608
3239 3267
1367 1689
385 461
1957 1980
1283 1411
1258 1807
1912 2597
2059 2098
1029 1323
1218 1499
348 389
1941 2355
2293 2372
1403 1889
1945 2417
909 1197
1207 1285
1106 1749
1688 1867
1211 1351
1528 1765
1723 1813
912 1357
1283 1477
1207 1480
1626 1909
1520 1590
2212 2329
1285 1431
2270 2641
1757 1816
1079 1662
2705 3301
50 109
915 1487
1210 1831
2027 2640
436 563
1085 1567
1291 1637
1970 2419
2133 2268
1222 1335
1181 1813
431 537
2081 2479
1612 1637
2800 3363
3557 3635
2960 3250
1085 1866
2738 2924
1600 1620
2138 2471
1117 1447
1912 2141
2184 2408
1255 1551
2229 2356
2471 2498
3201 3350
3692 3886
2280 2511
1067 1100
2890 3073
487 556
1938 2218
2024 2494
1947 2273
1589 1714
132 158
958 1837
2681 2929
2063 2124
1192 1448
2356 2655
1402 1617
773 824
538 948
1099 1303
69 236
2694 3195
960 1809
2074 2430
3228 3363
2306 2348
452 521
1559 1584
1668 1886
2135 2332
2030 2266
2887 3073
2893 3159
2915 3213
1651 1730
713 731
2828 3179
2762 3327
3521 3835
508 563
2206 2631
2919 3073
925 1675
1981 2617
949 1121
2232 2394
2733 3258
2069 2290
2406 2514
3548 3908
1684 3225
1943 2334
3557 3702
2088 2257
460 492
2292 2425
1020 1454
2109 2625
1979 2112
1003 1689
2960 3399
1467 1800
1533 1548
391 394
1645 1881
348 549
3495 3501
1160 1402
2150 2586
1994 2598
942 1751
1184 1877
769 856
2372 2598
1456 1768
1520 1675
1918 2059
1250 1721
1173 1768
2945 2974
2336 2572
1522 1827
3257 3435
2074 2118
1211 1842
360 402
1684 3073
2103 2123
925 1750
2127 2133
2864 3117
107 1058
3591 3680
3296 3350
786 833
430 503
2735 3173
445 492
2233 2240
2121 2124
2072 2617
1976 2024
1116 1344
2224 2273
1076 1557
2347 2567
2037 2092
2016 2225
2206 2521
1126 1721
434 506
1702 1806
2736 3327
898 1373
1959 2087
2555 2582
280 323
350 384
965 1536
107 1116
2140 2578
2047 2581
1109 1259
1215 1871
1003 1653
92 242
2088 2591
1055 1564
1793 1839
361 557
2830 2990
3448 3642
1010 1035
1256 1554
2919 3056
2916 3149
355 376
2827 3232
2087 2445
1589 1772
2093 2542
946 1488
1036 1100
3438 3734
1146 1613
698 875
1192 1257
2279 2372
1472 1686
2796 3204
1912 2053
2438 2451
2241 2451
1211 1480
172 277
1509 1735
2100 2217
2261 2414
357 486
2506 2604
1981 2029
3149 3193
2347 2370
1026 1845
457 477
1146 1149
414 665
2125 2304
2206 2324
1399 1589
1962 2561
107 1139
988 1279
2999 3128
1241 1686
528 543
2154 2586
2072 2603
592 605
2254 2344
2308 2428
2241 2567
3196 3402
2730 3255
925 1653
414 480
2773 2890
2123 2521
375 526
2071 2174
2576 2630
3363 3414
373 413
2309 2462
2087 2592
3280 3306
2410 2446
1282 1729
2194 2438
1170 1500
1971 2484
927 1467
3455 3715
436 511
3247 3419
1426 1587
1056 1800
1204 1379
3524 3906
465 570
2317 2371
1149 1799
2356 2579
1100 1899
1050 1585
708 890
1613 1617
1962 2043
1026 1612
2289 2377
2694 2966
0 91
409 493
2336 2498
1457 1605
580 931
1612 1761
975 1298
828 845
2037 2506
713 817
1391 1689
1184 1689
2289 2510
3448 3966
1005 1415
2806 2927
3793 3896
2147 2443
1577 2351
2121 2299
3026 3137
1332 1606
2852 3096
1015 1459
1399 1447
2096 2568
107 1808
734 756
2712 2989
1009 1850
3191 3223
2010 2598
1128 1539
3009 3406
2694 3339
1135 1334
1614 1851
2666 2750
1067 1655
2267 2377
1018 1286
2915 2928
2111 2643
2529 2592
2418 2495
2869 3340
966 999
1436 1727
2674 2742
2108 2253
997 1471
2083 2615
1175 1409
1184 1391
2329 2624
2254 2372
4021 4030
402 436
1159 1500
3469 3726
1279 1448
2363 2500
2324 2539
1912 2633
2911 2986
3880 3970
1600 1609
2210 2559
2220 2489
3509 3569
1014 1502
3124 3365
1256 1370
3605 3830
72 165
1374 1574
2827 2911
1076 1078
589 622
797 808
1975 2314
1361 1605
1382 1508
3622 3690
2176 2594
3877 3943
1330 1823
1044 1884
2074 2590
308 329
1075 1128
2463 2567
1413 1591
960 1130
1287 1712
414 609
1107 1604
2897 2912
1100 1636
1467 1707
1431 1796
109 200
3604 3861
3656 3692
3002 3077
2315 2543
414 483
107 1357
2464 2467
1465 2102
1979 2549
1563 1810
2020 2495
3302 3373
1214 1553
13 325
2028 2609
1104 1190
3101 3188
2336 2617
2679 2988
2031 2242
2395 2468
2719 3172
395 525
2340 2574
1106 1189
3151 3406
1589 1768
2689 3232
729 886
2187 2319
2086 2179
1040 1271
1916 2649
2268 2589
3224 3267
1912 2652
947 1272
370 460
2956 3293
641 1400
2706 3023
2172 2654
2081 2582
3725 3868
1080 1853
719 745
107 1453
1375 1752
2988 3090
1086 1727
1912 2593
1099 1406
1428 1815
1079 1242
1684 2813
3437 3660
3132 3252
3077 3203
1184 1605
3064 3399
1180 1222
2347 2598
2153 2594
2408 2623
3148 3411
709 739
2030 2078
2218 2600
186 213
1918 2602
2045 2353
520 523
1352 1826
923 961
994 1159
810 828
2313 2628
2308 2564
2685 3081
2867 3085
2751 3353
1115 1647
117 280
348 384
957 1716
1327 1390
1942 1984
913 1408
2307 2469
1972 1995
606 915
705 763
1603 1879
2425 2610
2418 2423
1997 2257
747 840
686 754
1608 1730
2047 2169
916 1796
3144 3255
1509 1842
1947 2642
136 2143
2151 2328
1994 2629
0 263
2762 3255
1945 2149
2694 2905
1083 1380
1534 1825
1600 1867
3460 3752
2140 2271
2060 2564
118 134
1596 1859
917 1894
2071 2461
1661 1729
1053 1138
2311 2334
2095 2218
2038 2327
2369 2489
1920 2643
992 1097
2087 2368
107 1045
1939 2052
2877 3339
2786 3243
3568 3973
348 422
107 483
1185 1603
1209 1528
2890 3384
3823 3956
686 693
2778 3169
3101 3353
2989 3082
1376 1757
960 1156
1259 1783
2058 2467
1929 2607
123 261
2750 3056
2045 2521
1684 3098
1373 1661
619 654
787 797
1315 1459
1520 1793
981 1292
2218 2624
2460 2576
3484 3971
3153 3428
1287 1367
2090 2542
2449 2561
3177 3366
3151 3326
1413 1716
1524 1827
705 720
2955 3187
2054 2283
1995 2365
745 853
2043 2261
1067 1257
1303 1894
3697 3756
2585 2645
376 394
353 430
3545 3703
2806 2909
2074 2607
2436 2616
3718 3906
942 1848
492 514
2201 2489
1159 1699
3090 3426
1955 2327
1955 2283
2324 2532
2749 2908
188 224
3527 3611
3203 3366
919 1786
2784 3397
1216 1363
583 659
1107 1222
2098 2428
243 312
2131 2348
1940 2042
29 106
1026 1902
1142 1358
1424 1798
2250 2355
2026 2543
420 563
753 823
2839 2862
1447 1761
417 493
3086 3412
3150 3247
265 331
3239 3344
2849 2973
980 1839
3838 3884
1644 1752
1557 1632
1684 2936
1017 1126
4017 4030
1215 1429
2356 2359
2333 2511
1209 1339
363 553
1718 2319
2078 2276
2183 2224
1938 2154
2123 2550
2169 2194
3450 3730
1126 1269
1929 2218
1746 1891
1024 1752
596 678
3291 3360
1370 1483
2929 3014
414 642
2507 2550
3990 4016
2986 3014
456 479
1409 1517
40 213
924 1000
3506 3509
2033 2139
1303 1426
1396 1495
2518 2519
1972 2538
1465 2399
2664 3184
1799 1826
2946 2986
724 736
2266 2363
1981 2344
1943 2078
2083 2408
703 709
1290 1793
2254 2617
719 815
2927 3073
1153 1723
2307 2395
1030 1252
3483 3782
2951 3342
1017 1028
136 2283
998 1029
1914 2435
107 919
1024 1199
981 1475
2078 2347
40 199
2073 2140
651 1882
2893 3327
1580 1839
2532 2560
2705 3056
170 315
2083 2123
1132 1556
2229 2244
1086 1868
1179 1374
2324 2619
1550 1576
2906 3184
3035 3235
2414 2468
3437 3609
1653 1800
1522 1816
1986 2520
3616 3848
1989 2551
3643 3896
2725 2923
2124 2140
1099 1583
2312 2319
3559 3731
1107 1539
107 1338
2290 2299
1351 1352
2121 2354
3437 3685
1470 1741
2257 2414
1483 1621
1261 1894
2188 2630
1547 1823
966 1556
471 563
2188 2391
792 815
1929 2561
2331 2374
1376 1800
2078 2233
2550 2624
2841 3081
2190 2376
1082 1591
1534 2822
3269 3400
2542 2655
1378 1468
107 1507
3437 3472
1199 1219
2520 2579
2343 2588
1942 1983
2751 3117
2920 3232
1958 2027
2069 2410
2060 2218
2778 3416
1158 1423
3145 3419
2556 2586
1330 1669
2118 2542
2395 2526
2241 2347
814 853
3478 3500
2002 2282
946 1146
2128 2143
107 1754
2968 3020
1148 1647
698 769
2150 2550
363 414
1912 2330
1917 2216
2240 2359
1019 1277
2150 2500
1250 1620
1979 2069
3493 3646
2196 2336
1420 1735
2151 2567
2928 3084
456 513
3437 3683
1482 1681
0 278
1454 1894
1344 1800
3525 3656
1918 2308
1185 1734
986 1304
2046 2074
1933 2129
1175 1447
2495 2551
2694 2706
1612 1617
1517 1813
3540 3760
2174 2336
425 479
1190 1231
1116 1391
3215 3307
3174 3363
2150 2261
1938 2340
1420 1467
1993 2043
3001 3178
2201 2604
1304 1500
2203 2512
2018 2648
359 562
2490 2622
107 1398
2149 2519
1617 1730
1305 1863
2037 2352
3437 3617
1963 2604
1516 1610
1047 1290
428 511
1447 1570
1099 1824
1984 2578
1129 1158
1684 3300
3062 3395
2084 2611
1291 1598
2833 3212
1565 1625
2483 2595
3051 3434
2729 2994
1056 1813
897 1074
997 1056
1019 1680
2510 2643
2035 2129
431 512
925 1267
1941 2058
1929 1938
2142 2607
2046 2331
439 553
2546 2574
3475 3484
2700 3067
2720 3038
457 505
824 840
1559 1861
188 239
1381 1475
366 637
3713 3735
1685 1741
2784 3342
2839 2906
2040 2147
1520 1600
1261 1893
1975 2534
1494 1615
3438 3693
719 747
3817 3971
2283 2351
3179 3332
2064 2142
963 1747
2900 3019
1717 1868
2216 2370
2683 2738
2706 2943
1322 1414
1960 2162
1986 2356
260 322
2087 2582
2372 2629
1086 1679
2915 3104
2081 2555
2932 3404
1684 3401
2336 2445
374 418
2040 2253
107 1856
525 545
2142 2287
2140 2212
781 849
26 109
2264 2372
1053 1062
1107 1843
2309 2323
3454 3693
2223 2319
2724 3370
3793 3924
1123 1185
2877 2905
966 1605
577 599
2784 3329
2088 2348
2433 2553
1170 1495
1947 2002
2326 2409
2662 3233
3636 3740
2668 2795
2825 3198
1172 1793
577 615
2909 2960
475 524
1580 1898
1334 1735
2279 2479
901 1452
2059 2477
1960 2105
1060 1158
1348 1469
3084 3257
1004 1017
2956 3435
1341 1605
402 463
398 462
2872 2944
896 1715
3301 3436
2344 2390
2247 2496
637 1067
1431 1827
2222 2247
3253 3404
1470 1791
2571 2594
1704 1729
2839 2864
2329 2601
2069 2443
2069 2625
1917 2430
1964 2310
3076 3179
1804 1879
2099 2555
1352 1416
907 1420
2786 3114
2233 2306
1437 1721
1210 1212
1203 1555
747 753
2839 3056
2149 2491
26 62
1543 1679
1108 1502
2377 2582
3177 3412
3607 3644
2961 3304
1912 2496
1205 1898
2507 2520
3048 3276
0 117
954 1515
2872 3033
1330 1833
1169 1748
2532 2624
3000 3174
2730 3087
2172 2521
2007 2127
1684 2978
583 600
1185 1623
503 566
2950 3107
719 756
200 236
1226 1770
1039 1608
1993 2467
1638 1786
3624 3949
2121 2542
2043 2112
2189 2511
1652 1746
2114 2231
1349 1844
2338 2609
1947 2282
1666 3245
1491 1612
1388 1714
3002 3359
395 488
2279 2302
402 520
1604 1842
2506 2526
1238 1256
415 535
1533 1837
2128 2347
387 461
2677 3375
2078 2624
1947 2196
1250 1341
2234 2449
2916 3085
1352 1811
1663 1714
771 789
2401 2650
1341 1619
2404 2418
3559 3934
493 557
2512 2637
483 1095
2150 2290
1939 2384
1124 1458
896 1647
1236 1633
1684 3280
1971 2542
695 842
1291 1712
161 304
896 1459
107 1406
2665 3020
1966 2348
82 222
1547 1589
1049 1522
2706 2948
2006 2284
1985 2143
1941 2099
2143 2336
1684 3273
2890 3004
2083 2409
2913 3387
1516 1849
2192 2640
2777 2919
3152 3201
1054 1435
3039 3422
2140 2347
1121 1226
2670 2889
2150 2369
1175 1804
1132 1810
2181 2656
1944 2242
2254 2471
2326 2354
2512 2582
967 1367
1181 1242
1471 1600
2369 2552
3214 3248
1684 3249
2700 3248
1592 1841
3038 3247
1414 1862
3462 3926
1284 1298
2054 2294
3576 3838
1962 2216
232 285
67 324
2356 2376
1920 2071
2345 2366
1470 1768
1024 1598
1097 1186
2537 2608
3262 3332
2920 3417
1416 1724
2699 3325
2661 3179
348 535
2832 3275
2007 2176
2381 2520
2293 2347
2142 2188
2121 2131
2031 2185
1041 1482
3239 3351
1984 2601
3025 3123
1528 1609
3900 3924
575 630
2819 2904
2064 2340
1209 1390
2165 2244
2894 3320
3014 3104
1077 1171
1971 2290
1912 1924
2543 2559
2244 2559
1067 1404
136 2009
3090 3142
1066 1820
1184 1688
3073 3232
995 1409
1737 1752
1129 1292
1998 2159
2894 3173
3002 3420
5 213
2139 2329
1209 1721
1312 1718
2663 2978
1399 1604
972 1285
1943 2549
686 769
3046 3212
2777 2906
1083 1789
136 1972
1431 1736
3437 3960
1761 1897
2285 2629
1347 1587
1078 1184
1113 1294
2053 2215
2927 3033
2022 2660
3014 3384
1925 2504
2052 2176
2136 2532
2038 2072
2674 3035
1551 1888
1971 2507
3878 3903
1391 1665
507 524
348 522
2433 2624
1175 1377
2875 2904
1962 2560
3773 3778
2212 2460
2038 2653
24 266
1070 1633
3498 3728
1238 1517
1491 1804
1363 1733
2187 2224
2338 2511
2026 2239
1101 1868
1971 2184
902 1129
2418 2601
1124 1559
1663 1842
2084 2240
600 670
3102 3152
2712 3280
2395 2564
805 807
2127 2516
2033 2045
1124 1793
2793 3212
3756 3948
2996 3196
2750 2755
2208 2592
1101 1584
178 322
3545 3596
2693 3302
1367 1623
2258 2369
3103 3359
1052 1895
2081 2471
1278 1524
2827 2969
1453 1885
413 460
2786 3174
98 109
2658 2660
2372 2597
2410 2430
1952 2438
967 1110
2261 2600
2308 2625
1199 1488
1144 1360
2475 2509
2839 3238
1021 1067
2108 2190
925 1689
2033 2109
1049 1375
3902 3938
2093 2604
3226 3433
1195 1741
2206 2237
2708 3258
1086 1128
2069 2220
1980 1998
2007 2343
2304 2501
2409 2564
21 88
1052 1259
2290 2579
2102 2598
969 1406
2705 2943
781 853
1614 1669
2285 2336
2087 2187
3113 3335
1255 1312
637 1427
1684 3420
2250 2473
2213 2409
916 1028
483 1893
1684 3391
0 55
3437 3940
526 1710
1167 1536
3437 3770
1964 2066
2157 2538
2212 2308
2244 2356
2359 2395
2191 2336
1927 2171
3027 3291
2152 2236
3762 3934
1389 1604
1277 1292
1688 1721
1693 1760
408 503
2278 2308
2744 3255
1359 1768
3462 3611
392 560
1079 1714
2880 2943
2240 2563
2189 2616
3836 3918
1243 1675
2718 3187
2800 3324
1285 1598
2906 3149
986 1536
2056 2485
2292 2491
993 1255
2782 3301
560 561
107 1488
1049 1376
2116 2538
978 1484
1571 1768
1201 1600
3107 3288
1198 1361
3687 3884
1076 1335
2073 2261
2087 2254
993 1621
2664 3108
2810 3236
719 828
1006 1799
2777 3284
1288 1663
1451 1742
3447 3580
2125 2509
136 2436
1786 1894
2840 3225
2378 2633
115 137
3007 3344
2863 3097
2108 2556
1985 2233
879 894
1583 1871
1132 1804
1424 1837
432 566
2694 2986
3265 3419
484 513
2825 3365
2275 2506
2377 2399
651 1169
1066 1245
3437 3493
2118 2573
1078 1083
2172 2630
2728 3410
2062 2279
2103 2543
1986 2229
376 645
3779 3872
1594 1909
4020 4027
1049 1534
1923 2047
1358 1606
2131 2188
1265 1811
2073 2423
2052 2294
1230 1522
3437 3582
1472 1906
488 517
2117 2582
1954 2125
2142 2229
3029 3362
1235 1448
2698 2906
2462 2561
2053 2461
1199 1551
428 641
1319 1333
2102 2196
1361 1753
1340 1547
1269 1621
1946 2121
1385 1831
2940 3078
107 1910
981 1192
439 473
2758 2951
1980 2027
2988 3166
906 1049
1727 1808
2750 3023
2711 3009
2786 2864
2229 2550
2123 2229
1946 2551
1980 2620
1912 2302
2071 2398
1323 1447
2045 2615
1707 1714
3051 3162
1191 1219
1109 1428
2351 2472
3 280
2328 2372
3479 3581
2215 2292
2132 2328
3495 3667
2334 2348
438 614
417 507
2854 3363
1380 1605
1061 1174
1078 1323
1927 1951
1473 1738
1238 1800
1192 1462
1684 3257
946 1846
1121 1348
3267 3378
1049 1352
1004 1752
1236 1308
1132 1398
2974 3220
1181 1603
2336 2592
2002 2537
2045 2606
3454 3775
2060 2630
1248 1725
2511 2617
947 1845
3756 3943
2748 3194
2244 2460
1689 1816
2724 2865
3076 3113
1528 1782
1080 1446
1123 1707
2117 2628
2176 2273
2118 2253
2362 2610
2275 2631
2867 2945
1972 2647
2092 2300
961 1780
3497 3902
2328 2582
484 1358
2992 3397
906 1557
1655 1872
107 929
444 460
1049 1393
0 119
3687 3926
392 515
1339 1416
2307 2308
2077 2460
3980 4025
1712 1793
2353 2550
3108 3387
1035 1246
2077 2359
1741 1809
2093 2624
2121 2469
1912 2384
367 378
1159 1525
544 556
2176 2344
1334 1420
1003 1191
2661 3302
1689 1879
107 1770
2123 2233
1912 2382
1943 2579
3661 3897
1559 1613
1132 1339
1025 1794
3095 3324
2069 2550
1237 1512
1757 1768
1117 1683
525 536
2674 3397
118 304
2911 3090
1559 1826
2096 2509
1309 1786
2028 2081
1146 1835
2050 2157
1222 1341
2550 2575
481 504
2010 2039
1161 1618
1928 1972
465 614
2242 2605
951 1511
3330 3355
1920 2032
1003 1835
1912 2537
3476 3836
2672 3076
1958 2022
2327 2463
1718 2185
2058 2370
408 483
1426 1596
1067 1573
2266 2468
3509 3909
150 189
641 1844
1938 2601
2095 2308
1146 1683
2264 2473
2137 2148
1352 1589
3697 3858
2786 3014
2243 2438
2955 3346
2118 2290
1282 1381
2069 2586
2751 2772
975 1292
2501 2598
1250 1730
971 1247
1399 1437
703 835
2229 2261
2285 2294
2028 2372
1940 2294
252 313
1431 1509
2561 2586
2200 2624
3753 3835
479 527
2993 3238
2501 2603
2224 2461
2088 2233
1361 1811
789 818
3731 3800
1945 2032
2122 2409
1610 1809
1979 2559
3198 3291
2350 2410
2890 3229
2131 2353
1920 2461
1993 2122
2059 2154
2395 2573
1912 2603
747 810
2454 2611
1652 1795
2131 2430
2806 3213
3604 3730
2533 2597
414 596
1431 1608
2135 2512
2833 3299
686 688
3526 3862
2056 2233
1130 1689
867 885
1059 1795
2915 2956
1985 2334
14 343
107 1293
1842 1879
2278 2477
1676 1713
3914 3978
348 491
2729 3158
3651 3877
2564 2655
3076 3199
862 3501
2290 2326
1491 1746
1284 1715
1021 1479
1947 2053
1997 2275
2088 2104
2216 2404
1363 1880
2866 3348
1339 1610
1163 1335
1410 1676
2093 2520
2330 2451
2067 2387
796 829
3625 3734
2194 2463
2850 2911
2968 3258
2345 2449
1079 1724
694 805
2150 2561
913 1709
617 626
445 493
2090 2546
1334 1794
921 1404
1793 1867
2046 2323
1940 1948
1257 1345
1912 2300
2472 2642
3794 3870
1794 1818
2787 3395
2237 2334
1059 1520
2937 3262
543 545
2220 2229
1622 1688
3437 3698
3284 3339
2040 2464
1184 1659
2837 3080
1107 1683
1184 1789
2445 2510
1192 1706
3056 3301
1402 1827
2116 2364
2278 2578
1367 1809
2387 2532
3462 3756
1457 1663
2333 2543
2112 2172
2282 2434
1375 1557
2894 3381
353 462
1014 1638
477 516
1594 1851
2717 2966
3437 3673
952 967
1947 2512
3017 3172
2356 2386
1985 2142
2881 3007
1608 1610
2712 3150
1415 1507
0 154
2753 3344
1966 2033
1912 2569
430 514
2092 2409
1086 1662
1684 3123
2045 2374
941 1706
1957 2001
2925 3117
2052 2273
1006 1078
1995 2459
2674 2765
2716 3027
1101 1132
2282 2582
1238 1842
2428 2646
2210 2446
2785 2904
2827 3040
2203 2319
2549 2578
2385 2543
1985 2492
2057 2592
2534 2659
3625 3797
2005 2625
2062 2101
1390 1724
2777 2896
2719 3145
1324 1495
599 615
3306 3331
2003 2072
3437 3730
1551 1637
3757 3975
686 734
55 170
2142 2492
1336 1619
651 1487
1079 1132
1006 1126
2354 2624
1966 2542
1078 1886
1971 2287
2201 2290
1985 1993
2039 2264
2111 2221
2526 2552
2047 2425
1925 2165
688 726
2240 2625
1076 1612
1205 1570
580 656
2979 3101
1065 1739
2234 2391
23 155
1538 1810
2043 2139
2083 2278
1946 2278
2345 2617
1289 1530
1005 1469
1763 1882
2932 3255
415 444
2866 2906
1153 1341
1529 1761
1684 3228
1712 1800
2742 3397
1082 1611
599 635
967 1377
2495 2520
1126 1271
1079 1267
107 526
2345 2367
2078 2591
978 1431
1765 1782
1489 1706
475 1844
3422 3434
1345 1899
1923 2518
3643 3719
2200 2363
1100 1583
1505 3062
3982 3994
2090 2467
1993 2299
2327 2510
728 824
1160 1519
2925 3226
3240 3421
980 1329
2172 2554
1945 2054
2661 3070
3569 3591
1912 2572
1129 1438
2991 3082
1339 1621
1294 1625
1684 2676
1912 2150
1612 1683
2002 2268
2268 2471
438 503
277 342
2280 2635
1439 1471
3529 3726
2020 2123
2155 2289
2871 3196
2241 2589
2308 2363
2398 2629
414 647
107 1403
987 1371
686 764
979 1138
1946 1979
1962 2074
2176 2254
2235 2283
3456 3962
3056 3065
3797 3830
1079 1730
1966 2631
56 169
1434 1666
1989 2631
2062 2384
2978 3130
2026 2268
708 724
3617 3690
2340 2654
2011 2658
2408 2624
1962 1985
2196 2417
3793 3976
368 395
1971 2308
1962 2556
40 169
13 56
73 331
1079 1399
2778 2869
1112 1867
1946 2088
3514 3860
2116 2202
3543 3940
395 451
1048 1750
2926 3365
1528 1675
1269 1399
1075 1620
2045 2287
2179 2613
2334 2619
2090 2638
2108 2123
353 1313
1972 1973
1491 1608
1339 1714
2352 2485
67 261
3464 3895
469 516
2216 2607
931 1212
2741 3000
2308 2460
580 1142
2306 2520
1600 1724
1462 1764
686 689
592 682
2117 2302
2268 2544
2233 2331
2078 2495
1927 2447
2477 2619
2804 3327
2420 2642
1425 1625
2939 3132
3041 3194
2147 2387
573 597
2712 3198
1472 1667
1920 2137
1684 2765
2259 2347
3334 3366
1339 1471
2880 3174
363 565
2196 2491
2340 2613
2218 2374
2233 2536
2326 2404
1971 2607
2037 2309
2064 2201
30 271
1125 1211
1542 1868
2409 2468
348 511
1250 1793
366 484
3015 3373
2329 2593
1944 2117
1529 1745
2847 3144
2993 3384
1115 1345
3475 3642
2201 2244
2748 2753
686 760
2002 2087
483 484
986 1308
1269 1669
677 682
2127 2174
777 779
1341 1879
3296 3337
2448 2562
1573 1587
2485 2600
713 738
2102 2134
2138 2461
368 412
3437 3470
4013 4038
1130 1458
1211 1902
3584 3906
2201 2638
1222 1734
1939 2054
1250 1632
1577 2002
2144 2319
595 661
1984 2414
1966 2464
2045 2507
1943 2381
2370 2381
374 524
1979 2631
2889 3311
1940 2338
1285 1839
1130 1256
2332 2458
1929 2093
2498 2598
1078 1163
1929 2410
3764 3972
1059 1572
1610 1685
1373 1828
975 1404
2200 2404
2880 2915
3051 3154
3948 3962
2240 2460
2724 3207
1074 1685
2750 2986
2429 2543
2633 2659
3578 3731
2762 3221
1445 1806
2023 2236
2069 2271
1473 1654
2340 2485
2254 2343
2077 2323
2540 2642
1515 1893
2228 2628
1621 1718
2683 3029
1019 1192
2326 2467
3047 3064
1032 1281
2467 2549
3137 3149
1753 1769
1986 2404
2031 2270
1557 1688
3529 3630
3629 3867
1984 2560
1509 1886
1344 1717
1539 1669
1347 1715
363 1790
14 41
1912 2260
962 1210
2979 3081
128 315
2063 2409
1029 1663
1006 1335
2673 3184
1916 1952
2927 3065
720 745
2460 2504
3106 3247
1277 1820
80 346
1222 1369
2200 2359
2306 2381
755 783
1257 1322
3026 3324
1661 1894
1344 1835
2510 2588
1971 2324
150 171
2203 2510
3482 3521
2794 2907
1932 2461
1074 1084
545 566
2020 2090
2511 2616
1013 1109
1211 1702
946 1532
0 238
2772 3027
718 787
1184 1886
2719 3005
1418 1472
1117 1488
1181 1610
2121 2278
2549 2590
3076 3101
2033 2625
1378 1533
2810 3220
1106 1147
3212 3406
1149 1621
728 807
172 238
735 819
2697 2934
2090 2142
1102 1286
698 894
1456 1556
2073 2467
906 1730
1026 1846
1946 2352
53 248
1289 1613
1225 1299
1918 2093
1160 1793
2706 2754
1577 2498
2047 2530
2326 2542
1741 1816
3495 3684
2095 2253
3643 3718
107 1287
1959 2537
2097 2648
2077 2507
1006 1619
1938 2347
2758 3412
2210 2567
1554 1736
597 680
1088 1866
1912 1918
2543 2592
1912 2326
2863 3247
1964 2317
2244 2392
1684 3082
2748 3355
1146 1796
1124 1146
597 636
2068 2134
1198 1199
1912 2520
281 284
600 665
1987 2169
1966 2499
1070 1686
3788 3841
984 1373
1601 1880
1110 1721
1132 1288
1605 1619
2333 2343
3609 3633
2355 2529
1614 1675
2728 3002
2550 2560
2850 3228
2560 2623
2275 2489
1489 1649
2071 2543
2670 2699
107 1544
2701 3179
19 293
1993 2433
2414 2478
1994 2420
952 1608
1107 1269
166 202
3054 3433
2682 3233
975 1591
3858 3930
2072 2187
408 456
1352 1600
3555 3584
2285 2567
1078 1185
1377 1867
2128 2384
3771 3956
942 984
915 1778
3604 3633
3256 3365
2268 2642
2224 2555
2201 2573
1049 1250
0 49
2966 3022
1663 1909
1985 2387
2326 2563
2104 2306
1645 1744
1159 1299
64 100
2062 2344
1953 2460
2002 2336
2045 2590
542 553
2786 3078
2146 2162
3714 3822
2111 2196
771 802
2328 2512
2266 2625
2208 2215
1610 1613
3013 3046
1077 1866
635 659
916 1250
1509 1891
2462 2600
705 847
988 1459
1038 1518
1957 2640
2244 2542
2133 2189
0 53
1918 2033
2112 2506
781 834
1132 1175
1559 1888
2309 2625
1243 1570
1272 1467
1963 2309
429 529
3378 3419
274 323
2706 2896
1104 1812
2275 2553
3618 3625
431 513
2870 2990
1214 1842
2778 3265
1359 1570
1447 1768
2102 2138
1839 1886
1941 2244
2586 2624
1125 1330
1938 2326
2164 2638
2007 2333
1684 3348
946 1879
1610 1789
1243 1637
2161 2384
2153 2254
3736 3948
2607 2630
1360 1803
1049 1621
959 1868
2623 2638
1987 2445
1028 1614
1107 1839
2052 2279
373 456
504 531
2698 3234
2491 2598
2575 2615
484 525
1954 2338
2131 2564
1152 1783
916 1849
1190 1379
1912 2030
1985 2326
794 795
2266 2606
1086 1736
2246 2347
1282 1595
1963 2154
2154 2593
1367 1833
1125 1662
2716 3206
2220 2334
1212 1829
2347 2521
2776 3216
13 271
1041 1876
957 1583
363 1358
2913 3324
2299 2654
1101 1757
2011 2585
355 418
1516 1730
1850 1893
3101 3416
1917 2484
3437 3581
2096 2438
2818 3276
2293 2510
953 1730
3590 3728
927 1185
2030 2103
0 308
1922 2120
3029 3090
1557 1796
627 670
0 159
378 471
1416 1622
1931 1973
375 456
2743 2810
2353 2495
2142 2300
1124 1689
2088 2552
1730 1791
1510 1770
2283 2643
3593 3855
2518 2602
2040 2560
414 657
925 1793
2020 2631
3065 3399
2892 3178
2081 2241
1335 1804
688 723
2184 2271
2710 3426
3114 3166
990 1674
352 492
1684 3213
1707 1849
2283 2333
3705 3706
2095 2257
952 1833
1590 1717
348 458
603 623
159 197
1156 1610
2138 2496
1480 1513
107 1571
2386 2561
2124 2359
2117 2187
1918 2560
2753 3291
1377 1800
3157 3431
2729 3036
917 1502
1010 1275
993 1471
2755 2929
1628 1857
2327 2333
3610 3979
951 1325
483 1475
3677 3962
2894 2958
1361 1440
2936 3060
790 832
122 276
2194 2328
1120 1345
1209 1757
1377 1617
1250 1754
2865 3365
1221 1459
1173 1487
484 517
1948 2224
1917 2045
1529 1828
2151 2522
3496 3817
275 328
3742 3849
615 681
2910 3114
3760 3948
3346 3361
1377 1823
738 760
2461 2537
1156 1898
353 1374
1255 1390
2290 2623
728 797
1973 2538
1589 1610
1293 1617
3291 3353
2060 2376
1195 1608
1946 2348
3456 3943
1056 1528
471 569
2340 2607
3277 3378
1059 1663
2833 2937
1975 2119
3660 3870
1971 2306
1718 2343
1377 1509
1416 1663
3145 3332
2072 2101
2918 2955
1391 1570
1917 1997
422 546
1199 1813
1255 1902
1989 2543
2344 2652
1952 1970
1983 2063
2081 2133
2240 2578
2694 3174
1597 1688
2428 2638
2056 2229
1101 1598
2724 3177
1185 1509
2039 2336
2257 2526
2961 3294
2189 2597
1409 1571
1912 2028
107 1623
1288 1621
2915 3047
1622 1761
1212 1356
924 1308
1577 2597
9 25
2290 2624
2071 2588
2641 2642
1684 3063
2054 2319
580 1179
2921 3249
3458 3648
3020 3275
1039 1331
417 517
0 174
2142 2306
3523 3898
927 1214
217 324
1968 2640
1338 1686
2020 2504
1912 2468
107 1603
3032 3365
1188 1338
779 823
188 277
1286 1583
2073 2098
2989 3051
2253 2606
2559 2625
2815 2966
1160 1723
2590 2654
483 962
1361 1888
1718 2176
2078 2331
800 827
1982 2349
2727 2795
3830 3864
3929 3948
1238 1380
947 1864
1989 2077
1369 1852
2024 2620
3178 3208
3025 3166
967 1659
1126 1211
2428 2590
2915 3096
1608 1675
2864 3065
1405 1684
1163 1367
678 682
695 830
1180 1826
982 1522
2387 2526
916 1663
1684 3154
2165 2352
3287 3355
1146 1669
997 1563
1117 1172
1684 2688
2521 2624
2748 3344
3201 3411
576 661
1421 1705
1139 1275
2384 2530
1997 2308
3082 3145
1608 1768
2750 2943
2059 2278
107 1831
2139 2324
2319 2372
2125 2198
25 224
1530 1689
1101 1746
508 520
2127 2463
1092 1289
2115 2654
2867 3026
1125 1598
1682 1884
2939 3335
2374 2591
1117 1675
2291 2345
376 497
410 463
2542 2564
2746 2866
2134 2264
1302 1589
1962 2290
36 197
1001 1542
2201 2414
1979 2088
2477 2601
2220 2549
2098 2395
2153 2344
2307 2526
3585 3679
993 1791
1126 1868
84 237
2315 2332
2117 2598
3056 3426
1946 2625
1938 2446
1041 1709
2828 2849
2815 3065
1925 2551
1718 1835
3790 3938
2754 2854
1143 1661
1449 1538
1405 1835
1926 2345
2212 2500
815 853
728 820
980 1290
1612 1752
1828 1894
1175 1195
1504 1624
1945 2472
3010 3388
2047 2385
2171 2645
380 486
3437 3619
1324 1824
1926 2232
1941 2199
3029 3073
2103 2108
2044 2058
3475 3485
686 771
2717 2920
541 563
2107 2160
2128 2328
2819 3307
3232 3234
2484 2495
1160 1409
1156 1653
1917 2123
1107 1409
2108 2428
1024 1839
1945 2511
584 592
2753 3320
2729 2907
1695 1763
2072 2652
1211 1390
2865 3264
2053 2135
954 1595
26 123
2164 2352
3140 3345
2919 2969
1986 2391
354 489
3198 3204
420 556
2194 2597
2556 2615
946 1810
2374 2550
525 542
1608 1643
2083 2147
2279 2643
2992 3330
107 1809
2323 2347
2074 2348
2073 2172
1952 2111
2031 2209
1454 1495
2351 2436
993 1291
1509 1888
807 828
1966 1985
2912 2940
2807 3080
1255 1341
2478 2584
2730 3412
1021 1204
3136 3409
1639 1765
2140 2464
1998 2009
2104 2624
2302 2463
3684 3828
238 261
3022 3052
916 1207
1916 2199
1209 1242
1416 1804
830 838
1361 1554
1923 2362
366 374
3449 3491
417 506
1045 1788
2098 2556
368 538
2872 3142
618 678
2131 2593
1970 2377
1325 1555
2690 2844
1110 1800
3471 3485
1054 1242
2469 2560
2394 2438
2121 2433
1718 1948
1536 1787
2319 2458
1989 2323
2965 3328
2124 2354
2026 2537
3136 3189
2073 2655
1584 1707
1918 1925
2828 3406
2796 3351
2244 2579
637 1300
368 408
1241 1502
736 850
1090 1304
2006 2297
1334 1376
1684 1758
3646 3758
3479 3695
946 1662
2325 2463
1004 1819
2093 2324
2247 2458
2662 2984
2127 2250
1450 3245
1516 1597
370 527
2679 3004
2323 2356
770 783
170 239
2819 3341
1352 1637
1132 1480
2703 3311
3437 3522
703 739
3633 3687
3497 3966
982 1845
2359 2553
2433 2638
385 483
1411 1540
1075 1730
1912 2590
2742 3188
1986 2210
475 547
2072 2510
2433 2601
2865 3156
2326 2348
1462 1715
3233 3359
3790 3824
1088 1301
113 165
1577 2509
3102 3150
2093 2489
1112 1724
3801 3921
2356 2604
2206 2271
2032 2264
1912 2461
2755 2877
2030 2655
3000 3117
1273 1432
2142 2485
978 1707
2840 3118
2213 2218
483 1625
815 838
1198 1737
921 1352
503 527
1118 1363
1666 2968
3224 3299
348 529
2087 2594
2202 2647
2033 2532
2030 2376
3437 3710
2093 2586
1435 1699
1404 1596
1265 1528
2543 2607
483 1766
2870 3359
98 276
3274 3397
1170 1275
2240 2553
2806 2891
805 829
1912 2650
2823 3172
2478 2550
2090 2611
2018 2538
1943 2462
2059 2485
2127 2333
2268 2463
2662 3168
2754 3400
1334 1793
1684 2792
2787 3256
169 257
1029 1222
2559 2560
1066 1166
1684 3130
2073 2339
2267 2592
455 466
1444 1472
2477 2559
2131 2574
2118 2646
2849 2939
1204 1716
1912 2309
1929 2392
2220 2495
1416 1707
3207 3356
3734 3884
1917 1925
1717 1721
2112 2353
1184 1361
2987 3137
1181 1632
1283 1683
2200 2590
3484 3684
2232 2268
2047 2194
1986 2088
3033 3250
2187 2191
1993 2278
3579 3708
577 670
3111 3224
1156 1799
2042 2511
2073 2307
2244 2329
2892 3285
2686 3337
1149 1551
2164 2220
1081 1820
1129 1204
115 343
348 364
1927 1991
1132 1516
1132 1839
2102 2305
1943 1993
2059 2086
3438 3448
1912 2151
2007 2642
2098 2369
819 880
3082 3306
1438 1459
420 1311
2446 2549
477 518
3214 3365
2294 2501
913 1444
3437 3551
1340 1557
408 512
2887 3158
694 821
2864 2925
2344 2516
3238 3435
577 661
2179 2352
2188 2477
2060 2553
2675 2914
1918 1971
3558 3643
3500 3508
2777 3108
2356 2428
432 452
1993 2615
2806 3234
2213 2619
2424 2644
2158 2488
1954 2116
1554 1683
2939 3347
980 1126
1497 1813
2289 2475
1471 1800
2030 2200
1984 2123
578 670
941 1794
3106 3146
387 412
741 770
2064 2347
2370 2386
518 554
2381 2395
1684 2823
27 329
2679 3243
4013 4031
493 514
2084 2586
1359 1793
1912 2502
1718 2629
1081 1282
711 766
419 503
3019 3379
924 1275
1149 1735
2267 2294
1335 1663
2741 2956
2784 3211
1163 1746
119 332
3206 3391
1086 1339
3115 3198
1051 1064
3154 3207
0 188
1341 1707
1542 1793
3090 3104
1925 2056
2300 2550
2131 2220
1480 1598
2782 2905
917 1166
3779 3979
1460 1470
2694 2944
493 560
2124 2630
471 559
3866 3881
914 1574
1331 1707
2316 2577
1416 1467
1341 1542
2206 2495
1128 1376
3604 3943
1234 1343
1375 1524
1099 1595
1813 1888
2754 2769
2117 2183
2002 2510
2679 2773
412 461
3058 3212
429 522
2604 2611
1053 1607
1118 1892
2140 2276
1793 1804
2352 2574
1149 1554
734 784
2720 3406
3214 3253
2055 2200
2233 2323
1183 1667
2741 3257
1339 1572
1491 1622
2058 2478
438 496
729 876
997 1637
2458 2516
107 1671
1953 2108
3325 3383
2994 3293
2763 2913
2244 2575
1912 2170
3136 3187
1447 1707
2284 2648
934 1637
2144 2471
1622 1833
2090 2216
2939 3070
483 614
1522 1639
2010 2068
1153 1522
2086 2381
107 1143
2103 2407
526 1528
3152 3351
1610 1736
1912 2417
1940 2233
2002 2351
2283 2289
3465 3918
107 1215
1083 1447
2232 2333
2942 2989
2183 2491
348 533
2300 2460
1242 1827
2334 2550
2121 2430
3516 3562
1181 1799
2153 2643
1290 1407
2719 2875
2040 2573
2973 3397
2032 2333
2063 2607
3503 3930
1192 1583
2292 2508
1997 2485
107 1557
1257 1462
1912 2628
2325 2351
2856 2979
2508 2592
2154 2600
3501 3873
3828 3838
2339 2559
2747 3365
1204 1413
2689 2754
1948 2117
4007 4025
1419 1883
957 1611
2054 2134
3070 3154
3980 4019
3574 3640
954 1166
142 322
2676 3085
2410 2625
3035 3381
1230 1864
2300 2590
1199 1542
2294 2327
418 553
2874 3073
1047 1239
2056 2140
3054 3084
2064 2573
2340 2543
1912 2274
983 1289
2131 2560
1917 1983
1761 1867
2047 2555
1028 1523
1542 1810
2721 2962
2222 2226
1078 1608
107 1162
2715 2844
1986 2086
2390 2479
2716 2830
1918 2546
722 853
1916 1947
2234 2410
1059 1110
2399 2512
2283 2463
1107 1352
2758 2780
512 526
0 323
3755 3926
1175 1509
3593 3631
2196 2247
2309 2477
2910 3119
2668 3048
925 1909
1525 1770
2000 2538
3021 3247
1684 2803
2274 2396
2172 2329
1162 1761
1231 1899
1806 1825
107 366
1991 2346
1238 1470
1645 1766
1189 1681
2910 2943
3077 3118
3484 3817
3734 3788
2077 2095
1620 1746
2180 2203
1001 1114
1428 1624
3291 3297
1118 1880
589 596
2194 2224
952 1735
1946 2139
906 1323
4011 4031
1199 1557
3228 3348
1917 2428
2026 2414
708 869
3980 3987
1221 1862
2133 2198
2677 2999
2992 3204
997 1675
1388 1707
2832 3124
1374 1767
1912 2275
2223 2336
1100 1459
1620 1663
1995 2417
1018 1871
1925 2300
1926 2608
2030 2619
1993 2073
1377 1723
2151 2475
1551 1757
2007 2072
2695 2967
2105 2238
984 1204
3185 3377
1305 1735
1487 1677
1655 1862
2370 2495
2064 2083
978 1440
708 827
2748 3101
2037 2460
1204 1282
3464 3634
1550 1841
641 1744
1329 1799
2165 2309
1330 1623
2484 2536
1044 1857
942 1166
1810 1826
1577 2282
0 65
1067 1576
2944 3073
936 1673
599 659
1613 1653
2244 2324
925 1613
218 273
1730 1849
2783 3395
3038 3106
2429 2586
1966 2478
1172 1598
1523 1674
1920 2007
2685 3136
2077 2593
1128 1352
647 662
925 1795
200 285
2706 3324
2292 2302
2045 2359
944 1703
434 475
1289 1714
1976 2018
2123 2154
123 318
2446 2561
1082 1432
2154 2172
1994 2062
2829 3177
2086 2363
388 421
2199 2468
3514 3687
2128 2279
1522 1799
1948 2267
2026 2511
2127 2327
2278 2354
1965 2289
1185 1835
1209 1663
1280 1804
2777 3000
2115 2500
7 340
483 1654
1126 1447
353 408
2399 2519
2416 2425
1049 1746
3692 3851
56 322
2180 2327
2573 2579
1431 1470
3501 3760
1423 1720
1992 2255
2019 2303
2987 3052
3154 3160
3825 3843
1946 2078
1369 1420
3347 3406
901 1333
3211 3329
932 1722
1985 2287
1035 1070
2845 3019
0 77
2810 2873
2331 2520
583 662
1621 1826
705 844
1258 1435
1959 2199
3084 3387
17 111
107 955
934 1597
1272 1420
2866 2919
2307 2638
3033 3096
2118 2184
1957 2025
2873 3348
1230 1879
1718 2144
2102 2125
981 1044
926 1056
463 507
2028 2176
961 1301
1126 1195
1130 1750
2007 2135
2045 2546
2187 2196
2083 2579
1978 2286
2492 2553
8 193
2060 2078
1989 2339
1529 1855
2412 2628
2322 2406
3148 3254
3086 3263
2069 2131
62 322
2760 3222
1985 2081
1107 1861
2970 3115
1507 1672
3098 3108
2758 2813
118 211
3437 3482
1001 1349
686 743
1981 2280
2081 2267
1684 2862
3456 3609
2745 2906
2729 2773
1590 1819
2362 2416
187 346
107 1052
1610 1621
1572 1653
1769 1836
637 1543
960 1571
677 680
2293 2333
1271 1619
25 69
3321 3355
2356 2631
2045 2154
2121 2369
526 1644
2088 2290
2073 2500
1373 1749
2257 2506
2689 2706
1783 1820
2083 2556
3684 3831
1305 1746
2308 2654
1213 1855
2864 3417
1350 1404
2199 2344
2216 2507
722 738
1227 1611
2026 2510
1479 1830
2748 3198
966 1547
2117 2525
374 419
983 1107
1191 1609
1730 1886
830 847
2440 2488
3437 3821
2033 2326
2937 3170
3148 3434
2575 2630
1104 1229
1181 1886
984 1786
2125 2247
2460 2532
1160 1391
2488 2644
3466 3956
1522 1603
1026 1312
3473 3917
830 840
2037 2179
2381 2482
1799 1813
1009 1204
1617 1813
1146 1344
2078 2631
1139 1876
2216 2323
1924 1988
1979 2206
3391 3397
2172 2369
1985 2586
698 3437
1132 1488
818 822
909 1368
2282 2419
1480 1712
1408 1878
107 1128
1985 2336
1963 2201
1772 1793
1047 1377
2054 2135
974 1366
573 592
355 546
2347 2573
7 304
1166 1893
3711 3794
1006 1842
3521 3773
696 842
107 1596
2038 2068
2233 2551
978 1717
1718 1912
2850 2966
2056 2200
3596 3804
2025 2620
1465 2223
2112 2418
1926 2054
3437 3468
1272 1376
1963 2131
375 408
3253 3431
2190 2374
2068 2510
2692 3233
978 1351
804 863
1979 2326
3505 3827
2703 3008
2472 2609
1072 1472
1917 2309
1047 1352
2916 3096
1017 1420
2856 3212
3817 3842
2220 2464
946 1721
2815 3250
436 497
2894 3116
1199 1409
3542 3790
2003 2282
2944 3108
2463 2475
760 794
611 654
2009 2013
2894 3060
1948 2436
370 456
3021 3239
1337 1593
360 553
1026 1768
348 559
2295 2543
1997 2229
2040 2409
1163 1351
2127 2394
39 121
2755 3064
2661 2991
819 830
1142 1645
3038 3319
374 483
1288 1402
1446 1763
2308 2602
1153 1199
1082 1438
3437 3902
1942 2218
2940 3220
2698 3417
3078 3226
2839 3142
2004 2337
2296 2367
2711 2779
701 830
896 1060
3196 3385
2064 2350
605 609
3802 3835
1684 3099
3391 3406
1185 1590
2241 2608
2042 2191
1020 1661
1590 1902
507 515
2325 2367
2069 2611
1683 1795
3437 3560
1396 1595
2992 3302
1993 2150
538 1025
2012 2018
1569 1646
1929 2408
1036 1192
1947 2652
993 1390
1086 1175
2944 3004
2433 2552
1163 1390
1148 1438
1377 1513
2278 2655
630 653
492 560
2135 2436
1199 1782
3708 3918
1221 1783
2196 2282
2215 2279
2884 3390
2369 2625
2744 3365
993 1267
707 736
1972 2012
1335 1594
3116 3344
1146 1685
1960 2236
1274 1698
1379 1716
2720 3154
3294 3303
1587 1680
2932 3219
1721 1800
595 627
2485 2604
2943 2944
1946 2179
2029 2452
1938 2560
2247 2413
2913 3232
770 824
2323 2549
896 1903
2031 2133
94 204
1171 1387
2033 2593
1491 1689
2057 2292
3116 3198
2430 2433
1423 1515
2867 3417
803 837
3692 3841
3752 3937
1997 2090
2040 2586
1718 1926
1951 2660
2069 2615
2190 2574
2477 2625
3528 3926
686 735
3476 3701
2104 2482
3092 3303
1129 1229
2272 2318
3521 3802
1718 2616
2095 2118
658 661
1994 2451
2787 3097
1984 2492
1471 1902
2030 2381
2835 2940
1584 1600
107 1472
1551 1768
2755 2827
2783 3192
3507 3823
2247 2567
1080 1487
1440 1865
3437 3446
2910 3054
1824 1848
2028 2328
2233 2311
494 503
3454 3880
1288 1717
1945 2161
2381 2638
1076 1653
1322 1392
2071 2533
2144 2555
3554 3680
1938 2140
2839 2877
1938 2408
2428 2559
1550 1691
2247 2592
1006 1399
1955 2111
2072 2127
1120 1448
1320 1645
1684 3435
3443 3593
967 1675
3247 3416
1072 1507
1026 1827
906 1375
2679 2681
1004 1181
1255 1753
2026 2134
3074 3147
3501 3841
2323 2484
431 432
934 1750
2005 2460
2520 2532
3684 3886
68 175
2208 2530
3980 4038
994 1426
947 1101
2054 2274
2123 2216
2071 2338
1684 3389
2191 2543
1573 1578
1182 1269
1938 2323
25 288
997 1255
2069 2276
2661 2914
1360 1494
2458 2508
1768 1835
107 968
1571 1662
1684 2824
3049 3239
2865 3050
1091 1207
1280 1609
3233 3379
2043 2404
1912 2224
1048 1722
999 1532
983 1101
2095 2258
1265 1329
1475 1596
213 239
1126 1256
1946 2359
3086 3136
1101 1707
960 1078
2052 2143
2191 2347
2666 3047
3146 3152
2978 3090
2090 2190
3569 3947
792 837
2005 2323
3567 3595
658 675
3116 3265
2772 3075
412 432
3168 3233
514 517
1954 2072
2087 2509
2118 2306
1257 1691
2748 3046
2754 2911
713 847
2742 3212
2271 2611
2117 2232
1943 2150
2302 2332
1320 1514
1912 2076
2210 2354
3512 3525
1246 1425
3452 3658
1056 1238
2170 2486
2694 3250
1643 1735
1984 2078
1518 1567
1185 1416
414 586
1267 1868
1939 2608
3084 3238
2222 2438
1367 1597
1493 1568
3089 3118
946 1467
3096 3387
403 497
2289 2543
2960 3348
3459 3782
2093 2410
2001 2657
2043 2073
2074 2124
2007 2567
1074 1861
1170 1786
3213 3363
107 1145
1153 1288
55 261
1528 1753
978 1399
1795 1799
1507 1681
2229 2556
2919 3426
1123 1440
2102 2294
1115 1322
1390 1736
3069 3162
1191 1222
94 302
1945 2594
856 888
376 556
2695 2839
2376 2462
1634 1686
2237 2482
925 1291
1916 1940
2053 2555
2023 2035
2072 2479
1256 1621
3140 3219
1076 1717
1024 1285
4014 4023
1293 1835
2862 3362
1320 1357
2716 3406
2944 3426
559 591
1717 1799
1370 1457
1028 1610
1124 1639
606 1671
3050 3256
2966 3417
1125 1554
748 770
2093 2433
3001 3168
1948 2087
115 214
473 560
1107 1267
2748 3360
1912 2405
815 830
423 669
2465 2609
3278 3335
2093 2521
1941 2482
3475 3684
1943 2043
2045 2300
2260 2397
481 555
2045 2386
2218 2468
2142 2275
1003 1540
2669 2850
3672 3891
2030 2654
1242 1600
1941 2088
1010 1529
2007 2063
2330 2588
2257 2381
994 1009
599 632
1983 2532
2184 2356
2165 2449
1056 1604
2152 2231
2334 2507
1989 2084
3869 3870
3186 3191
2037 2526
1151 1501
1959 2394
2290 2339
2283 2471
1979 2563
2730 3264
2104 2477
1006 1289
2719 3240
3617 3758
2046 2093
3475 3702
1929 2646
484 500
2033 2484
1533 1787
1432 1841
1059 1293
1602 1882
1312 1614
3822 3906
960 1816
2680 2966
409 412
1256 1589
2500 2593
1158 1392
3452 3902
2951 3118
724 784
1984 2631
1052 1408
2200 2374
2134 2543
1683 1689
1622 1730
1352 1714
2910 2969
921 1551
544 645
3491 3712
2755 2872
2117 2347
2233 2326
107 1857
2103 2430
2496 2629
2016 2284
3437 3848
2007 2026
1265 1484
1718 1916
1449 1619
3500 3655
2875 3272
1129 1227
1059 1377
1943 2485
3258 3360
2068 2394
3297 3419
2037 2600
2909 3078
2890 3226
2280 2394
695 760
2743 2880
3536 3682
2250 2597
1426 1573
1993 2334
2909 3090
1684 3430
2032 2138
1533 1733
2769 2789
1684 2908
348 352
959 1330
2115 2266
1390 1589
2093 2172
1638 1820
391 566
1123 1619
3222 3263
901 1493
2336 2368
1128 1339
438 456
2312 2389
3590 3663
3064 3363
2346 2364
1637 1714
1409 1608
2775 2892
2695 2920
1109 1770
2276 2630
3452 3611
1043 1045
1117 1842
1684 2681
2023 2193
2287 2352
469 505
107 1248
3187 3402
1984 2655
1059 1467
380 509
2340 2578
412 512
1576 1611
1509 1554
1107 1471
2026 2327
728 803
2430 2464
1737 1879
2698 2946
2038 2512
1941 2308
3077 3233
2465 2588
1335 1811
1547 1665
1746 1761
1943 2506
1979 2526
396 546
1149 1653
1280 1509
2232 2345
1612 1652
2234 2478
2715 3027
1006 1809
1948 2327
3497 3926
993 1793
1271 1816
976 1878
1921 2024
2039 2194
3693 3948
1912 2276
417 497
2414 2433
2377 2617
2602 2630
1273 1429
3140 3275
3115 3185
2153 2327
745 774
1991 2018
2134 2149
3267 3330
967 1361
3692 3693
1576 1628
2105 2126
2213 2602
107 1284
1156 1619
362 560
1126 1816
2343 2419
2748 3252
2876 3116
1947 2394
2966 3108
979 1889
2046 2590
960 1390
107 921
1158 1459
400 445
3176 3241
1953 2122
2731 3158
1435 1717
412 438
1123 1662
3476 3774
1941 2573
2600 2604
2931 3257
2943 3135
1912 2201
2833 3406
1568 1798
1488 1707
1962 2376
2420 2592
3495 3880
3002 3186
2299 2553
3054 3387
1580 1589
1156 1809
1766 1801
1172 1879
1984 1993
1205 1361
1465 1577
2414 2573
1211 1447
1086 1423
1580 1791
1613 1746
2347 2542
3734 3873
2386 2611
2002 2007
1004 1352
3054 3085
3078 3142
1457 1488
1571 1663
2367 2612
107 1882
2074 2370
3617 3823
553 609
36 320
2111 2498
812 837
2068 2215
1132 1793
1156 1377
2719 2840
432 455
2672 2875
1912 2446
2087 2183
1021 1859
2047 2111
2737 2937
1117 1663
1570 1714
21 122
3035 3169
1957 2636
1172 1597
2124 2489
1267 1750
1123 1163
2033 2590
2190 2506
2832 3267
33 42
2103 2460
1120 1872
107 1379
107 1233
1938 2551
1617 1835
1665 1750
1462 1591
134 199
1584 1818
2323 2391
1074 1341
2890 2985
1004 1643
432 507
2123 2324
978 1833
172 298
2043 2482
1577 2283
916 1370
1912 2400
2071 2649
3150 3252
1983 2625
2414 2526
107 998
1128 1730
2800 2806
1085 1420
1209 1290
1613 1663
2180 2282
2000 2097
697 781
3741 3797
3611 3790
1227 1628
2143 2597
2063 2213
492 604
1121 1311
2716 2719
2851 3130
2210 2309
2121 2578
1205 1868
1589 1730
1623 1799
1684 3171
761 848
2200 2607
2831 2863
1941 2385
2336 2510
513 525
716 795
2176 2294
1321 1774
3534 3593
954 1066
1912 2190
2602 2604
1523 1621
1116 1230
2728 2990
136 2189
1563 1689
2090 2308
2997 3012
1965 1975
2092 2303
3076 3115
2381 2507
947 1867
2943 3213
2000 2494
1075 1557
1122 1645
395 538
3469 3630
505 516
1392 1459
2069 2340
708 719
20 343
1718 2031
1972 2657
2224 2343
1943 2045
2593 2631
1419 1909
2020 2593
3027 3116
2871 3198
2042 2463
1812 1871
2275 2602
98 200
957 1576
2043 2407
3107 3330
1983 2212
1138 1266
3027 3107
1431 1712
787 814
2906 3004
1312 1617
506 519
3810 3833
2030 2560
2928 3104
2054 2087
1175 1570
2059 2655
2468 2573
2074 2464
2007 2399
1229 1635
903 1186
1595 1875
1603 1835
3437 3807
1650 1830
1970 2344
2112 2324
2183 2567
1250 1757
2675 2904
1024 1665
2667 3313
1689 1849
3586 3674
590 623
2059 2115
1175 1617
975 1347
1427 1893
2125 2347
2713 3406
1329 1835
1947 2458
1684 3379
1986 2276
2055 2278
2150 2478
2928 3387
3032 3196
2676 2683
463 473
1335 1471
2867 2915
2039 2385
3587 3960
3248 3395
2912 2953
1515 1573
1085 1165
2503 2534
2139 2308
896 1475
1081 1786
1986 2606
1431 1559
3601 3645
659 675
1014 1192
1124 1447
2573 2630
2161 2511
2833 3280
1979 2507
1589 1891
897 1863
1010 1725
1376 1741
1307 1698
1182 1265
1613 1652
252 271
2839 3228
2369 2507
2007 2325
354 500
1080 1801
363 526
3132 3397
1925 2164
2081 2252
1971 2561
2073 2578
774 784
2189 2351
2558 2618
1104 1475
1110 1522
2010 2052
3000 3078
1547 1554
1691 1862
2093 2356
3172 3199
494 526
2136 2500
107 1147
990 2968
2150 2374
1369 1461
988 1636
3021 3397
3643 3924
1156 1800
2738 3238
1230 1291
2914 3409
2365 2636
2966 3348
2056 2573
1985 2630
2323 2460
3683 3968
2243 2617
964 1089
747 828
726 778
3038 3177
1995 2640
1195 1513
3001 3223
1234 1356
2047 2332
2109 2201
2719 2936
412 542
2309 2354
1912 1988
1477 1666
2828 3344
2266 2590
897 1160
619 685
3467 3830
2839 3096
2165 2499
2237 2561
2229 2308
2853 2939
1165 1461
2821 3158
2339 2504
107 1718
1751 1812
3296 3344
797 817
3610 3764
908 1274
2853 3049
1125 1132
1146 1888
2404 2604
2038 2510
107 1077
902 957
24 302
2348 2646
1104 1221
2330 2510
2220 2550
1511 1825
583 643
1076 1344
1331 1620
2315 2347
1947 2133
579 677
2007 2148
2446 2492
2023 2197
1024 1125
922 991
1621 1750
4 152
896 1102
1029 1600
3115 3124
2257 2507
1965 2335
1912 2197
2745 2994
2854 2953
2925 3304
1132 1604
1926 2594
3140 3214
2366 2642
2088 2430
2796 3434
578 647
2706 3193
3111 3189
2131 2600
3437 3605
1422 1692
3437 3678
3677 3851
9 188
2139 2359
2339 2556
1155 1637
3033 3065
107 1310
795 853
2096 2333
925 1211
2089 2448
2869 3035
1459 1875
439 487
1666 2869
1076 1842
1505 2764
107 1748
2030 2064
2055 2559
2759 2866
1528 1864
2123 2408
1684 3165
107 1858
3523 3649
3459 3945
2 115
1986 2188
1017 1879
2419 2629
1653 1735
2586 2615
3769 3977
2229 2542
1953 2586
2222 2501
3223 3244
597 618
2072 2396
1993 2060
1078 1420
3203 3321
420 451
2340 2586
2043 2188
254 346
1085 3651
1912 2421
3615 3815
3437 3480
2944 3023
960 1289
606 1897
3056 3363
3750 3797
2398 2567
2235 2592
148 271
1684 2814
3484 3501
1059 1191
2370 2460
2118 2552
1441 1585
1064 1694
1221 1275
3258 3411
2559 2574
2077 2356
1331 1420
1684 2956
2679 2906
3596 3966
511 538
2047 2310
2858 3072
2253 2331
2039 2068
1020 1373
2257 2276
2143 2241
3866 3906
1598 1800
2414 2430
484 1574
3437 3727
1103 1725
2046 2271
705 719
1684 2972
371 542
3719 3924
1165 1718
1043 1889
2266 2604
1390 1610
348 498
1465 2491
1063 1101
2078 2212
2500 2638
1175 1331
2149 2268
728 828
1447 1610
2464 2556
1019 1100
1643 1669
1361 1570
419 513
1269 1845
1125 1800
1185 1547
457 518
1983 2339
2969 3000
0 163
107 1826
2471 2598
483 1794
2140 2299
2414 2504
119 170
1471 1683
1917 2088
3705 3906
2940 3417
3261 3287
578 650
3437 3946
2326 2363
2989 3240
136 2027
3557 3670
1337 1697
1935 2660
1944 2480
1962 2655
1124 1323
2777 2960
1973 2159
2055 2300
2119 2558
1076 1689
1951 2202
500 525
1330 1554
2064 2210
1170 1213
978 980
2420 2653
2871 3360
2005 2624
3025 3400
1965 2133
1089 1624
2684 3182
1987 2268
2328 2427
3472 3629
2200 2429
984 1783
2492 2593
3485 3845
3792 3951
2007 2445
2698 3324
3082 3247
2083 2233
404 493
2161 2592
3508 3698
3696 3791
1984 2064
2323 2536
941 1582
2117 2609
2081 2438
2059 2212
483 651
376 450
1512 1673
2038 2642
2282 2302
1025 1545
3987 4012
1912 2200
1004 1584
2460 2556
2828 3391
26 141
376 1357
1028 1757
1291 1471
1459 1742
913 1867
954 1282
1376 1662
350 546
1160 1173
2947 3062
995 1768
1391 1800
2290 2418
921 1864
1182 1185
1089 1783
2026 2279
1799 1845
2005 2299
1352 1809
2873 3232
2741 2754
2894 3198
943 1304
1941 2340
2299 2370
2273 2285
2985 3399
2103 2104
175 278
2485 2655
2074 2363
3828 3966
967 1048
2117 2588
107 1771
2717 3226
3158 3195
2031 2322
1398 1845
2215 2592
1214 1483
107 1023
1994 2191
1134 1474
2155 2416
2339 2482
1086 1399
978 1750
404 462
2350 2391
2033 2307
2104 2625
2800 2910
2056 2350
3174 3362
1979 2290
1985 2370
1761 1888
2063 2655
630 636
2679 3324
3545 3943
2271 2561
3016 3082
2867 2880
2504 2586
1074 1519
1172 1256
1616 1673
363 1427
2069 2381
2370 2430
132 134
1413 1583
1963 2468
1912 2242
579 603
1918 2532
2076 2515
1193 1505
2953 3435
1946 2083
2958 3295
2279 2496
1222 1570
2689 3284
2201 2216
2986 3078
2176 2328
3993 4004
2073 2499
2864 3135
1656 3165
3010 3090
2065 2183
1122 1408
1623 1810
2165 2623
1985 2631
107 629
1052 1681
1134 1640
2610 2637
1327 1689
1684 2711
1172 1746
2880 2966
1554 1675
506 527
2311 2521
1148 1899
1074 1551
2148 2332
1023 1687
1721 1752
3590 3944
1375 1886
1946 2549
980 1891
3578 3790
3478 3655
2374 2631
2395 2408
2465 2653
982 1380
2287 2593
2068 2169
2869 2937
1024 1083
1429 1503
204 213
1348 1630
997 1153
3132 3396
2138 2347
1277 1282
1377 1471
394 515
1075 1290
2140 2257
2266 2409
3146 3288
1989 2030
483 1574
1983 1986
2206 2257
1059 1367
1943 2098
3767 3829
1496 1904
1124 1327
2120 2317
2724 3308
3841 3948
1918 2206
3503 3804
2940 3426
1912 1989
172 212
1981 2221
1290 1377
1184 1845
5 156
3351 3397
2088 2140
1031 1165
3470 3876
982 1714
376 669
1199 1280
2109 2619
3584 3818
2778 3377
383 387
1021 1322
376 555
1940 2054
2323 2604
2273 2283
348 538
417 527
2143 2567
3041 3058
2828 3051
2032 2247
1060 1661
1993 2499
1201 1811
1979 2188
2005 2404
376 553
1912 2451
2108 2200
2843 3156
2046 2078
3266 3398
1149 1675
3116 3351
2053 2302
1184 1399
2140 2532
2356 2504
2054 2491
1334 1492
1932 2302
1914 2627
428 606
3103 3412
2041 2456
3051 3274
2982 3314
3038 3330
1508 1786
1953 2356
2007 2597
1943 2484
2933 3012
2062 2603
2064 2074
1059 1823
1014 1820
1020 1282
2307 2348
0 88
1966 2604
580 1673
2047 2612
2007 2387
2683 3123
1316 1820
2139 2200
3455 3815
2849 2875
1228 1355
3511 3896
2593 2630
1153 1449
2943 3433
1688 1827
2293 2594
2664 2749
526 559
1056 1685
1471 1835
3021 3416
1530 1735
773 821
1127 1366
2238 2341
946 1331
2304 2355
3335 3411
107 1643
1280 1570
1182 1431
2690 2882
2901 3418
1953 2172
2063 2376
1983 2395
2674 3239
3437 3677
1029 1535
718 748
1077 1642
2763 3000
2098 2218
2865 3032
2094 2301
1014 1742
2007 2239
2089 2313
1577 2327
420 537
1941 2306
1277 1715
1125 1256
2078 2468
2289 2588
1487 1897
2063 2123
2203 2582
921 1603
1117 1868
2257 2611
1799 1849
2782 3363
2104 2142
997 1330
1170 1783
2223 2232
402 561
1621 1791
1683 1833
1059 1598
2376 2469
2101 2415
2069 2331
2352 2550
2684 3262
2058 2172
1945 2617
2081 2530
1736 1809
475 545
1721 1835
1238 1689
2326 2430
1078 1149
2042 2555
2753 3240
3545 3966
3523 3613
2039 2047
1912 2334
475 491
1397 1487
1940 2163
2002 2153
3105 3122
2674 3017
1320 1882
3113 3120
2339 2606
2149 2330
2122 2374
1981 2434
2068 2571
2386 2504
1244 1472
3794 3969
2377 2511
2114 2119
3139 3392
2026 2343
1215 1742
1057 1138
1559 1570
1132 1750
969 1820
1311 1496
2508 2543
1519 1845
1923 2642
1399 1622
475 500
2916 3348
2913 2985
2374 2586
2240 2526
719 824
2910 2974
2046 2083
1912 2168
2047 2214
2354 2370
1684 3323
2275 2619
1101 1761
2033 2309
1917 2139
2137 2283
2278 2433
1095 1300
2348 2593
952 1128
3060 3350
180 187
3332 3355
1305 1590
921 1813
1104 1298
2326 2615
2319 2338
107 1667
1284 1691
3038 3093
2331 2579
511 559
1943 2356
2053 2280
906 1644
1391 1639
1912 2110
2627 2658
2078 2554
1243 1768
3101 3347
1736 1804
543 546
3000 3158
1806 1908
2326 2551
1680 1682
1542 1845
1327 1911
246 315
2369 2430
3097 3214
107 1040
2359 2559
2235 2288
1446 1616
2020 2578
2073 2591
2408 2430
2150 2418
1279 1715
2485 2623
866 894
1302 1659
2220 2532
1091 1668
2169 2174
960 1059
896 1591
1938 2619
378 566
1985 2093
2617 2649
1340 1717
2010 2347
2489 2586
1093 1646
1288 1619
1289 1431
2247 2362
1662 1827
1598 1879
1812 1894
3471 3543
592 664
1559 1791
1526 1692
2084 2507
1067 1347
2103 2536
1172 1351
3680 3969
983 1341
678 685
2397 2644
1995 2157
1557 1823
1517 1741
2872 3098
2928 3220
2709 2795
2075 2110
3553 3644
2407 2553
1017 1584
3478 3607
2121 2418
1373 1871
1086 1603
1290 1700
2464 2615
3299 3340
2045 2611
3082 3381
514 580
2084 2602
2060 2069
2743 3114
2150 2423
3440 3540
948 1549
2731 2981
2292 2417
2011 2459
2828 3252
2278 2602
3611 3817
1524 1557
2102 2511
107 1548
3437 3740
1984 2354
3201 3316
2134 2169
953 1389
40 141
2087 2332
2237 2369
1912 2052
2377 2415
2078 2404
3584 3764
104 200
517 1694
2124 2323
1305 1804
1185 1219
3722 3728
200 232
1734 1768
2102 2282
2142 2240
1399 1501
690 731
1867 1885
1180 1470
2259 2635
1465 2642
2078 2299
1621 1721
1256 1863
1036 1576
2717 2940
1100 1315
524 525
3077 3295
2897 3399
686 834
1216 1333
1989 2352
2069 2118
3070 3252
353 1512
3488 3730
2005 2428
1946 2654
1480 1809
367 553
471 515
2309 2324
1993 2536
3671 3768
1982 2594
719 764
2258 2478
2949 2999
1959 2390
2956 3040
2093 2142
2093 2561
260 339
1204 1682
2133 2557
3065 3096
2328 2525
3571 3708
1604 1793
2003 2304
2670 3311
2081 2394
1984 2150
2757 2974
2546 2551
3488 3528
1196 1774
2485 2543
2433 2543
2891 2913
2905 3108
1059 1488
139 281
1083 1130
1943 2404
1920 2343
3016 3154
2912 3014
1402 1431
591 606
2028 2471
1032 1235
2674 3347
1329 1539
1963 2409
1335 1879
1422 1730
3117 3213
1925 2278
1076 1132
2504 2638
781 836
2210 2306
2244 2462
2467 2590
1227 1706
1968 1973
756 827
3136 3330
500 537
2743 3220
1495 1907
944 1072
1583 1638
2800 3040
2347 2539
3662 3682
2864 2944
2309 2552
3437 3478
438 446
1912 2484
1333 1629
519 557
2102 2246
2890 3293
170 271
370 416
57 346
901 1798
2741 2927
2919 3084
2890 3394
3275 3385
1285 1832
542 559
1259 1469
2118 2340
1101 1662
1093 1783
400 614
107 1127
599 665
626 630
356 411
1314 1798
3514 3528
3058 3352
1917 2408
1389 1559
1059 1078
983 1083
1352 1456
1912 2244
3039 3320
2083 2600
2224 2384
2264 2302
1370 1849
921 934
2460 2468
428 559
3185 3351
2289 2417
3107 3275
2253 2369
2135 2511
2384 2399
2542 2549
2742 3070
2087 2267
1591 1661
1214 1626
597 684
1288 1736
1079 1663
1935 2284
993 1639
3437 3635
3883 3898
1053 1171
2268 2538
3306 3351
1753 1864
1391 1402
1622 1750
3858 3938
2002 2516
3568 3843
2520 2542
1259 1275
1352 1804
896 1007
2960 3149
2039 2254
1589 1734
2103 2206
3138 3208
2023 2440
1926 2127
2711 2923
1513 1621
2202 2627
2183 2338
605 654
2327 2555
967 1182
3495 3692
3060 3150
2694 2862
348 501
1863 1879
2919 3108
896 1454
1684 2850
1405 1485
3514 3707
1941 2253
107 1327
2145 2289
2098 2560
2765 3351
107 1361
56 290
1228 1304
2164 2492
1309 1392
1947 2174
2199 2516
1723 1868
2266 2329
1280 1736
709 824
2661 3154
2124 2352
1513 1535
2184 2601
1044 1100
20 162
3731 3824
1444 1536
3050 3335
2244 2552
1279 1459
2058 2139
1109 1338
952 1185
606 968
1163 1622
3564 3821
2278 2495
98 315
1296 1630
1912 2608
1596 1841
2869 3320
1204 1489
1192 1790
2484 2624
1282 1638
3725 3743
2394 2511
2109 2543
710 803
913 1497
1547 1833
2956 3174
2102 2187
1243 1799
1360 1433
2940 3232
686 702
2887 3220
208 291
3759 3836
1117 1888
2560 2563
376 523
3190 3221
2664 2960
1551 1833
161 277
1040 1163
2436 2597
146 317
1078 1603
2867 3022
739 793
2278 2619
2315 2642
1014 1067
1763 1878
2359 2376
2667 3214
3886 3948
2133 2145
506 566
1126 1898
2068 2101
2664 2940
1682 1715
1388 1604
2064 2093
947 1211
2662 2716
967 1112
170 277
438 591
3612 3837
3578 3730
2804 3377
3468 3718
1941 2054
1920 1955
921 1540
1684 2721
2325 2416
1190 1715
1009 1899
1039 1359
400 606
2776 3271
1238 1741
1684 2736
3277 3330
1188 1310
1920 2509
107 1178
2047 2417
1689 1752
1172 1456
2150 2468
2987 3166
2086 2551
1621 1623
1929 2369
2176 2642
3124 3393
2867 2960
3496 3550
2495 2563
446 491
1516 1712
2451 2511
2093 2549
2352 2374
2806 2839
1979 2064
1184 1617
967 1238
391 669
2993 3195
2438 2479
3980 4021
2083 2090
2247 2384
2155 2491
966 1813
1929 2139
2958 3100
188 200
2241 2282
3039 3076
938 1493
2853 3035
2329 2492
3509 3833
2102 2111
1998 2011
2129 2488
637 1060
2888 2978
1653 1717
1563 1590
1912 2258
2296 2642
1780 1909
714 822
1551 1603
3756 3886
2233 2237
3711 3924
589 684
2264 2267
1352 1420
1155 1400
2118 2131
2300 2392
1576 1587
2748 3274
2228 2440
1941 1947
2011 2660
3081 3138
3263 3405
2210 2579
2664 3387
2615 2654
1929 2045
1598 1888
500 538
1652 1712
1054 1375
1080 1095
2764 2979
2283 2451
2283 2642
2359 2615
917 1828
21 123
2864 2920
3628 3743
1684 2877
1086 1101
2892 3288
694 800
483 1786
1925 2098
1944 2525
745 823
694 810
2754 3399
1146 1799
1108 1515
1059 1730
545 570
2244 2506
1621 1768
2992 3172
2299 2433
1931 2024
1608 1861
2123 2526
1107 1211
1222 1255
2807 2888
740 748
2087 2327
1124 1538
1684 3291
107 1194
1371 1468
1986 2352
1070 1482
595 643
706 810
2132 2292
1964 2345
1199 1669
2756 3000
3498 3722
0 130
353 513
1563 1753
944 1260
2083 2212
1181 1717
2920 2974
3824 3831
3525 3851
2464 2468
3539 3583
1330 1868
978 1902
1329 1334
1750 1795
2267 2268
2172 2407
3633 3684
101 249
1684 2970
381 551
2034 2204
917 1382
58 269
1079 1652
2224 2289
2757 3040
1793 1809
2115 2615
1146 1730
370 387
2849 3321
2004 2009
2811 3331
1158 1322
3492 3930
1516 1612
3327 3369
946 1793
962 1425
1062 1343
2863 3120
2047 2273
2877 3054
760 805
3596 3851
705 829
7 22
3299 3353
2749 2943
2835 3104
968 1711
1199 1864
1948 1994
2737 2991
2753 3082
3189 3406
944 1041
2266 2271
1074 1522
1454 1503
2093 2418
1238 1730
59 268
3656 3948
1684 3053
1662 1879
1082 1404
2250 2512
3 274
3529 3758
1689 1724
1618 1827
3495 3621
3184 3286
582 659
1988 2320
2187 2351
2073 2131
1431 1665
2339 2560
2154 2469
2680 2916
2090 2601
588 633
159 284
2196 2338
2992 3199
1079 1827
1336 1632
1117 1791
2701 2823
2086 2326
2309 2460
1983 2307
2937 3206
932 1447
2738 2978
2051 2558
942 969
475 1882
592 609
1376 1617
1551 1864
3070 3265
1799 1879
2706 3056
1199 1398
2339 2607
1519 1527
394 544
1522 1669
1265 1377
414 496
2045 2428
2304 2608
765 823
922 1817
1015 1315
375 525
3150 3267
1639 1888
2172 2560
1986 2216
1938 2552
2084 2551
1979 2600
1204 1649
1912 2612
2196 2419
1204 1284
3194 3320
2190 2326
3437 3819
2906 3047
897 1083
1979 2625
1259 1667
2007 2434
2369 2559
981 1036
1609 1621
2052 2463
1076 1480
3496 3505
2712 2742
1017 1614
1440 1843
695 719
2309 2410
1142 1790
965 986
1986 2654
940 1504
2007 2203
2372 2491
1572 1799
369 469
1977 2211
2307 2615
3066 3126
2329 2563
2985 3387
2054 2203
1534 1642
1212 1343
2742 3140
2756 3384
3491 3851
2986 3417
2030 2201
2698 2873
1159 1686
2386 2630
1559 1675
1946 2606
2043 2229
1166 1273
2669 2880
3495 3978
1275 1469
1359 1391
2866 3056
728 838
1973 2192
2786 3324
1175 1614
946 1207
2985 3174
1337 1909
1938 2591
1399 1509
449 563
1684 3279
1923 1945
444 506
2602 2619
1029 1553
2694 2919
1032 1245
2384 2465
1293 1340
0 198
3710 3769
2059 2131
2485 2630
1146 1557
1983 2512
3117 3342
2423 2485
1222 1559
1971 2578
2008 2232
3615 3629
3824 3966
3497 3527
1089 1415
2124 2139
3900 3906
2684 3350
1993 2115
2282 2501
107 940
389 518
1431 1564
3072 3329
1449 1769
3437 3827
2892 3002
3035 3150
2381 2559
2088 2299
2155 2325
2397 2570
1946 2063
2785 3345
1580 1736
3150 3179
13 172
2408 2593
1243 1612
2276 2554
1972 2018
1684 2718
2140 2356
3437 3861
99 278
2126 2335
1932 1945
1963 2354
1984 2201
2716 3140
2201 2347
2913 3184
98 211
2533 2643
2326 2395
1533 1798
2984 3192
1917 2543
441 564
2597 2649
2190 2257
2142 2556
2059 2464
2063 2410
2124 2308
2112 2216
2161 2394
2763 3042
2665 3198
1389 1391
2148 2567
2134 2279
2038 2259
1520 1800
2258 2549
2777 2986
2397 2628
3026 3417
3247 3280
705 807
2680 2917
1098 1803
21 232
903 1798
2000 2022
2218 2520
1589 1614
2124 2655
2404 2414
1420 1675
1198 1491
2063 2069
979 1218
2749 2864
1204 1373
1925 2409
1060 1591
3437 3476
1912 2627
3014 3029
967 1175
576 600
2344 2384
2874 2928
402 517
1003 1293
968 1172
2716 2936
2464 2492
2043 2098
1279 1596
995 1219
1859 1862
2065 2302
2863 3169
2409 2602
3201 3416
1040 1256
3223 3342
372 530
2946 2961
705 808
1694 1743
1753 1799
1985 2485
3849 3904
2381 2391
1376 1826
0 98
2469 2507
9 122
1979 2482
3633 3674
2939 3035
2083 2201
1446 1778
1964 1965
2300 2303
7 322
3060 3116
2111 2315
2196 2511
641 1237
2992 3355
2179 2216
2142 2484
251 281
2270 2416
3601 3623
2135 2509
367 489
1465 2268
1684 2672
2386 2655
2757 2827
2163 2223
2223 2266
1973 2061
1455 1473
3437 3733
348 393
2506 2542
1371 1837
484 1122
3113 3198
376 559
2428 2553
1008 1357
2742 3172
1110 1344
2578 2579
1953 2088
2780 3138
1070 1213
2216 2352
3586 3797
2073 2266
2661 2778
2218 2308
1750 1799
1257 1592
3041 3299
559 567
2174 2338
949 1529
2880 3363
2191 2328
906 1554
2058 2331
1067 1115
2706 2810
1126 1659
1076 1485
2378 2636
2133 2144
2030 2220
916 982
1954 2268
2418 2489
1255 1752
1929 2586
3884 3926
1192 1322
3108 3284
3142 3324
1112 1250
687 797
394 542
2991 3201
1256 1330
2220 2331
2756 2977
3468 3758
2662 3198
3522 3592
3437 3810
1938 2604
1124 1488
2716 3313
1947 2451
3345 3391
2356 2539
1917 2095
2521 2611
709 805
1330 1800
1743 1829
2919 2993
3463 3822
1728 1872
2240 2560
1517 1898
2745 3387
3542 3543
940 1338
2187 2491
3258 3320
2199 2642
3210 3313
2526 2593
2201 2521
953 1191
3552 3625
2806 3000
1779 1905
1418 1904
1954 2461
2213 2560
2059 2492
1994 2199
2521 2607
2331 2354
538 606
1662 1750
2056 2391
1097 1895
2253 2543
1684 2967
2410 2512
2138 2509
971 1495
2668 2958
315 324
1223 1692
1284 1573
1941 2472
2060 2536
1684 2920
2468 2597
3578 3938
0 31
1753 1845
1163 1605
2054 2592
1044 1315
966 1370
3291 3302
2179 2233
3280 3296
1955 2491
1377 1746
993 1604
1985 2500
1912 2166
463 570
1185 1809
1086 1329
1256 1509
968 1343
2276 2574
2213 2369
2623 2646
2162 2313
354 557
2847 2965
1520 1804
0 339
175 225
3584 3794
993 1117
2075 2617
1064 1829
898 1783
1292 1596
3116 3239
2408 2551
1623 1659
3567 3657
1082 1345
1164 1600
1707 1730
2005 2112
3077 3125
1722 1868
1359 1861
966 1789
1979 2464
599 650
2815 3078
1435 1525
2395 2407
1989 2542
475 930
1554 1746
1954 2203
2215 2283
1209 1644
1684 3184
1943 2578
2102 2338
1984 2543
2063 2303
1947 2292
2702 3034
2121 2212
1617 1827
1267 1291
1674 1883
2839 2852
2512 2520
2177 2328
3731 3858
107 917
2042 2347
959 1809
1936 2049
1345 1578
1979 2078
1920 2161
87 136
1199 1563
2729 2944
1388 1730
908 1866
592 644
1626 1851
394 566
3026 3098
3521 3590
993 1184
917 1703
1914 2284
2892 3233
1344 1597
1938 2404
2369 2433
1250 1714
2326 2520
1060 1067
2283 2394
1773 1844
1024 1289
3567 3739
40 329
1940 2087
1073 1806
2278 2631
3280 3360
2071 2176
2667 3329
107 1012
618 653
2766 3025
2307 2386
1986 2275
896 1324
703 831
272 281
1269 1547
408 500
2863 3434
2747 3050
2319 2351
2007 2472
2244 2576
2828 3350
1181 1547
1258 1634
65 203
2180 2338
2880 3284
2996 3190
861 889
1946 2492
2172 2507
1963 2077
1409 1746
2713 3252
978 1330
2093 2554
960 1610
990 3057
2630 2655
988 1298
1429 1502
3437 3886
2839 2985
2050 2447
1420 1819
2446 2560
517 561
3651 3851
2661 3320
941 1824
925 1771
2059 2552
2864 3108
1925 2376
734 842
3099 3242
1291 1352
1048 1485
3090 3435
2056 2074
1724 1737
370 438
2521 2654
2757 2906
2062 2415
2052 2199
3449 3838
3721 3741
2359 2381
2112 2507
1946 1983
1927 2620
3518 3687
376 489
242 254
2841 3255
2218 2369
1269 1610
2793 3397
3608 3907
2333 2377
3437 3918
2937 3350
2299 2395
1729 1820
992 1424
2082 2644
162 343
2190 2237
2729 3400
3128 3322
694 756
3522 3779
1652 1888
3440 3600
705 809
1917 2261
3492 3496
107 1244
1407 1768
2032 2196
982 1898
1954 2297
2289 2333
2273 2327
2447 2647
3722 3850
2237 2356
1278 1800
1489 1783
2970 3411
2743 2794
1009 1786
2298 2480
3531 3863
1979 2164
2308 2520
2755 2815
2123 2387
2464 2602
1994 2102
1810 1868
374 488
2796 3049
1196 1735
1181 1721
2159 2284
2707 2781
938 992
2081 2472
2867 3195
1420 1795
2093 2552
1799 1835
2574 2625
152 275
2077 2290
1946 2433
1328 1511
1130 1370
2793 3154
2007 2032
651 1320
1246 1569
2150 2482
1322 1423
2045 2326
1966 2058
916 1823
1530 1617
2339 2352
567 3437
3150 3291
3474 3967
109 119
2936 3378
1107 1291
940 1904
1998 2657
1267 1730
3001 3233
2035 2397
2161 2473
1912 2056
2409 2550
2071 2087
21 161
100 163
2086 2093
107 1815
2446 2586
2224 2336
2081 2609
3556 3688
2199 2325
3240 3397
1134 1415
2304 2461
2010 2102
1559 1757
967 1845
946 1653
2045 2347
1183 1703
2212 2369
3455 3505
1684 3051
2074 2602
2037 2507
2201 2590
3586 3684
1003 1618
483 1427
2451 2608
2056 2615
1397 1882
1344 1752
107 996
1190 1204
2077 2104
1072 1709
1101 1191
442 563
1972 2378
1271 1280
2039 2653
3825 3893
1086 1799
1155 1679
2271 2324
526 1778
800 828
1188 1366
1419 1702
2123 2478
3078 3250
1964 1977
1035 1412
1432 1583
2676 2717
917 1299
2247 2480
2090 2140
3397 3406
1313 1565
1976 2009
1009 1475
1420 1513
1984 2521
2348 2619
2451 2603
3267 3365
1146 1528
2883 3385
1912 2557
2309 2469
2464 2578
2072 2132
1299 1366
2339 2554
1019 1021
1912 2470
1273 1396
1377 1750
2370 2602
2564 2593
952 1663
366 538
1487 1794
2290 2586
2212 2520
1405 1614
3944 3948
1049 1523
1981 2451
2716 3110
1684 3302
1250 1752
2266 2339
1954 2649
1979 2266
2977 3119
1730 1819
2324 2359
1086 1621
3667 3873
2101 2345
1493 1601
1373 1783
980 1689
2546 2601
3009 3214
426 544
1929 2112
2436 2649
2672 2937
1613 1795
142 285
2867 2940
2261 2352
457 459
1125 1516
1052 1472
959 1402
2672 3079
1391 1685
82 123
2913 3250
1370 1809
2153 2315
3519 3918
916 1191
3120 3419
686 763
2727 3048
2138 2653
409 492
1290 1867
1978 1990
423 444
1247 1408
2240 2404
2323 2554
2311 2489
1307 1553
2042 2137
366 497
966 1230
1066 1459
993 1289
3579 3836
3113 3115
773 784
2938 3396
1124 1835
1423 1691
1307 1705
370 567
2928 2993
1953 2046
1607 1896
1940 2333
1391 1520
2289 2445
2386 2485
3601 3906
1402 1833
391 487
2772 3296
1966 2083
637 1001
1918 2551
2124 2299
2126 2317
1813 1845
2436 2598
1373 1794
2979 3409
26 188
2187 2372
2363 2611
917 1396
391 417
107 1263
1469 1815
2020 2376
1158 1345
391 465
1639 1643
1235 1475
1184 1199
2467 2543
1914 1931
373 500
1199 1842
1420 1509
348 554
2095 2331
592 685
2728 3171
3087 3358
598 609
1918 2026
2043 2489
2526 2615
2117 2434
1735 1753
1963 2542
2187 2512
3135 3166
3713 3802
2232 2547
934 1302
414 634
1674 1860
2950 3191
107 1180
3584 3593
2666 3384
1330 1370
520 570
373 637
2068 2643
1086 1291
3168 3176
1261 1475
1439 1613
1491 1849
1970 2396
993 1513
1113 1549
1347 1682
2154 2253
2929 3084
2128 2533
2539 2549
1545 1778
1331 1367
2705 3193
25 76
1044 1104
2985 3040
1243 1811
2500 2623
1685 1730
906 1811
3488 3824
2283 2355
2750 3226
1173 1669
1938 2539
983 1336
592 633
2972 3008
1380 1431
2218 2611
2333 2338
1983 2237
1437 1909
2611 2624
381 509
1077 1911
2909 3184
348 431
2435 2583
96 323
2213 2559
2783 3076
2661 2989
1279 1475
606 1536
1423 1655
1467 1509
1460 1639
394 436
2665 2942
640 681
2247 2608
3171 3214
1390 1868
1420 1571
834 842
246 285
970 1433
1542 1832
2848 3133
1182 1376
2064 2073
1999 2627
1130 1449
2874 3158
1449 1584
3545 3852
1086 1377
2133 2155
2661 2876
3727 3745
1997 2484
2103 2655
107 1042
1086 1471
1427 1763
1170 1273
2138 2282
2294 2508
56 63
2408 2654
2366 2406
2910 3090
1983 2549
1230 1902
2149 2174
455 568
1497 1831
1684 3012
1561 1626
3449 3737
1298 1596
687 783
2906 3022
156 258
946 1184
2088 2165
199 265
736 788
573 633
3577 3642
2739 3140
2213 2611
107 1537
1341 1898
1946 2213
2068 2458
3116 3347
2112 2500
348 502
921 1059
2165 2624
1912 2532
1529 1783
2053 2054
1534 3222
3082 3396
1051 1366
959 1160
2129 2357
917 1241
2277 2488
567 604
1971 2604
2064 2506
1284 1655
1146 1610
1334 1554
2896 3117
455 500
1946 2410
3005 3150
2460 2590
1642 3201
3577 3756
1540 1845
925 1125
1576 1680
1772 1804
2215 2223
2671 2721
2154 2354
2680 2750
1243 1833
2845 3051
1086 1832
3320 3381
1402 1619
719 784
2850 2969
2007 2414
2877 3098
2224 2491
213 345
2264 2458
1932 2007
1167 1783
2214 2219
719 755
2976 3261
2038 2052
2401 2594
1302 1456
1953 2086
2901 3120
2559 2578
1945 2582
1970 2062
3061 3308
3591 3593
1959 2283
2657 2659
2853 2992
896 1231
361 489
2777 2910
2078 2410
1431 1441
2433 2604
1953 2123
556 676
2906 2929
2155 2438
1086 1753
1339 1768
2662 3192
2003 2415
967 1752
1580 1772
412 548
2279 2471
1341 1530
2796 2869
2026 2319
1632 1683
1598 1662
2040 2299
2919 3184
1989 2033
1366 1738
2268 2285
2927 2986
2786 2981
353 517
916 1086
1619 1800
1282 1495
2840 3060
713 818
1282 1742
2188 2556
2557 2642
483 559
3100 3320
2235 2451
2278 2593
2992 3434
1322 1636
1331 1522
1101 1126
2093 2526
1868 1888
2226 2610
2125 2498
2712 3351
1554 1721
2854 3010
1043 1384
2451 2471
58 3290
2408 2655
2241 2617
967 1243
395 556
3068 3154
25 272
456 524
0 285
2052 2087
1026 1522
3756 3962
2086 2229
1684 2832
107 1261
1530 1750
2304 2598
98 313
2495 2593
2061 2159
465 669
1629 1733
2337 2583
3469 3761
1391 1530
2743 3293
1125 1789
107 1820
984 1099
107 1095
2153 2509
397 457
825 884
2463 2510
2095 2559
2741 2910
72 172
1574 1625
2851 3348
1156 1520
2279 2512
940 1139
363 481
2203 2246
583 681
2418 2586
2328 2445
925 1146
2834 3423
1986 2201
352 517
1985 2058
2862 2910
2906 3284
1917 2074
2264 2273
460 521
3993 4030
2374 2546
2148 2328
3485 3966
3140 3194
2218 2404
909 1889
1985 2215
2689 3064
1006 1547
362 415
1318 1602
1944 2133
984 1282
2664 3040
2266 2395
1912 2262
1918 2244
2124 2165
1101 1619
249 299
1120 1682
1059 1420
1912 2507
1146 1435
3593 3786
2951 3038
3120 3406
1 53
352 409
1274 1511
2850 2925
2174 2498
2889 3008
637 957
2784 2848
1953 2326
2112 2428
3621 3797
504 553
2406 2610
2791 2950
2052 2510
2867 3004
483 954
1959 2075
2439 2558
1504 1525
1192 1862
2969 3362
492 542
637 1526
397 477
2793 3035
2804 2984
503 561
404 444
2002 2605
3158 3166
1993 2290
2507 2611
2084 2356
2556 2601
3187 3369
2118 2329
2469 2492
1400 1545
1104 1277
1184 1287
2140 2408
2624 2654
2084 2590
2347 2597
1959 2592
1964 2618
1006 1598
2077 2600
1483 1637
2436 2498
1925 1946
2111 2169
3593 3719
1373 1786
1435 1539
1405 3412
1575 1894
1108 1742
1532 1653
1128 1416
1049 1222
2599 2653
2988 3036
3007 3154
967 1685
947 1126
2676 2913
1079 1793
1349 1374
2179 2244
389 1121
2386 2526
2229 2392
2491 2510
446 539
395 567
1076 1813
3500 3641
2083 2654
921 1793
1171 1173
3611 3734
2910 3073
2994 3174
366 580
916 1793
3702 3966
2993 3047
1687 1705
1205 1520
3734 3968
1789 1833
2084 2374
2927 3232
2347 2410
1513 1852
2510 2547
694 780
3534 3612
2206 2554
747 793
2696 2820
2131 2410
1724 1867
2947 3154
81 269
925 1112
1285 1849
2433 2593
2211 2291
434 517
1964 2292
930 1427
2395 2590
698 810
2887 3399
997 1813
2869 2992
3002 3356
1932 2138
1954 2377
376 432
3477 3637
2203 2400
1032 1099
1136 1144
2784 2979
2007 2537
3008 3309
695 784
1973 1999
1684 2848
2078 2489
2200 2553
1016 1499
1960 2313
2093 2329
1431 1439
67 252
1329 1376
2675 2781
2069 2601
1329 1827
353 420
2664 2877
1076 1737
2765 3082
1604 1809
107 1654
1912 1969
3610 3953
53 92
2128 2479
993 1535
2174 2461
1456 1868
1086 1163
3501 3842
0 45
1290 1791
2866 3232
3652 3665
686 756
2793 2970
2244 2600
2348 2352
1040 1153
1223 1512
2935 3012
1953 2369
3116 3416
2911 3054
2672 2823
3185 3403
2510 2533
2083 2112
1985 2154
2376 2551
1136 1360
1030 1254
2929 3174
2087 2434
389 1507
2821 3119
368 371
1277 1751
2750 2810
528 563
1684 2715
1181 1714
3488 3627
1622 1644
2325 2379
2848 3203
2185 2518
2172 2331
1993 2564
2084 2201
1943 2179
3529 3554
1955 2338
1453 1807
3804 3830
1827 1902
1912 2509
2131 2266
1339 1804
1421 1615
1331 1623
2118 2504
107 1854
2755 2960
896 1019
374 444
1290 1754
1192 1576
2081 2327
529 539
1409 1734
2048 2150
1963 2507
1827 1877
0 63
1175 1457
1004 1610
2063 2324
2068 2128
3503 3800
1589 1804
2759 3064
715 805
2369 2374
2991 3280
2913 3054
2150 2271
1595 1729
2543 2602
414 638
1570 1734
2241 2336
2276 2593
978 1367
3667 3902
695 847
373 542
1366 1876
916 1888
1947 2304
1919 2284
1993 2462
1017 1375
747 830
2077 2150
372 568
439 567
1171 1883
1230 1289
2052 2292
983 1063
98 170
1305 1449
2846 3352
1017 1153
1086 1741
2150 2551
2224 2643
1051 1306
1800 1902
428 500
3341 3342
1416 1539
1496 1504
142 239
1126 1191
1238 1589
2504 2602
1048 1811
1953 2354
1994 2533
2489 2521
3779 3941
3096 3098
2179 2363
2124 2306
2762 3027
2356 2468
2915 3052
1953 2521
2237 2559
1173 1793
2824 3077
2410 2624
2196 2420
2284 2494
927 1255
2325 2406
981 1204
3980 3992
378 515
1577 2417
2078 2329
1966 2369
374 461
1332 1801
1192 1292
2839 3202
2047 2491
952 1491
3495 3797
3437 3720
2956 2966
1277 1635
1032 1649
1009 1583
2029 2501
3510 3829
1945 2294
2408 2604
1925 2586
1568 1880
2739 3379
2748 3224
1249 1756
1316 1732
1291 1835
3316 3419
1823 1902
1920 2081
2129 2614
1399 1530
2526 2619
1959 2254
1017 1181
1006 1662
2088 2551
2010 2087
1305 1610
2784 3115
475 559
3510 3761
2007 2332
2188 2539
596 1828
2433 2484
107 1516
1378 1629
373 473
2289 2508
1979 2460
2666 3096
641 1273
3579 3701
1684 3434
1074 1620
993 1470
1059 1243
136 2004
1355 1473
3460 3782
507 563
932 1107
2046 2060
2803 3211
2240 2484
2729 3137
2939 3102
2244 2331
2169 2512
1959 2135
1768 1849
2276 2339
698 798
360 524
1217 1473
48 80
2059 2206
643 658
0 223
2731 3114
1661 1907
3492 3684
2132 2509
1409 1663
1338 1709
2077 2607
1085 3721
1237 1800
2686 3259
2200 2521
2069 2393
2072 2333
2084 2454
2873 3339
1954 2471
2093 2271
1413 1596
2103 2278
1676 1705
1059 1335
3170 3377
1918 2056
1075 1621
1117 1571
1342 1831
2102 2280
897 1522
2845 3396
1103 1706
1341 1746
1125 1198
1032 1638
1986 2526
0 259
1987 2254
2222 2432
2176 2555
2800 3044
395 431
2200 2323
2068 2196
1256 1559
2738 2945
992 1880
2839 2880
188 258
3980 4005
408 419
1059 1339
2078 2546
2907 2974
1376 1584
2879 3382
1577 2087
3627 3790
1199 1288
3443 3582
1684 3260
3234 3315
2326 2356
2027 2447
186 322
3684 3721
1334 1768
2492 2655
2299 2324
2117 2317
1972 2225
1341 1804
2356 2624
1472 1709
2140 2477
1250 1613
2026 2087
2166 2371
169 271
1236 1634
136 2583
2372 2509
3455 3773
3103 3241
3439 3647
3351 3357
2266 2391
1470 1826
2059 2220
2254 2436
1963 2655
1471 1821
2550 2611
1109 1681
2030 2324
1925 2095
0 240
2282 2461
3360 3406
1949 2181
2006 2159
2742 3060
252 324
3076 3274
2323 2500
1504 1906
3680 3843
3317 3394
996 1860
2188 2495
2735 3244
109 271
2508 2598
1237 1390
2313 2443
408 537
2328 2461
92 249
2085 2211
1551 1891
999 1199
1684 3157
2718 3418
2370 2507
2974 3387
428 1545
402 553
2414 2485
2828 3247
3345 3403
3265 3397
1491 1613
731 810
1104 1429
1565 1744
0 187
966 1879
488 527
1587 1893
107 1812
2966 3250
1376 1390
1597 1612
1075 1864
2607 2654
1359 1517
1684 2910
436 651
3090 3123
1939 2273
2880 3065
3512 3800
1819 1833
1116 1730
2549 2586
927 1669
1008 1505
1256 1900
1040 1712
698 823
1994 2333
1075 1659
2346 2389
2171 2636
1984 2468
2915 3114
1611 1857
13 26
2131 2489
1256 1335
1912 2542
2951 3291
2916 3054
2042 2502
3873 3943
1083 1457
698 888
1230 1390
2828 3082
940 1418
2184 2278
948 1878
1068 1662
2426 2510
2852 2940
2268 2398
1182 1608
3150 3406
2220 2339
2241 2399
1573 1628
388 537
432 444
1309 1322
2028 2347
619 678
2165 2347
2068 2417
1209 1886
2112 2359
2662 3154
1942 2142
2610 2641
2111 2259
2414 2464
1366 1633
637 1897
2069 2428
3459 3614
2944 2953
1668 1810
3291 3422
1080 1785
1954 2128
3901 3933
1256 1835
400 567
1341 1712
2088 2287
1391 1835
1390 1491
1918 2218
2005 2078
1991 2648
1926 2304
1048 1269
2064 2140
483 1611
2732 3180
1684 2845
2047 2128
1912 2378
3705 3921
1052 1366
1158 1732
747 805
2241 2616
924 1482
1069 1101
2047 2629
3090 3119
2101 2479
1117 1280
2161 2543
2329 2495
1003 1809
1352 1622
1117 1153
107 1909
1920 2351
3466 3726
503 559
2368 2598
592 684
1078 1330
2326 2600
1132 1370
3842 3968
3638 3932
405 513
2754 3232
1017 1530
3998 4023
1462 1587
626 657
2756 3363
1628 1715
2075 2377
755 849
2757 3022
3090 3139
3138 3307
2901 3070
1076 1622
1603 1793
400 461
1135 1431
9 21
3104 3130
1956 2281
26 67
2944 3025
2095 2600
2218 2546
2133 2333
2896 3286
2680 3149
1495 1661
2176 2567
1374 1645
1017 1149
506 520
107 1365
1536 1690
2339 2464
2754 2782
431 566
2078 2124
2829 3086
3000 3364
1092 1864
1352 1849
14 144
2302 2475
2428 2526
1130 1271
2796 3076
1029 1201
1191 1861
1984 2410
981 1786
932 953
2189 2429
931 1694
1006 1668
1232 1378
3702 3737
1437 1816
2006 2014
2292 2560
2271 2574
2753 3261
1126 1662
2363 2395
1520 1816
2067 2602
3750 3971
896 1204
136 2511
3596 3684
400 493
1181 1375
1953 2624
2676 2917
2090 2631
366 1237
4004 4038
3593 3758
4 195
433 510
1089 1667
960 1613
1663 1835
2118 2201
2139 2507
2046 2611
1323 1359
544 563
2347 2387
1120 1404
727 805
1291 1833
995 1488
3123 3166
397 557
2743 2896
589 636
3009 3082
2051 2614
2694 3033
1456 1809
2445 2526
1185 1789
2363 2492
1577 2117
2073 2468
1003 1352
1525 1781
2733 3262
2400 2629
2386 2500
1332 1660
2040 2631
1684 2691
982 1516
1746 1833
2866 2891
1925 2150
1464 1487
1188 1355
467 532
2728 3086
3710 3835
226 343
1157 1383
2081 2462
526 906
1827 1888
1929 2271
2037 2619
2112 2549
1984 2212
2081 2148
3506 3648
514 544
2184 2500
1981 2438
1912 2452
1261 1742
1912 2184
2987 3084
2240 2352
1522 1663
1966 2044
952 1391
1989 2233
1125 1842
1305 1768
992 1895
2359 2484
107 1294
389 1681
2005 2306
954 1824
2526 2590
1959 2072
3190 3275
1945 2002
25 88
2212 2356
1554 1613
1247 1818
1157 1909
2308 2410
1993 2324
1576 1728
1019 1578
389 469
373 517
2440 2448
2210 2290
2199 2582
2763 2862
1244 1591
1984 2033
3752 3945
966 1737
2728 3346
2712 2716
1480 1805
1214 1323
2090 2154
573 579
1043 1111
1920 2592
2042 2445
2184 2560
2778 2853
2323 2352
952 1597
1122 1616
1305 1584
3556 3693
2059 2275
1919 1995
686 809
2111 2305
2719 3017
2086 2500
640 643
2212 2573
2679 3029
2201 2467
2775 2845
2180 2372
1757 1800
1307 1615
2077 2418
2807 2887
2502 2643
1049 1391
1441 1779
1986 2381
1294 1425
1684 2835
2029 2298
315 323
2200 2271
2430 2593
348 520
1970 2003
1130 1153
1750 1844
400 488
200 277
1971 2433
2781 3335
2620 2645
1419 1674
414 684
2332 2463
2093 2593
2000 2024
2200 2504
1965 2231
3096 3232
2147 2600
3225 3403
1684 3067
1733 1787
2266 2275
1714 1736
3262 3350
1522 1608
1939 2081
2774 3147
2043 2271
3920 3964
1152 1258
1994 2283
2937 3267
1718 2117
2729 3417
713 722
770 781
1126 1753
2111 2399
2172 2261
1469 1672
1023 1674
348 441
1089 1672
2025 2659
1076 1416
1227 1475
3442 3590
1576 1715
1939 2264
2324 2428
107 1345
2143 2498
400 524
1734 1902
1379 1862
291 332
433 563
2777 2810
1927 2097
2097 2626
917 1235
3002 3176
1373 1459
1619 1683
2154 2556
2446 2655
2729 3073
1962 2078
1980 2202
2126 2587
2352 2410
1331 1377
2276 2615
3442 3472
2833 2973
2107 2260
2289 2629
2395 2607
1449 1488
1617 1637
994 1479
1123 1488
2038 2185
2590 2615
2216 2492
2047 2649
1172 1330
1944 2272
2199 2313
107 1070
2117 2191
2045 2578
1547 1556
1277 1655
2294 2396
931 1064
3500 3696
720 774
2236 2317
946 1804
2086 2428
2768 3151
1163 1584
503 557
3501 3797
2762 3140
2890 3052
2033 2098
1997 2356
2347 2629
2065 2384
1932 2010
1420 1538
2978 3010
2139 2521
2163 2344
1962 2484
2045 2150
178 186
1136 1511
3437 3758
934 1269
3123 3158
2266 2478
1114 1248
1302 1517
2797 3320
824 828
3484 3968
3454 3621
2169 2292
2053 2191
2786 3033
2037 2172
2216 2564
1612 1768
1126 1867
3580 3894
2030 2430
999 1125
1820 1907
2090 2150
2102 2259
1156 1542
216 243
927 1736
1593 1806
1495 1595
2486 2650
1331 1800
2051 2126
765 856
915 1625
2005 2408
1991 2538
140 312
3584 3792
21 108
2253 2549
414 662
1006 1816
3473 3628
2925 3054
2032 2616
1471 1826
458 514
2140 2311
1160 1663
1998 2027
2872 2910
1993 2655
1167 1500
2128 2138
2359 2477
1017 1761
1419 1843
3111 3219
1104 1345
2401 2426
3199 3358
1598 1797
3562 3594
2326 2556
2284 2645
500 527
2679 2907
2060 2506
1115 1231
1971 2257
956 1403
1352 1765
2869 2881
1214 1359
2046 2560
2210 2404
3629 3778
980 1621
2032 2434
1688 1750
2339 2500
1331 1399
2117 2199
423 646
561 606
1156 1199
1339 1375
2507 2521
1142 1616
2127 2419
898 1277
1925 2500
59 118
3221 3248
1153 1156
2373 2412
938 1118
1684 3368
1173 1517
3445 3743
3437 3928
1684 2725
2102 2292
0 92
26 113
2905 3084
2873 3047
395 460
1209 1331
1315 1655
1186 1548
2724 3346
1663 1800
1160 1868
2039 2203
2174 2617
2073 2122
2833 3154
2030 2563
1198 1557
580 1878
573 603
719 768
1014 1857
414 553
1945 2473
966 1902
2305 2372
2755 2800
107 1035
1109 1541
885 887
390 450
3041 3101
1917 2043
40 56
1334 1435
747 770
1604 1898
1953 2290
2944 3142
1205 1604
1375 1390
1373 1729
1997 2467
1153 1584
2506 2625
2150 2606
1999 2284
2500 2564
1926 2186
1335 1391
3534 3906
1942 2393
1862 1903
2492 2539
2282 2344
2179 2539
3065 3085
1019 1715
927 1367
2944 3417
3990 4007
2073 2654
2053 2594
3114 3394
378 394
2625 2655
2275 2611
2783 2976
1138 1403
1665 1689
520 527
2579 2638
1597 1735
950 1687
1260 1504
713 766
204 242
2095 2564
1684 2786
2199 2498
2386 2593
3069 3154
1160 1243
2328 2531
2825 3256
1942 2478
1343 1699
1960 2126
984 1591
3800 3824
3078 3149
947 1269
2560 2654
1471 1863
1598 1839
1126 1352
982 1730
2083 2549
2700 2812
127 159
2116 2355
2912 3232
1132 1530
1380 1600
1598 1772
2206 2593
1251 1307
353 376
494 536
2410 2521
1684 3414
1107 1447
1962 2055
982 1547
1184 1867
2696 3274
2981 3363
1912 2646
1324 1382
1267 1603
1529 1770
1331 1488
1943 2190
3210 3415
2278 2559
2843 2865
1173 1391
2309 2478
1082 1279
2872 3294
2867 2917
1255 1721
394 408
1940 2196
1916 2203
1983 2454
3998 3999
2310 2419
2564 2625
3232 3257
1230 1621
2179 2311
2352 2532
2062 2111
3267 3419
938 1333
2058 2216
2086 2607
2196 2215
416 503
2032 2598
2144 2436
1768 1774
430 525
2184 2376
2244 2363
3021 3152
1589 1643
1488 1522
2376 2410
1212 1425
1912 2454
2131 2462
2718 3296
363 1645
370 566
1916 2509
1261 1454
1986 2499
3186 3350
1243 1522
395 461
2374 2630
3265 3277
3747 3791
1984 2040
1610 1653
952 1431
1280 1902
2417 2597
1966 2240
2909 3339
997 1559
2956 3384
1912 2294
2135 2567
2274 2415
3640 3804
2664 2966
3241 3371
3348 3426
3196 3221
3594 3649
2953 3417
2068 2081
1288 1900
2276 2323
2367 2597
1782 1909
2244 2253
2078 2188
1979 2213
916 1305
1917 2386
3486 3506
386 532
2059 2201
3115 3132
2074 2646
2171 2640
1211 1409
3019 3350
2504 2549
1142 1625
107 1271
727 800
1199 1467
3450 3642
2919 3142
2940 2986
2249 2313
1954 2292
3639 3898
2313 2448
2033 2220
1375 1416
553 683
1684 3168
2279 2434
2331 2606
1644 1765
1017 1712
1083 1621
2810 2880
2939 3330
469 551
2294 2592
360 415
23 267
2084 2625
13 261
2062 2274
2909 2986
2668 3140
1598 1604
993 1620
1757 1782
2719 3115
1217 1885
1018 1066
2226 2419
819 827
85 170
2165 2201
2436 2617
2028 2420
933 1794
2266 2359
3995 4026
2066 2211
1959 2325
3604 3640
2005 2556
1243 1791
2183 2594
3747 3964
944 1159
1146 1621
3437 3970
2062 2242
2109 2414
2789 2978
3613 3919
1021 1432
2068 2294
26 118
1201 1551
1665 1809
1032 1907
2941 3361
1467 1612
1128 1833
2183 2582
2078 2521
3255 3369
2349 2466
1982 2522
23 190
1302 1736
3051 3296
641 1778
686 742
1684 3077
2117 2368
2478 2501
3101 3291
2083 2404
2368 2649
3633 3692
3634 3752
1035 1500
1036 1404
2464 2646
2039 2144
6 89
2169 2289
2206 2306
2323 2504
2030 2043
1995 2660
1959 2533
107 897
2175 2286
2090 2323
446 517
993 1467
1077 1337
3211 3330
9 276
2832 3015
1163 1431
1076 1597
2778 3267
2254 2279
1809 1839
1107 1833
1102 1582
1004 1471
1426 1479
1509 1513
2131 2613
107 1852
1086 1431
2053 2203
2916 3339
3145 3320
2938 3118
1922 2424
2131 2586
1584 1809
1222 1663
1912 1958
1062 1896
1160 1487
2112 2339
2174 2491
2189 2567
753 769
2866 3339
3498 3715
1593 1758
641 1549
2955 3221
1327 1563
373 528
1179 1223
3490 3580
3571 3965
1295 1785
2675 3330
823 838
2341 2455
1344 1827
2906 2916
2618 2628
2348 2559
1117 1746
1979 2655
1985 2561
1018 1638
1611 1720
627 662
2819 3289
3187 3425
28 326
2927 2966
2290 2578
1192 1578
2398 2419
2465 2543
2779 3412
1211 1683
2955 3256
2143 2555
3120 3345
3056 3433
2913 3226
3437 3965
2816 3264
1150 1702
1277 1583
2133 2246
2098 2347
2450 2548
2339 2576
13 332
2353 2469
2154 2306
2756 3090
1520 1685
1148 1655
3001 3154
2133 2267
3062 3289
1547 1605
2054 2438
1659 1867
1515 1582
1361 1619
422 630
2694 3142
819 828
1471 1590
2029 2333
614 645
1130 1662
1953 2462
2104 2607
2232 2289
1160 1201
2002 2419
1048 1688
1687 1708
3344 3355
1945 2608
3472 3840
2150 2348
2318 2419
1912 2387
713 746
2155 2226
3070 3101
2108 2164
1577 2128
373 425
3758 3786
483 1406
1255 1323
1620 1835
463 483
2563 2564
2464 2611
2367 2394
2187 2475
1951 2585
1036 1235
2124 2271
2275 2354
1340 1833
2539 2560
3557 3824
2241 2594
2464 2543
764 783
1554 1609
3447 3682
2069 2591
2684 2976
2228 2260
2698 2800
1971 2064
3596 3828
2559 2646
1231 1647
2501 2649
3330 3419
1661 1859
1083 1199
698 889
2680 3304
1959 2280
1068 1207
92 346
2200 2275
3829 3956
711 853
2488 2628
1352 1610
2881 3111
1334 1897
1183 1569
1446 1549
424 516
107 1167
2986 3174
1480 1821
2147 2339
636 680
3680 3714
2118 2299
2171 2639
990 1678
1921 2297
2890 2988
417 560
927 1589
363 1844
1999 2337
2983 3072
3461 3831
1166 1221
2323 2575
3950 3979
1962 2154
3261 3396
2793 3319
2078 2340
2974 3078
2901 3201
1056 1791
1614 1782
2276 2604
2030 2602
107 1717
1265 1323
896 1448
1683 1789
964 1667
3198 3330
1017 1665
1004 1877
391 493
2032 2072
686 687
1257 1841
1993 2276
2141 2318
651 1223
946 1603
1204 1573
2945 3363
1291 1810
2109 2464
1912 2340
1398 1804
2845 3172
2007 2047
2347 2428
2104 2563
1603 1662
2102 2475
1601 1798
1059 1659
3023 3213
1951 2640
1938 2464
1340 1539
1604 1736
1099 1661
1198 1530
2724 3223
2109 2655
1952 2003
395 514
2395 2611
3248 3383
2043 2363
1634 1807
1299 1482
1156 1622
3129 3301
921 1323
1519 1535
3010 3333
2974 3399
919 1495
3001 3019
2560 2619
3437 3757
2539 2619
3077 3415
3034 3261
2131 2229
3810 3947
1987 2133
3718 3833
1444 1703
694 696
1230 1911
954 1014
2203 2250
29 247
3079 3386
856 876
1912 2399
1006 1621
2212 2495
1985 2137
3027 3136
2881 3112
1666 3100
1112 1886
2905 3324
3628 3819
1334 1761
1352 1724
1236 1650
650 659
2333 2399
1973 1976
1191 1323
2927 3117
1064 1453
1789 1877
2150 2460
1714 1769
2264 2547
3553 3563
2750 2969
2038 2566
2095 2492
1732 1848
1953 2339
2738 3400
2690 2787
1959 2351
2078 2619
2909 3142
2246 2509
1378 1895
1130 1799
1921 2585
1160 1620
363 1673
1628 1647
3611 3800
2150 2275
1063 1488
484 1882
2759 3303
2209 2480
3509 3951
1302 1622
2409 2429
261 265
1966 2615
2673 2763
460 559
2229 2348
1943 2428
772 827
1684 3332
2056 2655
1471 1809
1722 1805
186 341
313 342
2991 3101
1921 2533
2139 2433
1723 1898
2383 2507
2257 2347
2154 2237
3049 3411
906 1688
938 1787
953 1842
1388 1835
1712 1816
1316 1828
2309 2638
1437 1663
107 1243
1167 1472
1943 2353
3859 3861
2716 3101
1090 1244
0 125
1551 1849
2139 2410
2495 2543
1222 1678
483 1166
2135 2384
888 889
2218 2253
573 609
1028 1291
2695 2867
428 513
2512 2588
2963 3084
822 839
2117 2224
2578 2590
1435 1540
686 840
1227 1728
1735 1851
1073 1908
2031 2327
184 329
916 1380
1723 1746
1973 2494
1530 1610
3483 3937
1136 1410
1476 1642
2271 2410
2607 2619
2815 3096
1675 1753
2067 2303
1941 2594
1205 1456
3595 3725
2661 2765
2020 2213
2128 2246
2131 2414
2237 2253
2418 2542
1137 1601
3052 3303
414 639
1409 1712
2426 2513
1420 1456
2276 2526
1359 1717
2293 2461
1376 1663
2929 3435
2240 2339
3525 3889
633 680
1684 2714
3651 3929
1126 1557
1554 1793
1291 1467
4018 4030
3326 3327
1361 1398
2199 2203
1941 2578
1351 1551
2675 3189
596 663
1037 1876
2681 3324
947 1049
2098 2278
1577 1994
1981 2161
1185 1752
2664 2754
1099 1812
774 823
2223 2384
2043 2266
2173 2314
2206 2253
2117 2215
2142 2646
2208 2229
180 299
1475 1636
2777 2806
1072 1348
2866 3195
107 1323
2037 2559
747 856
2307 2559
939 1212
1153 1185
957 1347
2021 2601
1559 1669
370 461
3440 3633
2325 2452
2763 2880
1269 1334
2042 2543
1472 1507
2585 2658
452 566
991 1590
567 590
2337 2435
1485 1753
1164 1761
2469 2551
2124 2631
577 627
1135 1255
1946 2331
2235 2461
1048 1376
1516 1530
512 538
107 1211
1132 1598
1035 1472
3018 3100
2309 2561
1684 3351
1029 1056
2410 2615
3630 3829
946 1172
2126 2129
1976 2284
2354 2526
414 544
2111 2547
1922 2107
1380 1898
107 1091
1765 1768
2117 2530
2229 2495
3064 3284
1912 1913
2444 2486
592 630
2302 2429
2138 2351
2228 2488
993 1335
3140 3302
25 40
1377 1662
197 320
2127 2312
2890 3339
2383 2428
2060 2309
3161 3225
2302 2319
3026 3195
916 1172
444 545
2271 2601
1377 1467
1962 2601
1420 1799
2518 2611
1918 2278
1076 1559
526 1864
2261 2602
1361 1805
3000 3238
2090 2179
2484 2554
10 67
927 1663
2319 2475
2224 2250
2020 2329
2353 2624
2744 2825
701 834
1243 1754
2748 3154
461 553
922 1614
1530 1833
1709 1756
1993 2554
1076 1146
2381 2500
927 980
2153 2194
1172 1205
1966 2601
107 353
2959 3318
1618 1819
1074 1839
3116 3320
3819 3874
3173 3431
3437 3531
2156 2388
916 1665
1059 1752
2118 2142
580 1113
2103 2218
1122 1743
2179 2381
1969 2385
2127 2458
1515 1794
2151 2377
3613 3830
812 815
2026 2128
1612 1791
2118 2429
3005 3214
2030 2218
999 1076
67 223
1227 1502
1608 1842
2340 2478
1513 1590
1227 1576
200 223
2058 2607
3534 3761
3437 3748
1341 1431
2293 2302
1955 2161
2073 2074
1052 1536
1113 1645
1783 1824
1912 1922
2346 2435
1006 1361
526 651
2689 3417
3146 3397
1420 1888
2083 2551
1948 2138
2142 2290
1360 1555
2730 2758
657 682
2877 2916
2104 2363
1185 1554
3450 3528
1620 1877
952 1827
3150 3351
1559 1898
993 1867
2240 2500
3046 3393
2117 2319
2063 2340
2046 2602
3471 3545
34 173
2751 3093
1153 1746
1985 2512
2068 2384
2345 2510
2778 3172
1491 1864
1993 2556
2745 2866
1551 1570
120 247
3204 3296
1941 2507
2347 2530
817 828
2299 2467
2233 2646
975 1204
2983 3012
3036 3387
711 745
2912 3339
2127 2351
524 542
1684 3327
1684 3404
517 1320
3758 3764
1684 3220
107 1135
1943 2136
1004 1391
1984 2331
2169 2588
2989 3038
3584 3969
1948 2054
641 962
2677 3103
489 557
1621 1789
1912 2273
2033 2630
3640 3702
995 1620
960 1832
2364 2647
1377 1388
2787 2793
3524 3602
1149 1845
1538 1780
2958 3019
1111 1197
1298 1462
2244 2607
2282 2544
2881 3199
1948 2295
977 1169
1333 1378
3035 3297
932 1622
988 1231
483 1396
999 1612
1663 1823
1189 1783
2667 2841
1335 1712
2121 2623
416 563
400 475
2890 3137
2420 2533
2005 2551
107 1559
1146 1614
1131 1703
3586 3765
3054 3399
1987 2047
2061 2583
2563 2623
242 322
975 1475
1997 2374
3636 3921
697 819
136 2471
1124 1827
1067 1229
1614 1867
1341 1516
1188 1876
1964 2416
2670 3382
348 465
1994 2592
1367 1668
1984 2140
2567 2643
2093 2485
2331 2460
2118 2220
1104 1473
2361 2523
1966 2109
1928 2417
2276 2374
1523 1572
3523 3562
2125 2224
1684 2826
2676 3096
2164 2229
1912 2247
107 1302
3115 3291
2074 2354
2275 2363
902 1192
1174 1494
1335 1665
1684 2969
2728 3162
2093 2646
2410 2574
2026 2292
2020 2115
415 542
214 289
1334 1718
982 1390
2233 2351
921 1509
2199 2368
1515 1595
438 556
2117 2135
1382 1582
2309 2520
2233 2492
1943 2271
1559 1839
1465 2368
1209 1431
2266 2433
1138 1889
1576 1647
925 1623
3035 3239
483 604
2489 2602
2702 3189
2244 2348
1912 2182
373 378
3538 3868
2302 2491
2087 2351
2384 2617
1018 1573
1959 2054
360 497
2074 2109
2062 2420
1684 3149
780 819
376 412
2468 2594
2986 3232
577 647
428 614
3150 3347
2326 2573
1804 1833
977 1482
2257 2500
2054 2224
9 142
1019 1257
1995 2337
1563 1852
641 1113
976 1616
1046 1194
3538 3657
1078 1538
1117 1622
1938 2507
3275 3291
686 697
2467 2492
2139 2625
2683 2729
1715 1729
3150 3409
1207 1380
1167 1481
3051 3204
1279 1728
2046 2229
1370 1604
2287 2428
2778 2875
1083 1833
2921 3411
2115 2150
908 1615
3437 3897
456 523
2033 2275
2418 2615
2913 3098
1721 1867
1984 2423
3145 3267
3668 3945
1941 2184
2074 2376
2332 2510
2002 2246
409 536
148 339
1684 2952
897 1256
2754 2835
433 504
3038 3355
3239 3381
107 1726
2996 3097
1963 2290
2040 2489
2060 2495
541 568
1059 1375
142 161
1718 2463
1379 1899
3596 3756
2053 2283
2773 3293
2040 2619
1684 2768
497 507
1132 1184
2563 2574
1330 1685
1953 1993
1605 1800
2261 2423
2046 2395
2084 2560
2661 2950
1250 1375
3605 3785
422 604
738 795
1616 1677
2095 2526
2328 2351
1102 1166
1339 1879
2001 2583
988 1235
1181 1795
3179 3262
178 231
161 199
271 297
460 558
2095 2139
1101 1613
3207 3412
1912 2528
2183 2332
2095 2369
1126 1173
2039 2071
1684 2701
1009 1423
475 481
2951 3421
2354 2500
2789 3026
2032 2223
2668 2772
2139 2495
2703 3382
1938 2430
0 156
3118 3332
2039 2191
2075 2161
2188 2560
686 838
694 745
1293 1488
2395 2551
1471 1827
136 2187
1551 1867
1513 1835
107 1375
1083 1330
107 1591
3459 3529
2221 2226
1185 1735
3089 3393
1953 2446
1912 2401
1121 1536
2014 2364
2741 2977
1146 1539
2188 2600
913 1173
1936 2562
1160 1741
99 175
2078 2165
3018 3277
2976 3172
637 1313
514 538
2184 2216
3638 3918
2665 3326
2794 2810
2327 2436
1583 1682
1288 1757
1523 1540
582 640
361 376
2078 2083
2153 2174
2751 3342
2206 2218
3113 3299
3545 3557
3831 3968
2283 2617
1267 1827
3640 3838
7 291
2366 2592
1751 1824
3084 3130
1938 2206
2200 2326
1551 1898
107 1672
359 391
2299 2348
1191 1736
1932 2292
2359 2539
2188 2552
3826 3951
1131 1831
1339 1735
1349 1740
2815 3232
2229 2468
1947 2151
1232 1468
896 1596
953 1470
2030 2140
1516 1662
1302 1761
1199 1620
2036 2047
1032 1102
3106 3342
2332 2368
21 323
2891 2966
2154 2604
1238 1255
352 375
1932 2398
1563 1584
2072 2235
2045 2430
3705 3818
1271 1352
1175 1663
483 637
2118 2395
687 774
1770 1904
3542 3611
719 737
2342 2371
1959 2268
1004 1600
580 1692
2137 2555
999 1530
1009 1680
497 524
2062 2243
2683 3010
1125 1336
2189 2336
946 1563
3475 3930
2071 2143
2161 2390
2069 2464
2979 3201
455 522
2698 2940
1110 1339
2068 2319
2394 2571
1584 1864
2169 2472
1199 1702
1487 1844
2078 2391
2152 2405
982 1604
1335 1623
3632 3720
2901 3009
483 1148
2216 2408
3052 3237
2340 2602
1125 1879
3690 3803
1373 1573
1993 2404
1028 1632
3449 3948
1984 2172
1979 2212
2074 2564
1431 1879
1236 1366
925 1175
452 470
414 631
2418 2575
2872 3096
2687 3209
158 232
2694 3384
1997 2354
1079 1290
2053 2279
2233 2363
3860 3938
439 525
2409 2467
2583 2639
916 1861
2063 2188
2044 2520
1288 1746
2220 2408
0 298
1184 1833
1146 1791
1101 1289
1718 2127
2151 2384
1986 2323
2951 3018
169 185
1280 1359
1400 1645
2323 2381
254 330
2899 3139
1938 2210
3027 3051
2785 3249
1160 1205
2122 2206
2075 2451
1201 1835
2071 2351
2188 2329
1201 1868
2139 2593
1272 1714
3242 3329
3718 3903
2290 2601
1597 1746
2673 2754
348 519
2664 3384
432 555
2417 2571
395 601
3715 3815
1488 1746
2189 2594
2573 2600
2206 2370
2749 3363
1932 2333
3442 3773
1610 1804
3101 3115
697 748
2300 2414
2283 2319
3256 3274
2053 2315
1993 2575
3590 3815
396 481
261 314
2240 2370
483 1204
1352 1813
1185 1589
2258 2356
1583 1783
2088 2578
1687 1719
580 1080
2072 2653
1987 2174
595 675
2206 2240
3721 3948
0 343
2030 2578
1365 1886
1495 1706
1287 1557
1185 1750
3040 3065
1420 1752
1075 1724
2095 2395
497 503
2520 2654
2149 2384
2127 2343
475 557
1965 2166
3176 3366
3525 3970
2223 2582
1051 1630
2282 2285
1148 1859
1525 1699
1330 1483
2068 2338
2028 2283
2323 2506
107 1841
1238 1539
933 942
2226 2566
1128 1819
1166 1504
3040 3387
2072 2198
1985 2244
1188 1500
1912 2073
2331 2550
1191 1643
1945 2555
538 1179
2478 2619
1028 1471
2395 2556
3557 3642
1683 1877
2850 2880
2348 2492
1524 1796
3247 3330
2213 2654
2407 2607
2124 2468
1426 1583
910 1657
2047 2282
403 519
1120 1231
2138 2368
2668 3321
2040 2045
1125 1380
2705 3085
2090 2532
2676 3184
3830 3966
1003 1242
691 822
1947 2518
3179 3188
1577 2127
1146 1570
2742 2863
3152 3182
160 260
2331 2573
3022 3348
3640 3860
2846 3321
2409 2446
2461 2543
2064 2109
957 1732
2032 2246
1684 2684
3621 3684
3110 3302
2062 2629
2974 2986
2121 2363
2877 2940
2932 3016
1431 1768
2974 3174
2087 2247
3643 3895
2829 3366
1705 1825
908 1567
698 883
754 840
1943 2303
2533 2649
2283 2543
1246 1504
1945 2191
3062 3069
1074 1470
597 625
1281 1282
1929 2409
3478 3587
970 1847
2755 2944
2001 2364
917 1324
2773 3004
3525 3677
2154 2625
3778 3876
1035 1170
2184 2561
960 1617
1931 1991
1172 1530
1684 2780
917 1751
107 1008
2994 3324
2078 2098
1923 2610
2920 3363
415 460
3033 3085
2220 2430
3101 3344
1001 1374
3051 3287
1256 1288
2257 2266
773 815
2283 2461
1113 1358
2241 2518
2886 3126
1971 2237
2867 3174
3452 3573
800 842
479 545
2045 2602
2475 2598
2478 2564
579 612
713 751
2376 2611
1080 1545
1358 1740
1918 2188
2073 2090
1207 1610
1399 1683
3465 3975
2664 2835
465 517
2143 2620
596 1019
2116 2583
395 506
1282 1373
1554 1845
2174 2199
927 1730
3076 3172
2001 2633
2109 2604
2910 3417
0 252
906 1480
2056 2584
3285 3366
2867 3078
2261 2564
1912 1998
1282 1459
2460 2553
2203 2338
3495 3944
1370 1522
1912 2167
1076 1623
1600 1603
2732 3251
224 276
984 1742
3438 3540
2199 2399
1505 2678
578 661
2229 2467
1454 1704
1004 1689
373 421
947 1551
903 1216
82 252
3509 3714
1278 1730
2849 3345
2127 2533
2945 2956
2339 2615
1329 1851
107 1720
3874 3917
2083 2543
1211 1810
2133 2232
3590 3715
2334 2586
1960 2120
2500 2532
2467 2554
3103 3176
2107 2570
1966 2600
1217 1453
1918 2601
916 1456
3604 3627
1608 1622
966 1730
2708 3350
41 337
1032 1893
2793 3342
441 501
3980 3983
3743 3917
2101 2117
2216 2374
1938 1953
2984 3377
985 1000
1684 2998
942 1081
2031 2141
3226 3348
2001 2378
2906 3363
1973 2097
2271 2638
2093 2638
348 445
1181 1211
1534 1687
2144 2599
1086 1302
1974 2214
3448 3586
428 542
2210 2215
2694 2877
2043 2233
2574 2619
2761 3303
2154 2654
2246 2333
2307 2549
1684 3150
3000 3085
3740 3921
1684 2927
2384 2434
500 503
2218 2339
2712 3434
817 830
1373 1508
1946 2154
1302 1827
1804 1868
1446 1565
1985 2083
2717 2872
1554 1734
1977 2256
1462 1790
2430 2601
787 827
3924 3947
1465 2384
1678 1852
3793 3810
1080 1677
858 870
2212 2370
2717 2866
2275 2408
902 1680
1117 1665
1610 1800
2020 2308
995 1238
995 1160
2165 2579
2563 2615
1684 3411
2073 2356
1435 1807
2218 2240
2946 3149
1465 2510
2209 2270
2921 3397
2783 3087
402 545
348 435
1015 1715
517 1778
3651 3828
2282 2598
3762 3804
2810 3123
3302 3356
1191 1842
1246 1749
1068 1622
3675 3957
2180 2543
3702 3800
2936 2989
2853 3330
1917 2604
1000 1759
503 537
1336 1714
107 1700
1160 1604
952 1584
686 825
1182 1528
1126 1278
3683 3692
2073 2095
109 203
2060 2462
1942 2353
2874 2907
1926 2007
1603 1795
1159 1783
1029 1902
3239 3247
1684 3137
1056 1902
927 1590
2827 2919
0 168
3062 3177
2267 2385
3102 3297
2772 3242
1272 1391
2283 2368
3302 3321
2216 2560
2849 3152
2148 2194
1919 2626
1173 1867
2095 2275
1153 1238
2730 3191
703 824
1822 1905
0 141
1009 1903
2694 3108
1265 1861
3458 3711
26 185
2169 2589
3257 3364
1407 1730
2209 2296
2757 3417
2126 2448
2348 2521
3072 3212
2407 2646
1158 1628
1344 1532
997 1622
2188 2340
1689 1877
1398 1612
2879 3318
513 637
934 1668
2384 2598
3838 3943
2199 2461
2045 2619
2290 2655
3459 3758
1943 2433
1211 1617
1550 1591
1091 1271
2492 2559
2902 3131
2139 2244
2823 2992
504 529
1540 1877
2128 2509
2157 2337
2127 2512
3020 3117
2286 2488
897 1620
432 497
374 559
2229 2654
1329 1639
2326 2500
1960 2540
2073 2306
2419 2510
1811 1839
1211 1735
2005 2331
3196 3327
398 559
2793 3335
921 1535
2369 2469
2237 2624
2665 3214
1912 2105
1688 1689
1271 1714
3299 3351
1684 2738
601 976
2045 2055
3259 3404
1593 1687
2010 2344
26 66
2846 3397
2687 3397
3497 3940
3565 3756
3000 3363
1979 2353
1190 1515
2021 2030
3491 3938
1017 1793
580 1358
1380 1570
1920 2102
2354 2575
3184 3363
1737 1796
2763 3052
590 617
1932 2475
1947 2432
2636 2645
2188 2369
2394 2479
1155 1878
408 412
1671 1831
3568 3758
969 1794
1192 1655
1800 1842
903 1892
3215 3239
484 526
2869 3060
3437 3916
2598 2608
2240 2607
1211 1730
2190 2433
1726 3179
1613 1809
1375 1584
2556 2573
2731 3026
2153 2419
967 1772
1684 3075
1290 1352
2297 2364
2098 2331
807 823
2063 2179
686 705
508 542
1108 1751
1035 1531
1101 1874
2026 2461
2561 2654
2334 2615
2289 2617
1971 2112
1062 1469
3692 3968
107 1555
1062 1435
2783 3341
2730 2819
366 483
1774 1911
2112 2386
1997 2136
1153 1772
2443 2478
2077 2504
1737 1819
506 545
1125 1804
2188 2348
1059 1539
3302 3343
1966 2244
398 545
1269 1782
1074 1768
2081 2598
2737 2892
1684 3303
1290 1864
348 496
2499 2591
408 560
1238 1722
1478 1831
2045 2077
583 661
1153 1184
2188 2638
2282 2283
2093 2201
2173 2412
3101 3302
203 338
1962 2404
3536 3922
1983 2201
2074 2139
2507 2646
2843 3198
3790 3860
1373 1591
2005 2489
353 1694
1361 1390
590 609
3896 3903
2963 3042
2438 2480
2190 2526
2928 3026
1070 1745
107 1813
1056 1124
418 555
2887 3293
2916 2985
2661 3239
2077 2131
1106 1311
1196 1449
2090 2446
2282 2516
2911 3064
1309 1732
2556 2630
1288 1707
1075 1513
2020 2564
1163 1305
1047 1734
2676 2745
2877 3324
3036 3166
1166 1495
1376 1737
402 558
1449 1868
2115 2559
107 1437
10 277
2159 2171
1605 1622
2772 3214
2989 3154
1366 1667
2201 2495
1037 1482
2172 2646
1917 2271
1416 1528
1047 1199
1117 1722
583 632
2010 2174
389 1428
1504 1536
1296 1385
2021 2409
1156 1612
1243 1804
370 591
3084 3104
1294 1549
2074 2078
1945 2283
2247 2610
2105 2120
2934 2962
2871 3331
2112 2423
1309 1583
1367 1800
1014 1277
1306 1504
203 277
3018 3019
1577 2332
3687 3966
1085 1410
924 1035
2150 2520
1409 1722
2229 2275
2020 2073
662 675
1214 1509
1912 2375
1076 1849
3521 3921
9 323
2712 3350
1918 2326
1376 1522
2828 3272
2767 3314
107 983
751 830
1953 2115
3437 3747
1277 1636
1744 1844
753 819
1609 1730
2778 3261
1227 1404
2086 2104
3521 3815
1205 1391
2111 2512
2966 2993
1076 1522
2946 3380
1912 2104
1941 2300
2253 2467
2933 3063
107 990
1912 2523
1688 1737
3267 3397
1195 1621
422 444
2724 3332
2827 2906
3592 3979
1934 2313
1357 1778
3038 3051
1117 1589
2154 2216
1267 1768
2282 2310
2038 2416
3576 3902
3214 3379
2729 3025
2398 2401
1955 2555
515 641
2955 3032
348 366
1331 1722
932 1604
1039 1280
2871 3043
916 1623
1516 1746
2894 3005
3610 3888
1204 1706
1527 1911
107 1511
2898 3214
1684 2745
1516 1717
1012 1358
3454 3861
1017 1867
418 510
2199 2501
1598 1619
2785 3089
925 1243
1966 2307
1471 1842
1079 1683
483 1281
2258 2376
242 346
3187 3249
2227 2371
1810 1839
1017 1804
2433 2602
2522 2608
2748 2973
3288 3360
948 1332
2240 2476
2526 2560
2299 2586
3360 3386
1280 1835
971 1215
2536 2619
596 655
1515 1875
462 538
3461 3495
1211 1597
3649 3919
1684 3091
3529 3829
2275 2579
2002 2471
2603 2610
2115 2324
3240 3320
2297 2647
2346 2585
1358 1545
3610 3674
3702 3721
25 297
1623 1819
2404 2495
2271 2414
2766 2794
0 118
1833 1879
1076 1879
2218 2654
1945 2232
2018 2657
1344 1600
754 779
1637 1639
1637 1663
2973 3351
1320 1766
3441 3538
2110 2199
1256 1289
2073 2553
1684 3293
1947 2294
355 519
2469 2520
1004 1662
2396 2473
2772 3017
2072 2415
3353 3360
1912 2327
492 506
947 1597
944 1051
2932 3253
1100 1812
2188 2299
3538 3819
2661 3274
2022 2620
2140 2229
1369 1846
1269 1617
805 834
2989 3434
2103 2201
2937 3291
2471 2567
1290 1721
2887 3362
1595 1786
2414 2575
718 828
1704 1706
2172 2462
1912 2526
1341 1376
2292 2436
2334 2471
2199 2302
953 1238
2339 2549
2126 2231
1962 2005
2839 3195
1189 1482
1331 1632
2194 2329
1009 1459
2728 3412
2776 3141
2706 3294
414 655
1800 1823
2187 2246
1989 2045
1946 1966
925 1126
2106 2421
3244 3246
2588 2598
2537 2598
1598 1736
2323 2600
908 1360
2894 3274
2300 2564
2250 2389
852 855
1156 1605
1174 1705
439 458
3679 3963
2129 2260
2910 3108
1256 1796
1173 1335
1413 1578
2701 3258
2436 2510
2081 2137
2956 3022
242 330
3491 3962
1912 2114
1107 1335
1159 1412
1447 1811
1542 1662
252 342
3540 3596
1684 3342
1146 1584
1187 1593
3605 3828
1964 2126
1468 1880
1959 2344
2574 2624
1211 1752
819 834
2283 2567
2755 2928
2768 3077
1341 1685
2756 3232
2043 2532
1962 2324
2086 2546
1941 2280
2007 2338
2038 2138
407 426
2873 3114
2989 3150
1305 1341
2199 2398
3077 3371
583 635
1338 1785
2054 2347
697 827
765 843
1984 2103
776 885
1734 1845
687 765
3291 3330
363 580
2199 2367
2110 2652
1639 1730
231 332
2843 3255
953 1163
2030 2083
1355 1504
2308 2655
2907 2944
2271 2352
1965 2322
148 224
3437 3935
1779 1851
3108 3226
3468 3645
1684 3037
3100 3346
1361 1551
2123 2631
1238 1359
2273 2289
2763 2890
1135 1881
1604 1811
2053 2328
1941 2021
1079 1390
1983 2261
469 518
1923 2406
200 280
1290 1563
1250 1340
1379 1872
916 1483
1335 1538
1235 1591
2728 2830
4002 4020
2142 2554
3437 3538
1963 2108
351 564
983 1402
2690 2871
107 1109
3443 3937
2309 2381
1528 1608
2104 2469
1153 1842
713 724
1341 1563
226 326
941 1857
2376 2593
2867 3064
2844 3211
1010 1412
1983 2218
1243 1662
3280 3419
2061 2097
1702 1780
2746 2910
1684 2844
2033 2408
1307 1593
719 819
1493 1548
2019 2478
3571 3836
1504 1633
2030 2339
3193 3234
1603 1675
2991 3169
1632 1877
1238 1898
1017 1827
2046 2410
2796 3039
461 591
1231 1638
213 332
1710 1730
1026 1048
1371 1568
1323 1570
773 847
2297 2378
1912 1953
2218 2423
2122 2253
1184 1431
107 1568
1088 1178
1339 1584
3794 3826
2196 2302
980 1746
1517 1665
1078 1219
1242 1524
1378 1733
2147 2575
1918 2539
2240 2536
2257 2586
3490 3585
2909 3047
2142 2347
2754 3362
3004 3054
1226 1630
366 1692
2386 2410
2038 2267
1583 1873
1933 2577
2282 2555
1163 1399
3096 3399
2728 3077
3646 3924
1931 2143
107 1011
1605 1741
980 1242
348 391
2559 2601
2010 2516
2719 2881
392 561
1184 1269
2331 2593
1503 1729
2943 2986
3035 3115
1273 1286
1500 1634
1993 2353
2666 2993
2778 2894
2309 2359
1912 2342
2463 2511
1186 1733
2011 2627
823 848
2052 2102
3753 3802
1914 2626
2710 3095
224 324
2259 2280
2706 2910
107 1408
1017 1617
440 538
1017 1551
1957 2648
0 129
2125 2295
980 1195
1975 2313
1237 1616
2420 2458
1539 1724
2708 3051
3449 3577
1980 2364
1067 1628
2201 2619
960 1652
2356 2601
1173 1826
2191 2305
2232 2598
978 1017
2578 2607
2654 2655
1229 1862
2200 2549
3111 3261
1551 1750
363 651
798 855
3449 3625
1352 1509
213 231
1932 2582
1114 1512
3191 3240
3272 3360
1391 1535
3000 3293
2381 2611
3490 3549
1292 1315
1238 1879
1685 1722
1947 2117
975 1786
2307 2460
107 1802
3498 3867
1333 1880
1126 1344
2331 2630
2140 2655
2153 2223
1399 1707
592 617
2315 2589
1465 2125
2074 2290
2209 2610
2033 2469
997 1665
946 1199
1089 1259
1402 1447
705 778
1181 1793
2753 3386
1193 1585
1343 1435
2966 3096
3450 3860
3104 3114
1405 3304
2865 3167
2198 2642
3143 3153
2133 2608
3479 3523
1584 1683
719 794
1125 1714
1060 1257
1135 1843
694 695
654 684
177 278
82 199
2180 2653
2331 2464
53 54
442 531
793 817
2502 2516
2081 2461
2296 2366
2098 2131
1331 1652
800 814
953 1663
2054 2343
1918 2200
919 1742
2738 2757
2179 2331
352 456
3738 3829
1639 1746
45 142
3146 3267
2828 3113
1557 1845
1539 1559
1688 1861
2507 2542
928 1676
1054 1278
2793 3198
2761 3184
1004 1721
1337 1618
2183 2294
2006 2024
898 1261
2122 2485
1479 1576
2027 2459
107 1502
2030 2184
1305 1480
39 277
2236 2628
1032 1489
2266 2601
1101 1898
2005 2370
1243 1604
2034 2421
2148 2196
2425 2468
1416 1491
113 186
2484 2546
2077 2352
1069 1238
2720 3009
1718 2498
2931 3184
1390 1816
3038 3049
1509 1761
988 1873
742 789
2945 3000
1299 1525
2904 3132
1979 1993
1642 2938
2874 2988
2423 2574
2196 2351
3386 3434
3574 3877
3090 3387
1078 1126
2006 2627
1662 1891
1943 2237
2200 2216
107 1231
2289 2525
3563 3656
2340 2601
797 831
2786 2906
1946 2392
1336 1833
1645 1801
3506 3591
3617 3931
2046 2446
1207 1789
1320 1574
2076 2622
2125 2302
1124 1341
2270 2525
1730 1813
2108 2275
1039 1040
1272 1886
402 563
2145 2296
3371 3420
3298 3396
2009 2159
981 1347
3162 3359
1939 2643
2723 2901
2103 2136
3540 3971
1191 1608
1916 1954
2841 3335
2274 2603
1032 1871
993 1185
1997 2561
2111 2465
3027 3038
1986 2492
1619 1888
2602 2625
896 1261
2665 3248
2954 3221
2127 2491
686 725
2395 2615
2715 2881
1354 1660
2076 2401
2101 2199
2213 2521
2303 2393
1684 2661
1985 2524
1920 2508
1236 1869
2165 2552
2030 2074
1669 1891
3705 3907
3982 4026
1538 1612
637 1616
3034 3313
2743 2988
2120 2313
2343 2461
1985 2414
1017 1707
2037 2611
2103 2307
3145 3330
1085 3609
1661 1783
2462 2615
1564 1905
1823 1833
2711 2724
3082 3391
1821 1888
916 1598
3029 3119
428 609
67 272
2045 2607
496 514
953 1619
2364 2620
1505 3005
3684 3851
748 797
3718 3900
1584 1675
367 373
1989 2376
1238 1293
2271 2654
2111 2223
2002 2518
2073 2240
3951 3958
2326 2560
1128 1864
374 475
2043 2526
2093 2118
2125 2133
2359 2489
2790 3203
107 1504
1101 1271
1120 1716
1126 1491
2468 2521
2186 2473
1639 1768
2766 2821
1446 1645
2240 2552
3033 3078
2799 3053
2667 2711
3041 3360
2039 2498
483 1606
136 2459
3756 3800
1547 1746
1237 1514
917 1296
116 144
1494 1676
705 739
1144 1307
1172 1750
2268 2498
1256 1456
2190 2324
1036 1257
2292 2328
2176 2582
2039 2368
2370 2601
934 1804
1918 1983
1121 1507
2030 2323
906 1471
2940 3433
2276 2551
2232 2313
2698 3119
1097 1333
2241 2543
2472 2555
3488 3672
2319 2498
2184 2326
2188 2554
483 1828
972 1488
2339 2590
1620 1689
484 1616
3437 3945
2125 2603
902 1573
1516 1669
139 159
731 752
1623 1714
2101 2243
1029 1551
829 842
1912 2256
1199 1269
3962 3968
3086 3177
1250 1741
3528 3858
2144 2616
3794 3900
2047 2072
2054 2336
2890 3042
3767 3782
1559 1594
1249 1748
2213 2309
1522 1864
2423 2575
3567 3912
1766 1881
3247 3355
1493 1733
2374 2500
1288 1832
3891 3930
107 1740
2174 2445
1024 1238
993 1182
1940 2419
1107 1864
2750 3040
136 2458
978 1813
3562 3919
428 930
376 395
1993 1997
1668 1879
2352 2409
686 845
2679 2987
3682 3812
1684 2772
2757 2966
1919 2583
1750 1823
3158 3348
1732 1907
2229 2501
2188 2478
1931 1968
983 1456
727 845
2294 2533
903 1314
1149 1570
3153 3392
2858 3248
3101 3201
2864 3387
3259 3365
1302 1839
1653 1746
933 1661
1684 2800
484 1677
3821 3829
1380 1390
2989 3116
1547 1886
1584 1721
1128 1350
2433 2586
1158 1591
2057 2210
3493 3506
3437 3831
1491 1707
1951 2658
3499 3564
2202 2639
2229 2563
1684 2730
421 487
3086 3356
1718 2241
2187 2279
1576 1872
3017 3027
2756 2928
1067 1682
1968 2657
1984 2532
1688 1710
1269 1761
3756 3968
1367 1735
2849 2869
1139 1338
2290 2352
2637 2642
641 1086
1966 2090
2753 3154
966 1668
2266 2559
3501 3677
3450 3596
2408 2546
1665 1816
1217 1343
1787 1798
2054 2102
2101 2280
1177 1896
3070 3198
1516 1557
1148 1611
1017 1516
194 242
506 604
1912 2146
2087 2420
285 304
3060 3112
2734 2760
2053 2377
1941 2333
1068 1881
2845 3403
651 1080
2183 2461
3221 3389
3722 3835
2340 2383
107 1760
353 483
1228 1725
1917 2059
2266 2561
2149 2434
2392 2564
2276 2542
906 1771
3536 3606
2264 2294
2794 3000
1172 1721
2229 2276
492 669
1256 1868
3464 3466
2289 2440
3437 3676
1946 2563
3100 3162
1143 1231
1912 2008
1017 1156
1938 2266
1285 1668
1160 1380
0 221
2755 3417
2782 3004
2686 3189
702 732
1231 1286
718 805
829 853
1196 1852
2602 2624
1230 1597
1059 1757
1399 1821
1086 1243
3809 3933
3528 3860
2679 3000
2058 2601
1714 1768
2018 2647
1975 2156
3642 3860
2054 2512
953 1621
80 299
373 523
3439 3616
1207 1888
2347 2600
1064 1343
1132 1613
1431 1434
2055 2404
2467 2607
1597 1819
2194 2491
1037 1904
1080 1210
1947 1954
3166 3238
2329 2604
100 269
2324 2386
2742 3396
3439 3513
1344 1644
1628 1899
1322 1583
3508 3850
1312 1584
1101 1752
1067 1661
2406 2612
500 513
3998 4002
2143 2151
1207 1816
1511 1555
1928 2640
2393 2404
1940 2194
2717 3022
409 479
2039 2149
2172 2539
1941 2279
713 829
1736 1879
1107 1522
1207 1826
3280 3298
2528 2558
2001 2346
1622 1722
367 403
1390 1827
3074 3127
1920 2609
735 769
2868 2936
1149 1617
2179 2604
171 2740
3437 3743
1551 1793
1282 1786
2030 2164
3182 3298
291 329
1172 1791
1953 2078
637 1595
2073 2549
0 214
1277 1848
1553 1825
2078 2500
3038 3353
1291 1390
2068 2629
1604 1826
2045 2108
2172 2395
1669 1804
107 1705
1312 1835
1401 1823
1783 1887
2282 2594
609 680
1283 1369
919 1732
1912 2550
2874 3400
2083 2374
2078 2115
2283 2338
1209 1888
1156 1584
1941 2559
2363 2430
2509 2652
2191 2351
915 1425
2228 2322
3137 3400
2077 2604
353 1155
703 741
2078 2356
1041 1904
1079 1524
2863 3252
2661 3350
2423 2638
408 545
776 872
3584 3617
1988 2650
915 1446
2071 2498
3011 3350
2138 2451
2720 3345
1714 1721
1160 1180
2410 2559
1742 1894
2172 2350
2215 2385
1978 2403
1367 1888
1301 1369
69 304
500 645
1070 1473
688 771
1074 1173
2340 2631
2586 2654
916 1047
1083 1826
2715 3087
1939 1945
2218 2276
2546 2654
1518 1537
2007 2516
122 123
995 1201
1598 1843
1435 1800
2261 2299
2381 2586
2090 2646
1380 1399
2452 2637
1139 1308
2033 2150
2184 2464
2278 2590
2778 3051
1587 1857
3599 3722
2090 2520
2056 2323
1086 1207
1407 1753
2247 2509
0 249
960 1527
3574 3576
1920 2547
1626 1858
2026 2191
1029 1084
1255 1791
3773 3802
1293 1746
2719 3422
132 334
1603 1685
1980 2159
2008 2412
980 1734
1820 1828
3639 3695
3790 3884
1259 1624
1366 1536
1557 1613
2056 2464
2395 2410
1684 3045
1718 2038
2664 2862
3521 3672
2150 2287
3023 3184
1124 1321
966 1736
2471 2518
2675 2686
2395 2542
1006 1017
1405 3100
1426 1903
376 465
62 276
2161 2328
1962 2123
2151 2461
3013 3060
288 315
2433 2619
2408 2561
2778 2921
1613 1757
2689 2757
1375 1620
1536 1725
1912 2292
1612 1675
726 784
1017 1331
2104 2240
16 82
1451 1582
2702 3337
2753 2976
3437 3554
1997 2526
2139 2418
2873 3293
2244 2561
1339 1530
903 1533
2112 2154
2784 3099
2553 2655
1684 2689
2084 2300
1449 1603
1399 1721
1680 1871
2088 2172
2347 2354
1505 2883
2103 2410
3511 3515
2897 3098
2078 2084
1076 1600
1918 2329
2376 2408
100 150
1019 1828
2132 2344
2104 2521
2156 2360
1603 1741
2890 3348
2064 2495
263 296
1939 2434
1137 1837
2149 2643
2196 2567
2188 2624
1231 1322
1142 1574
2872 2986
2343 2351
1828 1907
916 1621
2593 2625
2871 3219
1075 1123
1321 1626
1985 2462
1281 1508
2131 2623
31 304
1984 2564
2507 2638
2782 2944
2134 2194
2194 2338
2077 2482
1529 1650
2021 2103
1083 1746
2148 2384
1912 2288
376 436
997 1793
2107 2120
1416 1509
1504 1770
1303 1429
1994 2047
1554 1819
3781 3823
2026 2247
3136 3256
1308 1366
504 513
2793 3089
2258 2504
1370 1547
2787 3214
3603 3756
1404 1720
997 1609
780 845
1033 1615
1377 1497
975 1655
1584 1826
2687 3360
1409 1447
2874 3284
389 505
2010 2588
2679 3078
1229 1345
1010 1828
2244 2485
1158 1550
538 1226
1920 2327
2498 2610
2276 2654
2347 2623
2091 2105
1440 1805
2033 2552
903 1452
2132 2458
2073 2552
2823 2875
3106 3240
923 1369
3040 3142
1199 1888
2085 2197
1003 1484
2477 2578
1516 1707
982 1207
2869 3145
1315 1857
1954 2024
792 805
2153 2333
3495 3756
2881 2894
3499 3825
1077 1165
2324 2404
1004 1209
2331 2339
2717 3426
1070 1500
2268 2582
1945 2598
1993 2428
1946 2123
1006 1712
107 1410
2002 2642
2087 2259
1006 1717
3505 3685
1086 1250
3116 3258
606 1183
2679 2910
2229 2376
897 1458
2554 2630
2724 2779
169 334
376 502
1247 1725
2210 2655
1329 1584
2226 2461
2351 2384
1978 2497
2724 2728
2123 2261
1954 2054
2665 3136
1271 1809
2271 2278
2956 3184
2059 2123
577 681
2516 2598
1004 1367
1717 1800
1231 1592
3113 3169
726 828
430 451
1238 1839
2055 2077
1931 2022
3256 3385
2179 2495
2266 2414
617 680
1997 2201
2086 2526
2072 2568
25 185
2250 2343
1955 2117
415 558
2081 2436
1101 1736
1447 1609
2973 3021
1191 1827
2356 2482
1551 1754
2118 2492
1632 1796
2317 2488
1684 3304
2453 2651
1513 1637
1190 1479
2698 2890
409 538
2111 2246
2037 2630
2768 3072
413 473
1258 1473
2683 3286
3096 3108
2068 2283
1926 2241
913 1453
2374 2553
2880 2897
1493 1880
1995 2012
2005 2271
1108 1281
2773 3029
3067 3189
2220 2352
2063 2287
2124 2172
2128 2555
2246 2419
1718 2491
2309 2353
1994 2135
1390 1795
400 561
136 1945
25 104
3 9
2828 3101
1059 1278
2124 2278
2266 2469
3033 3056
2999 3083
1123 1460
1149 1222
1918 2154
915 930
1929 2118
1951 2018
1158 1381
2750 2927
1205 1447
2049 2317
1783 1893
2777 2911
2192 2297
721 736
1116 1845
2877 2909
3525 3950
2253 2550
1472 1500
1919 2620
2713 2951
1341 1833
395 591
1338 1357
936 1882
2796 3277
1289 1665
1212 1566
2056 2607
3599 3713
942 1893
438 495
2973 2976
1391 1597
1971 2464
3034 3327
942 1406
3140 3145
2220 2240
1971 2164
1668 1821
1283 1520
1995 2000
901 1601
2460 2600
2086 2395
981 1448
1522 1718
1107 1126
1117 1146
2111 2135
2395 2561
2772 2958
1335 1772
1076 1816
897 922
2147 2266
1004 1597
981 1899
2758 2801
107 1614
1153 1886
686 832
573 626
2664 2915
3654 3824
2376 2604
1392 1871
1584 1753
651 1545
2685 2865
1114 1882
1320 1332
3793 3818
2325 2475
1431 1804
2865 3124
2987 3149
2669 2913
1720 1841
2539 2551
3090 3384
1531 1831
2071 2180
1078 1285
1396 1451
3135 3417
2179 2324
2029 2199
2344 2475
2467 2600
2753 3079
2108 2309
1126 1255
561 604
1670 1772
2020 2121
3239 3419
107 1777
2103 2370
3445 3628
3535 3623
3602 3829
1085 3851
2070 2260
2250 2471
2765 3035
2264 2461
1305 1612
531 547
2241 2498
2332 2347
1970 2452
3170 3332
1179 1210
2491 2592
1997 2369
1953 2136
2730 3082
2340 2532
1751 1783
1205 1559
1920 2127
2543 2609
964 1739
1675 1813
2037 2078
2177 2282
2782 3084
1684 3047
2032 2087
2095 2407
2250 2294
1841 1875
1146 1551
3486 3593
503 567
1352 1590
966 1898
2513 2622
1925 2485
1142 1464
1280 1868
1349 1882
927 1851
947 1603
960 1431
415 445
2128 2491
2159 2225
2053 2394
3376 3427
1979 2654
2440 2618
158 291
1183 1472
0 309
662 670
1925 2323
1683 1707
2706 2967
2733 3079
2045 2098
1610 1730
261 325
2889 3314
2906 3362
3601 3604
2760 3432
3114 3362
2275 2369
1377 1491
2104 2334
953 1675
977 1338
107 1784
1306 1525
1431 1845
2384 2461
2668 3043
1652 1668
1547 1849
2153 2199
3728 3735
1166 1828
2078 2430
2839 2924
2037 2261
1679 1773
728 730
1402 1768
651 683
2738 2953
1345 1432
1972 2636
2299 2495
1426 1680
1164 1765
2766 2929
1431 1491
3047 3096
1509 1659
975 1235
1279 1611
1465 2496
2246 2282
1799 1819
170 252
0 89
1059 1603
916 1612
921 1185
1185 1819
2506 2576
2335 2474
1390 1877
1820 1871
1912 2516
2333 2629
25 148
984 1649
698 893
2334 2654
2144 2189
2339 2602
1912 2380
1584 1665
2882 2958
3027 3152
2748 3406
2184 2520
2113 2439
896 1413
2290 2556
1983 2433
2592 2653
2115 2257
1990 2497
1060 1229
2046 2140
1112 1612
3107 3313
3687 3804
1006 1107
1352 1768
3154 3391
686 798
2032 2510
2272 2540
3497 3611
2191 2292
1916 2081
3102 3169
408 517
107 1159
2232 2537
1984 2646
1926 2396
2073 2615
3172 3411
3198 3379
1302 1603
954 1742
1148 1884
2069 2206
3437 3497
3459 3469
2004 2660
980 1707
724 814
2098 2542
695 724
473 561
96 190
412 416
2336 2543
3115 3378
1917 2083
1968 2658
1945 2028
172 252
391 502
1456 1849
1078 1153
1430 1660
1076 1714
3188 3280
2384 2616
1984 2083
2411 2523
2212 2625
3455 3521
1120 1462
2676 3226
1331 1483
2240 2414
1192 1873
2075 2132
2241 2294
439 444
907 948
2229 2543
2054 2194
2395 2624
68 177
1261 1872
2546 2563
2038 2187
2222 2344
2839 3364
348 383
2112 2323
2132 2511
1102 1303
686 762
2088 2590
1079 1717
3118 3353
2856 3020
1114 1808
2462 2604
2043 2331
1281 1595
2040 2266
2068 2241
3488 3790
1318 1332
3587 3776
1367 1572
2007 2196
1451 1502
0 124
2395 2600
455 561
412 515
2761 3054
1179 1574
2930 3251
2921 2951
2115 2331
982 1256
2139 2271
2139 2172
72 329
474 546
3437 3906
1513 1846
906 1768
2150 2266
2042 2223
1334 1630
239 272
2176 2616
2187 2516
806 833
2859 3365
908 1593
1330 1471
2109 2308
348 468
2866 3226
363 1744
3439 3716
3705 3802
2428 2433
1380 1832
402 567
3297 3397
2109 2408
2807 3084
428 1777
924 1070
363 500
1912 2132
2045 2271
2890 3387
1124 1330
1597 1750
1376 1420
1242 1341
1302 1668
1497 1620
1070 1225
3491 3545
2056 2393
1086 1289
107 1710
2180 2292
2180 2451
1335 1390
2241 2643
954 1649
1238 1497
1962 2326
2939 3148
2361 2503
1078 1211
2084 2393
989 1014
2176 2351
483 1303
1114 1179
1377 1864
1323 1407
2095 2326
1610 1753
2069 2482
2757 3108
701 754
686 849
2250 2368
1160 1609
3542 3635
1925 2045
2090 2423
1984 2090
1679 1692
378 561
2543 2649
2699 3008
748 758
2302 2328
2306 2339
1431 1522
2958 3353
941 942
1431 1752
3982 4009
68 99
3344 3416
366 517
2054 2163
2053 2187
1095 1294
107 1067
1205 1330
2202 2626
3042 3257
1250 1750
1251 1687
387 559
1287 1516
1349 1574
1335 1730
2640 2645
2312 2529
2010 2273
695 718
1255 1471
471 567
1465 2592
1959 2134
1684 3043
1230 1608
2059 2060
1684 2829
2712 3277
1971 2165
967 1522
2293 2543
2433 2539
915 1192
2353 2575
1946 2428
2009 2647
1003 1086
2385 2608
2936 3272
188 290
1345 1462
348 510
2664 3174
3178 3374
2056 2613
107 1519
107 1870
2352 2586
517 520
1329 1377
1048 1331
2672 2796
1377 1761
1912 2089
1237 1420
2828 2939
2002 2273
941 1871
2282 2463
2608 2629
1919 2341
1917 1963
3120 3291
497 560
997 1861
2118 2625
3486 3680
1255 1891
2906 3142
211 285
1624 1672
3557 3804
1004 1538
3212 3360
2755 3226
2695 2943
404 483
2278 2624
2340 2460
2368 2434
2495 2638
925 1265
2782 3387
153 280
1920 2649
2329 2477
2404 2469
2839 2948
1557 1736
1718 2436
2951 3224
2906 3104
1939 2101
1938 1941
2836 2898
1376 1377
1399 1663
1068 1457
1173 1331
475 489
1086 1809
1953 2005
1804 1863
2615 2638
1993 2559
2363 2392
606 641
2090 2184
1280 1605
2176 2246
1199 1757
2927 3184
2000 2018
2201 2253
2863 3256
2370 2539
1059 1886
2703 2959
2965 3005
1137 1733
1351 1662
2354 2478
483 497
1916 2461
2507 2602
952 1612
1081 1894
2927 3029
2914 3203
1125 1365
1102 1324
2852 2943
2180 2509
1330 1608
2095 2299
1035 1525
1487 1574
1725 1749
2348 2410
2003 2396
348 464
2306 2324
966 1799
1067 1413
352 404
3226 3232
2750 2866
1361 1470
3377 3422
2223 2458
2348 2578
1269 1816
1066 1783
1470 1813
2056 2428
2005 2172
374 525
1741 1868
107 1763
1491 1589
2268 2512
1730 1833
2056 2334
2103 2184
130 213
2564 2619
2084 2409
2120 2412
3239 3330
1180 1205
1028 1329
1912 1966
3437 3652
1376 1752
2000 2472
2765 3102
1663 1849
1056 1329
988 1426
1376 1768
1211 1269
2489 2654
2069 2624
3980 3989
1984 2469
1292 1298
2748 3051
2111 2642
2087 2372
2754 3243
2073 2631
2164 2536
520 545
2679 3174
606 1699
1305 1614
417 495
1382 1894
923 1505
1085 3633
2890 3149
1312 1431
2934 3001
1539 1608
1912 2412
2323 2469
1912 2122
599 681
1405 1509
2077 2546
3764 3793
2225 2472
2741 3085
1287 1663
2664 3348
3068 3415
2093 2354
2404 2575
2043 2123
1229 1350
348 494
2969 3220
2661 2904
1175 1201
1352 1605
1172 1580
1574 1763
1997 2602
2244 2551
1181 1416
1173 1577
376 548
3277 3419
374 482
118 277
96 314
2907 2945
2827 2993
1049 1116
2512 2516
2661 3265
107 1112
1994 2187
2756 3073
1606 1744
1973 2378
136 2279
1142 1565
1006 1125
2324 2550
2069 2154
999 1707
1684 3277
2136 2184
2112 2121
2300 2469
200 224
3049 3247
2407 2590
312 326
361 470
3674 3962
1953 2590
2119 2618
1970 2598
3605 3707
2679 3119
697 705
491 502
1120 1475
1230 1584
1941 2285
1761 1768
2188 2220
2334 2464
3794 3869
942 1404
395 513
1238 1668
2077 2564
2937 2991
3506 3784
2221 2438
1665 1772
2088 2150
2181 2405
1514 1677
63 313
1610 1832
2718 3331
2648 2660
1167 1633
1019 1636
2010 2267
1458 1718
2944 3158
1684 3034
1613 1669
2347 2500
1746 1810
2042 2338
1516 1735
2578 2654
2036 2566
1014 1729
136 2203
1281 1661
107 1208
2172 2601
3514 3858
1110 1750
1370 1868
1335 1612
3900 3976
2832 3208
3986 4017
2561 2593
1804 1898
2328 2588
3184 3213
2028 2117
373 423
2101 2509
1520 1833
1175 1376
2777 2988
3518 3611
2661 3332
2756 3104
2153 2599
3577 3693
3521 3850
2037 2140
3113 3291
2273 2461
2916 3142
1553 1847
1204 1221
1137 1186
1462 1647
2020 2278
1662 1730
984 1102
2676 2754
1237 1526
3033 3174
107 1827
2108 2593
1957 2202
2030 2646
3033 3304
2010 2475
3437 3825
1509 1774
2567 2589
203 261
897 1799
458 515
3818 3866
2276 2573
0 102
0 25
108 251
1563 1793
483 1237
614 669
2021 2410
1932 2148
2135 2372
1006 1059
946 1800
2849 3201
2224 2588
1942 2007
1166 1373
1493 1787
1683 1836
3152 3397
1916 2273
995 997
265 311
1201 1879
966 1006
1370 1793
2283 2491
2261 2331
2026 2608
387 402
1983 2386
2077 2410
992 1648
1272 1449
2404 2428
1305 1603
2172 2561
2833 3265
2253 2655
1009 1021
2738 3417
1684 3324
1959 2002
1152 1703
1912 2297
2973 3406
1175 1637
1982 2142
2907 2920
1966 2323
1948 2510
2384 2400
1917 2275
2117 2282
1741 1826
1604 1668
3460 3634
2880 2928
2010 2143
1291 1823
2728 3103
1966 2123
2139 2611
3076 3298
2347 2472
1959 2117
705 823
3833 3909
2261 2619
2334 2602
2970 3391
48 88
913 1675
2007 2560
3903 3951
2253 2446
1048 1835
1531 1543
422 438
2037 2539
995 1334
1582 1848
2994 3364
1416 1572
3518 3790
1126 1196
1074 1171
1117 1420
2770 3351
999 1376
1289 1888
1074 1407
2148 2293
1258 1630
2915 2988
2827 2839
1980 2647
497 500
2206 2532
1399 1809
2125 2649
159 320
3120 3198
2879 3314
1352 1782
2753 2937
2083 2352
1747 1784
3488 3576
897 1769
1584 1793
1689 1721
2918 3236
2339 2601
2966 3195
941 1573
2329 2623
580 637
2349 2426
2189 2471
1563 1861
2257 2356
1577 1913
1242 1538
107 1583
236 257
1426 1647
1684 2812
1376 1799
2150 2323
3452 3545
1966 2074
3449 3480
2064 2326
2201 2564
1158 1462
2184 2261
1104 1903
439 507
3823 3946
2081 2176
2236 2488
896 1235
3766 3791
1966 2154
2201 2550
612 619
1765 1810
2247 2597
946 1867
2719 3288
1204 1229
1612 1622
2964 3051
2372 2543
107 1032
1391 1735
3201 3239
3731 3804
1577 2028
1115 1298
1975 2474
2791 3136
3672 3851
1952 2296
1912 2264
2352 2526
3113 3351
3351 3391
1543 1660
2142 2216
2408 2590
2054 2149
1590 1614
932 1238
1946 2311
971 1158
1377 1791
1613 1632
2841 3383
1962 2210
436 553
1733 1784
357 518
3058 3188
1029 1861
741 747
2872 2916
1547 1839
1930 1975
718 823
1953 2210
3628 3868
1148 1587
2676 2969
1513 1639
2161 2434
2102 2285
13 65
1017 1888
1015 1231
2147 2383
2055 2339
3758 3951
107 1137
1960 2146
2117 2144
1584 1603
3900 3969
3738 3782
886 889
1779 1822
1979 2504
1267 1608
1389 1551
2866 2928
2813 2826
1577 2385
3300 3426
428 683
156 272
2131 2172
2123 2613
3142 3250
2672 3113
1964 2335
2976 3320
2675 3264
1028 1365
1570 1811
3437 3598
2467 2615
3579 3957
1205 1238
1302 1305
2005 2348
2145 2325
1912 2071
2911 3040
1613 1888
3553 3753
1420 1835
3615 3907
1014 1459
1334 1663
1258 1781
2825 3156
2102 2344
1129 1873
1426 1899
2711 3412
2043 2136
1078 1238
3437 3674
1524 1888
1285 1488
2213 2564
947 1156
2698 3090
980 1833
1255 1539
2214 2318
239 323
1150 1626
2009 2447
1925 1971
2087 2249
1941 2104
2338 2617
2250 2302
3054 3284
1460 1835
2164 2369
941 1628
641 1060
1087 1317
3072 3118
312 343
2069 2574
2758 3365
3239 3347
981 1279
2007 2351
1250 1833
3089 3287
2059 2607
3033 3117
2236 2342
2724 2921
3525 3842
3633 3651
402 544
3511 3555
3058 3299
862 3872
1152 1373
1190 1277
1250 1717
1509 1609
1570 1795
2495 2655
0 210
2484 2526
1345 1636
1173 1447
2279 2511
1009 1324
2450 2558
1988 2170
1684 2960
2084 2526
2242 2278
2005 2564
2627 2645
3207 3252
2661 3297
2800 2862
2499 2607
107 1007
2224 2328
2142 2201
3181 3372
2331 2600
1183 1876
1028 1520
1347 1479
2054 2071
3000 3056
1985 2131
563 1808
2340 2573
1493 1798
2477 2504
1509 1590
3101 3351
2150 2607
2705 2754
930 1695
143 177
2909 3226
1004 1810
1390 1402
2029 2540
2192 2657
3106 3201
2591 2593
2338 2512
1997 2059
2865 3402
715 781
2216 2520
3540 3780
2161 2292
1993 2261
615 658
2000 2192
2344 2347
1146 1721
2858 3075
2409 2559
1242 1554
1004 1620
107 1541
3094 3267
1211 1750
934 1613
993 1209
2716 3287
1329 1791
3736 3785
2862 2873
1584 1714
1006 1024
2446 2601
388 475
1092 1669
2212 2404
1984 2308
1945 2567
2266 2460
1963 2020
1948 2347
2901 3027
1104 1432
1684 3050
1256 1367
997 1172
1479 1790
2316 2360
239 252
3022 3435
1431 1557
0 44
1577 2102
1186 1533
3532 3617
366 524
1968 2389
3578 3838
2770 2939
0 193
1370 1456
2835 3324
916 946
2000 2365
1003 1516
688 774
2509 2598
107 1138
1019 1221
947 1746
3109 3415
1577 2336
1916 2616
2926 3401
2112 2139
21 186
3085 3129
1536 1807
2060 2121
1229 1691
2749 2873
2073 2253
1929 2030
2022 2447
1918 2352
616 657
1181 1522
1483 1888
1522 1551
2144 2254
1377 1551
1323 1868
2783 2787
906 1128
3526 3629
2819 2996
1583 1587
2397 2562
2002 2132
483 1582
1211 1603
1003 1390
2087 2512
1126 1842
475 525
1491 1539
2030 2489
2542 2654
1314 1548
2781 3267
2765 2828
1288 1809
1085 1494
1447 1612
2118 2619
2121 2607
2890 3294
2282 2377
2339 2553
1685 1845
1689 1795
1267 1736
2108 2550
2223 2501
20 214
2071 2135
1984 2499
2287 2625
1946 2623
1921 2459
2327 2396
2819 3140
2176 2480
2482 2604
1998 2364
203 324
2055 2590
507 523
1376 1669
1559 1816
1462 1728
3521 3753
480 543
2060 2307
2074 2499
3442 3876
2133 2282
2200 2418
3072 3353
2765 3101
1327 1600
1945 2434
1285 1809
1298 1583
3053 3218
1925 2078
2697 3275
2078 2352
2716 3260
2203 2355
3261 3377
2201 2309
2093 2464
3035 3182
2823 3350
2546 2630
2976 3360
1993 2164
1101 1376
2773 3435
1123 1639
2096 2328
1960 2322
2038 2250
3259 3263
1173 1813
3065 3433
2333 2451
1082 1423
1948 2336
1973 2024
2005 2074
800 845
1413 1423
1376 1590
2104 2409
1222 1520
2026 2629
3804 3902
3124 3335
1079 1810
2300 2545
1036 1857
460 547
2369 2602
483 1358
1300 1427
2430 2578
1006 1211
3437 3801
1024 1101
1665 1791
417 438
2072 2336
727 842
107 1861
3333 3388
2266 2631
2326 2370
374 430
2920 3033
366 1012
2326 2381
2904 3253
1612 1823
1580 1610
1335 1393
1161 1321
107 1097
1459 1591
3007 3247
2873 2913
3738 3972
1645 1778
3794 3909
2206 2542
2307 2573
3572 3822
1966 2607
1791 1833
519 531
3437 3911
1255 1590
1979 2218
3659 3888
2554 2560
3017 3182
2697 3292
2109 2220
2200 2428
2509 2555
2680 3426
514 566
972 1101
387 438
1566 1599
1078 1530
1367 1791
1589 1613
107 1210
1947 2396
1684 2677
363 1332
2119 2474
3193 3294
1570 1621
948 1487
1289 1663
475 502
1083 1431
1271 1793
687 823
1971 2404
1984 2030
1752 1796
107 1189
2069 2561
1269 1750
2095 2339
2836 3214
2419 2603
696 823
2973 3038
3097 3279
2114 2228
2894 3332
2048 2211
2399 2466
2340 2347
1991 2004
1954 2294
2530 2560
1289 1291
1148 1720
1451 1495
2253 2619
2333 2510
1175 1891
1971 2381
2112 2356
2806 3417
1158 1649
2233 2433
1100 1432
3353 3385
1340 1572
994 1435
1547 1621
2306 2559
1920 2475
2059 2521
1132 1813
1919 1921
2154 2165
917 1275
2347 2467
1985 2386
975 1611
1912 2403
1945 2125
934 1835
748 787
2370 2590
1621 1891
1291 1793
1921 2013
2237 2601
107 1561
1003 1683
2043 2370
1343 1897
1126 1782
2200 2356
2827 2867
2314 2503
1918 2190
951 1445
545 559
1554 1864
913 1658
2086 2220
277 324
1011 1052
38 339
2308 2556
2300 2556
1078 1864
1962 2142
2863 3357
2670 2834
820 831
1516 1668
896 1350
2833 3381
930 1660
2090 2590
3528 3730
2183 2451
2112 2554
1123 1471
1149 1589
2111 2420
3076 3434
2552 2604
941 1404
906 1757
2024 2202
3237 3303
1663 1789
1632 1663
483 596
1060 1903
1925 2564
1078 1336
1158 1903
353 419
1983 2058
1280 1861
3364 3417
1453 1478
2849 3082
3888 3979
1684 2680
2131 2499
2706 2931
1459 1515
3437 3589
2228 2448
2056 2326
3556 3851
1577 2333
483 1677
107 1701
2086 2625
1132 1665
3236 3385
2497 2644
1281 1893
1250 1335
2912 3324
2133 2451
1603 1622
2078 2655
3203 3342
2414 2549
2352 2469
111 343
412 526
1947 2355
2287 2326
1746 1800
1983 2655
2005 2359
2150 2324
2309 2506
1182 1730
353 538
107 1073
2423 2467
2290 2370
360 432
2223 2268
3763 3782
3730 3832
2108 2404
2201 2433
3623 3818
2318 2642
2875 3258
686 753
1242 1746
2085 2091
2115 2520
1409 1527
1229 1591
1391 1604
2402 2448
2149 2398
1470 1553
3199 3330
2002 2463
2084 2172
78 218
1963 2410
1985 2220
1339 1391
1341 1610
2206 2347
1971 2200
2594 2617
1722 1864
1209 1250
2807 3123
580 1744
2322 2325
1921 2648
946 1079
1211 1665
1377 1409
373 388
686 791
2244 2266
1813 1826
1513 1851
4014 4017
3060 3140
2086 2601
947 1608
2199 2530
2905 3301
1917 1962
2739 2951
152 339
1505 3278
3524 3623
2232 2491
2961 3303
2325 2509
2186 2296
2867 3232
2047 2125
2351 2567
2063 2131
953 1793
1347 1448
1973 2268
3172 3280
2469 2586
1612 1614
1110 1250
2729 3433
171 1387
2009 2435
2257 2489
1169 1703
135 320
2600 2631
3758 3768
2356 2500
2485 2564
2920 3078
23 175
1049 1329
2730 3253
1380 1522
107 1477
2123 2561
1126 1559
2046 2309
953 1580
1993 2124
686 831
1573 1899
1621 1867
3608 3710
1954 2598
2148 2191
1347 1438
3837 3975
3437 3655
2103 2374
952 1267
3920 3967
3184 3417
930 1616
2101 2110
2148 2649
1917 1929
101 180
315 339
3182 3353
1115 1432
2888 3231
2669 2940
526 1217
599 670
3203 3299
1684 2694
1454 1636
2072 2319
2117 2567
2666 2909
1108 1871
2090 2376
3656 3968
1669 1842
2054 2249
708 823
2201 2504
2274 2328
2275 2607
1051 1727
3533 3948
2786 3364
2200 2542
3076 3281
1453 1575
1024 1431
2059 2109
1195 1538
1763 1766
1126 1280
3485 3518
1079 1185
693 823
1641 1817
983 1488
2176 2498
2085 2265
2083 2271
1085 3741
1965 2557
980 1547
2775 3295
1636 1716
1115 1284
107 1005
1543 1878
772 845
3106 3321
2103 2611
2770 3297
2111 2519
137 140
1238 1772
194 196
980 1793
1962 2564
1946 2240
3804 3913
2200 2347
66 334
695 711
1148 1596
3212 3299
3293 3384
2125 2461
119 285
1059 1877
713 851
1110 1711
2471 2592
2553 2646
3437 3723
1101 1535
3029 3104
1926 2367
2154 2624
1980 2284
2946 2957
2228 2614
1997 2575
1052 1818
460 461
2127 2389
917 1812
3198 3337
0 228
715 842
1335 1757
3656 3677
598 625
2210 2464
1938 2467
1104 1381
1207 1619
1619 1722
2209 2641
1260 1472
636 684
1789 1861
3437 3746
2369 2404
1369 1561
2735 3418
353 503
2261 2408
896 1273
3152 3169
2840 3111
2223 2598
990 3005
1328 1676
2123 2271
107 1122
3077 3086
1970 2438
1257 1432
1983 2484
2793 2875
544 566
2220 2615
3449 3633
2189 2463
1984 2088
167 243
3438 3491
2679 2953
993 1028
1647 1764
2100 2450
908 1518
2474 2577
2369 2631
2676 2985
2905 3426
2551 2602
1059 1076
503 560
1292 1347
2220 2309
1086 1660
2871 3344
107 601
107 1684
1665 1879
2064 2334
3027 3366
2348 2561
566 580
1273 1595
1078 1079
3120 3416
2343 2649
1205 1717
1054 1737
2030 2084
1156 1730
800 810
3152 3335
2673 2761
1469 1482
1945 1954
1338 1373
1470 1609
3090 3238
2188 2619
1146 1172
1106 1591
1135 1212
3469 3945
1040 1285
1175 1652
2526 2623
1675 1843
2127 2332
1009 1227
1451 1783
1332 1763
2098 2308
1024 1712
1941 2030
107 1021
2363 2546
1376 1864
2154 2326
391 412
1316 1783
3437 3835
1868 1900
119 324
1014 1382
2140 2554
107 1769
1932 2264
3072 3214
526 1630
2720 3087
1912 2026
2408 2578
2271 2354
1933 2120
1205 1741
3463 3931
2840 2976
1199 1663
1502 1649
1341 1864
1460 1782
981 1227
2777 2908
1399 1898
483 1871
2213 2407
1984 1989
1432 1899
285 332
1813 1911
2194 2330
2828 3347
2266 2578
1156 1556
1243 1559
1106 1348
2665 3299
1964 2189
1334 1467
3245 3403
3275 3318
1982 2512
2729 2887
2683 3400
1737 1750
2863 3416
1149 1768
1789 1827
2724 2830
1404 1716
1570 1717
1303 1871
2032 2594
363 637
1654 1762
2133 2589
1570 1772
2184 2625
2754 2986
2904 2914
3499 3680
1288 1741
3493 3924
720 764
2376 2526
2331 2501
2854 2931
712 782
1932 2087
2187 2189
1459 1628
400 436
1014 1316
2993 3163
506 559
1367 1741
997 1804
917 938
1669 1746
1089 1213
1160 1470
1258 1525
1598 1659
4004 4030
1914 2648
2165 2404
1159 1569
1554 1833
0 24
3443 3634
774 811
1393 1864
2398 2420
1983 2347
39 280
2308 2414
3034 3118
2706 3362
2675 2833
3738 3956
2532 2602
1953 2601
2874 3000
2039 2283
2052 2283
1940 2026
107 1530
2172 2363
2031 2145
1192 1347
211 265
2108 2244
2694 2738
1289 1367
1004 1539
1290 1557
989 1875
766 784
1303 1742
2124 2404
3182 3386
506 524
977 1225
1912 2283
1185 1879
2062 2081
2223 2345
1431 1868
1983 2590
2916 3117
1642 3361
1181 1198
2189 2241
1359 1483
2218 2370
3545 3831
1211 1287
2688 2725
2095 2340
2109 2340
2869 3381
2737 3019
1067 1462
2122 2348
1322 1862
2032 2451
483 563
1916 2221
3211 3346
2299 2593
1269 1879
3648 3758
1979 2638
687 764
3563 3830
3545 3734
1117 1238
1718 2007
2331 2654
107 1117
107 1332
2136 2408
2261 2638
1431 1669
1269 1623
2674 3416
1059 1199
1125 1795
1222 1361
999 1888
2115 2142
578 627
1292 1682
2045 2410
3109 3260
2708 2995
596 618
705 715
764 809
3106 3332
1807 1818
161 203
2253 2309
2184 2229
3022 3174
3456 3851
917 1536
2033 2464
1172 1352
1257 1859
1277 1903
2206 2353
1912 2444
925 1612
2147 2404
2196 2472
2104 2410
2150 2625
2059 2631
2277 2474
1001 1357
2307 2381
1003 1707
1047 1160
1159 1246
1963 2590
107 1245
1600 1795
3640 3858
2246 2268
637 1332
1912 2082
94 346
1431 1900
2719 3182
2664 2906
1402 1483
2188 2206
1684 3363
2142 2549
2873 2905
2103 2623
2142 2359
1948 2072
1540 1557
2045 2074
0 131
2078 2142
2698 3098
1330 1835
107 1895
2316 2402
1589 1668
2921 3034
1962 2073
3133 3273
957 1060
957 1204
2275 2395
2308 2646
924 1310
3142 3426
1129 1596
2033 2623
2433 2563
2019 2476
2028 2292
3463 3861
2292 2377
3528 3542
355 373
2068 2461
3172 3350
3345 3397
2532 2559
1159 1703
1951 2447
2549 2579
1662 1746
1595 1820
2131 2331
1221 1235
2852 3226
1917 2477
1505 3205
1957 2061
3198 3219
946 1836
3112 3378
2055 2229
1011 1703
1207 1886
3046 3319
2133 2256
113 277
1196 1485
1559 1609
2782 2866
2203 2547
2074 2381
925 1367
629 1679
1577 2653
2276 2408
1465 2250
2124 2521
2206 2520
2266 2499
2268 2608
1086 1886
1622 1765
3640 3642
2033 2323
2012 2171
25 277
1409 1685
1941 2564
2667 2762
2698 2749
1610 1813
2265 2566
2664 2910
2179 2308
2719 2823
451 507
3188 3252
3312 3365
2806 3237
1146 1391
2960 3226
1390 1539
1431 1761
3005 3172
1884 1903
2071 2598
107 1161
975 1462
483 526
1419 1684
1449 1547
1598 1886
2773 3384
1714 1902
1524 1746
972 1069
1274 1615
2324 2549
3721 3938
828 834
1603 1610
1409 1800
973 1597
755 836
2233 2564
2068 2149
1436 1444
1509 1675
3437 3547
1573 1595
1335 1610
2729 3364
3554 3761
3174 3184
2786 3090
3584 3904
969 1282
107 1639
1623 1721
3506 3903
1751 1828
1015 1592
2991 3146
1456 1539
2233 2625
3198 3321
275 306
1684 2871
399 501
3726 3861
2757 3000
2941 2999
2063 2550
942 1454
1334 1818
2018 2346
1465 1912
1975 2158
1090 1703
2128 2132
713 850
3651 3683
2223 2653
1480 1757
2268 2508
3784 3793
1041 1226
2428 2543
2694 2915
1361 1612
2143 2279
2087 2609
1070 1536
3054 3315
862 3797
3576 3800
2118 2257
2919 2927
1920 2616
3018 3346
3611 3877
774 800
2111 2267
2446 2638
2131 2507
2359 2554
2896 3426
1941 2395
3437 3900
431 614
1327 1819
1195 1265
2184 2489
1 126
1981 2603
991 1034
56 72
2334 2593
3505 3598
958 1097
107 1148
2216 2553
1211 1643
2748 3378
3102 3179
3261 3262
2172 2206
2085 2107
1435 1729
1245 1406
524 591
2039 2102
1078 1370
1992 2401
2303 2339
2951 2955
3093 3154
915 1549
2073 2623
1941 2598
703 719
148 176
1941 2539
769 811
3049 3070
2037 2067
1612 1689
2936 3332
3994 4018
1173 1256
2937 2992
1965 2176
2031 2419
2344 2498
2689 2763
1912 2623
107 1009
2072 2436
1943 2477
932 1256
1985 2165
2206 2468
2414 2625
1912 2583
2139 2306
1945 2247
2063 2578
1672 1869
2864 2943
391 483
726 844
1985 2056
2460 2482
2081 2302
1916 2143
3086 3379
921 1361
1082 1104
1918 2591
2950 3035
2240 2604
2416 2480
185 322
353 428
2709 3307
3655 3791
1781 1830
1083 1488
981 1257
2156 2231
932 1517
784 810
2719 3344
2969 3036
1163 1285
2319 2343
2579 2604
3437 3968
2147 2590
1280 1662
0 136
2724 3233
2369 2563
1929 1985
680 684
2040 2340
2351 2543
2993 3029
2306 2624
1976 1998
3792 3924
2216 2218
1475 1862
2800 2945
1230 1530
3272 3280
1052 1247
694 784
2793 3291
2463 2516
3462 3672
925 1471
1943 2147
2965 3148
1217 1482
2484 2485
1985 2237
1192 1742
3636 3769
1622 1851
1329 1551
3541 3892
1219 1399
1946 2507
107 1061
902 1148
2677 3420
1530 1554
2533 2555
2817 3055
2563 2607
578 632
2666 2773
1189 1630
2777 2945
2165 2590
2326 2485
2095 2543
2133 2525
3196 3418
951 1033
3111 3302
2369 2655
2559 2593
1243 1659
2254 2547
1542 1712
1613 1804
2032 2102
1115 1576
3086 3420
3054 3114
1226 1428
171 2838
3146 3419
2746 2986
3023 3056
1929 2430
871 879
928 1061
3550 3797
2828 3169
952 1086
1604 1741
1067 1284
1209 1597
2074 2374
1431 1597
962 1671
897 947
107 1426
2069 2573
1107 1509
1358 1671
2033 2069
1321 1702
3204 3351
925 1196
1518 1774
3093 3171
2174 2285
1035 1221
2253 2586
1399 1669
451 506
1471 1804
3596 3884
992 1333
2161 2603
3092 3213
1313 1320
917 1907
172 239
2071 2224
713 853
1359 1619
2977 3435
203 325
1298 1381
94 180
1329 1460
2684 2775
3593 3714
915 1408
452 546
1199 1789
2240 2561
483 1820
957 1404
3101 3239
2056 2118
1620 1864
2219 2345
1155 1490
1271 1613
990 3248
1026 1765
2398 2451
2273 2302
2559 2590
1454 1502
2328 2344
896 1751
3065 3195
2716 2796
1146 1160
2724 3379
3084 3324
2180 2264
1450 1656
2906 2920
2121 2237
1912 2307
107 1130
366 544
2229 2462
1059 1804
2873 2911
1377 1757
136 2494
2337 2378
1945 2304
2299 2392
2109 2266
916 1809
762 842
1610 1782
2126 2455
2313 2644
350 504
2002 2582
2154 2590
3437 3885
1472 1783
2299 2615
2663 2890
1017 1597
1308 1634
1938 2563
1966 2309
2253 2539
3632 3787
2306 2549
2210 2600
2461 2567
1210 1671
780 805
2989 3355
3185 3335
1156 1810
107 1666
3082 3148
2583 2648
3537 3901
3056 3085
1984 2098
2123 2542
2207 2486
2007 2623
1929 2604
2040 2601
107 1708
795 813
997 1101
958 1787
553 669
1542 1717
1184 1255
1117 1331
1407 1754
2216 2638
2901 3140
1390 1523
2071 2653
465 471
1292 1459
1437 1902
430 469
2109 2593
460 524
1352 1447
1683 1761
1509 1833
1000 1640
107 1733
2849 3076
2973 3345
3920 3933
2138 2609
1497 1671
3561 3752
1173 1800
2180 2458
695 752
2520 2578
475 1358
1067 1081
1355 1633
3038 3060
2218 2303
1993 2427
1242 1431
2395 2467
1265 1891
2893 3432
921 1639
1797 1854
1041 1541
1391 1594
1912 2072
1055 1513
2777 2839
1972 2202
1092 1199
1370 1736
2073 2409
3319 3393
2189 2491
967 1484
1954 2068
2850 2867
922 1858
896 1628
1331 1471
1948 2148
1367 1799
2967 3092
118 261
2188 2354
597 603
1465 2203
2261 2586
1925 2190
2664 2872
1739 1904
932 1302
2124 2244
1540 1867
2279 2463
1366 1725
1509 1718
1962 2213
3079 3411
2874 3417
1288 1391
752 781
3213 3303
3483 3724
2108 2121
1040 1457
1494 1555
2749 3026
995 1330
3457 3938
2020 2112
2088 2381
2203 2589
2778 3239
2929 2993
2761 3023
2978 3392
2754 3108
2376 2542
1955 2420
1596 1873
2665 2843
200 252
1032 1373
2924 2956
2038 2367
2012 2494
612 617
2407 2504
925 1004
3822 3869
1940 2250
1173 1842
3456 3677
1100 1859
2276 2560
2096 2603
2154 2607
2028 2333
921 1750
2069 2485
2356 2526
1941 2563
3462 3559
1973 2616
2064 2240
1997 2654
2032 2302
2306 2602
1669 1730
954 1820
2145 2146
2030 2331
2108 2520
465 535
640 661
1081 1783
1230 1868
1345 1591
643 681
2000 2050
369 419
1024 1619
1574 1616
2244 2468
1352 1391
1989 2276
1943 2655
387 513
2215 2302
2471 2519
204 302
2046 2142
977 1011
921 1845
1370 1741
1375 1750
2464 2630
3545 3838
1393 1551
1068 1619
2149 2461
2681 3054
1610 1717
414 422
2741 2777
993 1399
1921 2365
1272 1520
982 1409
111 312
1126 1288
3022 3033
1576 1596
26 199
1991 2022
1459 1596
1722 1754
621 622
1964 2612
1924 2622
3485 3627
1049 1589
2018 2192
1647 1716
2104 2201
2134 2399
2126 2366
3437 3664
1451 1732
1563 1774
3084 3384
2667 2690
2329 2410
1056 1675
2169 2461
3078 3096
1184 1416
3162 3207
3481 3562
2370 2489
2832 3312
2131 2464
1238 1447
2713 3082
1045 1197
3821 3878
1391 1614
107 1551
1993 2352
1959 2250
1684 3311
2073 2275
2169 2385
2773 2916
352 536
1327 1774
1318 1427
1931 2006
1522 1868
1035 1646
960 966
2849 3101
1199 1530
3511 3770
2719 3277
2507 2654
1548 1601
1567 1588
2010 2199
2769 3300
1086 1185
2276 2638
1979 2409
1112 1390
2123 2308
917 1277
580 1427
1946 2122
1565 1695
2308 2611
2850 2910
1551 1717
913 1813
3668 3829
1714 1867
1126 1619
1431 1714
1684 2928
1004 1339
1085 1555
1006 1336
1485 1612
962 1677
1986 2539
2279 2445
348 415
2463 2544
2745 3174
1522 1800
1001 1543
1351 1554
967 1717
2901 3411
2108 2188
637 1080
927 1791
2850 3193
2112 2499
1377 1688
2661 3276
3567 3725
696 828
277 339
1173 1698
2864 3098
1334 1888
3169 3277
1578 1691
1981 2304
916 1868
2045 2468
1029 1688
1184 1879
2965 3378
1047 1804
1116 1608
1504 1703
1004 1491
212 232
2408 2477
2136 2233
3831 3971
2729 3119
2673 3004
1124 1608
2042 2653
1014 1583
1299 1355
1371 1533
1391 1613
414 635
3774 3899
1645 1790
380 516
2139 2381
3714 3869
546 547
2795 3307
1617 1689
3595 3917
3690 3927
2789 2888
2907 2928
2936 3260
713 777
2472 2639
444 538
2891 3193
1962 2521
2482 2526
0 110
2326 2352
3492 3697
2241 2268
2861 3053
1984 2200
905 1408
1432 1635
3651 3858
107 978
1048 1528
1126 1735
1740 1766
1604 1662
1381 1628
2139 2631
2363 2578
997 1029
3437 3684
3498 3705
1117 1272
3572 3794
2035 2361
353 544
2374 2611
948 1565
1470 1604
2201 2549
2771 3327
705 772
1979 2573
1983 2526
2139 2233
1912 1935
2404 2625
1684 3387
2854 3234
3047 3142
1551 1723
2344 2594
896 1315
2147 2218
1940 2117
1199 1867
2410 2563
2327 2479
2946 3104
1014 1322
3852 3902
2561 2630
2172 2485
1462 1611
1730 1867
617 666
1458 1817
1577 2174
2588 2642
414 651
3114 3137
1916 2132
2901 3431
2218 2549
2211 2232
3873 3948
2694 3004
3585 3949
1922 2317
2327 2394
1198 1431
1020 1459
2793 3206
2196 2325
1086 1370
2428 2468
2261 2359
2765 2973
1281 1742
1678 1811
930 1694
1963 1993
2030 2469
1211 1458
2901 3275
941 1227
2326 2646
2387 2393
1939 2075
1684 2722
917 1037
1665 1714
1132 1219
703 807
1912 2195
397 509
1559 1902
2939 3316
1291 1377
2075 2221
2212 2363
2083 2190
2090 2278
916 1199
2063 2638
1465 2501
2060 2290
2290 2395
2246 2463
450 519
2229 2564
2103 2553
2063 2564
1079 1117
1347 1396
1135 1376
2468 2646
697 727
1959 2203
2020 2084
1004 1331
688 727
1039 1832
2052 2343
1684 3039
2077 2395
906 1653
2140 2184
2681 2800
115 144
107 1448
271 325
2084 2638
425 456
3468 3810
2951 3198
2831 2832
2054 2315
1557 1789
1523 1852
1028 1375
2232 2642
3527 3966
2407 2489
1256 1457
2184 2339
463 535
1099 1729
1979 2602
3693 3756
1547 1888
2619 2630
1358 1543
3612 3764
2433 2630
2087 2616
2521 2551
3609 3938
1615 1708
2211 2656
2340 2542
3558 3909
2188 2201
2296 2498
3224 3313
1049 1344
1079 1734
1480 1501
1271 1722
1611 1716
1117 1126
2849 3185
1359 1804
65 261
2810 3163
2134 2315
957 1277
2142 2631
2052 2174
3252 3355
2972 3325
583 647
3280 3330
2071 2547
1508 1751
1076 1447
373 471
2278 2579
3027 3274
2007 2510
2352 2428
2090 2356
3107 3246
1712 1888
1684 2796
2307 2560
107 1392
1959 2232
372 410
2864 2909
2504 2520
2875 3170
80 88
1345 1550
1639 1819
2661 3411
1320 1744
1973 2633
1086 1192
1559 1723
475 514
1060 1204
2367 2594
376 634
1036 1862
4009 4023
3576 3702
960 1879
1587 1611
2292 2649
1999 2645
2447 2639
2229 2579
2666 3026
1589 1888
696 727
1186 1216
1365 1623
2869 3169
1332 1446
1643 1796
2121 2611
1231 1728
2282 2465
2104 2556
428 601
2935 2949
1185 1267
1237 1673
2945 3023
1600 1659
1570 1608
496 515
3610 3950
2244 2625
136 2054
2247 2304
3604 3915
1099 1273
2915 3363
1288 1470
2253 2560
3446 3531
2207 2622
1912 2519
2993 3257
2169 2304
2150 2409
1115 1190
3116 3179
2352 2433
392 525
2134 2508
1199 1335
89 319
2103 2428
107 1689
2206 2549
1684 3211
1675 1885
2664 3426
1281 1844
180 204
2331 2625
2050 2365
1600 1746
3466 3738
2770 3049
1680 1862
2068 2127
2213 2229
1012 1886
2103 2573
1108 1396
1718 2223
2932 3111
2989 3089
2083 2539
1316 1871
1175 1557
1029 1160
2325 2502
1912 2215
1054 1572
2131 2154
578 643
2600 2630
2294 2394
2069 2323
3304 3404
1763 1870
3521 3615
968 999
3712 3938
2484 2604
1912 2521
1125 1610
2274 2434
2059 2386
2299 2655
3104 3232
2753 2973
2120 2156
2307 2600
618 680
2107 2146
444 559
457 554
2443 2490
1315 1715
2190 2275
3515 3566
1376 1539
523 563
1730 1800
1199 1509
2050 2645
1707 1868
687 856
1199 1849
2307 2414
3464 3956
1017 1370
2239 2518
3437 3647
2911 3226
1282 1324
1471 1761
1920 2597
1589 1835
1296 1472
98 238
1207 1804
0 321
641 1235
2793 3136
1936 2403
1040 1809
3437 3755
460 475
1955 2264
2145 2277
1750 1819
1271 1390
901 1363
1966 1986
1148 1573
2661 3169
3490 3863
107 1679
3608 3713
523 561
2828 3280
916 993
2109 2430
2104 2359
3578 3860
2890 3014
544 553
2897 2910
2679 2890
1377 1598
1269 1471
1375 1597
2686 3002
1590 1621
3604 3966
2507 2619
939 1295
1683 1735
3468 3584
997 1238
2257 2469
2410 2590
825 864
2661 3198
2032 2399
1922 2341
1079 1761
2033 2210
2279 2398
1971 2095
2410 2468
26 176
168 347
1946 2216
1684 3314
380 518
2177 2509
2447 2645
1954 2585
1993 2392
170 185
26 170
1574 1766
2810 2943
967 1796
1392 1899
2839 2960
2032 2127
436 637
412 517
1076 1149
1352 1619
1483 1813
59 238
301 324
2132 2161
1616 1694
582 643
2089 2488
2165 2604
1962 2507
419 540
3204 3347
1302 1370
3239 3297
1940 2384
2702 3107
3557 3800
2907 2929
980 1269
1962 2370
412 418
577 578
1948 2516
506 610
1039 1271
1199 1735
2328 2598
596 616
1305 1782
3495 3633
3437 3503
1132 1605
1126 1622
2875 3043
1610 1754
3438 3784
348 420
3248 3327
1941 1955
2077 2348
1768 1799
1222 1547
3448 3851
2958 3001
408 525
970 1307
2276 2602
2199 2475
136 2171
2073 2150
1300 1744
2240 2591
3710 3728
490 548
1230 1721
830 853
2131 2590
1305 1668
1199 1287
1919 2346
2772 3406
122 239
2877 3047
2862 2924
3490 3662
2758 3285
1344 1816
1063 1288
2833 2849
2374 2484
372 460
2881 3287
1536 1709
1323 1643
2642 2649
2726 2837
2210 2253
1912 2474
1943 2350
1082 1235
1367 1416
2244 2423
1029 1171
2134 2285
3075 3097
3464 3604
483 1508
2124 2500
3687 3824
809 817
2033 2423
1997 2532
2336 2643
2920 2928
40 142
497 520
1952 2368
2005 2630
2257 2352
538 1695
1912 2533
0 316
2339 2578
3124 3419
2716 3299
1118 1468
1684 3261
2032 2516
497 567
1959 2509
404 500
1621 1663
1962 2220
1931 2620
1668 1761
2002 2267
1926 2254
1079 1867
997 1620
2674 3351
553 570
3169 3267
2006 2018
3077 3273
1970 2163
1945 2071
2292 2461
1505 1701
1345 1661
2072 2133
2045 2340
3311 3382
2190 2646
3681 3804
1076 1431
553 560
1912 2126
1078 1683
688 756
186 303
3001 3331
1534 2764
2810 2874
3612 3895
1242 1559
1623 1707
2300 2619
2668 2751
2137 2385
1132 1849
1925 1966
1325 1511
2784 3136
919 1783
2081 2597
992 1629
493 494
2213 2331
366 404
348 399
3581 3883
2087 2224
2724 3176
916 1184
2688 3205
3118 3379
407 433
1101 1329
2073 2200
2063 2275
952 1017
542 560
2090 2468
1013 1777
360 463
2590 2655
304 332
1432 1462
2245 2281
1020 1742
2347 2492
3545 3845
526 1444
1048 1768
2122 2624
507 566
2987 3104
2018 2378
1380 1689
2949 3020
2994 3387
392 428
3759 3774
360 395
3017 3224
1067 1587
2440 2644
1997 2253
1054 1861
2073 2550
2046 2631
2729 3279
2154 2601
1290 1520
1999 2018
686 850
136 169
213 277
1490 1616
908 950
3450 3605
920 1584
7 339
1238 1888
2957 3308
3020 3083
1387 1549
2896 3228
2196 2629
925 1617
1793 1864
1634 1699
2135 2533
1227 1392
1207 1746
7 315
3833 3869
2663 2726
2053 2537
2468 2549
2615 2623
1971 2307
3175 3188
438 559
2716 3060
374 556
1925 2554
1059 1665
1913 2400
1214 1736
1563 1610
106 238
1951 2620
3800 3938
687 759
745 799
2597 2642
2207 2650
2749 2839
2117 2310
2495 2619
3535 3782
203 239
1689 1714
3455 3728
3470 3753
1718 2032
1583 1628
3629 3840
2436 2451
199 238
2991 3350
1420 1613
2905 3232
1072 1756
2410 2551
1912 2529
2716 2901
1280 1793
2047 2286
2833 3319
2233 2500
1182 1399
1918 2655
2944 3226
2045 2561
2739 3068
1912 2370
2103 2524
1689 1717
2414 2446
2072 2138
2001 2143
2059 2165
3002 3162
1917 2407
960 1888
703 787
2363 2467
408 484
1985 2090
1230 1352
1118 1648
2214 2406
2073 2504
2668 3256
3045 3300
3137 3158
3672 3930
2183 2649
2978 3104
2048 2544
3098 3226
1984 2229
1029 1577
3452 3838
2187 2332
1966 2093
3939 3963
438 492
2118 2521
3643 3855
1943 2095
1086 1330
2044 2631
80 101
1620 1683
2214 2289
995 1540
1391 1612
1912 2366
2782 3026
1094 1356
2020 2559
2796 3201
1934 2091
2131 2299
1199 1821
388 415
2192 2225
26 322
2830 2951
1722 1909
2493 2641
1938 2331
966 1302
1932 2135
1746 1780
2064 2352
2231 2371
2191 2555
1997 2244
1003 1184
1330 1811
3609 3948
2233 2370
463 555
361 450
1214 1723
2488 2523
2553 2630
2206 2484
960 1827
1060 1576
966 1399
2098 2549
1494 1567
1092 1827
575 589
3116 3146
1369 1563
2796 3347
3630 3634
2033 2237
1971 2216
3462 3488
1616 1740
2243 2501
397 419
813 833
1238 1707
3182 3291
2103 2546
1247 1429
524 527
2187 2294
2005 2575
1839 1879
3001 3062
1375 1721
187 242
1060 1423
1471 1839
2190 2409
765 792
1222 1230
760 834
1957 1991
3675 3757
2094 2281
1078 1799
2279 2332
1020 1166
2500 2604
2329 2374
2946 3065
3592 3677
2140 2520
1222 1267
2336 2351
3480 3674
793 836
3106 3203
1914 2022
2056 2095
1431 1600
2378 2647
1185 1367
999 1017
1959 2384
2216 2244
739 797
1107 1238
2850 2872
2440 2628
1993 2532
3206 3240
3617 3803
2370 2543
2859 3075
523 553
354 396
1361 1702
984 1502
2056 2363
1589 1827
1259 1507
2275 2430
1241 1481
2077 2139
2711 3285
223 271
492 513
2244 2539
2331 2553
1070 1170
2716 3034
1480 1886
1620 1900
3782 3818
2238 2260
1329 1600
1266 1431
3149 3435
1319 1533
1004 1796
1912 1957
3685 3850
1953 2059
897 1331
2033 2093
2944 2969
1083 1619
2793 3140
2748 3350
13 188
3038 3274
1520 1714
2815 3195
2220 2395
1126 1902
3538 3912
1502 1706
2033 2624
397 506
1358 1425
954 1706
1222 1336
2509 2649
1929 1971
1577 2295
2194 2394
1684 2942
2935 3020
960 1793
3539 3724
2087 2180
1649 1786
348 433
439 442
1519 1688
3510 3738
3647 3918
2188 2500
3219 3404
2749 2956
3524 3768
1335 1341
3381 3416
2250 2543
2681 2994
72 232
1946 2244
1385 1496
322 323
947 1467
1184 1344
1261 1277
408 538
142 334
2123 2446
1323 1617
3141 3200
2047 2231
1302 1707
1931 2004
2289 2425
1243 1290
3116 3152
1060 1322
538 1767
2665 3386
1458 1782
2042 2194
0 336
1800 1835
3042 3095
2936 3298
2966 3084
1684 3020
1993 2549
711 727
2123 2290
3455 3827
2132 2199
1941 2123
1591 1873
1959 2161
0 295
1617 1804
1963 2462
1951 2000
2451 2652
2027 2337
739 774
367 474
1938 2339
1189 1338
637 1871
2319 2463
1432 1438
1600 1835
2037 2086
2827 3108
1736 1827
1329 1589
1335 1721
2434 2518
1040 1125
2327 2390
698 892
1941 2137
1128 1823
2095 2154
563 1912
1352 1819
3467 3533
493 538
2052 2516
2969 3184
2369 2586
2232 2571
2226 2642
2720 2793
871 881
1412 1500
1912 2107
2743 2931
2672 2701
2237 2306
451 471
1416 1768
2104 2347
3615 3664
553 559
2853 3247
2916 2928
1205 1826
1642 3355
2127 2400
2374 2414
2690 3100
136 2451
2742 2796
2729 2810
2159 2640
2390 2438
2216 2407
2090 2504
2347 2625
2043 2253
3698 3840
433 533
2176 2588
2408 2619
2680 2749
2174 2267
2901 3360
1835 1888
1577 2377
2970 3265
2261 2574
376 531
1166 1729
1231 1292
1794 1871
2786 2960
1746 1868
2129 2587
976 1801
67 203
1596 1628
3038 3321
1826 1842
2064 2542
1267 1617
2053 2294
3168 3177
3449 3517
3060 3201
483 1102
754 815
484 1160
3489 3825
1003 1779
2674 3391
2932 3385
423 651
1926 2176
2701 3261
1153 1610
2719 3170
3902 3966
3596 3962
1344 1620
1348 1507
2210 2495
947 1832
1946 2140
3824 3902
422 653
1472 1847
2359 2586
1225 1633
1993 2266
2278 2615
1941 2090
3472 3553
2445 2533
1990 2049
641 930
1598 1712
1006 1163
2556 2624
1983 1985
1175 1717
1985 2319
1444 1569
3604 3838
1382 1495
2330 2417
3151 3431
3132 3277
3992 4017
2114 2176
1715 1899
2892 3295
0 194
1761 1800
2253 2354
2944 3098
1191 1335
2537 2567
3084 3119
989 1019
1620 1791
2500 2586
1283 1421
2148 2187
2381 2414
1391 1833
3206 3355
1290 1753
483 1108
2754 3023
1337 1805
2150 2542
1048 1420
1052 1807
1126 1329
368 526
1970 2555
1329 1757
3488 3858
3316 3416
1235 1277
2782 2910
1289 1827
1684 3159
774 840
2073 2201
363 1425
1912 2617
1917 2353
2683 2993
2143 2451
2064 2433
2578 2625
727 766
2024 2640
1456 1888
1501 1851
2735 3075
1056 1519
3460 3515
2151 2512
1211 1289
696 713
1622 1813
1083 1126
1683 1827
432 482
2377 2451
1174 1825
1069 1285
2579 2625
939 1342
1112 1771
3148 3378
2165 2492
1718 1817
3212 3321
1376 1707
1489 1794
500 547
1415 1770
2471 2642
916 978
2423 2489
1557 1761
942 1108
1522 1532
3455 3735
2936 3106
1966 2433
1608 1613
2552 2561
586 646
696 830
2200 2408
1598 1832
2924 2929
2460 2604
2669 2874
1255 1669
2809 3026
1733 1798
133 276
1211 1491
2154 2408
1003 1305
2037 2136
3283 3325
1064 1831
2328 2608
2591 2655
3209 3360
2965 3162
1389 1609
2661 3355
1953 2408
1468 1648
1076 1530
2328 2451
542 556
2363 2602
1979 2329
1404 1583
26 252
1390 1867
3938 3962
1054 1250
213 324
2542 2607
2189 2289
3633 3968
3101 3225
1061 1687
1043 1368
2148 2543
3537 3664
1684 3240
2372 2608
354 463
1971 2088
3140 3335
2869 3277
107 1459
3065 3232
947 1757
2104 2179
2129 2405
1944 1964
1917 2526
2461 2463
2068 2293
2863 3185
2266 2309
2073 2237
1230 1540
3574 3596
2489 2638
2690 3383
2863 3391
2069 2334
1983 2046
2302 2653
2309 2624
2812 3273
378 391
2374 2521
2381 2526
2068 2117
3172 3261
2773 2929
982 1125
1021 1277
1255 1643
1622 1902
2919 2928
2133 2223
2032 2533
1083 1370
2681 2862
1663 1867
925 1774
2742 3132
393 441
2035 2371
2136 2423
2164 2340
1367 1622
2381 2407
1918 2521
1871 1893
2206 2233
731 766
2072 2254
2212 2574
2945 3158
419 484
3806 3905
1912 2212
3355 3434
213 308
2445 2508
3459 3793
1918 2095
107 961
1739 1876
940 1259
3169 3351
3052 3149
1331 1484
1377 1431
2278 2347
1684 3118
2676 2698
3167 3210
2165 2423
2264 2280
1056 1805
2253 2482
705 724
2328 2510
2142 2179
1584 1595
2551 2575
2132 2247
2171 2658
2369 2546
2083 2290
1663 1707
3064 3149
2247 2461
79 119
2117 2643
2374 2600
3233 3335
1238 1370
2104 2408
2363 2423
1960 2129
1361 1540
686 729
1946 2462
1948 2617
2290 2460
1086 1539
1431 1619
1718 2148
1622 1799
1449 1714
136 2268
2043 2429
1844 1882
1509 1589
1408 1897
2278 2369
479 483
1098 1553
2047 2148
2300 2309
1255 1520
1918 2124
2676 3033
3599 3710
1339 1653
2676 2800
2102 2183
2271 2615
0 93
1643 1746
1622 1845
1339 1557
2031 2232
2686 3075
1520 1610
1086 1877
2404 2550
1972 2000
2123 2136
3828 3938
2056 2275
2062 2398
1984 2404
2672 3351
1097 1548
3455 3778
2506 2553
1743 1844
1408 1740
1059 1523
361 500
3201 3267
2973 3101
2093 2139
2040 2275
1243 1451
1577 2502
739 758
1829 1910
2784 3150
902 1426
3076 3381
2146 2371
1912 2576
2658 2659
2174 2582
1235 1573
1216 1232
2920 3124
2275 2404
1170 1894
2683 2786
484 560
2043 2093
2730 3221
412 455
978 1305
3475 3845
1522 1888
1661 1751
2124 2179
1416 1584
2276 2404
2339 2433
755 758
391 580
1341 1750
206 260
1621 1819
3110 3369
2084 2139
1954 2368
2730 3233
1021 1120
1329 1823
2844 3274
2806 2867
999 1399
870 894
3198 3422
107 1276
725 818
1051 1159
1488 1839
1183 1217
1312 1361
3131 3251
3240 3341
1004 1467
2069 2150
2912 3250
2331 2615
1117 1390
2277 2335
1684 2685
1279 1576
1055 1905
2086 2655
2030 2554
1683 1888
2956 2987
2748 3291
1122 1427
3926 3938
2072 2222
2151 2589
2171 2225
690 784
3075 3357
1522 1584
1522 1617
752 830
3437 3578
376 513
2103 2504
2956 3238
958 1333
2235 2294
2381 2607
2347 2395
2916 3040
2192 2626
2550 2573
404 482
1513 1883
479 493
697 844
1413 1841
2690 2735
2134 2283
1379 1682
999 1491
756 805
2032 2259
1462 1636
1929 1963
414 618
2123 2489
694 726
2033 2409
694 781
1023 1445
3477 3756
1729 1794
957 1298
1465 2598
19 312
3051 3082
1231 1273
2054 2302
1192 1413
2810 2974
1275 1536
927 1750
1955 2199
3842 3851
26 161
1160 1736
2991 3113
2021 2464
2229 2369
1120 1379
1590 1879
728 741
77 117
1199 1267
719 731
391 446
483 1660
2944 2960
1171 1534
2216 2347
927 1831
2680 3232
1947 2222
3511 3648
995 1331
2369 2446
1329 1804
1520 1730
2257 2363
2690 2762
122 284
1516 1554
1315 1884
461 527
2829 3241
2128 2543
934 993
1399 1402
2356 2590
1971 2154
925 1290
107 1731
2323 2331
2329 2446
2330 2617
1491 1603
2867 2916
1932 2508
975 1841
1312 1734
3049 3082
2104 2606
1605 1757
2728 3273
2206 2290
1177 1499
25 73
1303 1820
1036 1231
2803 3178
2046 2324
1277 1379
1684 3224
2154 2220
1469 1739
353 1616
1598 1833
2778 3419
2921 3353
2169 2498
2197 2236
2190 2381
1964 2031
2071 2137
1954 2117
2705 3129
1060 1742
1311 1630
3101 3185
1230 1768
190 229
1457 1826
3517 3830
2142 2308
3402 3427
1164 1663
2233 2655
2731 3036
2251 2313
3097 3329
2786 2919
1951 2004
791 822
1603 1730
3764 3821
1912 1933
2092 2576
1329 1509
0 241
2040 2363
1548 1733
1918 2433
107 1859
2521 2560
2469 2482
2045 2084
1970 2199
2905 2909
3005 3292
2787 2892
2769 2807
2323 2354
379 532
2039 2510
2169 2436
2782 3047
1054 1367
2031 2149
766 828
1656 1852
1109 1496
1405 1851
2901 3347
2075 2501
926 997
2104 2271
1917 2578
368 479
2468 2625
422 579
428 563
2052 2117
1340 1653
2123 2430
1475 1591
2939 3344
1097 1601
1572 1730
2940 3238
2390 2394
1228 1236
953 1271
2033 2404
2031 2642
2870 3275
2133 2224
2190 2631
2068 2347
2143 2512
108 320
2133 2313
1520 1662
3139 3231
1083 1086
395 456
3874 3892
1984 2356
2782 2915
3499 3793
2069 2088
2510 2594
1130 1619
2440 2577
3207 3420
2749 2810
2058 2244
3056 3117
2741 2993
2283 2445
927 1819
1024 1291
2187 2653
1098 1187
2991 3265
1024 1028
1125 1288
2132 2221
1726 3222
2828 2833
2414 2550
1351 1827
1638 1893
2429 2563
2191 2511
3601 3866
2742 3298
2247 2518
2526 2638
1016 1403
1036 1315
1630 1727
2331 2468
1684 3070
1985 2482
1086 1827
1242 1622
1389 1447
277 315
2778 3120
1642 2903
1431 1544
1608 1621
3697 3831
1117 1590
2087 2125
2136 2404
3576 3966
1003 1800
2011 2447
927 1613
2124 2469
492 676
1269 1352
2409 2542
1078 1617
3247 3344
3082 3201
3082 3265
2054 2415
2038 2226
2492 2586
1963 2307
2054 2333
170 203
977 1756
1465 2332
2054 2594
107 1150
703 718
355 553
916 1182
2389 2616
2912 3078
2055 2150
2190 2407
3515 3958
2241 2344
2119 2644
1279 1347
2125 2588
597 611
1972 1991
111 326
2430 2484
1162 1731
1124 1813
417 444
350 543
1101 1809
1538 1714
2684 3076
2877 2910
1399 1547
2889 3318
1204 1423
1004 1420
2200 2467
2020 2334
1205 1352
2578 2600
2043 2579
1078 1250
461 483
2077 2123
387 544
2276 2552
1471 1707
107 1830
1020 1894
1012 1881
1175 1554
1813 1842
1938 2216
1026 1460
3207 3366
577 632
1491 1617
2482 2549
2030 2600
2005 2495
3437 3850
1104 1148
2938 3341
1129 1350
2060 2602
2828 3261
2145 2544
3540 3830
1173 1791
1075 1765
2268 2283
1912 2094
3136 3214
1955 2203
1509 1584
1912 2567
1448 1786
2044 2611
2033 2213
3448 3471
2040 2308
1352 1554
1929 1966
2810 3000
2720 2868
1684 2716
1199 1250
252 261
3718 3896
2297 2447
3117 3237
1101 1813
2347 2518
3010 3026
2629 2649
1305 1805
1348 1482
3456 3687
1060 1475
2000 2639
369 561
507 525
1409 1832
589 603
2877 3237
2026 2369
2914 3411
1963 2324
3025 3084
2738 2929
2078 2578
2135 2502
1980 2006
1282 1894
1246 1781
2289 2589
1402 1772
2027 2202
1247 1885
701 713
2103 2602
916 1613
1305 1730
3084 3114
107 1678
1336 1399
2471 2555
2058 2526
2683 2927
3608 3694
1077 1858
1929 2206
2038 2087
1269 1420
1449 1668
2133 2440
439 527
1763 1773
2666 3108
1554 1757
1912 2602
1024 1707
925 1551
3090 3326
2121 2323
815 835
2759 2854
3448 3609
1032 1247
107 1518
2077 2370
2042 2149
1912 1942
1497 1731
3394 3426
2372 2547
1047 1124
1941 2032
3641 3907
1205 1571
1047 1835
2386 2602
1041 1275
170 342
1026 1584
2172 2340
2072 2598
3508 3809
483 1595
430 484
2960 3129
1399 1416
2974 3023
2553 2624
369 381
1175 1559
916 1376
972 983
1613 1683
2061 2636
1675 1833
2976 3182
2215 2445
2602 2631
2910 3232
1718 1955
2257 2607
930 1514
3056 3232
1917 2140
990 2941
2283 2292
1982 2280
2549 2607
2828 3351
1416 1730
1052 1620
2795 3374
3136 3337
953 1083
1452 1880
2115 2352
2112 2590
2866 3174
3019 3356
3013 3041
1654 1767
3599 3867
1190 1545
87 161
2122 2353
1801 1844
1927 2538
3486 3572
2734 2808
1195 1851
3671 3821
2742 2992
3437 3829
3140 3177
1583 1591
2676 2912
2359 2625
1101 1370
3005 3027
1704 1894
2351 2461
2920 3108
1608 1753
2337 2645
1684 3399
1064 1094
2360 2488
348 362
927 1570
1211 1863
2111 2273
353 1122
1684 3359
2810 2988
580 1210
1604 1885
1626 1911
3572 3705
3576 3860
2247 2629
1459 1873
2338 2465
1051 1686
2201 2356
1980 2143
2549 2561
2915 2931
2212 2244
1018 1382
1222 1389
107 1405
1966 2060
171 1486
1130 1639
3425 3427
3350 3381
3504 3626
1235 1462
2187 2254
1287 1456
1342 1700
1066 1192
357 516
2139 2604
936 1122
1684 3147
1604 1609
2261 2276
896 1082
41 326
1983 2369
1190 1899
9 141
2793 3353
2846 2914
2231 2277
3525 3721
107 1278
2161 2367
1946 2043
3437 3857
2005 2108
2724 3295
2229 2257
3576 3611
1434 1585
3026 3166
1912 2489
1116 1522
2220 2392
1283 1891
40 317
1944 2038
456 497
3443 3464
1047 1842
129 339
2934 3077
2028 2135
348 563
2839 2967
1195 1594
1542 1598
2121 2556
1341 1821
2037 2427
2068 2367
2515 2622
988 1573
2664 3339
2664 3142
1085 1317
2108 2299
2176 2471
2542 2630
1048 1431
606 1766
946 1126
708 753
2273 2588
422 561
363 366
2074 2131
2862 2929
580 1790
2384 2420
2750 3022
3586 3604
1082 1647
1784 1895
373 461
2257 2446
1125 1185
2770 3185
2444 2515
2011 2022
2424 2659
2409 2655
1655 1764
1126 1146
2191 2465
1101 1205
2381 2469
1014 1104
2343 2509
1557 1559
2309 2521
2348 2482
2926 3256
3445 3538
3680 3822
917 1820
2155 2475
186 203
494 537
3886 3968
2951 3077
3118 3172
1688 1864
2326 2446
2363 2553
2870 3002
1946 2077
1826 1839
1448 1596
0 73
1588 1866
2047 2065
2102 2132
3254 3343
1231 1587
1086 1688
752 815
3397 3416
436 604
1955 2333
2782 2864
1163 1352
2160 2361
1125 1289
1960 2577
526 1114
2188 2309
2956 3243
2132 2394
1684 3312
1936 2023
2244 2590
812 828
1238 1675
1334 1621
1488 1863
2742 3277
2862 2913
1577 2196
1424 1896
1996 2017
2052 2149
919 1099
3186 3295
2323 2467
2999 3310
1609 1610
2271 2381
444 475
2504 2590
2123 2492
2102 2616
2311 2395
2146 2424
422 520
2115 2201
1199 1796
2338 2496
1938 2103
1449 1863
2734 2787
2125 2368
3187 3337
2833 3291
1479 1903
703 781
1742 1820
3222 3245
2020 2108
1399 1488
2020 2607
1085 1719
1980 2365
2056 2303
2047 2644
2429 2489
2970 3239
3728 3835
3140 3277
3132 3350
1149 1669
2211 2566
1392 1583
711 810
1610 1623
3307 3374
2059 2574
623 654
3052 3184
8 259
1099 1742
2348 2602
1612 1736
2060 2556
2986 3004
2131 2563
1431 1842
1172 1589
439 477
107 1839
2549 2615
2201 2300
1409 1665
2409 2638
3611 3731
2031 2066
1948 2144
2863 3204
1912 2383
2043 2546
1341 1380
1026 1028
1117 1608
1396 1508
1730 1741
107 1880
2160 2251
2750 3033
2844 3140
1024 1714
2197 2313
2742 2781
1189 1469
1912 1968
122 315
2428 2492
2053 2254
395 561
1456 1524
3038 3351
2663 2873
404 408
2758 3136
400 580
3540 3842
521 544
2890 2927
376 570
3755 3971
2031 2480
2040 2646
1184 1198
2875 3313
2223 2463
1219 1519
2257 2478
3102 3239
1712 1898
2243 2327
2702 3236
2088 2586
2065 2530
2354 2484
3335 3350
1812 1824
960 1271
1080 1318
2007 2169
98 203
2796 3377
107 1481
944 1536
2020 2573
2059 2073
1272 1312
2196 2292
1413 1573
2210 2564
754 821
3488 3557
2340 2630
1059 1563
1199 1222
2865 3196
2716 2853
1051 1473
1987 2344
1256 1809
3611 3762
2763 3232
1926 2475
1052 1725
2212 2331
2209 2226
1290 1522
1805 1911
2940 3399
2308 2560
2020 2253
2377 2479
2308 2309
1156 1789
2128 2292
3437 3742
3236 3359
2242 2395
2308 2615
21 325
1132 1399
989 1227
422 474
414 640
2999 3253
1166 1366
3072 3248
1199 1845
2047 2543
2056 2078
2237 2324
982 1101
1926 2226
184 281
1790 1844
212 298
414 611
1718 2282
1615 1806
1539 1683
917 1303
1621 1683
2666 2956
1238 1377
1470 1811
10 142
2590 2619
1124 1554
2108 2418
1539 1612
414 666
2754 2988
1059 1816
1017 1269
2087 2127
2139 2430
2074 2237
2056 2262
1101 1431
2260 2412
982 1864
3110 3421
2118 2464
2973 3082
2991 3320
107 1483
1287 1730
392 460
1559 1793
1938 2201
3520 3550
2005 2233
2276 2646
2171 2657
1172 1280
1371 1452
107 1818
2719 2753
1107 1467
2841 3190
2060 2352
2259 2649
1189 1366
2224 2616
1029 1687
2751 3198
1998 2585
686 817
3115 3259
2663 2899
186 271
2106 2437
2347 2363
947 1242
1742 1751
1679 1882
3918 3975
1420 1637
2708 3011
2719 2796
1076 1683
1166 1786
2849 3332
2436 2589
1184 1420
2340 2433
3559 3891
606 1313
1912 2500
1684 2964
2793 2849
2348 2600
2253 2532
980 1344
2226 2518
2915 3117
2746 3363
2925 2966
1431 1717
947 1735
2677 2923
967 1688
1497 1683
3495 3929
1098 1360
3528 3804
1255 1377
31 237
1076 1520
2364 2657
1086 1149
438 493
1912 2448
589 623
1946 1953
2028 2032
1075 1614
3087 3236
2199 2555
2191 2264
2108 2109
1941 2240
2107 2117
942 1324
1946 2484
1178 1758
2864 3054
1646 1885
1235 1273
1335 1530
2354 2428
1059 1416
2127 2649
2112 2539
615 627
2835 2880
2093 2115
1757 1888
566 1630
925 1302
3034 3101
2604 2630
1391 1791
1377 1888
2257 2374
348 470
3643 3680
1021 1786
475 1300
2490 2513
2756 2945
3355 3386
3437 3818
1147 1332
1163 1663
2839 3025
366 400
932 1483
1695 1870
2754 2909
2347 2609
1160 1361
3633 3734
2463 2525
2278 2500
3672 3872
2169 2279
1210 1294
563 1688
373 548
13 98
2754 2867
778 828
1966 2619
1086 1427
2786 3054
2159 2202
1322 1432
2420 2567
1398 1538
1175 1622
1178 1866
2880 3286
1101 1449
2480 2540
1243 1761
2389 2626
1074 1211
1193 1838
2279 2472
2384 2396
1680 1872
2793 3152
3146 3383
1979 2615
1327 1369
1946 2093
1971 2492
3562 3883
136 2538
1662 1665
3280 3320
2188 2559
2407 2556
2718 3032
400 512
3469 3752
1086 1271
213 340
1291 1335
2306 2430
376 1358
3514 3557
348 551
3529 3668
2229 2300
2154 2578
1683 1769
170 332
2187 2567
1997 2404
2925 3363
1421 1687
1131 1725
1920 2472
726 853
348 514
1971 2499
1238 1376
1124 1570
1376 1467
2200 2307
947 1808
1211 1849
2991 3060
1570 1685
2929 3090
2055 2611
1012 1223
1450 1726
1288 1712
3437 3666
1163 1886
1304 1536
1920 2039
2412 2570
964 1725
137 337
2240 2410
944 1428
1929 2088
1290 1632
1293 1352
1532 1888
2741 3174
2708 3397
3633 3884
1155 1882
1743 1831
1101 1879
186 188
417 537
1011 1189
2289 2597
2863 3113
3793 3947
1725 1794
419 567
1432 1862
2117 2305
531 570
1125 1302
165 342
3258 3262
2973 3106
2567 2653
2729 2928
2023 2091
1603 1669
2749 3417
1583 1691
3051 3132
3670 3948
2376 2576
2127 2196
1540 1800
1107 1796
2057 2111
3132 3146
897 1449
2040 2606
751 828
2904 3089
2171 2648
3474 3634
815 823
2104 2352
2128 2187
353 471
1199 1255
946 1289
2404 2539
1378 1798
2294 2332
492 606
2728 3176
1979 2229
483 976
2109 2573
2233 2630
2007 2303
1448 1475
1331 1736
2037 2646
2088 2469
2112 2244
2043 2352
2121 2489
1941 2649
2775 3233
1985 2095
967 1603
2916 3056
3096 3348
1966 2561
578 675
1646 1867
2122 2386
2098 2109
1663 1791
2485 2578
2927 3054
3836 3837
2708 3332
2233 2613
2130 2448
1912 2438
3046 3260
3826 3833
172 199
1669 1707
2896 3054
1912 2360
231 239
2598 2643
2283 2472
2434 2479
898 1020
107 1329
2117 2325
2344 2415
1938 2306
1471 1491
3765 3930
2277 2497
1912 1915
2777 2827
1557 1644
8 110
688 828
1117 1329
1342 1910
2782 2854
2816 3187
971 1794
2326 2495
2037 2103
3519 3957
3633 3851
2054 2537
1092 1603
96 133
2222 2537
3280 3396
3702 3948
3291 3391
2336 2458
2240 2492
374 513
1768 1898
1172 1331
1180 1868
1184 1589
1137 1452
1290 1845
7 136
3298 3328
1085 1806
1410 1494
476 501
957 1148
2096 2480
1288 1665
2820 3001
107 1503
1955 2384
1146 1547
504 510
2103 2395
1146 1238
2010 2183
3129 3436
2184 2218
1432 1716
2087 2283
3252 3434
967 1730
2728 3019
3480 3799
1388 1662
3234 3362
538 1763
3437 3919
2059 2556
2210 2526
107 1252
2489 2600
959 1256
2386 2556
694 842
3097 3117
2078 2300
2414 2600
2030 2112
0 121
1528 1723
1204 1636
2117 2247
2045 2604
2111 2133
1980 2097
1159 1170
1092 1551
1929 2043
938 1424
1960 2166
1488 1879
1566 1680
2901 3380
580 641
1232 1895
2290 2386
2940 2974
2087 2511
2171 2620
902 1345
2039 2347
1945 2010
2133 2617
2377 2512
1718 2071
2133 2210
484 1673
3113 3272
3501 3884
2155 2557
3501 3962
2176 2610
392 527
711 829
2800 3348
1357 1767
2047 2191
960 1256
2471 2475
2187 2293
2738 2888
1998 2097
1108 1273
2354 2604
2428 2460
2665 3027
1141 1304
373 434
1934 2440
2101 2379
1028 1467
1360 1511
2132 2327
1971 2543
2071 2081
2065 2536
2115 2602
2026 2367
1211 1250
1653 1799
953 1222
3182 3225
2283 2649
122 169
2681 2738
2059 2340
1936 2047
777 829
1205 1669
372 558
2290 2560
2969 3104
2465 2567
2187 2198
966 1721
408 561
1976 1999
2302 2643
913 968
1730 1827
2266 2387
1454 1828
1052 1436
1358 1514
107 1330
3136 3385
2143 2384
1957 2657
3521 3842
2138 2458
409 494
1062 1436
3 323
2666 3339
1166 1338
475 1427
1941 2468
1783 1786
2164 2172
1179 1237
420 430
799 845
1299 1469
3519 3759
3178 3295
1032 1503
2888 3130
1945 2174
3381 3434
1258 1275
3017 3299
925 1523
1199 1367
2161 2522
1191 1329
2052 2203
3442 3678
2056 2576
2199 2417
1067 1438
1746 1757
1238 1662
2118 2593
1954 2032
1946 2118
2218 2575
2032 2518
3496 3831
934 1823
2781 3101
1205 1796
136 2510
1610 1902
1198 1612
2086 2575
1352 1669
1749 1785
2212 2611
1242 1796
3104 3362
1382 1786
2271 2507
2053 2472
1272 1431
348 460
348 517
2069 2122
1928 2009
2664 2669
2032 2537
696 745
3800 3838
2329 2347
199 315
2042 2434
2083 2495
2911 2913
1106 1248
1487 1497
2038 2318
355 497
475 548
1594 1858
3703 3938
2244 2354
2793 2863
1086 1849
1912 2043
1191 1839
107 1552
1547 1730
186 325
2563 2602
107 1648
2183 2468
3054 3426
1110 1175
107 1514
2353 2602
21 136
2133 2143
1989 2083
404 512
2611 2638
3365 3369
1017 1663
2127 2138
1989 2190
2716 2939
940 1109
988 1227
1041 1213
694 834
107 1335
3437 3852
3909 3945
1458 1467
1199 1804
1958 2640
2150 2579
3252 3416
1376 1613
2216 2611
3120 3350
2913 3363
25 276
2415 2603
791 818
2179 2300
2072 2174
2261 2607
1039 1864
1080 1142
2331 2602
50 331
1340 1789
3365 3429
1352 1608
408 487
1966 2427
2071 2420
2924 3184
946 1516
483 1001
1243 1621
3800 3830
2078 2600
1122 1801
3573 3672
1672 1855
2235 2501
1927 2027
2062 2347
605 653
1938 2142
3510 3915
2068 2280
1026 1367
921 1078
1946 2142
1231 1347
1479 1636
2936 3101
1918 2593
867 887
72 199
2054 2475
1684 2947
2866 2986
1931 2659
2111 2472
1926 2617
703 828
2473 2598
103 169
3546 3963
26 277
2118 2484
2165 2559
2200 2611
2054 2222
1347 1742
2216 2299
1351 1367
1580 1902
1319 1452
906 1795
2325 2480
1377 1622
1347 1379
2306 2354
21 304
2237 2348
1912 1932
355 359
567 3487
1132 1198
1107 1622
435 555
2038 2458
3184 3193
1272 1590
2302 2315
2749 3022
3576 3830
1266 1564
3132 3247
3213 3234
2359 2504
1101 1207
2674 2869
3472 3685
1607 1664
2890 3426
1936 2286
931 1566
2669 2745
3089 3406
363 419
3501 3968
1604 1610
1717 1746
1927 2627
1791 1888
1683 1730
2139 2607
1946 2575
2854 3104
2664 2777
1971 2623
2813 3393
3101 3296
1447 1827
492 503
1402 1823
580 1853
3568 3834
2974 3417
2429 2546
3469 3881
2054 2508
2086 2188
2149 2555
2144 2653
2225 2364
1818 1885
1389 1431
2266 2551
85 322
2311 2462
2304 2310
980 1842
3661 3948
2324 2392
1912 2259
2088 2306
2233 2521
2233 2607
348 477
1716 1862
921 1621
1250 1662
65 118
944 1815
3066 3128
2133 2567
3560 3830
949 1189
1989 2253
3102 3330
2719 3261
1968 2171
1029 1256
1981 2111
909 1030
1912 1962
3442 3521
369 380
906 1804
1622 1752
1255 1528
1067 1345
363 514
917 1733
2237 2604
2109 2278
1923 2434
1509 1563
2081 2280
2297 2659
3446 3814
1991 2097
3495 3824
2011 2364
2153 2588
1951 2378
1175 1861
1169 1624
2415 2434
713 833
2174 2594
1175 1835
2763 3303
2717 3047
792 807
1416 1653
2750 2864
3021 3344
2233 2352
1375 1833
2095 2334
2873 2929
483 503
1465 1702
3715 3740
3640 3734
2283 2511
2097 2659
1039 1842
1398 1488
1199 1361
2103 2446
925 1416
1078 1753
1323 1637
513 610
2713 3224
2507 2586
1714 1800
3886 3962
1010 1037
1026 1149
387 523
1684 2773
959 1271
2731 3084
2033 2550
2244 2549
2278 2533
2196 2463
978 1685
2047 2250
414 629
2861 3122
2913 3195
973 1369
705 752
374 432
2183 2328
3154 3434
2295 2649
2484 2591
2032 2419
2030 2077
2068 2223
173 464
353 641
2395 2638
1554 1849
1323 1530
1273 1824
1256 1361
2045 2560
1231 1583
2083 2206
2098 2229
1984 2542
2763 2960
2394 2471
1993 2179
1912 2033
963 1333
2867 2913
2147 2611
1972 2097
438 525
3118 3233
1099 1508
1432 1661
2676 2689
3017 3185
1980 2648
927 1675
2183 2511
2129 2342
22 158
1250 1380
3155 3368
2215 2572
373 567
456 462
1804 1823
1205 1377
1281 1729
1366 1699
1305 1813
2037 2407
1918 2055
2306 2604
1352 1623
3211 3374
2839 2974
1210 1268
1036 1459
3529 3956
1085 3756
1986 2507
2326 2602
1520 1584
2970 3101
2872 2877
1684 3134
1148 1190
2210 2266
1524 1730
1524 1688
2135 2180
2140 2607
1365 1589
2433 2492
1923 2241
2849 3351
2031 2557
2940 3195
2756 2773
2007 2283
1684 3417
1017 1547
1158 1636
3200 3354
1074 1813
1017 1289
989 1857
637 1374
1953 2188
3516 3523
982 1456
1028 1287
232 291
1860 1911
3584 3870
2257 2324
2354 2551
2946 2956
2030 2033
1603 1753
1530 1597
1736 1816
2108 2460
1344 1390
3026 3158
1582 1728
1181 1736
1269 1891
3027 3353
2045 2078
783 817
3182 3434
2911 3022
1235 1587
1559 1782
2087 2133
355 531
3604 3790
1577 2420
1688 1877
1097 1452
348 532
1080 1427
0 21
2042 2592
1600 1622
686 790
2134 2616
3192 3353
2683 3324
2240 2630
3475 3586
2391 2607
1508 1783
2114 2156
942 1899
1995 2016
1255 1800
2206 2467
107 1599
1146 1891
2154 2356
2118 2374
2201 2329
2189 2543
2111 2302
3119 3324
2206 2210
1153 1598
1153 1714
2601 2602
1457 1665
1943 2308
2469 2593
2223 2259
1287 1864
2169 2196
2047 2215
2683 3417
3884 3948
2526 2655
1003 1827
1717 1816
201 259
1786 1828
2665 2999
1403 1499
1725 1906
2803 2882
947 1813
2836 3190
2669 3065
2104 2593
2201 2213
1130 1849
2104 2229
2184 2539
3721 3860
605 619
3744 3830
559 580
1637 1669
1269 1570
434 559
1222 1613
1339 1839
686 856
348 367
91 110
1912 2657
1181 1804
2916 2917
1271 1584
1146 1291
2258 2520
431 471
1014 1725
2165 2536
2570 2587
3035 3211
2395 2495
2762 3277
1137 1784
3198 3395
1201 1377
3016 3169
2749 3257
1304 1709
404 556
1149 1376
2271 2477
414 683
2300 2391
2176 2196
1947 2221
3158 3220
0 326
2710 3130
582 658
2307 2630
136 2498
1409 1589
1867 1886
2324 2579
2369 2504
2674 2781
1205 1842
1653 1757
1684 3151
1078 1437
1413 1592
2721 3077
1341 1352
1300 1358
2981 3042
1887 1899
2771 3424
1004 1612
2068 2475
1215 1907
1388 1637
1707 1789
1493 1648
1331 1539
1003 1816
647 658
2512 2576
1577 2649
423 473
1536 1574
2384 2551
2670 3314
934 1663
1721 1827
1917 2556
2134 2465
598 654
2007 2384
412 506
2347 2611
1479 1583
582 632
2339 2467
1714 1741
1950 1957
2124 2356
2150 2370
1684 3219
348 455
1433 1615
1123 1130
1565 1766
1001 1358
1645 1767
1132 1603
4001 4029
376 405
159 272
2036 2453
1059 1662
461 523
2338 2344
2007 2601
3546 3662
2237 2593
3182 3261
925 1250
483 1245
942 1907
1714 1757
482 497
3170 3211
592 626
1330 1570
1684 2679
1359 1402
1684 3203
1994 2153
3314 3423
3016 3075
3734 3948
85 258
2244 2257
1464 1677
2487 2535
212 344
1668 1823
1524 1804
2993 3226
1684 2777
1242 1557
100 323
2301 2487
1358 1694
2828 3335
2033 2460
553 565
2794 2874
1994 2028
2058 2092
1135 1269
432 483
2043 2165
0 83
2598 2617
2131 2407
625 654
1563 1589
1347 1732
1135 1761
2047 2267
2071 2127
2352 2539
1958 2297
2073 2630
2520 2590
2970 3021
98 128
3437 3841
1520 1746
2153 2343
3 67
1692 1763
2037 2374
3088 3298
1917 2655
2875 3261
1302 1471
1156 1665
1148 1413
1101 1714
348 537
1376 1774
1230 1753
1920 2512
1367 1632
966 1222
916 1271
1294 1602
31 67
1940 2180
1390 1485
1391 1551
2045 2136
2199 2343
1116 1484
1032 1427
45 200
1205 1250
3702 3877
2043 2507
1100 1596
1250 1653
2078 2123
1685 1734
2191 2609
1199 1902
1940 2598
410 475
420 567
1406 1704
609 636
3506 3507
2061 2647
566 1536
915 1142
1099 1373
2241 2273
2275 2306
641 1574
2111 2264
2485 2551
2400 2531
2964 3157
1528 1811
3494 3690
359 470
3713 3728
1725 1729
2068 2333
1993 2154
2730 2865
3117 3215
2526 2542
3116 3397
616 660
1926 2598
1222 1717
2532 2601
2742 3106
2093 2429
1912 2042
1063 1370
3208 3214
2062 2543
204 329
3838 3902
1405 2962
1718 2555
2242 2298
1465 2530
404 537
2719 2778
1106 1226
1994 2282
1300 1574
2757 3324
1184 1730
1433 1705
1222 1399
2084 2118
2150 2395
3493 3711
2243 2479
2172 2359
1997 2108
538 1349
2010 2155
637 1578
1230 1488
1959 2215
438 596
1211 1888
136 2640
1716 1871
3300 3392
2307 2464
3593 3623
2294 2399
3053 3216
2871 3415
2818 3353
1728 1764
963 1798
1180 1804
783 793
1571 1796
3437 3737
1551 1826
2469 2543
1611 1903
1941 2615
2404 2446
1424 1548
1132 1712
937 1264
1966 2492
2926 3376
2271 2549
2032 2543
2299 2526
1559 1879
3545 3674
905 1658
107 1136
2909 2953
3495 3872
1584 1662
1350 1550
515 591
3090 3137
3506 3829
3285 3356
2095 2414
107 1188
1488 1823
1344 1431
2160 2412
3051 3145
1979 2359
3545 3654
2142 2340
348 463
2679 2956
1943 2060
1945 2068
2043 2460
2046 2630
1509 1608
2374 2590
2680 2891
2136 2201
1243 1842
2250 2332
2093 2184
1330 1861
1399 1864
2675 2955
2090 2386
1146 1753
2422 2558
2137 2543
1723 1754
2047 2145
2306 2329
3739 3871
955 1368
713 778
2185 2289
3002 3263
1159 1473
1522 1528
432 571
107 1506
1066 1508
3521 3797
2213 2546
1685 1839
134 277
1078 1491
3018 3233
2009 2157
1124 1811
2423 2482
2500 2542
3107 3154
1292 1636
896 1282
2035 2231
1082 1347
2180 2304
3036 3394
701 781
1126 1449
1491 1826
2344 2438
1017 1431
2604 2646
992 1452
689 714
1717 1861
2323 2630
2458 2652
1583 1592
957 1066
63 342
2060 2446
1569 1738
1298 1859
1294 1464
1338 1496
2142 2654
46 143
1334 1823
2745 3080
3906 3937
2223 2498
993 1622
989 1583
1914 1935
2246 2617
1989 2005
0 190
2142 2573
2747 2831
1199 1390
2052 2643
897 1530
1070 1183
906 1659
3225 3261
107 1107
1279 1628
2271 2356
2427 2454
3602 3869
913 1897
27 119
2253 2449
1175 1485
2806 3414
930 1349
3384 3435
1318 1870
434 591
1078 1714
1955 2522
3509 3593
2093 2103
2340 2495
3810 3881
2030 2499
2043 2624
1287 1375
0 197
3437 3879
2180 2589
2657 2660
1078 1619
1499 1546
2151 2463
3790 3838
1993 2374
2045 2370
3463 3793
2020 2109
1032 1086
2986 3195
1625 1766
1548 1802
3884 3902
3106 3291
3136 3259
2811 3272
2140 2165
2354 2546
1124 1377
1715 1841
67 109
3078 3435
2934 3171
2187 2582
2043 2090
1986 2220
122 252
1923 2163
1087 1838
934 1456
1971 2040
1398 1668
1936 2497
381 486
3480 3604
3629 3735
3002 3403
1761 1791
2149 2294
204 254
1150 1865
1312 1888
1074 1617
1522 1622
1495 1732
2033 2188
3794 3833
2803 3196
3148 3298
1066 1871
919 1824
3027 3150
3291 3320
980 1239
2463 2616
2212 2630
1226 1259
1358 1878
1673 1767
2203 2531
2689 2944
1943 2600
1135 1146
3264 3385
2944 2966
2150 2347
2750 3363
1912 2350
2970 3070
1454 1820
1502 1742
2115 2124
1712 1879
2043 2410
1245 1786
1166 1703
1684 2961
1489 1503
2150 2276
3647 3932
107 1593
3471 3873
967 1047
348 534
2781 3035
2038 2241
1600 1621
2121 2206
438 676
1727 1881
1250 1532
1216 1493
2087 2273
947 1714
2469 2601
1330 1399
5 315
1104 1495
1935 1995
3077 3162
398 497
3586 3930
2862 3238
1826 1888
2242 2289
2906 3000
1243 1267
1180 1214
2084 2433
1008 1337
2073 2278
1420 1589
2131 2521
925 1110
1684 2669
2743 3301
2854 3025
3532 3927
1941 2142
1431 1888
2901 3355
961 1087
946 1420
3492 3556
2447 2658
623 636
374 520
3684 3692
1997 2347
946 1059
1182 1768
2154 2492
936 1001
2730 2781
2176 2310
2966 3362
2661 3224
107 1420
1322 1438
2213 2233
2001 2025
452 460
1128 1390
391 559
2131 2556
2553 2593
21 31
1522 1877
3279 3326
1577 2451
1735 1757
2104 2623
2069 2190
3260 3386
1198 1471
1951 2097
2220 2374
2730 3211
2070 2335
1589 1753
142 169
1209 1416
1761 1765
3296 3351
2340 2526
1994 2609
3644 3685
2169 2475
2672 2778
1184 1278
1130 1804
2833 3101
2229 2611
1912 2492
2338 2436
3448 3830
1597 1842
366 1694
1684 2904
1226 1681
3496 3775
2396 2511
2071 2511
2124 2334
2347 2543
2961 3286
2132 2294
1123 1911
2073 2220
2354 2418
1451 1786
916 1752
2807 3428
898 1515
107 1838
1214 1370
1185 1761
2240 2374
1966 2352
2028 2138
2796 3287
2334 2546
2124 2410
2543 2582
2241 2508
2700 3328
580 1679
1948 1954
2279 2461
1298 1720
2976 3386
1938 2478
2125 2138
3437 3781
1979 2275
1349 1677
1559 1637
3136 3198
2043 2619
966 1040
902 1277
2060 2240
3437 3777
1175 1460
534 563
2827 2987
1557 1663
3505 3698
3642 3731
2683 3080
1427 1853
2333 2463
1912 2372
2124 2564
1371 1536
1052 1299
2666 3363
1926 2333
2786 2944
896 1764
2376 2619
2394 2608
992 1798
1684 3007
1080 1844
2072 2398
2060 2550
2735 2819
3437 3562
2220 2290
2347 2372
232 276
107 1864
2030 2109
2944 3026
2984 3191
1997 2549
2042 2458
2320 2401
2300 2354
2266 2352
2914 3253
404 456
2268 2327
67 72
1118 1232
2932 3189
1376 1551
2359 2370
1049 1827
2111 2274
1684 3343
3595 3857
1941 1946
3369 3385
2939 3397
1129 1235
2045 2539
2154 2381
993 1800
1584 1833
3474 3823
3500 3766
2005 2220
1465 2509
2825 3385
2847 2856
1684 3120
842 853
2990 3207
1175 1833
1488 1665
2121 2140
1912 2464
1496 1536
2498 2509
1195 1520
107 988
3032 3255
2551 2638
3460 3768
69 121
2071 2491
3468 3623
475 497
2298 2502
2579 2611
2694 2863
1163 1181
2815 3149
2491 2653
2331 2359
2220 2407
1971 2428
1610 1839
1335 1714
2212 2624
1339 1688
3587 3766
1220 1483
1972 2620
2989 3335
1986 2354
2201 2229
1215 1373
1951 1991
2590 2623
512 556
1972 2648
1280 1839
2 333
2275 2520
2953 3014
1491 1839
2834 3283
2032 2224
1912 2083
40 172
2679 3142
3830 3926
2742 3013
2149 2155
2139 2299
2165 2257
2068 2259
3342 3421
1993 2112
1912 2415
993 1613
361 481
2223 2289
2755 3096
2702 3211
719 820
3237 3286
2294 2475
1938 2536
2201 2559
1284 1591
1943 2410
2304 2603
1435 1818
348 357
2007 2600
2004 2494
1948 2194
1192 1573
2340 2468
75 274
1589 1717
1946 2109
2150 2575
2071 2153
2350 2576
2125 2451
2060 2229
3617 3834
2793 3351
3540 3563
71 307
1277 1479
2243 2537
2020 2460
2068 2498
699 833
2136 2564
2126 2341
463 475
239 277
2604 2623
1126 1589
1366 1634
2354 2462
2124 2369
3558 3866
455 528
3481 3830
1172 1547
2033 2553
1943 2040
2507 2539
2086 2206
1209 1827
896 1129
2536 2591
2669 2777
3460 3601
2757 3364
2410 2591
2028 2148
2370 2560
2446 2551
1390 1613
2118 2446
1685 1736
1066 1303
1340 1610
2102 2332
2054 2247
2471 2594
1107 1407
1943 1997
2210 2233
2267 2529
2058 2234
2750 2956
1045 1360
2019 2526
665 670
1213 1496
2020 2352
1663 1752
3906 3909
3740 3907
2482 2624
3097 3157
161 325
2104 2131
2763 2915
1006 1156
1920 2511
1117 1339
3595 3739
2573 2576
1199 1365
2914 3072
1101 1211
2361 2397
2679 2966
1066 1281
2059 2122
1998 2050
2068 2436
1331 1864
2060 2600
2148 2247
898 1875
2839 3226
1230 1736
1557 1737
1966 2139
2216 2464
3678 3791
2950 3258
2954 3248
3539 3890
3082 3345
2043 2485
905 1422
1981 2003
2206 2526
1132 1199
3085 3232
1976 2620
2738 3364
3285 3371
490 523
5 180
107 1090
2039 2273
107 1687
2233 2601
107 1427
946 1819
1104 1279
2381 2604
1059 1255
3082 3330
1577 2347
960 1214
1447 1662
2234 2303
2763 2945
3064 3096
1388 1722
1361 1614
2805 2997
1959 2153
1021 1715
967 1791
2117 2419
1993 2446
1684 3418
2004 2647
1912 2029
1983 2140
1516 1619
2700 2848
1734 1888
107 1476
705 713
2506 2600
2908 3426
1045 1111
2203 2399
2862 3084
1833 1867
2059 2299
2786 3284
375 409
1280 1447
1229 1576
2276 2549
3696 3747
2299 2573
376 500
1100 1591
2266 2336
980 1782
1718 2394
921 1334
2095 2131
59 325
1789 1804
999 1126
2724 3018
2103 2492
107 1443
2716 3058
2300 2638
2368 2471
3601 3786
1283 1817
2720 3397
2247 2344
2218 2606
1026 1305
3277 3291
3082 3206
107 1295
1608 1833
3132 3291
728 819
1557 1597
2673 2919
3011 3287
1118 1137
2828 3291
2782 2872
2063 2093
67 345
2218 2631
2276 2348
1467 1669
2753 3140
1106 1770
2462 2482
995 1352
2689 3135
2201 2428
2526 2549
2839 3064
1966 2552
397 458
1413 1715
1040 1199
2053 2592
1684 3317
752 827
1569 1709
1617 1888
3437 3509
2543 2630
1201 1214
3488 3707
953 1135
2973 3154
2669 2755
2342 2411
2169 2368
2001 2660
898 1820
2007 2589
2102 2436
1078 1580
2706 2763
1912 2198
2074 2573
3070 3150
3830 3851
1280 1352
1033 1697
686 794
1971 2078
2002 2475
1941 2436
2697 2870
0 90
1418 1569
697 890
1528 1724
1341 1437
1341 1391
1684 2683
947 1823
2271 2276
0 322
1423 1583
107 1401
2144 2333
2751 3177
2064 2354
3437 3544
62 318
428 1237
1277 1508
2875 3179
2078 2574
3059 3300
2725 3302
1001 1155
1917 1953
1912 2371
1017 1736
1076 1721
2370 2604
1676 1825
1688 1881
1958 2000
2434 2511
1509 1520
1350 1894
1029 1280
1108 1661
3017 3377
2266 2306
2825 2844
1632 1746
1938 2108
2948 3414
2078 2306
2781 3434
1192 1871
1447 1463
107 984
2904 3206
1516 1621
396 570
1390 1793
2687 3038
3651 3938
2059 2504
2681 3184
537 567
1684 3178
2742 3350
2187 2247
1293 1653
2742 3150
3757 3918
1983 2108
2719 3350
1004 1736
1925 2347
1538 1833
2307 2606
2191 2289
1465 2338
1286 1462
1083 1107
2832 2841
2276 2299
1135 1714
1912 2301
0 107
348 382
1611 1647
1227 1345
3095 3426
2082 2371
1110 1730
2778 2901
2828 3106
1336 1622
2625 2638
2361 2402
3558 3869
1272 1589
62 223
1153 1391
737 824
30 213
3756 3797
132 303
726 751
2091 2099
1047 1407
2046 2624
1125 1530
2777 3195
53 196
1932 2144
1014 1872
1995 2018
2782 2815
1399 1420
1021 1426
1267 1712
2275 2593
3010 3036
1302 1835
1924 2401
2191 2333
1670 1908
2549 2556
1741 1800
3533 3929
3437 3967
713 747
3073 3163
3173 3335
1066 1824
2347 2533
1269 1439
2232 2566
2271 2551
3089 3212
573 644
2108 2326
3610 3660
272 297
819 856
827 849
463 489
107 1706
1289 1551
1083 1547
2118 2352
2282 2537
2539 2575
3142 3387
1545 1762
2449 2499
1391 1559
1167 1876
2140 2573
1244 1781
2122 2408
1397 1536
3636 3835
1229 1592
1004 1644
1175 1608
1329 1352
2104 2654
2128 2567
3146 3297
1256 1341
3459 3534
2053 2243
2053 2501
3296 3304
2287 2600
1048 1570
2297 2620
387 567
3568 3768
723 828
1997 2311
2007 2302
578 640
25 170
40 277
2040 2348
954 1108
896 1229
1126 1516
3465 3757
1191 1528
107 1498
2032 2189
3055 3127
2045 2104
1770 1778
3658 3785
2793 2795
3023 3414
949 1681
2233 2347
917 969
2713 3241
1997 2430
1405 1860
698 895
1471 1597
1593 1705
2246 2389
977 1072
1912 2582
2005 2395
2289 2302
1718 1782
1912 2196
1675 1881
2078 2374
2037 2575
2277 2357
2573 2625
2002 2010
2271 2495
2208 2292
1963 2142
1567 1698
362 570
2816 3369
2194 2571
1520 1589
1347 1727
738 842
1184 1584
1968 2006
3438 3522
1985 2123
1078 1662
934 1888
1577 2458
428 1109
3111 3150
983 1547
22 308
2083 2172
1099 1828
1330 1736
1479 1611
1985 2391
2246 2512
2211 2419
2958 3350
1361 1891
2913 2919
1938 2526
2880 3232
2738 2969
912 1422
2257 2549
2567 2592
3185 3350
3793 3906
2264 2394
1431 1520
2124 2253
1573 1592
2712 3201
2236 2322
1390 1735
1999 2365
1320 1616
1048 1584
1150 1858
1382 1893
2590 2593
1935 2494
2268 2372
49 192
951 1656
2532 2625
1465 2333
3009 3035
2203 2224
1971 2098
2846 3038
1371 1378
483 1515
934 1175
2045 2409
1584 1879
1261 1281
3734 3824
1076 1222
1097 1137
1953 2184
1066 1893
2123 2607
3491 3586
580 1694
2778 3113
1291 1341
1334 1569
1149 1250
424 486
1014 1595
1942 2552
1925 2083
53 94
1963 2098
26 142
1955 2394
1184 1390
3499 3535
1083 1832
2020 2233
1124 1509
2706 2867
3437 3804
2025 2097
588 619
385 507
2299 2638
2028 2336
3170 3396
53 260
2081 2246
949 1106
407 504
1986 2055
1375 1669
1059 1653
2734 3340
2037 2586
2261 2381
1985 2504
3017 3082
2115 2492
1068 1160
2819 3313
2088 2443
2497 2503
2758 2856
3342 3406
119 217
2052 2594
1191 1620
2608 2649
2302 2465
2907 3073
431 434
2993 3435
3174 3387
2862 2915
109 295
3097 3345
2049 2448
1920 2384
414 637
1369 1608
1420 1431
1997 2056
1946 2611
2936 3288
989 1231
3076 3272
2720 3191
1471 1886
2292 2581
980 1683
2200 2329
1986 2423
3951 3969
1615 1687
1912 2339
2030 2624
2787 3403
1359 1571
391 527
1041 1139
2896 3436
2023 2089
2793 3046
2770 3291
1080 1729
1471 1610
1774 1835
818 839
2713 3412
2741 2931
1366 1481
2283 2588
1912 2187
2724 3266
2271 2559
2278 2630
963 1363
738 752
1979 2374
1986 2395
2073 2165
1238 1902
2426 2650
1427 1435
2800 2974
3448 3943
3479 3613
1431 1538
2308 2446
1997 2604
962 1549
2384 2642
1074 1376
1912 2074
2243 2451
1181 1289
1028 1532
947 1132
3158 3363
3111 3274
373 563
1246 1418
3753 3850
493 517
2018 2157
1018 1720
2242 2313
1285 1370
735 800
1236 1258
752 828
1267 1886
1136 1307
2428 2602
1201 1888
2398 2445
1925 2374
353 370
1684 3425
1912 2609
1768 1833
1912 2409
2190 2492
113 172
2025 2159
2187 2555
705 760
2395 2574
2309 2554
2913 3339
1563 1570
2414 2556
1054 1344
2307 2492
2206 2356
1945 2111
2317 2361
2696 3248
1966 2112
1279 1587
414 431
1029 1519
3542 3604
2134 2417
1273 1503
3750 3938
1983 2520
2073 2359
3591 3826
2485 2607
3299 3434
3791 3809
2030 2136
1938 2112
1377 1603
2374 2464
1123 1845
1730 1775
1361 1717
1929 2329
2237 2602
1366 1630
2020 2103
2538 2640
438 506
3677 3692
56 207
2118 2404
438 521
2948 3184
1962 2200
2966 3435
1330 1377
2176 2592
1986 2084
2304 2518
2340 2359
2661 2970
1097 1648
2724 2829
3542 3559
1289 1604
920 1860
3437 3451
397 518
2249 2434
1269 1484
588 618
3387 3426
2266 2423
2495 2623
1938 2429
1195 1765
2447 2459
2717 2985
3035 3120
3062 3373
2198 2279
0 195
1126 1793
3505 3840
2730 2768
3824 3838
2666 2966
1163 1800
1137 1568
1277 1345
1340 1799
1918 2331
2719 3076
1988 2486
2346 2645
2521 2638
2633 2639
2661 3172
1997 2506
2151 2267
1912 2465
2683 3387
0 313
1017 1341
2002 2241
223 342
1036 1691
417 553
1584 1612
2419 2525
1352 1659
1622 1888
2333 2608
2485 2507
2056 2311
1192 1235
2294 2343
3049 3350
2985 3284
3473 3743
2140 2278
13 119
1048 1613
1075 1554
1135 1723
3581 3695
21 272
3437 3947
1003 1435
1945 2471
3382 3423
3766 3933
3107 3263
1231 1426
1630 1686
922 1846
1068 1156
2127 2289
1268 1529
1652 1877
2036 2288
1267 1746
1345 1587
1028 1377
2111 2268
1029 1843
261 285
1019 1628
2240 2409
1214 1707
2828 3102
635 681
1242 1399
1048 1609
1929 2414
1361 1911
2093 2363
2 312
2092 2234
2084 2520
941 969
1438 1583
637 1429
3795 3830
3465 3476
1458 1805
1126 1351
2138 2250
2410 2575
2042 2597
1289 1589
805 819
932 1329
2464 2539
703 805
3030 3080
2282 2616
2121 2504
1003 1520
2738 2887
107 928
2661 3391
1409 1835
1505 1528
2150 2469
3070 3169
2925 3250
1665 1799
1527 1852
2220 2638
2088 2543
1613 1752
500 506
2138 2617
2756 3220
2127 2144
3168 3331
947 1816
1989 2625
1348 1624
2966 2994
2020 2093
2415 2501
3101 3247
1520 1813
439 561
957 1578
1075 1242
2863 3150
165 188
1163 1331
1947 2338
2749 3149
1912 1931
2329 2363
2268 2567
1198 1888
56 238
1946 2005
2218 2499
2868 3242
1917 2340
1258 1306
2081 2617
3693 3971
2229 2354
966 1117
3144 3162
3224 3434
2145 2502
26 308
1365 1689
1112 1683
2087 2189
1204 1235
980 1191
1929 1993
2131 2575
3483 3821
1221 1286
3903 3969
391 556
2233 2590
1029 1804
1736 1833
2591 2615
3731 3884
3001 3246
1491 1678
1365 1823
1912 2424
410 548
1684 3217
2184 2340
2720 2753
1330 1675
957 1315
980 1048
1663 1877
1377 1833
2056 2526
3000 3073
2438 2509
2122 2489
1163 1652
1553 1555
2773 3084
2395 2485
392 482
1267 1559
999 1652
1130 1471
3604 3645
947 1559
3731 3790
1962 2654
2785 2846
3750 3884
3741 3851
3193 3324
2551 2590
1600 1683
1517 1604
3115 3224
107 1004
483 1565
2772 3093
2404 2638
1107 1669
1290 1796
2282 2603
747 769
1612 1663
1075 1600
2537 2603
2059 2088
2033 2172
703 797
1684 2783
2665 2921
1985 2600
3042 3114
2138 2594
3510 3554
857 3621
2911 3232
1538 1563
2993 3417
2669 3387
1361 1796
107 920
1125 1367
1287 1795
526 1191
1912 1923
2139 2407
1991 2365
2199 2243
46 175
1306 1366
612 664
2216 2423
3010 3030
1199 1352
1985 2064
1222 1439
2869 3199
458 553
1338 1828
1059 1516
2344 2598
1668 1717
1118 1333
2088 2482
2960 3078
2065 2592
1170 1742
766 827
107 1634
947 1341
24 242
952 1557
695 700
1519 1864
452 497
3298 3320
67 196
2683 3119
492 500
2667 3277
1450 3278
2069 2507
2755 3387
3734 3962
1067 1082
1324 1850
3035 3351
2253 2307
2345 2635
478 508
1577 2081
3926 3930
1943 2504
1684 2997
1211 1214
2118 2179
2073 2611
963 1452
1945 2518
107 1716
2560 2615
2469 2500
1079 1804
2188 2381
373 514
2461 2510
1520 1621
903 1363
2664 2815
2083 2638
1223 1436
1104 1655
299 300
1577 2273
2229 2418
1159 1338
2293 2597
2104 2154
2118 2266
3628 3917
2078 2386
360 365
1684 2911
1181 1612
2815 2987
1078 1832
1153 1542
484 494
1129 1647
2223 2295
934 1707
2132 2149
1966 1984
1060 1573
113 169
2054 2390
1172 1637
10 332
1589 1819
2546 2552
1683 1867
2465 2592
366 1358
2485 2504
946 1083
1684 2977
1665 1839
1923 2247
2392 2526
982 1083
0 146
1684 2869
2754 2920
2206 2278
2038 2366
1712 1717
1993 2040
107 1221
1459 1611
1766 1878
983 1668
925 1547
2800 3056
698 870
1668 1839
2755 3056
2229 2393
1390 1737
2121 2352
2033 2418
2088 2093
175 177
2521 2655
2042 2250
2471 2616
197 251
3209 3299
1980 2640
1277 1884
2407 2446
919 1066
1507 1667
2040 2408
2712 3296
1684 2889
745 755
3348 3363
169 315
1985 2340
2894 3011
2026 2394
2939 3247
2477 2500
1475 1576
3112 3280
2770 3416
3696 3783
2200 2601
2901 2989
582 661
1209 1800
2109 2395
1242 1620
2007 2218
2190 2261
1810 1823
1291 1730
3057 3432
26 122
136 1995
1391 1509
1377 1813
1912 2080
2095 2142
2318 2651
2165 2630
136 304
2249 2589
2095 2324
2140 2363
1991 2583
1554 1623
2471 2508
1946 2184
2886 2949
1082 1680
766 853
1995 2435
2828 2973
53 180
2146 2488
1918 1997
82 203
3555 3758
2139 2352
927 1369
3162 3285
2020 2275
2322 2562
2058 2229
1078 1643
2036 2265
3579 3675
2244 2499
1191 1280
2777 2872
916 1523
1529 1667
2364 2435
2325 2555
2216 2324
2363 2600
1959 1970
2927 2960
2552 2590
1198 1250
2396 2509
1522 1714
2428 2575
2968 3077
507 514
1912 2635
412 569
719 724
1552 1858
2287 2495
2184 2334
1114 1767
2109 2271
1941 2510
2118 2140
2713 3176
2203 2509
1618 1877
993 1048
1941 2347
526 1320
2233 2604
3545 3586
580 1122
2236 2341
3739 3874
1389 1669
1691 1884
3123 3231
1282 1893
933 1502
1070 1355
1684 3003
1059 1370
2617 2652
2083 2381
1184 1632
3204 3291
1078 1467
404 506
2702 3341
249 315
1018 1309
0 251
1094 1343
2495 2552
1323 1730
2169 2302
2600 2619
2216 2386
536 538
1011 1770
3051 3347
2945 3026
751 784
3051 3101
3563 3873
2750 2909
1938 2492
713 726
1345 1903
2237 2240
1687 1806
2244 2370
0 60
2345 2379
2737 2845
1578 1635
2333 2501
2037 2083
1912 2304
2060 2501
1993 2369
2492 2500
1113 1881
1614 1833
1359 1772
3511 3706
2029 2318
1272 1516
733 782
1983 2521
1632 1665
1232 1629
2243 2387
1416 1752
2664 2800
2332 2438
3500 3964
1068 1488
1984 2374
3237 3426
2074 2307
3355 3391
1786 1871
1684 3105
2015 2357
2327 2344
3109 3299
1971 2093
2287 2324
2307 2604
2140 2233
2754 2897
3578 3804
2773 2915
1025 1429
2939 3120
1467 1835
2955 3264
1242 1267
2247 2368
213 315
3758 3810
2110 2434
3656 3841
2037 2109
1035 1745
1998 2647
2862 2906
2874 2887
1010 1228
2846 3260
2912 3417
2750 2880
2461 2475
1563 1621
3684 3750
2192 2659
2417 2538
2086 2369
3139 3430
2911 2960
3651 3830
1082 1475
2989 3406
3981 3994
1938 2462
594 3980
3884 3938
1321 1521
2414 2623
2092 2429
1917 2507
1041 1259
1107 1271
2716 3089
2559 2654
1437 1843
967 1768
2742 3209
526 1620
1434 1822
2477 2507
1032 1324
1173 1238
2694 3348
1256 1864
350 407
2538 2647
2334 2460
3106 3160
2374 2564
2946 3124
1409 1782
3177 3207
1287 1610
1984 2546
3683 3944
686 811
1190 1583
3089 3252
1689 1864
2688 3146
2231 2523
2433 2500
2352 2564
357 554
3437 3532
1573 1655
1281 1495
2081 2377
2336 2398
1462 1720
1376 1819
1432 1903
2068 2398
2520 2560
2190 2638
392 506
1059 1689
2208 2384
1591 1649
1958 2620
3495 3830
2131 2271
2897 2944
728 809
2167 2281
3113 3132
747 803
694 774
960 1305
651 1526
353 514
2190 2356
107 1314
2921 3406
1344 1669
1577 2176
3545 3627
2257 2593
3781 3946
2773 2873
3320 3378
934 1329
622 678
698 882
2077 2551
2237 2655
1973 2011
2274 2333
2138 2463
2681 3090
2786 3166
1684 2951
2395 2464
3060 3287
1322 1691
1305 1513
1172 1736
686 704
53 191
2324 2469
966 1163
2989 3247
2112 2383
2423 2460
1156 1172
2339 2381
2294 2438
3509 3793
2172 2549
2666 2897
2271 2423
3566 3780
3452 3576
1102 1893
1935 2658
989 1680
2056 2387
2045 2190
236 297
1137 1378
1238 1723
3448 3684
1447 1604
3842 3886
596 1311
1120 1235
1947 2434
1054 1293
1361 1488
3449 3495
1021 1720
510 521
2036 2318
1017 1471
2712 3132
2936 3035
1092 1437
1559 1800
1211 1467
2311 2560
2694 2920
2892 2951
2719 3079
1794 1881
978 1516
3869 3906
2273 2616
2495 2604
2350 2545
898 917
1024 1130
1456 1663
2329 2615
1547 1827
1060 1152
2865 3385
1983 2095
1730 1823
1952 2222
960 1302
736 818
2187 2463
369 378
2430 2655
2037 2290
118 324
932 997
1472 1815
3247 3297
984 1192
1557 1653
1918 2083
2324 2395
3022 3149
366 1080
2226 2612
2138 2567
1684 3208
2911 3202
731 745
1126 1339
107 1119
2040 2150
1078 1823
2040 2074
360 428
958 1493
1423 1875
3364 3384
2229 2624
1124 1305
2492 2624
1269 1509
1983 1989
107 1386
933 1241
1323 1377
1277 1438
368 409
3035 3204
3120 3146
1932 2183
2180 2283
1423 1728
1040 1598
3677 3828
2666 3098
2758 3167
1448 1459
2190 2331
1497 1646
2132 2642
2174 2241
1858 1863
3054 3232
1962 2059
3437 3679
3563 3741
2250 2347
3036 3400
1964 2637
1160 1222
1405 3162
2144 2336
3437 3776
2728 3379
2325 2419
2356 2551
3454 3547
2757 2777
1984 2552
107 1824
1182 1405
1608 1902
1912 2539
22 324
1684 2906
1392 1720
3450 3790
1004 1717
2056 2206
428 669
961 1088
3212 3345
59 250
2319 2510
1352 1846
2077 2299
1205 1730
1450 1505
2067 2189
1335 1864
2024 2636
2326 2539
2851 3137
2064 2464
1221 1859
2151 2294
1282 1751
3468 3532
1059 1833
1278 1471
1795 1867
3300 3430
1684 2751
2392 2418
2292 2588
601 609
1598 1794
2485 2542
2026 2351
1465 2134
1943 2611
1954 2336
2046 2220
2679 2864
3628 3962
2183 2315
222 325
3110 3178
1092 1447
2140 2546
2154 2602
1330 1879
1985 2200
1926 2223
2187 2616
2005 2037
2999 3020
2854 3023
705 842
1006 1874
2359 2604
2552 2654
2151 2344
3482 3850
3448 3800
63 261
3085 3193
2880 3213
7 103
376 423
2180 2385
2369 2386
1549 1844
2134 2347
1232 1452
976 1882
2910 3000
3118 3320
2812 2818
2030 2374
2960 2969
2883 3043
1296 1785
2237 2383
2489 2539
1172 1420
1037 1770
2268 2598
780 823
927 1352
2271 2376
2676 3250
1339 1632
542 567
2746 2754
107 1281
1305 1431
3488 3604
1857 1899
916 1559
2336 2491
1219 1768
3740 3977
1185 1376
896 1347
2206 2381
1411 1891
2059 2334
2220 2410
1925 1929
1285 1712
1238 1804
2370 2418
2004 2378
3196 3255
1943 2069
1966 2118
1205 1222
1867 1881
2198 2419
2561 2576
357 469
2868 3373
133 141
1380 1598
2405 2412
107 1579
3437 3796
2059 2619
3221 3346
603 684
1953 2331
2081 2304
2428 2504
1120 1591
108 281
1185 1886
3534 3829
2538 2585
1334 1734
2128 2646
1029 1238
2777 3022
2296 2581
1929 2573
1302 1800
1632 1689
2928 2977
2668 3154
3569 3900
3087 3369
1976 2364
2960 3096
2925 3426
141 304
2118 2323
107 1515
2869 3347
107 1779
3455 3629
2123 2240
2956 3339
1571 1864
3437 3702
1128 1143
2662 3415
1051 1584
2881 3320
1966 2266
1146 1399
1761 1843
3450 3731
1150 1909
2156 2577
913 1052
1754 1819
2005 2356
1256 1302
98 252
3049 3146
1684 3360
2433 2464
2246 2588
982 1153
2694 2956
2184 2590
1495 1715
2183 2191
1964 2232
1160 1323
810 814
3051 3378
3140 3378
1959 2042
2394 2547
2244 2334
1181 1391
2573 2611
1997 2564
2694 2835
1589 1757
421 457
3172 3258
2764 2999
1951 2459
1610 1707
2020 2331
1059 1554
1427 1515
2897 2920
1139 1504
3611 3633
1032 1732
2381 2561
3512 3737
1327 1769
1149 1367
2149 2344
3545 3633
2081 2174
2283 2304
526 1237
2199 2543
2912 3363
1993 2190
1684 2784
1132 1623
2727 3140
1629 1895
1415 1667
507 510
1199 1289
2200 2593
2663 2789
2266 2348
1962 2112
2261 2290
747 797
3448 3596
2575 2586
2905 3026
1084 1519
2109 2115
459 486
2839 3426
2124 2220
1355 1709
3169 3397
2877 2911
2973 3391
1515 1591
1032 1591
2949 3128
698 867
3201 3434
917 1454
1312 1622
2751 3150
1973 2365
2872 3293
997 1132
1914 2061
967 1054
2353 2654
1948 2372
3222 3278
1966 2229
1230 1617
1132 1509
2218 2446
3033 3284
1160 1809
1175 1879
493 525
598 636
2002 2194
969 1786
3087 3337
2258 2428
2033 2121
2294 2582
181 195
1948 1959
862 3609
921 1589
2139 2216
2131 2216
269 329
3064 3142
651 1358
3877 3930
584 618
2028 2199
1600 1827
479 561
2010 2555
1177 1889
2216 2356
1130 1610
1485 1799
400 539
2742 2849
2353 2504
3179 3351
3212 3240
3693 3970
2991 3102
966 1816
2669 2679
1184 1754
563 1013
2308 2624
2778 3345
2526 2611
2726 2738
706 847
122 344
3241 3420
1983 2154
3698 3850
1613 1662
3579 3918
2121 2139
1364 1794
1605 1809
1471 1736
374 414
2141 2270
395 412
2073 2299
0 202
1410 1593
3591 3714
1509 1604
978 1391
2135 2597
1968 2472
355 410
2229 2395
353 394
781 823
2037 2347
2233 2531
1120 1129
2680 2944
902 1067
1955 2053
3596 3926
2063 2142
1101 1791
1078 1331
2132 2241
1663 1816
1917 2418
2007 2372
2172 2311
2005 2543
3026 3213
2020 2464
2022 2268
1153 1377
1962 2257
896 1115
930 1645
119 185
2877 3029
1238 1551
2739 3410
3622 3719
863 882
2560 2625
1618 1718
2784 3365
2133 2292
2241 2417
2763 2943
2675 3087
1966 2449
906 1126
2383 2482
3980 4012
953 1609
1918 2290
3248 3274
3450 3672
2216 2307
2077 2374
1172 1211
2543 2590
1029 1898
104 122
1981 2062
3070 3082
1601 1733
1684 3374
930 1358
2164 2165
2830 3319
686 740
352 412
2154 2485
2932 3087
2025 2365
1348 1529
2423 2539
2197 2659
1376 1485
2176 2603
9 67
2349 2401
944 1504
1718 1846
1347 1462
2840 3396
1596 1862
2018 2645
3095 3392
200 324
2071 2597
2283 2616
2111 2180
2374 2602
1619 1816
1511 1615
2866 2877
1211 1522
1291 1789
2306 2579
1217 1584
1352 1375
1280 1331
619 644
3493 3593
2007 2555
3137 3228
2196 2283
9 291
1280 1723
2370 2625
3148 3403
942 1099
739 740
2308 2590
2150 2404
1643 1765
1590 1735
2118 2469
1258 1818
107 1078
3489 3652
2806 2920
1954 2328
376 1300
2787 3038
1523 1811
2473 2491
2758 2932
1612 1819
1429 1706
3025 3362
2058 2064
1946 2261
1933 2160
3218 3354
348 497
1621 1757
1947 2471
2084 2108
3835 3862
2755 3158
1074 1219
946 1456
2174 2194
2307 2363
1128 1600
2218 2429
2309 2532
1718 2072
92 180
1054 1659
103 339
1962 2526
1684 3252
1079 1888
993 1539
2915 2929
2359 2638
1419 3420
2750 3202
2103 2607
2132 2246
1925 2339
1078 1302
2773 2810
1946 2237
483 1751
959 1447
3169 3330
2759 2946
2462 2506
2247 2642
1976 2447
2905 3052
366 930
2244 2340
1355 1686
2084 2266
1149 1267
1961 2487
1160 1483
1684 2885
2356 2369
615 632
999 1799
2333 2592
1186 1837
3636 3722
1190 1459
2915 3064
3605 3731
1160 1768
1665 1746
3615 3921
2237 2308
1479 1515
1323 1621
107 1086
722 820
1009 1257
967 1390
2124 2150
1017 1199
1962 2069
2391 2600
1126 1621
2872 3363
421 570
2965 3242
1597 1707
1102 1820
1997 2339
1557 1643
2266 2386
1912 2344
1984 2408
2128 2268
3469 3668
2428 2482
1289 1437
960 1449
2278 2551
1118 1837
2909 3384
1916 2283
2928 2944
367 376
2872 3284
1390 1799
2103 2550
1972 2583
1804 1827
1329 1612
1291 1570
3108 3363
760 814
2086 2590
3237 3315
1447 1746
1243 1753
2825 3027
2229 2386
2690 3275
1191 1621
1215 1515
2823 3051
2956 2969
2674 3185
357 457
1315 1576
1169 1428
2052 2511
3465 3675
2201 2386
1191 1864
1079 1431
107 1242
113 304
957 1857
2056 2395
2464 2579
1359 1488
2036 2345
2047 2049
1019 1204
1338 1355
2329 2359
2118 2611
517 1692
1583 1647
2045 2060
1345 1841
3344 3391
3089 3263
2072 2592
3690 3866
2101 2537
1958 2659
2340 2376
3055 3074
2754 2872
2075 2333
2467 2556
2764 3201
1943 2386
1352 1491
2351 2529
1772 1791
1051 1767
2315 2555
2053 2289
2867 2920
975 1379
107 991
1989 2381
1110 1897
2510 2649
2550 2564
142 158
1184 1839
2403 2534
1322 1569
2183 2465
376 586
2172 2216
2212 2546
2758 3233
1166 1245
2223 2642
3596 3642
9 133
1102 1454
2127 2608
1620 1621
999 1181
2100 2313
3223 3366
2474 2570
3625 3656
1329 1389
2463 2582
2056 2504
3437 3808
3604 3800
1684 2991
2153 2472
3150 3185
428 567
1165 1369
1914 1991
1684 3282
1918 2542
2745 2864
1598 1868
2341 2659
1345 1728
1617 1643
3154 3177
902 1857
1256 1524
3201 3381
1600 1717
599 647
1305 1538
2395 2521
2206 2386
947 1267
1283 1911
934 1076
3090 3392
2366 2612
1047 1730
34 348
1146 1509
107 1558
960 1285
1927 1928
0 43
2144 2445
1966 2142
2109 2165
1025 1844
3 25
3097 3274
1919 1958
1505 2968
1940 2302
686 816
350 561
2864 3234
3085 3363
2140 2359
1684 2852
391 475
2047 2497
2084 2550
1189 1529
3753 3921
957 1859
1329 1590
1916 2304
899 1442
2005 2287
2071 2250
3596 3635
774 830
1312 1513
2477 2546
2154 2299
1391 1761
2087 2203
2992 3113
107 1440
2194 2555
1997 2468
1723 1793
1986 2307
1078 1752
2757 3098
2605 2649
2590 2604
2000 2202
993 1447
140 144
428 460
3749 3789
107 969
1143 1650
1184 1721
1511 1705
2928 3435
970 1825
2220 2376
1390 1570
136 2039
107 1246
1538 1603
2395 2549
1917 2086
2464 2563
2131 2376
2131 2386
2786 2956
458 469
107 1382
1912 2422
2218 2220
1205 1793
2190 2654
3644 3747
1913 2530
1102 1751
1039 1391
1170 1745
2554 2590
3684 3734
2378 2583
2010 2649
2542 2551
492 641
1125 1431
2661 2708
67 213
2133 2399
2357 2397
1081 1732
858 871
933 1014
1509 1551
1926 2259
1163 1757
2142 2427
1953 2206
1104 1862
2138 2203
1639 1761
1735 1736
3507 3555
3646 3763
693 844
2229 2391
2007 2081
993 1491
909 1788
1577 1940
1335 1662
1955 2445
40 232
1939 2274
2709 2780
1175 1851
1175 1789
1580 1768
1452 1568
2741 3293
2078 2376
2666 2676
1318 1878
2090 2237
1912 2541
2965 3051
113 134
2218 2586
1590 1883
2059 2261
1187 1567
1126 1243
698 805
705 843
1938 2172
2542 2604
1261 1273
727 770
2023 2371
1079 1791
2404 2507
405 418
1226 1679
2718 3330
3417 3433
2088 2154
1050 1441
3786 3900
2777 2916
1006 1256
2299 2630
1216 1747
1715 1884
1047 1559
957 1432
2218 2607
2156 2455
2328 2491
1238 1791
3020 3196
1940 2203
1107 1516
107 1601
1535 1663
1393 1902
1917 2184
609 653
2138 2302
2292 2471
2092 2391
2733 3076
2746 3056
3052 3234
2674 3280
2289 2294
1929 2122
2944 3324
2344 2616
1718 2180
1175 1222
2526 2539
1158 1432
3618 3971
483 1014
1085 3830
2880 2974
1993 2139
1366 1767
2206 2326
374 683
1004 1059
46 177
1264 1725
2003 2054
578 635
2409 2607
2757 2867
2768 2865
2311 2507
1677 1763
483 1025
1107 1605
1970 2183
2330 2598
2235 2608
1971 2575
2081 2533
1021 1903
575 617
2560 2604
1274 1806
2782 2906
2257 2576
1741 1782
2103 2131
2985 3363
1214 1598
2244 2275
2475 2516
2155 2310
2275 2492
1938 2290
3437 3830
3233 3370
3187 3404
2257 2553
367 555
2122 2593
2042 2054
3381 3419
1175 1416
989 1044
1165 1561
3527 3542
1117 1717
2246 2434
2087 2543
2084 2600
1339 1467
2187 2472
3087 3365
3687 3858
2943 3301
2033 2654
1329 1663
517 601
967 1124
3586 3800
3791 3967
461 463
2927 2928
2402 2614
2095 2446
2134 2254
3297 3391
2120 2587
963 1895
1471 1556
1652 1800
997 1520
2951 3162
1315 1841
2994 3417
2336 2597
1917 2154
2550 2607
3437 3475
1684 3376
2394 2501
44 312
1059 1835
2733 2812
136 2445
1317 1838
2742 3102
3680 3718
1106 1569
84 265
2072 2594
348 457
968 1584
1922 2412
2220 2607
2412 2455
1932 2002
1213 1259
573 605
2071 2241
1181 1816
2126 2361
966 1130
40 298
1991 2494
423 456
2244 2374
2139 2339
3068 3168
1912 2027
2052 2125
1266 1441
1940 2344
1912 2439
2826 3165
3111 3280
2101 2183
934 1551
3172 3272
2718 3256
1974 2651
3019 3113
2091 2197
972 1256
2619 2638
2095 2121
1985 2201
2780 3419
2936 3344
2492 2556
2302 2462
2723 3383
2840 2881
1128 1377
1335 1823
3622 3878
1029 1175
2083 2340
2836 3342
1060 1859
1979 2115
1955 2653
2683 3232
1695 1773
2078 2550
2118 2550
2309 2334
1589 1639
3493 3951
1141 1310
2210 2578
2111 2249
2257 2353
1979 2140
1272 1735
2828 3416
2890 2993
917 1366
615 640
1323 1669
1202 1268
2109 2240
960 1199
966 1172
1207 1604
2220 2323
376 461
3288 3350
2005 2055
3458 3569
1250 1712
1932 2598
348 530
2148 2598
697 824
1470 1519
2782 3033
1925 2507
3448 3633
1124 1359
1985 2278
348 555
2246 2273
934 1827
48 126
155 157
4014 4038
1433 1825
400 513
1231 1591
3201 3261
2918 3173
1359 1447
1181 1700
2224 2436
419 526
971 1786
2482 2619
1079 1516
3464 3554
947 1377
2308 2586
2074 2115
1026 1369
1986 2033
2661 3140
400 414
1659 1827
3449 3604
1256 1285
1997 2542
107 389
2778 3277
1140 1505
1948 2629
2391 2536
2237 2309
350 419
1918 2404
2353 2499
1083 1598
1014 1066
1296 1525
2248 2397
2800 3026
2611 2630
1104 1192
1959 2292
2218 2326
1338 1473
1047 1146
953 1613
925 1886
1122 1677
2781 2796
1707 1761
463 524
1221 1423
3456 3831
3915 3972
3267 3291
749 757
2001 2061
397 422
1929 2552
758 849
2164 2324
2184 2602
2500 2520
1800 1827
2222 2652
1104 1129
1041 1770
1222 1793
2801 3256
1923 2289
3072 3211
1126 1736
2974 2994
1932 2315
2756 3293
2995 3051
2326 2464
3437 3971
2756 2929
2329 2542
2849 3150
1584 1663
2681 3301
1966 2506
2043 2484
3783 3960
2163 2183
3089 3116
3021 3302
198 351
1979 2253
2045 2210
1129 1550
2828 3035
1964 1974
1999 2004
1056 1722
2042 2522
1146 1243
1918 2578
2706 3417
698 863
3158 3232
236 318
2322 2566
2063 2136
2897 3232
708 828
1075 1572
1126 1331
1551 1621
1021 1100
1929 2059
1580 1608
3514 3790
2467 2654
1259 1906
913 1688
2532 2552
525 563
1340 1612
1680 1884
1809 1832
1331 1361
388 557
2663 3428
2684 2823
2104 2172
1761 1827
3261 3378
1185 1520
1070 1188
1425 1549
1030 1788
1340 1721
1184 1610
9 231
2404 2504
2674 3120
1925 2590
1376 1750
964 1664
2250 2531
1447 1712
1917 2055
2392 2560
948 1025
3554 3945
2311 2340
1220 1827
2849 3146
2514 2517
2468 2630
2866 3078
3443 3645
2140 2579
1415 1672
2174 2537
1236 1709
3524 3645
1604 1804
2810 2944
1144 1705
2984 3291
2132 2368
3203 3224
1370 1662
2325 2557
3089 3109
2381 2495
1979 2055
1985 2147
1067 1647
2184 2469
2103 2339
983 1662
2053 2199
3085 3348
947 1250
1929 2591
107 1676
2189 2279
927 1513
976 1349
1697 1718
1945 2246
119 261
1409 1605
3107 3343
1613 1736
3166 3339
2078 2575
1962 2600
171 1193
1309 1582
483 1309
1221 1345
1390 1522
782 829
916 1580
2489 2607
1768 1860
1056 1457
107 1168
1488 1768
2750 3324
1923 2038
1158 1503
460 465
2681 3029
617 620
1331 1835
1269 1559
1113 1446
1979 2084
606 1620
483 1382
2088 2504
2087 2174
1132 1589
2243 2458
1101 1741
1359 1389
1929 2590
364 476
2074 2275
1491 1730
2394 2473
2212 2469
1571 1772
419 456
3165 3343
0 320
1589 1816
62 130
1182 1243
16 332
940 1469
2225 2640
2124 2387
398 503
2761 2966
370 523
1952 2226
1184 1793
2755 3195
1893 1894
2119 2397
1563 1613
3454 3677
1361 1835
455 506
686 750
2664 2929
2376 2553
766 823
1199 1736
3558 3593
2794 3073
2665 2753
1203 1307
1798 1895
2016 2116
2996 3201
1923 2325
2741 2874
579 684
376 388
1608 1800
2058 2546
997 1741
3510 3821
2090 2409
2755 3014
2090 2093
2194 2372
1214 1789
2043 2121
1287 1554
2037 2077
2115 2611
1684 3398
1541 1727
506 508
1261 1583
107 1308
573 618
3738 3945
1529 1781
2822 2831
697 800
431 563
3576 3877
365 513
98 261
1335 1888
3603 3828
2024 2538
1082 1204
2150 2430
366 539
764 817
1452 1629
423 524
1331 1509
3119 3387
370 392
2137 2153
2087 2461
3448 3828
2763 2835
2093 2348
2906 3417
2715 2747
1083 1610
2279 2396
1945 2629
1823 1849
2932 3337
2928 3363
1791 1800
107 954
2043 2418
1986 2060
2060 2323
1376 1810
1480 1765
2074 2655
2118 2606
1470 1637
1024 1133
2928 2986
563 1136
2436 2567
2428 2462
122 203
2988 3135
1917 2172
1191 1359
1184 1652
2323 2573
1465 2385
1984 2190
3010 3104
2059 2093
2180 2643
2414 2482
3362 3417
353 567
3082 3113
1024 1456
745 830
3152 3252
810 815
107 1697
2759 2909
396 531
2760 3263
3330 3358
2882 3124
3106 3434
2866 2956
2781 3157
1992 2320
2074 2112
927 1182
2682 3018
2718 3081
2142 2532
3035 3206
1729 1907
506 606
3196 3369
1957 2626
2992 3201
107 1680
2131 2554
3070 3146
2413 2529
2053 2399
107 1573
1986 2464
107 1270
2611 2623
1332 1844
1398 1833
396 475
2294 2434
1018 1894
1351 1793
389 397
3437 3442
2194 2508
953 1563
2165 2229
1665 1810
3032 3253
925 1335
1460 1570
2078 2407
719 752
2995 3170
971 1020
1135 1522
2201 2591
2141 2272
3906 3931
784 800
118 222
1159 1504
2331 2348
2925 3000
1293 1888
2394 2537
2033 2060
1153 1757
2206 2408
1164 1520
1983 2188
2866 2915
2229 2601
3095 3303
2774 3055
2072 2189
1331 1721
1726 3385
1688 1745
2395 2423
2209 2525
1166 1894
1250 1849
2095 2539
1318 1740
1052 1338
1361 1842
916 1125
1028 1516
2392 2428
3022 3363
404 503
2142 2408
2086 2257
3927 3945
3545 3858
1082 1859
1511 1698
2091 2236
3318 3382
506 591
3395 3403
1334 1658
2169 2643
2064 2500
517 1487
2381 2386
2142 2553
2696 2934
921 1522
977 1304
1128 1491
3051 3168
901 1118
2179 2504
1402 1580
3437 3820
3162 3356
2179 2611
2121 2521
2038 2345
1491 1750
3002 3034
3506 3584
2187 2608
2369 2542
3533 3760
2579 2601
75 322
1491 1721
89 327
970 1073
115 226
1334 1620
1124 1604
1557 1707
2030 2552
1718 1932
946 993
436 683
2698 2905
1281 1751
2149 2343
1128 1184
2007 2463
1070 1897
303 322
484 913
1589 1622
1101 1214
2024 2659
955 1197
1178 1369
2213 2492
445 556
1288 1471
362 460
428 594
2502 2533
2005 2433
1970 2511
1052 1881
3757 3899
2020 2124
1074 1191
1319 1648
2733 3182
456 561
1979 2392
651 1763
1344 1572
953 1520
3491 3842
2716 3188
107 1566
1095 1210
3010 3394
3525 3962
1712 1832
1230 1609
1086 1391
3469 3829
2289 2366
2064 2257
3305 3374
2850 2924
1630 1807
695 745
2784 3409
461 542
2032 2071
2991 3247
2123 2184
1993 2218
107 1745
1943 2240
2072 2280
824 827
53 249
696 834
2192 2435
2972 3318
921 1146
1373 1706
85 271
1312 1570
2083 2446
3145 3206
2275 2654
921 1891
1017 1735
3629 3876
1204 1859
2564 2615
3437 3901
2200 2220
3019 3285
2083 2093
3516 3883
2302 2530
2063 2489
1149 1800
355 470
1985 1994
2035 2089
1214 1712
1370 1380
1101 1842
3596 3692
2754 2864
2936 3038
2055 2083
1100 1728
1288 1826
2507 2579
2983 3128
1984 2573
107 1362
2927 3430
88 106
1121 1541
2102 2643
2063 2593
3569 3706
2376 2484
2673 2943
1981 2026
3061 3266
2319 2436
2271 2326
1707 1735
1669 1753
1684 2901
1491 1737
2778 3280
2020 2088
2944 3022
2395 2619
3396 3403
2376 2485
2009 2337
107 1099
2913 3047
2724 3334
1355 1876
989 1824
2687 2846
2887 3029
1917 1966
1132 1789
2032 2327
21 332
2063 2184
1959 2598
1577 2616
1986 2449
1986 2165
2833 3049
1175 1612
2763 3193
960 1789
2253 2414
3785 3966
1021 1729
2848 3302
4003 4009
2108 2220
1912 2434
946 1243
1015 1129
686 775
718 827
2755 3433
2698 3348
2822 3361
1554 1768
123 239
2240 2363
2077 2331
2288 2478
5 204
3179 3350
1303 1573
2054 2327
1782 1833
526 1290
2906 3096
2032 2174
107 946
2225 2639
1039 1551
2144 2196
1273 1502
1742 1893
2956 3090
482 565
1033 1433
400 641
1049 1431
1054 1613
2088 2539
48 180
2092 2271
1979 2467
1360 1593
1970 2525
1505 1674
3466 3554
2763 3294
686 801
896 1587
2374 2563
1113 1766
2495 2579
2703 2889
1124 1753
107 1686
1289 1491
3611 3858
1457 1833
484 536
2059 2323
662 665
2201 2560
1074 1107
1469 1472
2220 2386
1943 2331
941 1764
2973 3396
2764 2923
1912 2589
515 548
2187 2302
2048 2132
3980 4035
1158 1215
1451 1729
2141 2642
3604 3926
1684 3275
1020 1261
2188 2307
2275 2469
1175 1334
997 1389
2376 2464
2006 2626
2043 2150
1930 2286
414 597
2485 2521
3437 3867
1416 1652
417 456
3842 3873
1997 2348
56 298
113 142
1085 3684
2123 2552
2958 3327
1214 1409
1237 1473
0 106
2511 2597
2169 2608
397 563
1516 1879
2896 2969
2940 2985
1082 1587
1471 1623
2864 3363
353 1677
1685 1804
2172 2573
1997 2331
3078 3387
2460 2464
2906 3025
2913 2948
2661 3406
993 1603
2307 2376
3437 3833
2356 2381
3718 3924
2419 2582
2777 2920
1409 1563
1014 1015
1184 1612
1707 1810
1331 1457
2179 2229
2210 2326
2087 2169
96 213
1812 1893
1714 1735
1184 1351
2345 2598
2866 3390
2414 2542
513 542
25 291
1953 2139
3635 3804
705 764
1125 1238
2463 2592
2482 2630
423 614
3086 3207
990 1505
2307 2482
456 503
1528 1757
1327 1597
1940 2071
2851 3084
2684 2937
2939 3179
3477 3565
2761 2839
2009 2538
573 619
3144 3328
2686 3264
2789 3231
1525 1703
2745 2786
524 614
2184 2306
1979 2020
2322 2419
414 607
753 890
1684 2898
2218 2574
400 517
1938 2520
716 849
573 654
2268 2645
1793 1845
1456 1516
1857 1859
2266 2276
1684 3164
2856 3115
616 684
2081 2194
2279 2338
1538 1757
3049 3169
1983 2482
2047 2406
1912 1975
1954 2199
2187 2510
2507 2655
323 341
2087 2148
3508 3632
2720 2859
2890 3364
3459 3564
2738 3004
1684 3008
1049 1653
2188 2347
376 475
2216 2414
1920 2038
2104 2140
2218 2409
2268 2555
1174 1719
2052 2194
1112 1620
2148 2241
1059 1559
1914 1951
1024 1614
3094 3204
1912 2023
1235 1345
2033 2601
2526 2575
2031 2127
1021 1129
995 1665
1136 1676
2233 2381
2046 2573
2199 2273
1322 1345
2957 3011
82 271
1611 1655
3445 3868
1118 1895
526 1110
1205 1580
980 1199
2040 2046
1124 1580
2843 3196
2202 2459
1584 1799
2276 2495
2410 2606
1076 1644
2143 2588
2131 2165
2190 2353
1917 2381
1662 1845
2154 2324
1491 1559
2273 2629
526 1574
1995 2378
2087 2597
927 1609
2037 2504
2910 3348
2766 2907
2874 3084
1926 2302
1641 1866
2951 3330
1960 2371
2172 2276
595 681
1209 1819
1107 1491
1954 2588
982 1199
2123 2543
509 551
2090 2348
1391 1488
1689 1735
2418 2590
2374 2542
701 724
2135 2642
1449 1480
2059 2290
1456 1608
3082 3434
960 1211
2461 2642
1250 1867
2841 2858
2846 3299
2037 2561
2140 2275
1391 1809
3182 3332
1427 1645
1076 1250
2778 3351
2172 2240
2508 2594
1086 1222
195 218
2753 3150
2047 2272
2778 3332
2240 2244
457 563
2758 3253
3101 3198
1993 2275
2211 2272
1329 1471
3608 3862
2993 3135
2880 2967
960 1663
2031 2425
1668 1714
3060 3101
1271 1447
2118 2172
1306 1507
1621 1662
1577 2516
1661 1848
1994 2143
1912 2640
1509 1827
946 1735
2054 2196
2828 3146
1938 2150
2276 2500
1973 2364
1047 1626
2800 3000
1684 3410
1217 1738
1190 1462
2220 2340
1312 1563
2992 3132
1718 2509
988 1019
3347 3397
2936 3267
149 343
3145 3403
2718 2955
1684 3206
1402 1559
954 1812
2309 2484
1126 1800
2218 2579
830 845
3072 3150
1048 1265
1049 1730
348 394
1361 1610
1117 1199
720 739
1912 2347
654 672
3243 3384
3002 3353
1450 2976
1126 1826
2223 2445
2193 2656
2179 2266
2546 2638
1189 1709
107 1250
2890 2913
1214 1768
1610 1746
2064 2611
2734 2818
1017 1352
2115 2395
2278 2543
1146 1323
3314 3325
1373 1824
483 1455
1048 1450
362 558
1841 1862
2006 2494
2083 2118
2206 2615
465 556
1431 1877
959 1519
1985 2646
2092 2387
2122 2201
1025 1237
3722 3827
1912 2575
862 865
913 1217
1962 2469
2868 3329
2207 2349
1932 2283
2543 2598
1577 2471
3201 3272
510 533
2738 3084
2010 2294
506 561
2038 2144
2126 2160
1684 3215
3118 3162
3231 3394
995 1483
2028 2330
1583 1655
2561 2619
1944 2176
2083 2200
1428 1482
2478 2543
2994 3149
997 1470
584 639
766 830
1102 1786
186 331
1078 1721
3113 3350
2201 2266
2392 2553
1388 1456
2445 2451
2110 2221
2324 2507
1954 2264
38 332
483 1875
1979 2500
2683 2854
2122 2154
1006 1130
2059 2520
2187 2471
686 737
1918 2615
331 332
913 1910
21 104
2789 3084
2758 3032
2414 2590
2575 2655
2680 2877
2324 2591
2383 2646
2064 2359
2397 2523
2172 2244
1017 1653
1352 1598
1497 1599
1932 2246
3113 3381
0 176
2938 3343
1277 1720
2116 2645
2511 2592
1451 1824
2135 2138
2905 2910
1816 1867
1943 2376
107 1163
2054 2280
2815 3363
1413 1732
2828 3172
1017 1123
947 1199
999 1079
2170 2513
56 315
3158 3163
2307 2340
56 213
107 1407
353 412
3140 3342
2104 2112
2468 2578
1962 2218
359 403
936 1616
2154 2655
1462 1903
2004 2626
1565 1773
2434 2461
2835 2924
2117 2592
1059 1613
1941 2208
1614 1888
2315 2643
3604 3841
2059 2179
1428 1831
1053 1896
947 1621
3145 3287
2122 2216
2578 2604
1917 2005
3253 3264
1104 1680
1303 1495
479 520
1946 2095
2295 2502
1959 2555
353 1080
9 322
1945 2327
1163 1712
1393 1528
1416 1620
1456 1480
595 650
1954 2289
2127 2183
1991 2660
2284 2659
995 1239
2247 2594
1971 2532
2510 2582
2447 2585
2139 2307
2763 2854
2386 2575
3207 3223
2996 3321
3600 3825
1449 1782
2199 2451
1844 1853
1184 1367
2770 3434
1271 1898
1482 1624
930 1763
2340 2369
2713 3410
1966 2410
1243 1813
1021 1495
1391 1714
414 652
2407 2600
1236 1725
1086 1483
1179 1645
107 1750
2003 2652
2419 2511
1377 1554
1123 1153
2729 2981
2064 2613
605 626
3438 3971
2785 3306
2420 2509
1352 1791
3599 3608
1078 1839
2056 2090
2088 2266
2244 2410
1275 1783
1028 1420
1643 1833
3176 3420
2285 2511
2673 2944
2040 2139
1591 1727
2495 2546
999 1124
2125 2174
2494 2538
2748 3386
3170 3347
3920 3960
1377 1753
2215 2239
1562 1889
1918 2078
3714 3900
1611 1682
1637 1851
2946 3363
1293 1621
2139 2602
1985 2299
3685 3840
2773 3362
1250 1402
348 572
408 440
1136 1251
1929 2560
2418 2507
3082 3316
2117 2145
1480 1774
2026 2436
1108 1277
2556 2593
1530 1823
2202 2538
2731 3090
3353 3422
2404 2601
1912 2592
107 1326
2020 2045
1051 1275
1092 1617
3714 3951
3332 3396
2323 2374
2024 2639
1718 2617
2711 2942
391 428
1159 1785
2690 2856
2679 2944
1478 1829
1485 1618
2326 2489
22 277
2092 2288
2908 3096
2187 2533
2137 2351
3345 3434
1984 1997
516 554
1367 1420
2939 3027
3047 3384
752 805
3034 3217
1465 2132
2160 2577
2890 3243
2134 2191
2059 2460
2591 2607
2131 2179
2787 3320
2339 2468
2800 2877
3509 3855
1927 1980
1420 1761
1459 1462
2072 2294
2398 2471
2468 2619
2374 2532
2872 2890
2169 2344
567 646
732 791
2060 2559
2063 2098
1135 1885
2250 2588
946 1449
3152 3350
2289 2351
1113 1844
2060 2233
2028 2298
2077 2229
1912 2078
436 488
3228 3293
3557 3596
3458 3718
999 1804
709 848
1082 1459
438 634
2778 3204
2034 2120
2335 2497
461 683
1919 2171
2790 2848
2664 3004
2311 2326
1786 1812
1954 2472
2172 2500
3345 3386
2835 3129
1341 1377
1516 1598
1199 1329
1412 1502
2354 2623
1591 1893
1377 1843
1684 2955
2278 2607
1985 2240
48 119
2862 3022
2040 2600
3101 3113
1941 2625
134 203
2220 2418
2690 3196
2188 2646
661 665
949 1226
1017 1839
3529 3614
514 537
1653 1714
2104 2586
954 1324
1993 2237
947 1562
1120 1781
2813 2971
2128 2603
995 1447
3106 3116
2668 3134
2043 2124
2124 2550
2046 2184
1998 2001
2937 3145
1230 1839
419 544
1737 1888
3702 3838
2489 2593
2627 2648
764 793
1993 2308
113 291
252 322
697 708
1544 1905
3480 3692
2294 2415
3573 3838
1423 1462
2130 2618
990 3328
2962 3091
398 536
2943 3029
2694 2717
2328 2592
1409 1621
2319 2512
1217 1630
416 497
2856 2868
3437 3772
1408 1574
2712 3035
1173 1271
2393 2449
3540 3851
1112 1688
3139 3229
414 619
3479 3516
1290 1752
1717 1804
625 653
252 280
1017 1557
1981 2294
2040 2118
2592 2617
2306 2340
1959 2068
3722 3907
2147 2545
2876 3331
1107 1199
1277 1432
2059 2190
1330 1663
3021 3316
2282 2313
2701 3011
2523 2566
1460 1662
3156 3256
277 325
3460 3786
2222 2333
1044 1298
2043 2244
3035 3353
3926 3934
1981 2264
3220 3417
2669 2908
1718 1947
2663 3229
2258 2542
107 1470
1947 2246
1522 1559
3629 3815
107 1868
1180 1793
2956 3426
3326 3395
1132 1449
107 1764
2069 2655
2976 3185
980 1449
686 785
3018 3154
3538 3743
395 517
2169 2509
1684 2699
1238 1768
2409 2460
419 516
1584 1622
2827 2985
1799 1800
2782 2916
2300 2326
2196 2617
2234 2499
993 1128
348 390
2033 2083
2059 2395
2869 3396
2101 2396
1135 1185
1945 1955
1530 1813
3264 3358
2956 2960
3201 3360
1056 1359
2408 2485
3177 3241
1076 1399
1377 1827
3386 3403
2127 2588
2771 2893
2109 2638
1345 1812
2122 2261
1998 2645
1190 1345
705 820
3822 3909
2243 2282
1132 1344
1493 1837
2002 2512
2165 2619
1305 1509
3169 3239
1943 2213
1620 1823
2938 2965
925 1180
2159 2346
2139 2574
3728 3921
2707 3133
1985 2359
56 188
2206 2229
1272 1305
1912 2616
2300 2464
2047 2137
48 330
2738 3232
2777 2969
2261 2560
1059 1851
2047 2319
508 541
1117 1263
492 497
1577 2465
2261 2625
1099 1324
3036 3304
1230 1484
2290 2446
2257 2575
967 1195
2149 2649
1130 1584
2077 2103
1556 1789
2112 2429
2009 2143
2429 2449
1159 1496
946 1637
1912 2381
1324 1751
1929 2601
1048 1416
1612 1827
1006 1789
2951 3034
48 199
3035 3113
3669 3700
2342 2632
2307 2590
538 559
1620 1885
3072 3192
1102 1729
2112 2381
1277 1742
428 524
2374 2395
687 838
3629 3977
2124 2578
3437 3787
724 823
402 514
1820 1848
2987 3163
2324 2590
3473 3567
2676 2986
2871 3189
2501 2511
3060 3332
1207 1456
380 457
1986 2604
1033 1325
1115 1120
2369 2573
3442 3455
3851 3966
2680 2925
1684 3412
3510 3752
1666 3258
2077 2611
2920 3073
774 805
1525 1876
2352 2369
1041 1739
2719 3132
1580 1746
2687 3046
1714 1849
1029 1856
1993 2578
436 478
3858 3884
497 513
1377 1646
1092 1768
1467 1799
725 732
1540 1618
2124 2484
2169 2377
925 1724
1622 1653
787 803
2460 2477
69 105
2020 2410
2119 2488
2292 2510
946 1028
1109 1624
3226 3339
3047 3090
236 252
133 236
1948 2491
2434 2582
395 408
456 566
1104 1742
2037 2046
87 308
2124 2266
2743 2994
3722 3862
1338 1815
1986 2334
1720 1729
2069 2551
1551 1804
2005 2253
1912 1927
2159 2648
1938 2257
1758 3432
67 313
2960 2988
2924 3384
1962 1966
1591 1871
1054 1059
2680 2815
1340 1688
2387 2404
1925 1985
1931 2159
1028 1267
1338 1745
1250 1768
917 1309
3287 3298
3157 3350
1278 1757
2756 2915
2757 3426
3185 3225
997 1006
2154 2266
2423 2543
1943 2654
1327 1663
2081 2117
2192 2202
2131 2200
1419 2813
3019 3210
3488 3542
363 388
606 917
1948 2081
584 616
3564 3878
1009 1729
1128 1888
2229 2482
2119 2371
484 1514
398 412
2485 2601
3150 3198
1344 1735
1239 1721
1052 1529
2081 2399
2007 2604
864 884
2669 2680
1509 1689
2292 2592
1465 2169
1209 1816
2435 2494
1980 2009
1338 1549
779 838
488 556
1462 1576
3640 3670
3437 3445
2095 2212
2335 2534
2966 2986
2266 2646
3985 3988
2006 2097
107 1274
1352 1835
1406 1495
978 1891
2190 2520
1768 1793
2674 3204
1425 1778
2692 2951
1079 1250
2283 2582
2200 2477
2786 3025
438 488
1437 1858
2067 2476
355 452
967 1076
2048 2233
1277 1462
2354 2654
107 1381
2093 2278
2055 2201
917 1469
1955 2511
434 580
1912 1993
2020 2030
2408 2489
1004 1431
1925 2381
2233 2348
2220 2520
1985 2369
2010 2582
1502 1591
1962 2573
500 520
107 1908
1051 1699
960 1068
107 1033
2003 2479
483 1844
21 235
396 489
2140 2309
2543 2561
1376 1612
2060 2139
395 560
2183 2533
2087 2588
1097 1787
2135 2555
1940 2068
0 116
966 1619
397 531
1352 1609
2224 2510
2092 2507
1471 1561
954 1502
3526 3599
2253 2546
3411 3434
2155 2344
2331 2638
3545 3830
1570 1842
0 165
1970 2243
745 842
993 1431
2127 2153
3528 3930
978 1329
2054 2221
2006 2378
2918 3187
989 1899
2943 2969
820 830
2956 3324
1612 1750
1129 1404
1467 1488
1107 1793
544 676
1458 1590
2347 2386
529 531
1078 1810
635 670
1361 1723
951 1161
3026 3033
2075 2243
1175 1811
409 497
1322 1573
1663 1669
2559 2624
1481 1876
2077 2408
1984 2165
484 1645
492 580
1175 1823
2210 2271
3079 3396
2088 2121
1920 2111
2001 2011
2460 2575
1926 2087
3437 3812
2423 2542
2917 3301
2781 3027
1128 1620
1462 1841
2146 2405
1491 1572
1412 1686
9 199
3986 4030
2057 2149
1684 2853
1017 1821
2333 2582
1688 1730
3004 3284
3495 3860
1482 1529
1653 1804
1059 1717
2172 2229
1912 2293
2761 2948
2053 2087
1375 1867
3437 3961
1714 1879
2071 2510
1921 2658
2257 2392
2719 3106
1684 3362
1780 1800
107 1774
3443 3529
1004 1795
2099 2358
1014 1454
475 483
2132 2336
107 1071
2118 2240
1128 1341
1314 1378
574 616
966 1821
366 496
161 308
72 212
2352 2579
3242 3411
2112 2586
2069 2240
2032 2081
686 841
2796 2853
1995 2050
3758 3937
2279 2617
2115 2154
1925 2495
2430 2446
1361 1800
513 515
3442 3629
2095 2504
3599 3769
186 199
2684 3258
2467 2520
2226 2406
2068 2194
1982 2235
1932 2420
3033 3149
2118 2408
2741 2867
1919 2202
414 627
1049 1816
1920 2062
460 508
400 503
1954 2509
432 475
1984 2428
3505 3747
0 11
2674 2796
2890 2994
2322 2656
1993 2108
2339 2430
927 1460
2516 2518
1117 1124
1916 2169
1684 3366
2414 2574
3636 3753
414 685
1100 1423
2054 2101
2761 3237
1983 2573
3287 3353
1591 1680
2073 2210
408 461
1066 1277
1923 2272
1123 1196
984 1828
3540 3656
1269 1637
1659 1861
2021 2172
2047 2153
2092 2189
17 116
107 1289
3132 3332
2006 2660
2679 2920
2020 2549
17 214
1459 1647
862 3495
2095 2619
25 141
1684 3132
1367 1653
1621 1761
3677 3697
2355 2616
1520 1842
2026 2267
2103 2300
1086 1907
2741 3228
1003 1851
1269 1557
983 1542
1540 1569
1313 1671
1868 1898
1551 1700
2047 2175
1551 1730
1339 1644
922 1662
363 412
1520 1761
1135 1675
2977 3104
2381 2433
1536 1770
577 643
2062 2458
1146 1714
1971 2090
2836 3248
3486 3706
2213 2553
1659 1730
1483 1730
2059 2374
1036 1715
1959 2032
989 1655
3040 3426
2056 2352
1994 2279
2178 2316
698 719
1035 1228
1014 1751
1667 1783
1139 1624
2253 2290
677 684
2286 2335
1926 1970
2226 2434
2142 2226
2337 2447
1938 2553
2121 2307
902 1204
3144 3235
2081 2177
1149 1618
2363 2559
2590 2601
2780 3089
3355 3396
992 1733
963 1629
2351 2420
815 819
1125 1522
755 808
2133 2194
1483 1685
1918 2084
1399 1736
2460 2500
814 829
2864 2908
1263 1591
2677 2971
2083 2575
2676 3036
1619 1839
3119 3158
2904 3046
7 213
2108 2308
1425 1574
2165 2625
2194 2247
402 482
107 1174
3550 3968
1335 1622
1257 1459
3799 3848
2143 2511
2104 2428
2009 2268
243 310
3553 3598
1337 1626
2275 2484
107 1320
3604 3770
1912 2376
946 1826
1564 1675
3288 3397
1828 1871
1166 1871
576 583
2747 3312
353 417
2054 2419
1489 1495
2153 2347
2880 3056
2176 2224
348 484
2082 2397
1350 1764
1948 2250
3115 3265
1211 1554
224 236
2244 2464
1284 1454
1985 2069
1070 1672
2174 2296
2218 2392
1230 1491
2748 3038
3730 3804
1535 1551
1132 1898
1971 2552
2046 2109
952 1054
1707 1750
981 1573
2392 2495
1783 1907
3082 3204
1943 2103
2943 2966
2139 2477
1877 1888
1939 2241
2711 3162
2124 2339
2028 2047
2226 2598
2213 2590
1547 1623
1052 1897
2053 2153
1345 1875
966 1832
2055 2604
2853 3342
1298 1322
2216 2504
1091 1471
3563 3962
3139 3153
3082 3272
1419 3410
1599 1814
2665 3337
1963 2553
2133 2302
1222 1609
2946 3228
368 521
2111 2194
3345 3355
2981 3137
1338 1504
784 826
2108 2290
1929 2326
2445 2567
1144 1676
2290 2408
1565 1671
1361 1791
1156 1669
2033 2600
1912 2443
906 1663
1912 2487
713 845
3504 3677
1391 1663
414 604
1993 2623
925 1149
1684 2830
2142 2574
1918 2553
2149 2319
2985 3232
470 507
1314 1424
1467 1867
1912 2002
1632 1707
1280 1604
1214 1620
2059 2559
1684 3031
1948 2592
2177 2451
2362 2425
1040 1380
1352 1721
3525 3540
1277 1578
2078 2184
2717 2925
2108 2430
2697 3186
1219 1352
2429 2601
3662 3863
3680 3833
2058 2154
2384 2508
2916 2945
1912 2394
1130 1547
348 490
3256 3263
1941 2338
3741 3966
1199 1712
599 662
1079 1752
1114 1357
975 1903
2002 2068
2059 2140
1914 1980
2176 2209
2235 2333
1098 1719
322 342
2139 2275
1740 1882
2109 2323
1083 1180
2328 2652
1963 2172
1097 1468
2202 2585
2881 3233
492 651
2084 2500
2781 2939
2229 2507
3988 4030
2304 2434
567 651
1938 2607
2037 2090
2037 2482
1391 1730
2859 2868
2098 2122
3042 3417
2134 2319
2319 2589
2757 2986
2038 2473
1938 2095
2244 2408
896 994
2271 2308
2088 2625
2306 2560
2770 3132
2294 2384
2007 2247
1941 2323
559 683
2410 2654
450 489
13 265
2190 2323
2319 2508
1135 1329
3084 3158
2925 3195
2124 2646
3223 3412
1427 1625
2521 2532
3844 3848
366 548
2491 2588
2463 2642
1250 1367
2560 2564
1127 1703
2352 2363
3102 3132
116 149
2901 3256
107 1369
1126 1665
1465 2053
994 1818
2111 2588
915 1671
394 414
2122 2553
1920 2567
1496 1569
1462 1583
2313 2450
2033 2347
2088 2521
1037 1727
1026 1175
2398 2399
2433 2536
1166 1282
924 1725
417 500
1352 1612
2073 2078
1156 1483
2849 3344
2353 2521
780 815
1171 1465
2309 2339
1075 1791
1339 1538
1948 2191
948 1427
107 1447
1361 1741
872 873
1928 1976
2030 2190
637 678
526 1754
3488 3640
10 291
1456 1826
1238 1849
916 1584
3320 3377
2324 2559
1746 1799
39 141
1330 1335
2053 2239
497 555
961 1327
1156 1517
1060 1578
2127 2199
2117 2480
1576 1899
1912 2157
3038 3344
2994 3078
1250 1644
2466 2650
1522 1735
1305 1440
1054 1390
944 1634
2828 3115
596 1412
3443 3460
1622 1683
107 1051
3634 3972
2007 2398
1207 1488
2149 2289
3758 3906
2265 2291
1261 1316
1984 2551
1170 1406
2806 2967
1029 1078
2324 2530
3756 3884
1076 1643
370 419
2336 2461
2877 2986
1347 1786
1083 1336
107 1199
437 499
407 458
1943 2546
2319 2400
978 1610
2206 2462
1306 1338
2110 2226
1959 2057
1945 2169
1946 2542
1367 1551
980 1774
1250 1810
524 590
1019 1413
2246 2461
906 1199
3768 3906
2164 2607
1610 1888
2340 2546
1573 1857
2574 2631
2748 2946
2206 2504
484 1173
3680 3794
1595 1742
2911 3047
254 266
2188 2266
2273 2377
1293 1608
1943 2324
1684 2817
1590 1736
1993 2233
1971 2560
3462 3966
429 504
1370 1600
1148 1379
2171 2337
1997 2423
1488 1898
2676 2755
631 679
531 563
2203 2629
2257 2331
2229 2591
2430 2625
1126 1199
1385 1688
1238 1471
588 644
2698 2915
1979 2553
2342 2618
2075 2511
2910 3364
1962 2329
1175 1391
2064 2271
107 1469
1332 1645
2951 3207
3122 3200
2047 2141
563 1687
2201 2601
2173 2411
1352 1735
1475 1790
1163 1610
1935 2389
1449 1712
2028 2128
2149 2475
2021 2407
2991 2992
252 315
483 496
1647 1682
3182 3280
902 1322
2206 2590
2142 2266
2537 2594
1584 1597
2088 2206
2172 2353
3813 3830
1086 1436
3085 3284
2912 3399
373 496
2028 2241
1526 1645
3546 3949
2047 2512
2121 2593
2031 2362
1390 1600
1199 1868
372 444
1277 1286
2712 2748
1609 1637
1131 1348
1280 1707
1003 1598
2331 2578
2833 3277
1221 1504
695 824
3266 3308
2030 2290
1006 1242
3687 3838
2326 2553
1926 2145
1590 1886
1272 1352
2005 2275
2223 2511
2463 2529
1204 1873
1367 1823
2214 2313
1619 1714
2233 2354
107 1673
2475 2582
404 560
1746 1827
2543 2597
3670 3804
31 277
302 330
3087 3196
2083 2266
2555 2629
412 524
1135 1663
2150 2154
2969 3033
483 1324
1547 1902
1712 1791
1391 1717
2519 2543
1929 2339
1963 2244
1355 1699
2351 2463
1078 1668
1136 1806
1715 1872
2042 2328
3528 3576
606 1692
2043 2334
1204 1257
3081 3266
1600 1610
1516 1551
2939 3101
3076 3332
2093 2104
1970 2153
1086 1112
637 1148
2125 2196
2348 2385
2084 2381
896 957
1230 1845
2698 2872
84 313
1358 1767
2045 2266
2348 2520
2054 2543
2909 3363
2244 2520
658 659
1465 2516
412 529
2292 2333
1 133
1613 1799
348 428
978 1205
1192 1215
2216 2446
2021 2560
2210 2410
2991 3172
3705 3869
452 510
1291 1437
2233 2446
2122 2354
3024 3397
1580 1833
3104 3243
199 212
2344 2617
3022 3054
2881 3017
1101 1351
1977 2265
3605 3640
1948 2102
2684 3060
1321 1509
422 631
3437 3447
2950 3087
1584 1816
2208 2324
2095 2485
53 204
2032 2629
2236 2260
354 555
2395 2462
1192 1691
924 1109
2468 2563
1399 1813
2936 3198
2840 3082
925 1172
475 553
3636 3907
2054 2144
3047 3232
2037 2387
2309 2363
2054 2279
3830 3880
915 1294
396 547
3559 3884
3154 3191
1104 1884
2266 2331
2675 3150
1405 3295
2247 2292
2742 3199
1107 1598
2229 2484
2781 3351
2509 2592
1350 1794
3537 3887
1052 1355
2124 2154
2905 3064
1485 1827
1291 1864
2984 3353
2124 2526
3545 3730
729 753
694 829
1929 2423
3051 3160
2140 2376
1067 1841
3635 3838
948 1766
1623 1717
3115 3344
1985 2074
107 1850
1915 2146
2072 2153
3162 3273
3713 3722
322 341
1329 1861
1124 1911
2896 3193
2749 2754
2215 2254
1765 1835
1753 1835
1285 1471
409 419
695 726
2183 2194
1962 2045
1153 1456
2786 3387
3054 3096
1992 2349
1827 1849
2010 2247
1322 1587
2190 2532
917 1893
67 280
2742 3247
56 104
136 2024
2793 3332
2676 3387
580 930
2083 2395
1720 1893
739 824
2468 2564
3572 3714
1126 1431
2045 2591
3437 3648
203 315
2866 2940
1718 2399
2062 2501
1358 1881
2973 3252
1169 1529
650 662
2407 2500
1858 1911
2310 2540
3448 3485
3474 3945
2334 2539
1048 1367
1912 1986
2037 2112
2748 3049
1689 1750
2777 3426
107 1212
1214 1861
2880 3023
1966 2073
472 567
3703 3830
989 1573
917 1481
420 513
2464 2532
1198 1721
1979 2323
2216 2339
2241 2319
0 347
1358 1473
3719 3764
1101 1393
993 1341
2266 2560
960 1665
2258 2646
1391 1826
2336 2434
2730 3196
1947 2491
1643 1714
419 525
1461 1758
1993 2229
2554 2611
376 419
2719 3039
978 1522
1087 1283
1331 1603
705 814
2078 2093
2700 2791
2674 2833
1144 1328
946 1559
3993 3995
82 84
0 337
2059 2276
2176 2250
2374 2376
2724 2951
2154 2370
1456 1712
2098 2164
1447 1483
1575 1807
1984 2139
3836 3975
2261 2655
3101 3145
1997 2323
2086 2611
3348 3387
1014 1286
2133 2445
2187 2598
2336 2516
2451 2533
2166 2361
2533 2592
1331 1868
2951 3259
2084 2331
2107 2228
0 217
2060 2370
2211 2327
2004 2268
2937 3182
2124 2363
2002 2054
2354 2590
1964 2038
180 254
2970 3280
2104 2244
2083 2619
2154 2638
942 1014
2131 2500
1502 1725
3046 3209
2299 2414
2266 2550
3437 3854
3185 3409
658 670
1997 2043
1340 1516
2121 2190
1477 1792
1559 1891
2309 2414
1091 1888
2835 2986
3073 3284
1723 1839
1953 2093
2683 2956
400 421
2598 2642
1307 1494
2136 2543
1261 1638
953 1029
2140 2526
1989 2271
1026 1730
2218 2560
2507 2543
1960 2488
3746 3846
1036 1345
2061 2648
1380 1665
1684 2748
2141 2416
1517 1610
2290 2574
2241 2463
1341 1714
3172 3225
538 1320
2664 3029
1943 2276
2418 2477
1160 1600
1437 1741
2214 2291
3024 3328
2742 2875
3464 3738
1818 1823
2328 2542
2397 2403
3511 3794
1081 1573
3198 3434
1128 1418
950 1494
107 1282
1280 1674
1183 1807
1391 1782
1183 1794
2237 2244
3440 3780
1292 1841
2914 3013
2283 2533
1003 1079
705 827
2276 2543
946 1741
1531 1876
2212 2324
2742 3017
909 1045
1600 1653
1405 2869
3719 3895
363 1400
2084 2123
2419 2637
2033 2329
1344 1714
3793 3794
2890 2931
1102 1261
2188 2654
3353 3355
2745 2966
2090 2543
98 265
2075 2384
2665 3107
2326 2578
2662 3162
2229 2520
2377 2598
2820 3233
1290 1329
1312 1883
142 200
3004 3399
1205 1888
1960 2373
2005 2347
2775 3002
941 1277
1204 1611
2347 2655
2875 3332
1172 1238
1004 1344
2150 2543
999 1584
544 604
1914 2097
1816 1868
912 1776
3674 3788
2199 2259
2474 2580
3018 3419
2859 3140
400 566
1982 1988
2414 2492
927 1554
3608 3728
2051 2632
916 1267
2054 2434
2395 2414
2783 3182
1152 1275
3687 3730
211 222
2420 2451
1110 1393
2756 2839
3246 3295
387 406
942 1732
2755 3108
1943 2492
513 646
1305 1774
2190 2271
1920 2148
1004 1800
67 122
1159 1481
2093 2401
348 371
2033 2331
1083 1663
1719 1803
527 567
2309 2409
2026 2526
963 1137
348 478
2150 2560
1465 2068
2197 2440
2773 2956
1086 1156
2068 2472
515 545
2223 2367
460 523
2064 2520
713 780
1037 1275
3437 3944
3496 3750
109 229
1165 1421
2809 3090
967 1431
1622 1707
1226 1496
2675 3337
0 291
156 295
7 65
2180 2398
1349 1790
2765 3132
2064 2108
2045 2506
2783 3274
1981 2394
2343 2629
1255 1765
1425 1844
2955 3402
2052 2153
2020 2347
1380 1457
1376 1746
438 514
1932 2241
2883 3101
2182 2480
2877 3022
131 278
1182 1609
1622 1712
2730 2918
2098 2339
2165 2553
2908 3004
3437 3693
2213 2352
3054 3174
1601 1895
2073 2108
2275 2539
2037 2229
3641 3655
3559 3831
2093 2353
2134 2588
2352 2359
1124 1520
902 1104
107 1237
1125 1663
2126 2488
2404 2611
1026 1810
990 1534
3067 3327
78 195
2206 2212
2154 2290
2138 2328
2765 3265
3274 3281
997 1280
1004 1291
3478 3783
917 1533
2913 2966
710 711
1723 1864
1102 1732
395 428
2068 2268
976 1645
2220 2563
107 1253
1684 3179
2353 2625
3379 3412
1107 1530
1525 1569
3137 3394
709 830
978 1835
1505 2964
3799 3952
3750 3948
1504 1709
524 683
3097 3150
1130 1598
2180 2368
3611 3845
2138 2223
135 309
1683 1813
420 596
2086 2339
3005 3403
1932 2153
19 112
107 1450
2246 2247
1040 1665
430 553
2689 2925
2940 3117
428 507
53 254
2109 2326
1198 1211
1508 1824
2772 3313
3437 3972
1347 1649
3231 3269
1076 1835
3568 3947
2190 2521
3160 3397
1932 2187
3470 3767
2333 2471
641 1179
94 300
1173 1772
2172 2624
1983 2044
3260 3406
1129 1628
3786 3947
641 1436
185 290
1946 2477
1312 1685
1499 1889
1986 2359
925 1663
1003 1367
2765 2863
1917 2521
461 465
2098 2290
107 1214
1118 1371
2053 2111
1352 1663
2937 3152
107 1432
1743 1901
428 432
1989 2300
96 224
1662 1768
66 308
1918 2240
2001 2171
88 130
2089 2228
3486 3794
2428 2546
1182 1191
2275 2563
1054 1688
2123 2646
1101 1330
3038 3082
3474 3554
1091 1890
2892 3168
1475 1715
2332 2508
3140 3406
2184 2352
2559 2600
3140 3203
2047 2572
1951 1973
3658 3828
2198 2368
2073 2118
1563 1622
2139 2559
3521 3876
2175 2642
1619 1632
3189 3198
119 176
38 248
1396 1742
2202 2297
1221 1715
3254 3409
3039 3185
1485 1813
2347 2551
3060 3411
1321 1865
3005 3185
1966 2103
2743 2924
24 53
1073 1528
3584 3927
1216 1787
1451 1820
697 724
2300 2429
1912 2429
2690 3342
1011 1904
1505 3020
1993 2622
2210 2323
1668 1707
2187 2465
2353 2630
2787 3150
1547 1668
2507 2552
3612 3941
2363 2619
2266 2638
1370 1827
2172 2271
2150 2559
2118 2489
55 122
1963 2124
3608 3722
107 1358
2173 2286
1846 1851
2043 2654
2778 3199
1306 1703
1962 2206
2588 2653
2098 2492
2353 2542
1542 1902
1067 1871
1662 1823
3738 3752
3541 3595
1042 1876
2328 2429
2539 2604
1971 2021
483 1446
2043 2095
1599 1761
686 853
1160 1214
1791 1813
524 606
1085 3750
3438 3851
1255 1272
2143 2377
2331 2507
606 1565
2081 2547
2232 2589
2404 2590
2384 2567
1185 1746
1934 2341
2247 2641
3705 3826
2924 3098
1142 1427
1256 1542
1361 1589
428 1740
2190 2201
1491 1712
2331 2408
2420 2598
1939 2292
1024 1804
686 710
2172 2542
2074 2532
906 1377
1633 1699
3259 3369
1282 1347
3514 3674
395 413
2123 2212
1220 1571
2160 2455
1621 1842
428 1512
2994 3384
2344 2519
2054 2125
2268 2384
2661 3316
3201 3296
2172 2602
1376 1600
2876 3188
983 1153
2782 3324
720 787
2730 3366
2525 2557
2001 2022
1017 1652
414 573
1044 1277
1035 1109
1538 1707
1465 2327
2356 2615
1054 1827
2227 2313
2045 2404
1341 1827
3578 3828
1146 1365
1029 1359
2724 3285
2689 3000
2951 3263
3838 3971
3576 3731
366 402
353 520
2072 2399
2862 3014
1675 1835
1048 1782
3169 3297
3248 3424
1800 1881
431 493
1159 1444
1572 1644
2037 2088
1526 1545
1716 1824
1918 2619
2331 2619
1989 2602
1029 1580
1292 1479
1081 1729
606 1490
2468 2511
64 171
2059 2507
3475 3842
2085 2406
2336 2471
2951 3379
2930 3181
2206 2556
695 834
1009 1345
1329 1331
1153 1214
2662 3118
2681 3363
2174 2180
3468 3900
1933 2587
2223 2592
694 738
953 1517
2125 2292
1074 1437
1983 2233
500 604
966 1184
3152 3373
1485 1520
3758 3818
2711 2758
1416 1877
2201 2593
2291 2318
3514 3545
50 203
1684 3310
780 792
2909 3042
1146 1717
2742 3347
896 1257
2607 2655
2755 3047
1816 1826
2020 2165
1160 1447
1532 1597
2771 2841
3055 3147
3520 3684
2108 2370
1335 1789
1993 2104
1929 2370
3842 3929
1984 2086
2064 2646
1557 1662
2240 2646
1192 1611
3603 3672
92 254
1040 1902
2338 2555
2430 2586
1167 1686
962 1743
1257 1857
1052 1630
107 1000
3654 3938
1465 2183
2543 2600
2905 3090
2409 2623
2243 2598
2282 2332
2030 2542
697 701
1557 1685
1936 2248
1819 1888
2069 2374
1324 1871
2302 2592
2871 2875
2537 2652
2464 2607
2753 2992
1542 1816
1496 1624
2266 2308
2136 2477
3506 3718
1732 1871
2708 3145
1358 1565
2105 2570
1323 1768
896 1227
1427 1525
2889 3325
107 1905
1526 1853
2370 2546
1964 2419
107 1455
1130 1398
1684 3253
1135 1173
2030 2611
969 1170
2074 2504
107 1553
3924 3951
1352 1559
2174 2510
2306 2521
1953 2063
1101 1833
1416 1431
1106 1507
3762 3930
3256 3312
978 1888
1083 1741
1128 1610
1331 1663
1391 1540
2007 2180
2984 3263
107 1698
1978 2173
1520 1700
1156 1399
936 1179
2763 2867
2787 2939
1945 2510
2030 2040
1017 1132
171 1297
2243 2511
1143 1591
197 272
559 614
2582 2643
3347 3403
2136 2164
1373 1703
1916 2519
1148 1716
3038 3203
1997 2037
1173 1557
2327 2589
107 1380
2201 2430
239 271
1484 1754
2076 2466
3545 3702
2139 2206
431 484
1431 1737
1298 1611
2047 2127
1210 1427
1391 1810
999 1833
3545 3860
3725 3892
1323 1839
1330 1613
2039 2475
387 395
2601 2604
2046 2414
3115 3201
2133 2289
1123 1765
1993 2184
2775 3186
2151 2180
1421 1567
3653 3918
2118 2275
1993 2561
2416 2642
1944 2642
1720 1764
1555 1678
1371 1548
2718 3043
2190 2290
829 834
107 563
1985 2078
1737 1877
1943 2020
1985 2347
2176 2318
1929 2619
3473 3739
1330 1826
2365 2640
2083 2275
1109 1296
1235 1716
2910 3433
2194 2232
1175 1867
414 632
1932 2068
3471 3877
2088 2142
3051 3320
2560 2602
2064 2593
949 1072
1613 1867
1684 3297
107 1203
2664 3149
1209 1717
2043 2469
686 804
3559 3804
2955 2999
1416 1717
2283 2347
2033 2104
1347 1495
3039 3377
3082 3342
2084 2288
2161 2221
2525 2540
972 1431
921 1823
2138 2183
1503 1783
2307 2574
352 368
2243 2266
2755 2987
3162 3255
2428 2624
2123 2374
2103 2275
2542 2561
2956 3195
2359 2611
3873 3971
2947 3233
1449 1836
2257 2551
960 1668
999 1184
2035 2107
107 1352
2109 2229
1260 1815
2749 3073
1966 2190
2026 2598
1004 1653
3038 3116
3116 3419
3060 3132
1184 1551
1029 1487
2351 2555
2027 2116
2521 2542
3599 3753
3201 3297
2348 2356
2661 2937
2028 2332
920 921
1451 1515
1912 2607
19 319
410 555
2090 2464
896 1018
3292 3302
3869 3931
1365 1737
2516 2567
2277 2656
2664 2912
1914 2000
394 520
3736 3830
391 517
2326 2593
1059 1185
3148 3360
3035 3252
1945 2642
734 760
2137 2279
1009 1592
2510 2589
2369 2477
1480 1666
392 475
2374 2423
1912 2580
1962 2334
3455 3636
2104 2615
525 527
1800 1877
1104 1350
1389 1804
738 781
3568 3617
1006 1367
728 805
3080 3137
3545 3677
2087 2472
2053 2332
1925 2118
1075 1609
2037 2408
1616 1645
21 119
3534 3705
3646 3951
2411 2488
3179 3247
3140 3161
2150 2428
3112 3185
1577 2293
2047 2398
1916 2582
1259 1541
966 1083
897 1280
1995 2025
3017 3201
2150 2237
1966 2045
1431 1816
1431 1535
2859 3397
14 116
1409 1431
2257 2604
4004 4031
3460 3602
1126 1327
1361 1520
2109 2561
2841 2954
2030 2261
983 1256
1595 1783
2665 2716
1323 1662
3438 3677
1172 1888
2140 2506
376 420
2724 2892
1056 1377
308 338
2161 2479
141 323
2047 2643
2615 2655
2866 3426
3649 3695
3449 3841
3640 3737
945 1406
603 611
2687 2785
3525 3841
105 119
2875 3327
2446 2468
3786 3945
1508 1638
44 343
1971 2429
2059 2478
1329 1557
2504 2560
2972 3283
1205 1331
239 276
2138 2325
2083 2386
2258 2507
1984 2418
2370 2484
2414 2593
960 1833
993 1768
1427 1565
1192 1592
2877 3000
2112 2271
3466 3829
2290 2549
460 544
3573 3902
752 831
1498 1571
413 465
2073 2086
2681 2835
376 514
2539 2611
2586 2625
1769 1845
745 762
2229 2638
3636 3862
2139 2386
1925 2244
422 617
2030 2037
1923 2211
2010 2328
2212 2429
637 645
1191 1613
3731 3785
2809 3036
1800 1809
1333 1493
363 1545
1032 1704
2664 2755
1135 1746
1222 1334
3263 3403
4003 4023
988 1204
412 528
2684 3179
2347 2550
3135 3363
2850 2986
1735 1774
374 431
2590 2600
2356 2489
2974 3149
59 252
2072 2445
2755 3033
2030 2370
2348 2423
1101 1488
712 822
1011 1815
20 312
3098 3301
981 1129
2433 2542
2407 2564
3631 3833
1029 1165
67 290
460 560
1948 2247
2103 2115
995 1377
1159 1738
170 223
2043 2309
141 280
2407 2410
3437 3950
714 818
2201 2477
2088 2347
1918 2257
921 1689
470 547
2374 2579
2047 2138
2372 2567
1684 2902
1158 1715
902 1190
2045 2504
2668 3380
2174 2239
1491 1547
1512 1616
1238 1867
2148 2643
353 1606
2828 3038
1419 1858
1221 1628
368 503
1986 2579
1369 1505
1467 1662
1593 1866
1221 1279
2135 2292
2112 2233
2121 2423
2862 3286
1912 2579
1983 2069
1559 1597
2351 2649
2141 2362
1288 1431
3721 3797
1984 2213
414 515
2698 3426
1164 1377
1863 1909
1932 2194
2201 2271
2742 3291
3449 3545
107 1350
579 621
1823 1826
3492 3841
3711 3826
1120 1576
3182 3378
2730 3369
1184 1623
1255 1416
2190 2404
1426 1661
1684 2854
984 1382
1129 1322
1998 2337
2071 2151
1078 1391
2398 2501
2384 2592
109 122
1335 1833
1380 1420
2741 3399
1222 1891
2174 2451
2399 2637
2250 2289
739 787
2074 2352
1272 1460
3505 3512
1204 1655
2042 2153
398 484
2670 3283
1614 1819
1689 1842
637 1277
450 497
901 1629
2591 2619
2492 2630
898 1282
2331 2340
1633 1876
506 544
2914 3361
2318 2637
2203 2312
2676 3064
1946 2037
1520 1683
2045 2103
2084 2615
2512 2649
2004 2157
1480 1556
2945 3056
1523 1800
3280 3291
3718 3793
2890 3435
2407 2625
2694 2912
2398 2642
1101 1835
101 242
580 1300
2040 2069
1984 2131
2461 2594
2317 2448
3149 3284
2716 3240
2315 2319
2271 2619
2083 2324
98 239
2430 2469
2468 2624
3025 3394
389 1699
982 1291
2150 2499
1522 1632
2201 2210
1059 1391
2189 2526
1662 1707
914 1897
2007 2279
2161 2652
1047 1243
1017 1361
1118 1378
2755 2757
1539 1827
3263 3287
3047 3387
1339 1746
2324 2340
414 625
72 113
2033 2611
584 660
2348 2654
3759 3965
1272 1839
378 483
946 1272
1390 1456
1376 1683
2533 2582
1024 1617
2175 2289
2005 2083
2169 2249
1366 1591
1582 1786
1985 2020
1613 1637
1300 1320
48 57
1962 2551
3010 3231
614 683
1277 1841
2929 3364
1068 1809
2135 2267
2396 2434
2758 3019
960 1598
2073 2381
2030 2299
2304 2394
257 295
1500 1785
2005 2586
1156 1256
1006 1849
3049 3185
1659 1753
2237 2347
2064 2546
2201 2552
2719 3377
2928 3033
1232 1601
2669 2839
2559 2563
2751 2841
2674 2863
3070 3416
1358 1692
1211 1793
2772 3374
2972 3423
1959 2338
2124 2408
1752 1827
2879 3325
2077 2240
983 1898
2231 2316
1912 1948
367 475
1423 1448
3011 3081
3502 3700
2359 2564
1175 1513
363 1616
2279 2458
946 1076
1146 1675
2839 2986
1047 1689
3089 3397
1242 1789
2026 2516
946 1757
1298 1347
414 656
3707 3730
1361 1399
2863 2939
2742 2937
3629 3698
686 854
2045 2240
1132 1547
2516 2594
897 1570
3204 3277
1809 1898
3437 3793
1130 1199
2196 2224
2665 3330
2137 2420
2038 2209
1925 2275
2461 2511
2032 2617
3437 3724
2085 2610
1467 1757
1003 1867
1120 1857
2695 3023
59 211
939 1910
2033 2073
2022 2024
2733 2797
973 1863
2180 2332
2720 2936
2239 2480
1912 2248
1551 1827
1622 1796
2067 2449
431 514
3058 3209
1246 1862
2090 2229
1316 1454
693 824
2398 2468
1291 1791
1703 1748
2787 3379
208 332
1331 1605
2407 2613
938 1568
2059 2139
992 1363
1448 1479
2010 2149
21 127
107 905
2495 2624
3669 3830
2068 2143
499 532
993 1352
1912 1974
1305 1769
596 1129
1128 1663
978 1793
1167 1355
2087 2176
2222 2651
2125 2533
0 12
3224 3355
1299 1500
1225 1472
1925 2521
2676 3390
2844 3034
1645 1740
1388 1409
2283 2358
1182 1334
198 564
3486 3509
2841 3422
2793 3191
3437 3507
1912 2057
173 427
3062 3100
3508 3607
2662 3027
376 1487
2221 2350
2184 2564
944 1258
1201 1689
2078 2136
3796 3950
862 3577
2176 2264
1917 2586
118 325
2920 2944
2131 2428
1242 1659
2661 2716
2916 3033
1014 1158
2189 2330
2990 3412
2237 2276
1127 1246
989 1104
591 669
2108 2229
1369 1590
857 3626
2782 2896
1626 1865
553 556
2590 2607
2086 2212
686 690
1020 1245
1076 1563
1684 3042
62 261
2815 3056
2078 2369
2731 3257
3532 3610
2037 2064
596 639
2030 2122
3437 3553
1149 1816
1979 2086
2174 2384
2309 2376
2412 2577
1912 2265
1637 1795
999 1367
3342 3345
1717 1723
953 1590
2992 3206
2071 2254
2256 2265
2199 2463
2078 2428
2172 2578
2081 2250
3064 3195
2664 2673
1285 1336
1142 1773
2820 2870
3707 3913
3005 3039
3180 3372
1036 1647
375 398
997 1809
359 455
1074 1331
491 548
3797 3971
3437 3949
823 856
493 536
2138 2372
1979 2542
1509 1643
2356 2433
2229 2253
2220 2542
2292 2458
2030 2556
1488 1598
2162 2238
1242 1688
482 507
1014 1273
1589 1689
2104 2139
2159 2192
930 1210
1375 1771
2111 2608
3531 3549
1292 1573
1491 1557
438 548
2169 2328
1014 1032
1227 1462
3139 3426
910 1808
1204 1783
2131 2547
731 815
2138 2508
3526 3684
2047 2242
948 1844
925 1181
2144 2330
2090 2271
1457 1598
2786 3022
2997 3020
1173 1280
3140 3321
2062 2394
2210 2359
1359 1608
2046 2104
1021 1345
1100 1550
1962 2088
3054 3119
2910 2913
1291 1842
1437 1551
2300 2611
3070 3350
1941 2601
2810 2960
2369 2590
2098 2300
1269 1388
1978 2047
922 946
2282 2597
2770 2863
3659 3950
3138 3178
2702 3323
3599 3705
1411 1450
2479 2652
2123 2140
1735 1752
1170 1282
2183 2223
2177 2325
1987 2134
2796 2921
3697 3938
1589 1612
460 563
2057 2215
107 1014
1688 1811
107 1239
2231 2628
2521 2550
2730 3018
968 1630
1028 1823
2028 2465
1175 1484
2323 2561
1943 2369
107 957
1153 1600
2257 2623
402 524
483 557
3780 3971
1101 1637
2874 3238
2372 2461
3196 3236
2039 2127
1230 1376
1048 1800
2804 2992
1917 2030
2059 2539
2073 2374
935 1393
1661 1871
1338 1536
515 637
1516 1823
2150 2602
2093 2112
2874 3293
2275 2526
2984 3274
1256 1707
3106 3299
2043 2190
2223 2283
397 516
3077 3361
2333 2415
949 1630
1459 1848
2154 2309
1095 1320
1501 1845
1380 1584
1376 1795
361 531
3872 3979
1082 1873
1576 1884
1983 2109
1361 1863
596 1859
2813 2951
2832 3017
1153 1491
1912 2621
1237 1543
2111 2396
365 520
1983 2299
1500 1536
2839 3158
927 1048
1684 3187
56 211
3132 3419
2866 3026
2662 3051
3330 3337
1147 1894
2074 2654
3683 3790
2002 2344
1163 1665
2129 2440
980 1146
1912 2337
353 496
3442 3710
2074 2331
3291 3406
1128 1269
1107 1130
3830 3886
1520 1563
2135 2283
2376 2409
1782 1888
1748 1756
1192 1438
2150 2216
2108 2307
2149 2347
1835 1851
2849 3049
718 758
2757 2945
363 515
1730 1898
3640 3926
127 272
3145 3297
199 231
1037 1525
1292 1857
2929 3433
2674 3265
1472 1482
1225 1260
3320 3344
1007 1303
2243 2509
3449 3971
1255 1447
2482 2631
2074 2244
2715 3050
1925 2593
1983 2638
2290 2654
1554 1584
1684 3064
2912 2956
2419 2475
2047 2416
1527 1674
107 1874
1173 1722
2308 2638
2429 2590
2037 2040
1070 1634
2662 3412
2712 3415
2374 2485
978 1643
1449 1823
3150 3152
2642 2653
730 797
1939 2222
2299 2477
2849 2901
647 665
1519 1557
1393 1535
2559 2611
497 561
1926 2610
1277 1350
580 1844
3677 3938
1100 1873
3022 3166
3455 3710
107 1412
2974 3339
718 730
2877 2960
2661 3185
324 332
1185 1302
2531 2571
461 524
2575 2625
1191 1377
2117 2385
2200 2376
2680 3096
419 527
1552 1674
493 511
1250 1293
1277 1426
2451 2512
3162 3177
2738 2877
2059 2593
2909 2910
3204 3419
1048 1589
1623 1643
484 559
2679 3417
1305 1613
1962 2409
2334 2573
1122 1318
2218 2489
2333 2643
3001 3373
686 787
3172 3296
2446 2499
1199 1554
1015 1100
999 1827
1577 2137
2508 2555
969 1742
3021 3396
724 760
947 1420
2843 3187
1993 2468
1465 2547
1331 1622
3052 3348
999 1589
619 636
2244 2546
1117 1214
3674 3693
615 670
1585 1779
1290 1750
9 156
1006 1902
2054 2629
2313 2433
1644 1819
2090 2526
2949 3066
1437 1845
1390 1623
450 547
784 842
3756 3830
470 562
1912 2225
2169 2332
2780 3374
1584 1643
500 563
430 563
3886 3971
1116 1688
556 614
3596 3948
2068 2133
1076 1467
3981 4018
1198 1632
2554 2600
2276 2423
2812 2843
2707 3320
2715 3312
2781 3204
2104 2136
2115 2278
107 1736
2257 2339
2750 3234
2376 2549
2150 2334
248 291
2308 2395
3657 3739
1613 1793
1494 1593
488 524
142 323
687 718
2115 2485
3158 3293
984 1582
1132 1554
2477 2526
2140 2428
2863 2992
2728 3018
1163 1480
1684 3061
3563 3948
2194 2465
2386 2563
2004 2648
3542 3926
1792 1860
1359 1826
913 1807
111 310
1946 1985
2333 2555
1912 2178
3590 3722
1227 1742
257 344
1344 1867
2619 2624
1536 1881
2104 2395
696 780
1341 1390
1272 1554
1926 2247
1131 1260
2951 3007
2553 2600
2874 3232
804 856
2054 2111
2068 2282
763 820
2477 2521
1222 1330
2199 2508
946 1522
376 580
1078 1746
2290 2407
1260 1366
2321 2581
2123 2615
25 79
3740 3815
2073 2112
353 492
1127 1304
1398 1827
2005 2468
2299 2559
1636 1706
1917 2354
1963 2578
934 1612
3437 3707
1917 1943
3440 3851
1322 1715
3330 3422
605 680
1971 2423
1604 1620
1122 1692
2030 2414
107 1343
2894 3331
738 826
695 734
1173 1359
3643 3833
1926 2319
2874 2924
3736 3873
1256 1563
1129 1636
413 542
517 1870
2144 2401
1467 1827
2068 2592
3464 3612
2796 3267
26 313
697 842
3101 3224
1311 1348
3476 3757
2282 2592
1912 2653
688 830
2165 2299
25 237
2884 2909
2090 2307
3611 3851
1962 2353
2135 2239
1330 1589
1522 1845
2057 2081
934 1538
2223 2543
1532 1757
896 1742
2267 2325
1597 1886
3115 3116
3115 3396
3517 3633
1017 1621
1076 1652
1085 3692
2188 2190
606 614
3448 3697
2078 2164
2697 3244
388 487
0 334
1997 2574
2220 2539
2724 3002
2052 2187
1160 1662
934 1367
1256 1380
1079 1736
2181 2440
1399 1522
1912 1925
936 1606
1684 2791
2032 2458
2383 2429
1076 1741
1064 1342
1938 2088
2103 2212
1536 1906
3098 3129
1156 1488
2912 3022
1940 2589
2719 3035
1029 1722
1926 2038
1122 1514
2268 2447
726 773
2020 2654
2031 2117
1479 1857
2081 2196
1986 1989
1298 1884
574 630
2103 2352
1628 1716
24 187
1451 1871
1014 1166
107 1491
1322 1635
2142 2354
1962 2464
2742 3335
1255 1639
1153 1201
3077 3253
107 1651
1377 1449
1684 3199
2053 2235
712 789
3024 3107
3693 3938
2543 2605
2679 3158
1267 1891
2333 2390
968 1897
947 1329
3604 3852
2897 2986
3524 3584
1366 1435
3541 3743
3547 3750
1943 2093
3503 3596
1185 1250
1083 1280
2664 3362
3049 3106
740 770
1078 1101
1901 1910
3640 3832
1932 2643
2052 2071
2043 2154
2430 2492
2754 2877
1959 2451
781 817
1033 1908
1619 1879
376 527
3096 3142
421 465
688 847
1284 1647
983 1409
3239 3391
107 939
107 1006
2032 2151
3026 3362
820 845
1056 1160
2032 2332
575 592
1004 1516
1284 1502
1940 2582
2203 2273
181 273
1367 1663
2861 3354
1987 2273
2354 2504
1479 1595
2077 2324
694 812
2996 3117
2896 3056
3113 3252
1917 2478
1417 1899
2593 2600
2920 2969
946 1391
3291 3380
3464 3823
1079 1688
942 971
2104 2506
1298 1635
694 848
1426 1459
957 1591
2309 2370
2130 2397
1684 2940
2866 2916
2696 2784
3557 3604
1702 1722
997 1267
1352 1860
1912 2473
1344 1524
1340 1714
2266 2521
766 805
2280 2592
1538 1623
3450 3737
2093 2323
932 1440
474 481
0 6
3052 3202
2117 2344
3735 3740
705 845
2381 2546
2038 2419
3253 3256
2234 2584
3464 3474
2311 2428
2604 2622
136 2250
1118 1601
2104 2257
504 506
2090 2428
13 277
993 1122
1293 1557
3860 3913
1644 1689
238 265
1124 1156
2103 2244
1663 1712
1917 2229
997 1409
2140 2539
517 537
942 1066
2137 2143
1227 1292
1006 1804
2904 3201
1298 1438
2101 2390
1684 2950
0 211
2121 2220
3086 3285
1991 2116
914 1408
2216 2359
2254 2328
1367 1839
3539 3823
3021 3102
1948 2038
1287 1799
2787 3347
2022 2202
2036 2211
3892 3912
1018 1742
2189 2598
1227 1873
2088 2136
3481 3613
947 1653
705 728
914 1673
3057 3164
950 1337
0 82
2032 2169
1024 1604
1024 1652
2484 2578
603 625
1365 1714
2179 2356
3681 3790
9 26
2369 2554
136 2635
3486 3951
2819 3272
2115 2550
1938 2386
1068 1604
1334 1551
2150 2381
953 1589
687 688
1298 1345
2389 2529
1557 1614
1293 1796
3734 3737
2026 2531
1553 1688
921 1613
2121 2184
271 315
1120 1298
992 1378
2218 2324
2233 2539
2107 2440
2698 3104
1718 2461
285 303
3011 3396
924 1127
2035 2313
2661 2742
1014 1381
2685 3405
1675 1804
1717 1757
2040 2370
2215 2384
3782 3881
517 1179
2956 3029
1677 1679
1684 2865
1291 1302
2406 2473
1985 2040
1117 1516
3517 3677
517 525
1637 1746
999 1714
1912 2279
1959 2223
2233 2602
1528 1791
1993 2370
2009 2571
2124 2478
2250 2419
1107 1584
418 475
2046 2409
432 465
2218 2591
1979 2216
3124 3418
2240 2391
580 1677
2157 2192
1684 2709
3805 3950
2032 2445
2633 2645
2664 2750
2290 2423
978 1621
458 507
1154 1785
3154 3412
1006 1431
1684 2795
1597 1632
1014 1347
366 1446
127 197
136 2636
3076 3136
2287 2607
2520 2655
2369 2464
2378 2648
107 1153
2029 2304
3753 3773
3437 3668
3366 3415
3111 3225
1979 2139
3587 3655
3577 3741
2098 2575
2223 2436
2743 2867
277 285
2914 3320
1032 1582
2694 3284
3106 3391
474 475
173 348
2949 2983
2104 2460
1279 1899
3260 3299
2267 2472
40 132
1509 1791
2322 2412
3487 3925
2691 3037
2032 2047
3084 3435
921 1675
2212 2549
2028 2519
2057 2575
735 856
1630 1658
3830 3962
1800 1891
2179 2553
2748 3070
150 217
1833 1888
1099 1786
3703 3831
2542 2559
2188 2542
1714 1746
1266 1905
2916 3047
856 882
1684 3180
1718 2547
1377 1539
2684 3332
2354 2423
3449 3674
1471 1483
107 1528
1111 1368
2109 2374
354 510
3508 3685
2468 2489
2869 2991
3858 3860
3120 3252
2495 2507
2354 2611
1079 1107
1597 1623
3535 3645
2023 2047
2774 3074
3090 3163
1684 3186
1010 1709
3616 3799
2778 3109
2188 2429
2829 3001
2125 2250
2283 2385
917 1052
3611 3737
3462 3934
2951 3159
2410 2462
0 72
908 1136
925 1668
2549 2551
514 527
2294 2344
637 1679
1794 1910
2081 2463
1220 1498
2047 2498
2931 3394
421 493
3824 3877
2030 2607
2283 2608
2351 2491
1931 1998
3288 3355
3617 3869
645 646
1173 1868
1622 1793
1204 1215
1086 1335
2978 3139
2408 2492
2313 2534
1107 1331
1912 2000
3635 3670
67 199
1066 1907
2188 2323
440 525
2907 3056
1032 1454
2996 3342
1149 1689
1290 1554
1182 1369
2965 3274
2826 3361
2223 2555
3707 3930
2020 2326
2785 3138
1048 1553
1943 2084
3590 3599
1580 1879
1985 2564
1617 1735
1539 1620
3060 3079
25 119
3753 3907
2686 3136
389 1275
2998 3157
2757 3232
2741 3315
3469 3561
2918 3196
2074 2410
948 1773
1597 1791
1359 1409
2680 3195
2328 2537
483 1277
2032 2294
348 425
3677 3948
363 1606
2875 3320
2132 2603
764 805
2118 2363
2139 2363
2543 2624
1132 1201
3490 3624
2 326
1180 1554
107 1848
1207 1898
1287 1559
475 1645
2112 2575
2113 2614
2308 2553
1561 1911
2780 3201
7 31
2115 2122
2196 2588
1366 1504
2347 2482
2074 2591
1139 1904
2970 3120
2030 2549
1962 2554
3103 3207
1026 1622
3198 3397
1684 3197
1236 1310
2684 2701
2833 3272
136 2264
2361 2488
1114 1543
2813 3002
82 314
0 266
1191 1604
972 1006
2712 3252
1146 1293
3754 3927
1943 1946
1112 1185
3817 3851
1718 2087
2839 3250
1947 2101
213 249
2386 2601
2275 2521
2409 2615
1070 1699
2088 2190
1925 2573
2042 2315
2052 2183
2663 3231
2164 2266
1277 1595
1018 1508
2279 2319
2953 3364
576 643
1539 1746
2239 2385
1962 2352
2033 2370
2963 3036
2197 2371
1456 1832
2074 2257
17 310
2463 2508
739 754
461 567
3985 4004
690 853
2285 2338
544 580
2894 3253
2554 2586
99 296
2436 2511
2275 2464
3836 3899
2268 2511
3076 3289
1331 1617
694 772
1312 1557
916 1902
1963 2088
94 299
2046 2542
2157 2640
896 1857
107 1816
417 544
1085 3674
1238 1388
2676 2866
1528 1620
3152 3258
3077 3177
2686 3198
1367 1554
1577 2169
2910 3078
988 1899
1102 1373
2082 2402
596 1515
2996 3291
483 1179
1714 1816
1377 1590
2068 2138
2220 2244
2739 3062
2123 2386
2125 2161
981 1459
2104 2287
3052 3388
1256 1898
2871 3107
2460 2546
1413 1628
641 1606
2073 2326
1849 1879
2064 2184
3437 3846
107 1202
2046 2339
2575 2606
1565 1870
1592 1647
1067 1432
592 653
348 524
1684 3364
1127 1709
1246 1322
2103 2593
2720 3320
705 755
2428 2549
1487 1620
3195 3436
1993 2381
954 1732
2131 2244
3758 3924
2845 2937
2139 2140
3087 3107
1382 1396
2435 2538
896 1036
2500 2625
451 563
2084 2512
2865 3263
2216 2309
2081 2224
1339 1833
3437 3842
2833 3179
2093 2601
2438 2511
1653 1796
3576 3604
3412 3420
3549 3566
1189 1831
2638 2654
2020 2423
1949 2146
2367 2406
2800 3085
2679 2946
1916 2111
378 559
1652 1665
3122 3141
1652 1653
1923 2475
1927 2225
3224 3353
2781 3350
3017 3118
2667 3099
1209 1620
2073 2507
1941 2629
2536 2630
3723 3961
1085 3877
2348 2564
1234 1453
3440 3596
3187 3255
3178 3307
3076 3225
621 663
1047 1663
2073 2334
3521 3867
2212 2521
1217 1897
1198 1613
1684 2962
1016 1218
2504 2607
2780 3209
2780 3116
2223 2294
2103 2586
1997 2140
3567 3874
1521 1911
2087 2302
1938 2556
1329 1735
1621 1637
2789 3059
637 1464
1473 1786
1292 1691
1985 2407
915 1881
2007 2383
3111 3415
2287 2500
946 1598
475 523
2140 2370
137 312
1939 2396
1020 1032
2150 2359
1205 1323
1228 1500
1912 2504
745 794
1125 1898
1059 1789
1195 1329
2719 3252
3444 3849
2750 2912
2287 2376
26 291
524 559
1245 1396
2754 2927
2461 2498
2072 2597
2836 2954
2038 2054
2083 2604
2506 2624
1928 2538
1245 1451
3437 3927
1917 2098
2135 2544
1198 1663
2250 2555
2449 2623
3988 3993
1389 1610
3540 3677
1099 1848
2912 3348
1925 2206
3132 3296
3559 3604
1943 2233
2989 3397
2206 2563
2290 2331
3674 3938
2778 3201
1004 1435
2323 2418
2867 3324
2118 2482
3056 3096
2307 2374
1001 1237
516 563
2229 2485
1347 1680
1946 2590
3596 3877
2351 2475
1078 1598
925 1800
2335 2411
1273 1515
932 1488
2869 3051
2875 3115
2063 2334
2162 2325
2532 2615
1953 2507
1800 1868
3505 3753
714 725
3198 3255
2443 2527
1646 1881
1962 2276
1235 1436
1247 1503
1735 1799
697 820
1075 1795
2324 2630
2241 2599
3191 3203
107 970
1083 1888
414 646
1388 1902
2983 3066
2144 2183
1935 1954
2854 3184
3076 3320
1768 1909
2428 2489
1352 1614
3319 3350
2110 2432
1577 2039
2047 2199
414 585
1938 2123
1416 1879
2813 2883
789 806
3584 3893
1968 2202
2606 2615
2030 2462
3087 3327
2303 2476
2914 3360
1842 1861
2379 2566
3556 3684
1470 1663
1117 1793
2716 2785
1116 1331
2088 2542
1336 1839
728 773
900 1494
378 637
1351 1821
1180 1835
400 669
2960 3174
2386 2560
1547 1757
1331 1551
1993 2586
107 997
2715 2865
1163 1736
2095 2347
2253 2407
706 805
2742 3007
1470 1669
2757 3387
25 72
995 1551
419 538
350 369
1377 1609
3456 3514
1620 1881
297 322
2664 2931
1849 1864
2154 2546
1086 1267
1485 1730
58 171
2395 2506
3171 3431
2879 3309
1495 1812
2671 3091
2352 2395
2001 2018
1102 1451
1156 1331
2045 2086
107 1846
2368 2608
2753 2936
3567 3868
632 650
1955 2007
3107 3186
1408 1807
2200 2210
2002 2199
2765 3419
0 317
366 566
2865 2932
1315 1647
1707 1752
2047 2302
2289 2291
1827 1833
2206 2429
2559 2655
1945 2133
3614 3825
2196 2461
2005 2210
1250 1800
1938 2005
1205 1207
2810 2986
357 505
1920 2223
766 824
23 61
3146 3169
3480 3667
1075 1112
747 823
1135 1590
2978 3430
2237 2404
1663 1668
2266 2354
2138 2224
28 151
2905 3098
919 1277
66 134
2949 3322
508 544
3449 3677
2586 2630
1941 2111
1613 1772
2078 2200
2445 2617
3462 3877
107 1054
1465 2336
1912 2386
3019 3086
107 1735
107 1823
2266 2408
1101 1768
2670 2703
676 683
1259 1496
2944 3243
3545 3851
1377 1816
1141 1236
2973 3146
1767 1844
1350 1578
1915 2455
2946 3000
3093 3204
1471 1823
1577 2042
2561 2624
3010 3390
128 199
1255 1626
3458 3506
1050 1055
2151 2351
2666 3250
1946 2266
2057 2254
1500 1525
3655 3964
2386 2550
905 1001
1328 1705
553 614
925 1054
1926 2292
1925 2520
1330 1331
3207 3350
2054 2518
38 178
2030 2638
1014 1018
2033 2560
1666 1684
1235 1350
2810 3023
2218 2561
3508 3728
1718 2054
3154 3277
1086 1556
2224 2451
1957 2585
2711 2921
231 280
2266 2292
2381 2602
2751 3038
993 1391
3118 3295
993 1849
2755 2890
466 539
2137 2267
3272 3422
2323 2559
2429 2611
53 302
1114 1422
1946 2460
3468 3945
2954 3215
1741 1879
2427 2512
1962 2278
2542 2624
107 1098
369 435
3247 3252
1912 2096
2174 2616
1135 1509
2142 2500
2037 2329
1589 1617
2724 3061
2674 3150
1457 1471
2553 2615
280 297
3240 3342
2329 2543
1993 2200
2042 2533
1920 2608
2232 2608
1130 1456
2058 2429
1367 1618
2139 2464
965 1304
2339 2449
2754 3426
688 840
1141 1228
2189 2327
107 1424
1171 1642
1358 1679
1072 1624
1535 1843
1209 1754
2864 2966
2679 3108
2125 2187
1036 1067
2059 2104
1619 1741
3437 3625
0 306
1076 1589
2986 3114
2410 2539
1190 1596
1925 2579
2895 3358
2151 2199
2395 2593
2625 2654
1269 1768
376 525
2228 2316
1613 1800
1940 2169
978 1376
2708 2869
2315 2351
2103 2520
107 1773
2498 2567
1388 1898
1163 1172
2378 2639
1173 1522
3620 3764
1110 1528
1985 2408
686 707
2387 2410
1632 1717
1083 1480
1277 1576
2254 2512
1376 1603
1968 2378
2374 2601
1174 1511
1540 1818
3810 3924
1495 1871
148 229
1684 3172
1349 1743
1717 1898
2088 2261
2088 2638
2059 2347
1278 1344
2768 2918
3185 3385
2900 3366
1020 1396
2142 2518
1083 1804
2037 2271
1596 1680
2084 2407
1940 1945
884 893
2369 2575
967 980
2150 2386
1684 3086
1684 3258
424 509
1322 1596
363 1155
1621 1668
2886 3083
1979 2040
2878 3346
60 158
2793 3049
1684 3191
2890 3047
2190 2446
712 742
2044 2309
916 1365
703 817
1113 1763
939 1453
1574 1882
3019 3186
2183 2653
2112 2559
1921 2659
3463 3906
2140 2201
1929 2095
3437 3590
3274 3302
2423 2573
3258 3274
1163 1580
56 332
2064 2543
2206 2331
2043 2591
637 1766
2140 2492
2212 2604
475 482
2523 2612
2299 2604
980 1128
590 680
3278 3361
387 507
2694 2754
2869 3116
2868 3002
1185 1816
2328 2438
2200 2257
1707 1902
2871 3330
1334 1669
1862 1899
980 1331
1980 2116
3800 3913
1934 2361
776 874
1912 2397
373 483
1327 1718
1823 1827
1203 1360
1340 1613
747 774
1941 2078
2784 3179
2404 2542
2249 2279
2084 2607
1983 2613
3090 3339
1923 2242
1132 1352
659 665
1261 1595
1735 1746
1068 1153
3332 3350
2943 3286
3291 3378
1979 2554
2996 3345
2030 2467
1129 1728
3033 3108
2787 2849
983 1707
2031 2525
2207 2393
3098 3362
2888 3010
2093 2383
1291 1827
1918 2467
363 432
2091 2540
1457 1800
2339 2507
483 487
2793 3007
905 1114
1685 1775
2733 3350
1639 1683
1954 2169
1292 1783
2734 3077
2420 2609
2927 3078
956 1138
2809 3080
916 1768
2169 2598
2806 3294
1718 2543
2082 2448
2030 2326
2190 2220
927 1611
3994 3997
14 151
2038 2379
1993 2543
2464 2631
107 1259
2737 2796
2140 2206
1196 1197
3516 3830
2064 2460
2331 2574
1926 1964
993 1753
1718 2330
993 1796
1420 1886
637 1320
3513 3616
1269 1600
2920 3213
1246 1738
1997 2086
180 266
3685 3698
2240 2467
2319 2419
2891 2905
3124 3196
1067 1298
1622 1643
1918 2623
1117 1388
3604 3860
1938 2276
2912 3226
2070 2129
738 794
1135 1612
1054 1600
1963 2121
3542 3596
1416 1600
2184 2607
2973 3360
2748 3076
373 446
1366 1569
2290 2564
1047 1191
2083 2353
1656 1806
136 2225
1684 2802
2237 2410
1946 2059
2398 2533
3624 3662
1984 2218
2398 2555
107 1904
1793 1810
715 738
2074 2356
2414 2606
1682 1899
698 772
3120 3224
2285 2398
3495 3548
1954 2052
1948 2283
1172 1219
1941 2125
1261 1282
2796 3051
1125 1833
438 563
2398 2512
1256 1431
719 762
2363 2386
373 651
364 399
962 1235
2351 2643
2323 2359
1932 2336
50 314
1800 1826
2768 3274
874 887
2720 3160
3123 3400
1612 1826
3620 3792
2431 2528
2827 3417
2302 2511
573 589
1375 1799
770 849
1991 2157
2352 2482
2501 2652
422 657
107 1209
2778 3102
4000 4017
1428 1709
224 315
3794 3951
2694 2948
475 561
2995 3273
932 1620
2031 2211
170 304
1376 1846
1070 1348
2326 2630
1684 2687
2290 2482
1304 1725
2005 2600
1480 1879
3029 3435
1966 2005
2986 3108
2123 2556
2973 3051
2915 2919
1149 1730
1684 2719
2601 2655
0 38
2229 2423
376 646
2308 2339
2939 3277
2153 2203
1938 2084
1456 1717
916 967
1123 1804
706 773
2659 2660
1935 2004
2500 2549
402 506
3596 3672
2117 2205
1067 1231
1597 1665
1570 1765
952 1028
2018 2268
3011 3254
3668 3956
1589 1632
2007 2019
641 1616
2327 2458
2815 2916
2464 2482
2192 2472
1390 1619
1432 1578
1388 1665
2085 2612
1271 1598
3599 3850
2459 2529
2063 2549
2463 2653
1351 1707
2376 2560
1289 1750
2956 3364
1675 1761
2090 2573
2088 2624
2054 2180
2218 2495
3448 3693
2386 2409
3035 3277
2927 3363
2084 2088
2073 2218
3437 3735
3437 3541
1798 1802
2300 2576
2669 2827
1623 1736
2396 2617
1293 1331
3448 3491
2964 3289
1737 1816
2313 2388
2020 2526
3763 3799
3487 3961
1049 1867
2991 3252
1955 2144
1026 1431
1432 1824
1471 1584
2163 2395
2139 2154
2118 2500
2150 2521
1256 1833
2089 2628
1522 1712
1945 2268
1480 1874
2200 2212
2772 2785
428 915
2002 2283
2348 2630
2122 2542
1912 2222
1959 2501
2290 2484
730 803
3625 3968
2471 2510
2369 2500
3089 3360
2283 2438
2059 2271
751 842
2416 2557
3998 4019
2793 3416
2142 2271
1962 2190
2084 2184
421 545
2118 2630
2142 2478
514 559
2086 2630
2861 3200
2889 3155
1005 1507
734 846
1912 2174
2271 2539
2410 2428
19 41
458 555
1018 1261
2376 2446
1014 1245
466 529
2960 3363
1047 1173
1099 1245
1912 2620
1610 1879
2983 3083
1955 2254
2679 2862
1959 2328
3512 3929
2258 2311
3026 3078
1243 1835
2122 2233
2384 2479
1571 1911
2713 3077
2915 3042
2319 2461
2121 2560
1198 1789
1261 1828
951 1523
1051 1183
423 425
768 786
3437 3466
1917 2190
3053 3354
2336 2653
450 539
3128 3336
2006 2657
2135 2347
2163 2224
2059 2500
538 1574
1773 1801
0 260
745 752
1954 2241
3070 3116
2384 2509
2237 2500
1049 1340
1637 1643
1921 2657
496 641
2730 2739
1440 1594
2083 2630
1335 1619
2404 2477
3120 3320
1235 1322
1330 1352
2078 2559
1964 2425
3501 3851
1983 2121
2081 2501
957 1438
1941 2233
0 191
2765 3330
2183 2510
2542 2593
1589 1782
1588 1705
3646 3719
2786 3119
952 1420
1919 2658
2038 2616
2750 3119
107 1798
2699 2703
2331 2430
1019 1044
606 1012
2836 3221
1577 2144
1966 2069
2543 2615
3982 3998
1554 1663
927 1639
1718 2151
2038 2145
3593 3764
2387 2391
1948 2052
3042 3090
2172 2220
2875 2894
592 678
1344 1796
3980 4029
2840 3185
2428 2507
2414 2638
1938 2611
2037 2410
1462 1655
3540 3556
3253 3385
2216 2542
2081 2367
1221 1515
1992 2622
98 271
2188 2543
1589 1736
3594 3883
2244 2418
3466 3784
107 1217
2188 2395
1329 1519
1029 1346
2613 2630
1939 2327
366 520
946 1888
1817 1911
107 1543
1153 1269
781 824
1997 2084
963 1216
3437 3725
2234 2311
2898 3327
2928 2940
2212 2655
1184 1810
2672 3011
1551 1791
2672 3185
1941 2560
2381 2551
1971 2323
2090 2206
1082 1462
691 833
2552 2574
2220 2370
2229 2287
414 575
1093 1168
2212 2423
2145 2235
2239 2242
1953 2271
1480 1800
2072 2241
3624 3806
2028 2567
1056 1609
898 1786
2244 2469
3157 3320
1336 1547
2213 2374
107 1389
2866 3022
2063 2329
1943 2391
3082 3347
2095 2271
348 449
1618 1717
3464 3761
2108 2348
2150 2392
1006 1823
3721 3796
1004 1547
419 424
2841 3208
362 542
3330 3344
2145 2211
1370 1902
2831 3312
2007 2543
3824 3913
1714 1796
1912 2140
2754 2757
348 418
2035 2049
86 278
2939 3146
2332 2465
1925 2104
3437 3929
1960 2231
3492 3521
1211 1668
3596 3938
2153 2384
2928 3000
2713 3291
148 261
1367 1603
1559 1813
687 739
107 1176
2045 2624
922 1458
2190 2329
2150 2624
2133 2461
1975 1990
931 1829
2020 2409
107 348
2326 2586
579 653
3764 3927
3257 3387
1214 1663
2138 2239
1242 1717
1465 2187
482 556
3346 3421
2300 2376
1589 1722
1530 1768
2724 3253
1461 1505
2188 2210
698 811
1267 1399
1080 1113
580 1606
947 1827
1414 1573
1330 1791
2086 2407
1175 1456
2112 2278
2213 2391
1416 1827
2438 2652
1250 1488
3640 3790
395 479
3005 3198
2187 2273
2020 2551
705 738
3135 3293
41 111
2359 2446
2223 2635
916 1280
1926 2085
2827 2920
1935 2006
2874 3104
382 452
3082 3132
2038 2125
2134 2180
2990 3241
3456 3577
1912 1976
3877 3938
2386 2404
1684 3115
3437 3891
1351 1902
426 524
3247 3296
2463 2543
3207 3359
2464 2495
3142 3339
475 519
2108 2356
2682 3001
2139 2356
2133 2174
949 1259
2069 2258
2349 2486
107 1605
686 733
1180 1551
1221 1727
1250 1683
1153 1809
2468 2533
606 1778
1396 1786
2127 2283
1588 1678
1199 1539
1929 2468
21 212
1721 1813
830 834
1197 1441
2030 2244
791 806
1370 1898
2047 2183
2449 2594
2071 2344
2407 2423
1871 1907
1086 1757
2131 2240
2601 2607
1958 1998
2283 2502
1149 1361
2762 2787
122 285
1007 1661
946 1125
3841 3938
2244 2430
946 1376
1029 1598
2020 2276
2683 2867
1003 1054
1941 2327
353 460
2550 2600
1215 1591
1068 1256
1918 2299
1662 1833
2900 3233
1129 1691
2719 3169
1163 1185
2223 2471
3501 3684
2955 3385
2391 2393
946 1610
1736 1793
1198 1242
1155 1506
1017 1390
1188 1504
998 1330
2080 2313
2176 2598
1721 1799
2482 2559
2047 2232
72 298
3051 3277
2917 3065
933 1729
21 345
1572 1659
3583 3931
1250 1623
1181 1340
1617 1663
1458 1769
2867 2943
2037 2266
3516 3581
19 343
1190 1655
3590 3608
2783 2955
1329 1563
1405 3406
1684 2799
1305 1467
2331 2495
431 436
1467 1603
980 1663
3231 3400
1959 2436
432 504
2276 2395
1577 2053
1044 1158
2491 2511
1255 1420
3035 3132
2104 2564
1349 1673
2113 2313
105 272
3503 3785
2290 2340
1183 1686
2116 2145
9 285
1828 1848
828 880
1010 1170
348 436
1515 1786
3651 3886
2850 3363
1238 1900
94 266
2165 2369
1407 1688
2180 2629
2032 2054
3698 3728
1529 1630
3070 3297
1100 1229
3719 3770
630 684
1406 1824
2429 2623
1148 1591
2661 3381
3750 3830
1445 1702
2081 2292
934 1376
395 630
1643 1753
2201 2631
2035 2366
991 1283
3169 3265
2716 2783
2823 3170
1431 1622
2676 2920
1994 2498
1612 1765
353 1237
1972 2364
1080 1902
3090 3220
2949 2997
1079 1367
2398 2491
1478 1694
1912 2050
1617 1800
1919 2657
993 1891
1175 1312
3272 3306
2417 2649
1747 1880
2434 2451
2556 2578
1021 1857
1072 1815
2959 3325
755 809
2309 2556
0 314
637 1808
2359 2546
1950 2659
1230 1750
1354 1672
2436 2635
3437 3603
1488 1621
1964 2042
2032 2555
988 1591
2916 3232
2209 2642
2142 2154
2184 2409
1048 1864
731 828
121 236
622 663
2754 3085
1948 2241
1920 2153
2137 2398
1415 1630
3442 3835
2275 2615
3728 3867
897 1029
1059 1238
3177 3291
2108 2324
1609 1791
2398 2511
2053 2458
2675 3198
2063 2347
2054 2110
966 1191
1205 1522
1636 1715
1216 1319
1337 1537
2258 2329
495 520
1199 1826
2229 2464
1292 1628
2188 2606
455 497
2835 3348
2179 2354
1214 1388
0 224
1222 1359
3103 3420
2833 2991
3038 3395
107 1581
3806 3894
1940 2187
2259 2490
368 553
2880 3339
2556 2602
1761 1833
1380 1619
2997 3155
9 334
1979 2340
1947 2509
1939 2501
1639 1663
1914 1919
925 1554
2890 2905
1219 1665
1238 1809
2520 2601
580 1565
2033 2374
2098 2462
1483 1535
1250 1491
500 521
2133 2209
1610 1652
3577 3944
2347 2506
3437 3931
2086 2564
475 513
26 257
82 325
1736 1750
3168 3207
2585 2626
927 1175
2332 2642
2902 3251
1935 2633
2089 2618
2047 2379
2275 2414
1269 1736
2043 2500
2669 3064
2662 2783
1318 1606
2045 2520
936 1645
2211 2637
1363 1371
1993 2602
1434 1441
2082 2152
363 455
2381 2619
2123 2354
2040 2184
1943 2055
1153 1352
3437 3620
3038 3140
2133 2610
1351 1437
1993 2084
2376 2430
3437 3883
107 1630
760 820
691 771
1684 3344
1367 1867
2742 3089
2242 2318
1078 1456
2701 2875
1567 1847
606 1122
2377 2652
2172 2381
3488 3926
1526 1696
574 663
2028 2608
2802 3154
2759 3095
2469 2654
361 519
2033 2386
1463 1741
2123 2630
2872 3108
2679 2916
2225 2657
1973 2459
3101 3332
2892 3415
3584 3711
3132 3212
1278 1523
1940 2135
445 463
2877 3303
2755 3232
3194 3397
2074 2088
1985 2530
809 827
2081 2132
2088 2467
1329 1768
1075 1340
1986 2600
3611 3635
1230 1437
2033 2407
493 559
107 1606
2408 2553
2049 2440
397 426
212 271
1158 1227
1925 2619
2419 2509
1024 1132
2669 3098
1983 2428
3026 3363
2924 2945
2032 2398
1940 2125
1684 3010
2966 3257
946 1683
2986 3166
2469 2623
2221 2222
3604 3605
2376 2504
3667 3886
1596 1857
2936 3152
2133 2273
2986 3149
2287 2542
1946 2564
1019 1432
2084 2309
1082 1231
1189 1496
2047 2283
1331 1516
960 1619
1565 1679
3437 3954
2340 2467
2118 2546
2040 2331
1167 1299
966 1361
1142 1446
1931 1954
2546 2611
2333 2617
1305 1621
2103 2253
719 727
2904 3215
1340 1416
2060 2433
1201 1471
3452 3603
1750 1902
3604 3635
2020 2056
107 1265
1983 2539
483 544
2913 3224
2125 2458
1389 1843
2356 2578
1243 1334
2988 3384
1017 1184
772 781
2669 3284
2004 2640
1192 1282
2233 2353
1079 1839
1171 1182
1347 1783
1125 1589
1933 2488
1985 2546
513 524
1925 2602
1050 1905
2280 2327
2102 2384
1707 1842
277 311
1117 1522
703 823
2069 2326
1200 1202
2189 2398
1287 1757
122 345
391 637
906 1620
2052 2458
925 1124
2142 2546
1912 2205
2318 2557
2294 2629
2111 2501
2339 2356
1930 2411
1684 2953
3002 3168
2200 2630
3586 3697
1334 1603
3118 3287
2765 2793
1655 1680
3060 3330
2352 2615
2088 2356
1964 2149
2020 2339
2869 3297
2328 2390
2674 3381
2836 3424
2064 2104
2200 2392
3501 3741
2292 2511
2257 2564
2396 2510
1465 2081
2835 2946
2020 2624
3437 3921
1367 1390
729 861
2354 2489
98 148
2104 2122
3495 3873
431 482
1750 1791
2123 2601
1956 2487
3558 3648
107 1641
2064 2200
2359 2369
2073 2340
3054 3149
2504 2551
378 580
2482 2520
3114 3435
2073 2460
1912 2389
921 1243
987 1758
1142 1766
1993 2489
2384 2413
2272 2362
922 1398
1993 2331
1120 1292
1997 2607
2289 2612
1941 2491
2108 2201
2946 3335
1192 1284
1963 2395
1107 1367
1498 1827
1049 1644
2061 2171
1926 2235
3624 3905
2049 2612
394 601
1351 1361
1983 2266
2863 3381
2257 2485
3870 3900
2576 2578
2081 2496
3561 3945
277 291
2943 3065
199 325
915 1636
203 331
2102 2267
2233 2359
1941 2464
1528 1730
724 742
402 465
5 235
1955 2224
2559 2586
2220 2429
3026 3090
2739 3326
1190 1426
1946 2131
2128 2529
25 130
2982 3309
3000 3257
1146 1376
1983 2507
3146 3239
2274 2344
5 122
2694 2815
1452 1548
1221 1525
2069 2536
1584 1886
3345 3360
2069 2654
1235 1715
41 115
995 1470
2988 3400
1130 1868
2881 3422
1580 1793
2029 2242
2063 2467
2117 2384
2500 2560
2946 3173
2864 3073
311 325
695 713
2718 3236
2782 2806
2196 2609
1459 1479
2282 2609
1086 1619
3197 3299
2354 2363
1973 2116
2925 2969
2881 3124
2078 2139
1914 2659
460 542
2855 2904
1032 1495
170 323
2833 3076
67 170
2003 2394
2872 3238
738 774
1204 1298
2668 3204
2716 2793
1085 1307
1048 1230
1135 1621
2164 2253
896 1706
1017 1437
1407 1685
2307 2353
436 652
2098 2551
1006 1191
2920 3184
2087 2471
1483 1793
2087 2194
947 1668
1331 1730
2359 2464
1823 1839
1761 1814
2894 3261
3239 3320
1985 2556
2376 2468
1126 1563
1571 1669
1006 1456
1920 2502
1199 1439
1107 1563
1126 1132
2531 2610
1943 2430
713 748
2690 3099
2164 2323
1344 1570
3035 3267
2701 3182
1773 1881
1972 2389
2290 2428
1927 2640
3900 3947
1352 1799
2040 2567
2138 2187
1971 2276
2736 3248
3051 3351
1955 2508
2215 2264
119 323
1086 1610
2187 2267
348 485
2908 3040
2212 2607
1037 1170
3764 3810
1207 1768
1684 2842
2995 3168
2002 2187
1954 2463
1570 1637
2492 2549
2322 2411
2476 2507
527 542
3626 3847
2308 2539
966 1809
98 342
1966 2526
2133 2436
2414 2559
2098 2184
1255 1405
1968 2585
1341 1612
2661 2828
1167 1569
2243 2518
1959 2196
1379 1596
1858 1908
1340 1750
3437 3633
1219 1839
1431 1721
3527 3800
1984 2220
2064 2391
1925 2112
2829 3077
2690 3395
595 600
1712 1833
2897 3228
388 523
1125 1793
1931 2116
1684 3331
2216 2559
1435 1867
1456 1662
1491 1538
2267 2304
1393 1540
1032 1783
2109 2551
727 830
3488 3687
2674 3115
1010 1549
3240 3276
2043 2369
2302 2512
2140 2323
428 465
2999 3072
2543 2604
993 1516
2334 2489
3495 3796
1146 1523
1938 2200
871 895
1984 2290
1980 2626
2093 2507
2713 3344
2275 2630
2398 2461
414 475
107 580
3201 3280
1662 1816
1250 1530
2458 2592
2033 2574
1056 1110
1 194
3873 3877
2275 2564
1012 1770
686 730
3231 3317
1534 3385
2698 2827
2229 2404
947 1614
2164 2604
423 517
1109 1847
2071 2472
1986 2611
1277 1448
2346 2538
1475 1573
2378 2494
2090 2131
1221 1277
2189 2196
1271 1559
2102 2336
1199 1547
567 683
1975 2361
1955 2468
1184 1539
3586 3830
1912 2494
3627 3804
1184 1622
2005 2329
2510 2608
1015 1583
2103 2624
2542 2600
2220 2574
2468 2586
2904 3188
1503 1794
639 682
2030 2573
1231 1459
2800 3033
1467 1851
1425 1633
348 525
2311 2410
1412 1745
2689 2927
1488 1833
1336 1668
373 497
1199 1351
2062 2121
975 1587
1525 1745
1966 2586
2019 2393
398 517
1462 1578
947 1589
2810 3433
1944 2182
1331 1598
1340 1597
389 424
1483 1879
21 26
2057 2302
2266 2356
1662 1789
937 1749
3182 3258
2071 2133
1981 2071
1958 2538
404 545
1172 1823
1582 1751
366 434
2915 2967
2992 3267
2148 2461
2408 2539
1912 2112
1123 1839
1319 1468
1695 1844
2218 2340
1997 2504
99 263
2940 3054
1238 1688
2394 2592
963 1371
107 414
686 747
2243 2294
870 881
1983 2190
1265 1513
2033 2482
999 1864
2982 3382
2767 2889
2247 2555
1447 1741
133 188
2075 2344
2053 2385
1269 1714
353 400
2163 2242
1006 1207
2693 3361
3511 3719
1198 1736
2002 2196
2294 2544
795 842
2045 2073
2018 2337
3082 3146
2138 2642
1554 1707
1242 1653
1938 1993
2921 3259
2103 2654
1988 1992
417 559
1964 2289
1376 1685
3070 3397
26 69
1181 1879
1488 1782
2064 2179
2905 3117
1983 2414
2567 2642
2542 2625
1946 2521
1516 1752
2936 3302
2067 2147
2229 2604
2491 2589
1473 1502
3132 3288
1912 2632
2551 2646
2969 3117
2138 2273
2430 2563
139 284
3501 3830
2189 2510
1804 1816
3243 3293
1459 1691
2897 3119
2800 3023
2661 3321
921 1195
3830 3842
2319 2328
1028 1163
2189 2476
410 568
3449 3873
3658 3731
1983 2037
2347 2407
1966 2140
1255 1376
810 853
3111 3320
705 810
2877 2969
2504 2625
2045 2093
2901 3116
2423 2507
2843 3087
359 531
3025 3158
3437 3628
1954 2343
932 980
2593 2607
1066 1504
1738 1807
969 1783
2392 2509
2059 2549
1315 1899
1192 1345
2543 2654
376 442
2053 2285
2160 2405
1941 2509
3029 3220
1055 1666
2112 2521
2931 3098
944 1686
1931 1957
3789 3807
258 272
2189 2347
3049 3116
465 526
2040 2112
3084 3243
1551 1861
2492 2604
1076 1736
931 1671
2683 2945
2540 2634
2022 2459
67 128
4020 4037
2854 3362
1230 1689
252 304
9 203
2396 2652
2074 2539
1340 1620
921 927
484 1778
3486 3711
3115 3150
3256 3358
1916 2042
2257 2563
1962 2307
3005 3165
2340 2408
2585 2640
932 1594
2877 3026
2045 2218
2901 3378
3625 3684
2072 2144
2839 2867
3554 3726
858 895
579 589
133 280
1765 1813
2758 3187
2112 2492
348 553
714 789
2121 2573
1483 1613
2095 2464
2342 2448
2639 2645
1480 1614
2151 2203
25 232
1710 1827
1003 1659
1926 2328
1396 1848
487 513
2118 2381
2664 2905
2110 2235
3174 3304
1243 1861
2479 2501
1577 2519
2278 2324
2151 2336
1962 2391
3514 3605
724 781
1598 1877
3648 3816
2346 2620
107 1789
3769 3778
2329 2504
1619 1804
2010 2125
82 118
2055 2329
1335 1547
1331 1612
2037 2122
1941 2319
3072 3086
2839 2910
2863 3172
901 1137
2047 2419
3471 3838
2425 2525
993 1243
3199 3337
1068 1181
54 329
1916 2087
3090 3303
1086 1608
1955 2629
3410 3412
2445 2458
3182 3198
1454 1732
2101 2328
3604 3674
2289 2347
388 438
2759 2836
2718 3173
2742 2793
2123 2395
3437 3510
2043 2140
1509 1621
3087 3289
2060 2549
1523 1622
1062 1696
2049 2314
1652 1737
953 1509
760 828
2087 2436
1632 1653
1028 1735
2233 2409
1617 1668
1072 1504
736 833
1153 1605
1684 3234
1932 2649
2266 2506
2276 2309
3902 3926
1125 1707
2347 2430
2689 2827
1457 1839
400 559
3170 3350
1085 3797
1356 1910
936 1114
2005 2578
2117 2196
687 807
397 439
2757 3286
2164 2271
2993 3033
1584 1741
1925 2184
1796 1833
2896 2916
370 388
1179 1300
465 580
3577 3873
2210 2385
3833 3969
2559 2623
3232 3348
1013 1385
1981 2501
1066 1261
1913 2127
954 1281
2352 2414
243 337
1405 1637
421 455
3459 3770
2233 2408
2142 2550
1926 2318
1985 1997
1064 1566
3017 3093
2259 2420
637 1475
3219 3331
2203 2328
2940 2981
1209 1622
3635 3640
2090 2550
2429 2646
1084 1173
1128 1436
2147 2478
1123 1458
1360 1726
1620 1833
2154 2623
2145 2642
1505 3409
3027 3313
2218 2506
1291 1746
2988 3232
2190 2495
2292 2351
2206 2261
2904 3144
1539 1721
1551 1835
1361 1563
2275 2624
942 1638
2460 2550
2136 2507
1144 1511
2877 2880
2917 3339
2433 2467
1912 2044
1817 1858
1305 1570
1308 1759
497 559
3830 3918
2839 3163
2343 2598
2086 2354
1259 1672
2134 2138
2471 2533
2742 3041
1912 2159
2756 2786
1211 1391
953 1059
902 981
1401 1833
953 1370
3615 3705
2123 2578
2179 2240
2520 2591
1080 1763
2135 2293
2112 2300
3466 3821
1753 1804
1994 2117
3605 3730
2927 3085
1658 1897
1282 1871
3177 3186
2177 2304
967 1369
2103 2309
2235 2377
824 838
2259 2608
921 1329
2420 2543
455 563
2550 2561
2257 2601
2939 3201
2201 2574
2183 2394
1081 1824
948 1881
2996 3351
136 1998
1078 1289
3464 3829
483 1114
2778 3049
1049 1724
1159 1228
2047 2566
688 853
2915 3435
2716 3191
2173 2260
2097 2660
1211 1663
1926 2194
556 673
2010 2111
2257 2278
1375 1621
423 606
1971 2521
1986 2078
1182 1554
978 1609
2384 2398
1104 1682
2679 2800
1948 2071
637 1018
942 1661
605 617
576 675
1925 1979
1684 3341
3821 3825
1920 1932
1026 1746
1598 1639
2071 2117
1684 2938
445 487
1021 1635
1816 1886
3209 3212
26 134
937 1106
3441 3546
947 1416
3474 3764
2040 2323
107 1825
0 144
2905 2966
1523 1554
1132 1185
1662 1839
348 373
1017 1480
2165 2546
1684 2678
1932 2189
2989 3391
107 1190
2670 2879
2374 2638
921 1291
3027 3097
1912 1982
1215 1273
2246 2355
1604 1619
901 1371
2261 2521
126 322
2253 2306
1496 1630
2122 2363
1991 2639
2086 2331
2165 2212
968 1540
3213 3417
3501 3971
1048 1614
2793 2828
1021 1036
1068 1580
953 1809
3583 3869
456 506
3437 3584
1720 1808
1684 3392
483 1192
1643 1774
1912 2559
1185 1643
2786 2913
3035 3320
3185 3419
925 1737
1124 1420
2074 2500
2020 2556
595 659
2768 3409
3376 3425
3593 3782
1597 1888
3327 3347
1126 1608
3488 3518
1610 1874
2711 3296
1020 1309
1086 1598
3267 3320
1516 1721
3274 3320
107 1732
2872 2909
2327 2471
2188 2300
107 1394
916 1255
1322 1884
119 163
988 1322
1570 1600
2212 2559
984 1871
1938 2654
1966 2276
2180 2328
856 861
2020 2623
1340 1867
1577 2419
1132 1289
2759 3213
1526 1794
1917 2429
1092 1860
764 787
3635 3926
1277 1680
1003 1416
1074 1554
1132 1888
2877 3387
1917 2253
2992 3329
1682 1893
3437 3817
3054 3153
967 1293
3181 3251
107 1334
1912 2193
1523 1891
2153 2268
2888 3114
2810 3025
515 524
2877 3348
418 547
969 1451
1986 2037
752 824
2706 2864
2043 2088
2059 2326
1385 1778
483 591
3757 3774
815 847
1288 1370
2203 2343
2333 2458
3558 3758
2113 2217
1912 2535
2043 2218
1719 1847
2240 2507
1274 1307
3196 3365
2102 2241
2759 3383
1255 1662
1551 1589
934 952
2712 2778
1963 2573
2115 2593
957 1899
1290 1390
1305 1860
2339 2586
1341 1559
2433 2507
2140 2615
2951 3171
2368 2461
1232 1880
3697 3830
1196 1467
1489 1515
1628 1875
857 3797
2143 2169
503 525
1114 1210
2950 3070
2102 2328
2184 2552
2539 2624
348 513
2032 2351
2103 2122
2287 2309
2581 2610
1735 1849
1329 1391
636 644
2877 3149
2046 2124
2243 2415
1174 1433
915 1602
1973 2225
1813 1864
2973 3434
3438 3938
2170 2349
2116 2633
1211 1757
2356 2467
363 367
3548 3737
3602 3770
1269 1603
2244 2495
1086 1480
2053 2347
2995 3061
3115 3434
2464 2625
1955 2039
909 955
2081 2125
1335 1603
3654 3703
1416 1456
2087 2282
0 22
1577 2529
136 2337
2172 2615
1520 1861
1986 2150
500 507
900 1307
2212 2237
2728 3356
1917 2564
3997 4009
246 304
966 1132
1247 1575
1322 1462
3466 3937
1952 2062
1954 2250
412 417
2430 2499
1983 2055
3495 3609
3038 3204
31 308
2304 2555
2915 3195
1684 2798
2077 2142
1222 1659
2674 3252
2216 2340
107 1696
2755 3174
2105 2236
3465 3701
363 561
2275 2507
2098 2464
942 1284
484 493
1467 1643
1587 1742
1959 2143
1912 2404
2002 2151
1156 1563
2731 2873
1683 1839
1656 2826
3586 3971
1100 1322
3107 3341
2550 2655
1520 1643
902 1279
1331 1470
1175 1329
2879 2889
1932 2279
1211 1547
1974 2505
412 488
1717 1768
1181 1623
967 1689
1083 1288
573 685
708 824
2053 2282
1559 1610
2214 2256
2778 2992
1229 1596
1261 1451
896 1595
1983 2020
1230 1551
2266 2624
2354 2573
2172 2591
1082 1192
995 1271
2218 2229
2340 2418
1917 2112
1242 1752
2073 2429
3265 3316
941 1379
1160 1842
2045 2206
2047 2313
972 1288
2355 2531
2090 2331
2103 2423
1217 1435
3052 3090
2151 2582
2719 3116
1026 1164
1280 1637
1340 1390
2280 2367
990 1656
1006 1736
1539 1557
1718 2068
1148 1279
395 536
2500 2554
1563 1799
1912 2317
1009 1720
2109 2495
2121 2257
2037 2218
1458 1488
1752 1833
2140 2590
2111 2543
2142 2407
2785 3272
1919 2016
1242 1584
1357 1393
625 677
150 329
4016 4025
3985 3995
1399 1491
1219 1367
2716 3038
714 839
947 1184
2073 2484
1082 1628
2601 2646
1766 1844
2869 3049
1934 2373
2790 2813
2188 2409
489 555
2118 2601
3702 3824
1614 1689
1170 1412
3702 3790
2966 3387
2020 2140
3545 3604
2711 3062
1969 2302
2935 3072
2153 2533
3500 3967
615 647
1612 1735
1117 1554
1507 1630
1330 1390
3156 3187
2308 2430
2839 3078
2800 3078
1320 1778
2395 2578
2907 2940
1730 1868
2017 2565
637 1716
375 538
2083 2164
143 175
1242 1250
2154 2407
1390 1580
1078 1584
2180 2434
2190 2624
2872 3348
1272 1823
2369 2492
2745 2839
1935 2000
2392 2500
2694 3056
1684 3048
2863 3397
3838 3860
934 1491
3496 3547
2128 2294
1370 1663
2161 2327
1355 1536
3267 3316
2553 2573
2090 2600
1288 1447
436 580
1684 2917
1076 1184
1450 1792
1003 1614
2074 2276
959 1409
2042 2138
3737 3800
977 1189
2095 2356
2871 3002
2684 3320
1919 2097
1656 3097
1013 1574
1684 2764
1047 1609
1140 1173
1635 1862
2992 3377
3299 3391
2060 2104
1932 2597
2067 2526
3011 3262
39 313
1307 1806
3675 3759
3347 3416
2485 2586
2970 3150
1707 1712
2988 3022
730 787
1377 1842
1684 3296
1234 1831
3378 3396
2240 2271
3478 3967
0 277
2278 2504
1962 2339
2586 2619
1570 1669
1242 1730
1327 1836
1037 1472
968 1738
688 805
3273 3346
2302 2324
1941 2196
3061 3263
2123 2309
983 1238
947 1613
2399 2509
651 1692
1078 1352
1181 1335
1997 2593
2038 2296
3392 3426
1502 1893
2073 2593
1416 1471
1246 1875
3460 3937
2950 3116
397 513
2040 2469
902 1576
2939 3116
787 849
1006 1380
1592 1872
2103 2323
698 804
1449 1852
1953 2043
1715 1716
2461 2508
3443 3752
1946 2586
2119 2313
2939 3051
1927 1958
1589 1754
1912 2059
3851 3968
2335 2371
2206 2307
1126 1470
1110 1557
992 1371
926 960
107 1640
1520 1835
2028 2533
107 1677
1589 1864
2109 2233
2270 2425
428 525
2233 2374
2180 2377
2064 2112
465 557
1684 2892
517 545
1330 1456
1959 2110
2201 2276
3473 3819
1610 1768
1195 1846
1985 2418
3220 3362
1689 1789
1291 1754
1250 1619
2062 2137
659 681
2915 3092
2037 2624
21 188
1265 1376
1495 1729
1063 1868
2220 2625
2735 3307
2077 2586
2132 2243
1049 1737
1390 1789
3656 3929
2026 2054
2298 2582
1126 1610
1966 2184
214 333
1222 1902
2386 2624
1288 1898
2093 2347
3022 3142
1389 1637
3586 3760
3443 3956
1986 2074
686 820
1104 1315
1227 1231
2392 2549
2033 2142
1031 1666
773 829
925 946
2004 2645
2073 2586
3437 3715
2901 3150
3004 3117
1209 1554
2183 2215
2033 2078
2104 2467
1133 1471
927 1782
3172 3396
2297 2365
2856 2996
67 134
1390 1839
1261 1508
3057 3263
2847 3255
2352 2430
762 814
3616 3932
3488 3838
4020 4030
2339 2347
2109 2290
2874 3384
2445 2511
2076 2170
1323 1663
2966 3390
2708 3115
402 507
942 1820
2253 2561
3140 3353
3069 3140
2211 2612
3555 3604
2024 2284
1160 1280
2081 2215
1469 1866
2244 2271
2279 2510
1968 2459
705 834
1277 1284
107 1191
2089 2397
907 1464
1645 1844
999 1757
2242 2399
408 417
355 396
2135 2187
404 465
89 95
3456 3824
1565 1844
2872 3195
1190 1192
2122 2299
2247 2398
1110 1540
982 1712
103 136
2056 2477
2184 2553
3605 3737
3040 3339
2464 2550
2359 2462
1926 2555
2038 2610
2240 2356
9 113
503 513
1613 1685
3033 3064
2001 2627
3070 3247
1684 3103
1981 2235
2919 2986
1955 2398
1912 2322
2841 3221
239 325
1971 2526
2428 2552
1554 1622
1166 1515
1619 1832
376 517
687 697
2261 2504
3783 3809
354 359
2153 2496
3554 3972
1509 1683
1222 1879
1090 1725
618 633
1983 2619
1175 1590
3437 3739
2840 3320
107 1527
959 983
462 517
2124 2604
2073 2485
1204 1596
2727 3138
1926 2384
1017 1187
805 840
1355 1500
2222 2479
1222 1603
580 606
2969 3339
2773 2994
1131 1709
2148 2592
1912 2031
1275 1338
2047 2102
3247 3391
3437 3646
1919 2024
2716 2753
2032 2473
3126 3128
1960 2317
1591 1841
1917 1984
995 1458
1298 1591
1684 3355
3075 3397
1198 1689
389 1472
1522 1530
1962 2604
1026 1520
2087 2451
3320 3406
428 553
1214 1823
1565 1740
999 1230
1230 1622
3870 3906
2093 2299
2750 3090
2188 2611
1033 1274
2214 2453
2438 2592
3702 3832
3073 3119
3002 3366
2054 2143
1995 2159
632 635
2132 2462
1356 1453
1668 1809
1066 1828
3027 3341
1601 1784
3209 3345
1983 2059
3525 3550
3089 3332
1003 1799
3591 3951
3601 3818
1505 2826
1059 1551
2212 2271
1647 1655
694 706
2563 2601
1488 1662
1912 1956
2135 2174
1004 1198
1209 1407
3672 3926
419 518
2543 2606
2187 2649
2695 2706
1431 1779
2275 2625
2694 2925
1012 1114
2174 2328
2235 2274
744 848
980 1361
1684 2896
2489 2542
995 1074
2139 2542
2077 2623
2680 3284
2156 2173
2386 2428
1179 1320
2289 2582
2322 2642
1361 1668
1917 2638
3611 3830
1568 1747
994 1473
1669 1675
2213 2266
579 617
277 323
1024 1488
2078 2561
2302 2338
0 186
1052 1070
2190 2423
2064 2124
1159 1634
2038 2588
2499 2536
23 230
2582 2598
1487 1660
2743 2974
2429 2624
1199 1746
2285 2617
2430 2526
2575 2601
2153 2471
1400 1512
2557 2637
1331 1768
3437 3516
2253 2410
2404 2576
1636 1884
1932 2629
2037 2326
3515 3555
3684 3841
3262 3396
2820 2962
2068 2572
3833 3900
3014 3303
566 676
2921 3263
2275 2433
965 1225
3608 3615
2275 2392
2793 3316
1467 1769
1020 1732
1152 1473
1973 2640
1256 1789
3214 3296
1048 1753
1431 1456
1533 1568
1880 1895
3731 3902
3464 3777
1159 1221
1230 1334
722 768
2223 2417
2098 2579
2138 2191
431 556
1602 1695
2060 2075
2738 3433
580 1446
1912 2188
2031 2406
2423 2619
1684 3254
1100 1783
2348 2539
3081 3365
2199 2332
2756 3238
1141 1366
3720 3787
3182 3411
719 726
1026 1557
1998 2538
2180 2597
1341 1547
1945 2475
1942 2443
2384 2653
2840 3377
1622 1867
1750 1888
2502 2530
2043 2543
1943 1983
1935 2583
1014 1655
1559 1683
2164 2586
984 1894
3011 3411
2999 3327
1775 1845
199 291
2071 2279
1609 1675
1685 1799
1935 2159
1149 1377
2526 2602
107 1586
53 315
2464 2591
1293 1662
3101 3132
1753 1761
420 524
2477 2564
641 1313
3980 4007
1184 1516
1198 1516
412 566
2087 2333
404 496
2866 2994
1345 1720
1302 1663
1468 1533
2072 2509
2862 2986
1232 1787
1041 1504
2011 2116
2662 3346
2108 2482
3488 3938
3040 3174
3035 3102
2976 3118
2081 2592
2553 2575
1953 2077
1973 2627
793 850
1038 1161
1472 1525
2329 2468
2100 2113
2043 2276
3488 3658
762 827
2717 2912
1352 1449
2828 3201
2359 2646
2867 2906
40 72
2446 2564
2108 2602
3225 3320
64 150
1017 1842
1377 1540
1005 1667
1085 3550
2090 2244
2336 2344
3016 3214
2020 2600
3386 3406
2059 2240
993 1312
1388 1809
2063 2602
1115 1550
2283 2399
1467 1663
2278 2300
1172 1610
1733 1880
3868 3892
1589 1795
1075 1376
1164 1675
2319 2529
1146 1205
1277 1404
2352 2591
422 619
1435 1600
1918 2074
1290 1689
2807 2978
3084 3417
141 257
2112 2408
1920 2336
3149 3195
1962 2423
2072 2137
2875 3302
693 778
1238 1816
710 853
1993 2046
1107 1888
1665 1789
2039 2289
2500 2539
1485 1637
2429 2594
1242 1839
2511 2603
1330 1580
1055 1434
2032 2347
1173 1741
1955 2072
2313 2621
2108 2606
1658 1881
3677 3788
2386 2638
1237 1358
856 869
1968 2024
1043 1197
1938 2354
452 465
2661 2875
1352 1528
1540 1630
2046 2551
3502 3864
2831 3393
3460 3915
1985 1986
2111 2629
2110 2479
1003 1589
2484 2615
2020 2553
2495 2601
975 1576
1591 1764
1997 2495
1075 1390
3793 3931
1052 1525
924 1258
2030 2559
3396 3434
2863 3116
2069 2619
2247 2328
1447 1809
2112 2142
1993 2409
913 1561
1099 1282
2336 2436
1275 1906
2539 2602
915 1897
1059 1399
2694 3022
1137 1629
2199 2336
1539 1623
1185 1198
3782 3947
2201 2369
1182 1714
2042 2508
2484 2655
2354 2602
2004 2658
2111 2415
2071 2555
2078 2278
2045 2115
3060 3209
1623 1689
1617 1754
1280 1741
1019 1459
1256 1447
1981 2075
713 800
2912 3098
2037 2233
1201 1483
2328 2419
1529 1778
606 1314
1947 2111
2180 2351
1278 1375
2340 2482
3185 3297
2664 2919
2087 2643
2417 2491
2504 2601
2223 2243
1146 1563
3604 3889
1267 1723
2408 2409
1086 1180
1191 1331
2789 3137
1569 1807
3152 3353
370 436
1995 2585
1086 1800
1732 1820
2142 2206
2881 3133
426 504
1231 1284
3214 3337
2074 2090
3035 3288
2309 2593
1971 2590
1985 2290
1029 1330
954 1102
93 111
1091 1457
1377 1765
2696 2697
3047 3426
432 456
1971 2468
2084 2387
355 543
1080 1237
583 665
2430 2549
458 510
2127 2616
1199 1879
2098 2266
1576 1841
2047 2372
2060 2088
1997 2625
2063 2590
1471 1757
2090 2551
2996 3038
2937 3378
2324 2353
406 437
2232 2327
1979 2308
2573 2586
313 325
1597 1752
1600 1737
2244 2326
2247 2377
2140 2409
1636 1859
1160 1605
1925 2088
95 327
2718 3107
2213 2624
2782 2862
2444 2622
1584 1658
428 962
2376 2391
2030 2154
3499 3719
1289 1584
2043 2625
3493 3719
2665 3406
3658 3966
2005 2309
1972 2639
2915 3243
2718 2843
2055 2347
3116 3150
3475 3672
2763 3056
2896 3435
1569 1783
3054 3065
484 1114
747 748
98 258
2210 2374
3076 3111
3019 3160
2669 3324
2387 2602
2095 2646
1235 1830
2951 3214
2289 2603
1104 1575
1554 1597
363 463
136 2284
941 1303
3576 3658
1554 1612
954 1018
2645 2647
2068 2451
2434 2501
1985 2539
993 1026
3485 3790
1214 1361
1981 2396
1359 1509
3475 3971
1589 1799
2199 2279
2950 3280
1948 2153
2970 3116
2593 2601
3267 3335
2083 2220
1984 2606
1322 1872
1158 1691
2018 2365
2258 2410
1047 1811
1210 1565
1130 1377
1209 1557
1522 1768
2136 2576
1721 1819
2132 2273
2220 2551
2905 3195
1483 1816
2071 2377
1173 1902
2095 2615
173 649
2086 2324
1712 1796
2140 2324
1925 2543
3738 3859
3536 3662
1435 1584
3324 3388
1941 2642
2027 2639
1926 2612
2747 2787
2004 2024
1289 1795
3152 3188
1165 1866
3551 3961
2987 3114
2212 2563
107 1041
2306 2550
2039 2465
2081 2199
1172 1289
896 1379
1026 1146
1155 1844
2005 2164
2229 2469
1255 1833
3261 3320
2045 2216
2104 2356
1941 2590
1036 1298
2372 2510
1540 1864
1489 1661
2282 2471
1986 2108
1985 2575
2220 2554
2088 2374
107 1633
2059 2623
1955 1959
3335 3360
1997 2655
408 520
59 82
2849 3299
1576 1583
2712 3291
1280 1388
1684 3198
943 1308
1156 1323
2977 3166
2253 2573
1628 1859
2686 3115
3584 3718
1017 1101
362 492
1352 1665
2224 2292
2347 2561
2038 2608
1963 2073
1068 1736
2390 2603
1237 1833
1296 1831
1941 2046
2007 2319
1376 1724
2035 2402
2143 2627
917 1451
62 98
1488 1722
3456 3461
1018 1716
1958 2626
1092 1250
3588 3862
1327 1337
2074 2122
1064 1202
2827 3026
3279 3395
3179 3411
1192 1379
2228 2397
2069 2339
1622 1849
2273 2649
1941 2351
1481 1783
2064 2122
368 378
2345 2468
1416 1530
107 1269
2104 2630
2308 2348
1917 2579
932 1191
136 2629
2007 2417
1522 1643
1148 1492
40 203
2244 2484
2045 2324
2708 3172
2176 2384
2038 2047
2294 2328
960 1447
2064 2482
2849 3267
0 273
1315 1611
3079 3182
2150 2578
1945 2273
1684 2674
2812 3421
592 677
1255 1280
2309 2507
2005 2559
1752 1799
2926 3402
1584 1736
1953 2407
2194 2294
930 1113
1199 1835
3101 3214
2037 2462
1946 1962
418 432
1148 1192
2849 3330
1986 2376
2137 2319
1014 1871
3493 3558
2093 2556
2043 2142
2698 3232
2069 2606
2259 2594
2760 2790
1029 1675
1014 1706
1668 1712
1238 1323
2148 2336
908 1588
2916 3174
2687 2748
14 312
428 651
1955 2068
2760 2813
1121 1496
2220 2381
1269 1612
1369 1663
2069 2478
2111 2384
2102 2149
967 1753
1495 1649
2095 2586
2111 2148
165 334
2060 2339
1408 1882
2058 2086
376 567
119 132
3495 3930
2160 2313
2336 2642
726 805
2233 2563
2030 2409
2336 2547
2471 2491
0 157
993 1530
2327 2379
1004 1827
3528 3681
1955 2616
709 828
1120 1628
3036 3123
867 874
434 604
2212 2418
1912 1971
1102 1459
978 1352
2352 2575
1603 1839
2549 2602
57 302
947 1128
2796 2939
2680 3228
1918 1963
2849 3132
98 285
2131 2492
366 446
1305 1516
3442 3608
1377 1621
1971 1993
2348 2560
724 820
1916 2032
995 1461
2022 2297
947 1302
1997 2118
2988 3158
2045 2526
1340 1341
1054 1644
2901 3038
2111 2328
2121 2381
3069 3397
1211 1551
2198 2241
1120 1715
1444 1738
3513 3932
2122 2504
1955 2547
1668 1793
2419 2649
2720 3182
2129 2397
3633 3654
2398 2608
1971 2124
3002 3379
597 630
3948 3968
542 606
1449 1809
45 122
2508 2571
1590 1782
2309 2468
3437 3844
3569 3593
2690 2836
1965 2361
1613 1614
2944 3135
2840 3039
1530 1800
2679 2757
3591 3924
1913 2250
3035 3146
2347 2631
1972 2645
2390 2468
2464 2554
1003 1888
1966 2549
717 798
1041 1306
1279 1322
1431 1547
1811 1842
2365 2620
2056 2553
2133 2149
2894 3035
1916 1945
2072 2327
1336 1380
1181 1250
1064 1901
1605 1730
1953 2560
2002 2183
1948 2196
1589 1604
1062 1699
2229 2240
1063 1069
1431 1864
1964 2322
2004 2365
2985 3022
2032 2642
3499 3834
1120 1596
1196 1753
968 1183
1188 1304
404 542
2862 2928
2048 2425
3851 3971
2108 2638
1195 1800
1113 1565
3077 3356
517 1095
1146 1842
1211 1604
2666 3084
2064 2147
1391 1557
2128 2163
2878 3049
2698 3064
1557 1621
1721 1750
2944 2981
686 718
2592 2629
2939 3267
450 500
2090 2329
3687 3938
3104 3390
1159 1435
0 178
2203 2384
1398 1437
2880 3417
3026 3234
1554 1570
2128 2250
1136 1421
2468 2600
787 793
2118 2564
1014 1373
2226 2325
16 329
1794 1897
2176 2235
2698 2911
3437 3643
935 1680
1221 1650
1312 1736
647 670
1312 1714
1302 1488
2578 2623
0 294
1285 1707
1123 1668
1184 1643
25 56
2384 2582
2937 3179
20 326
2077 2602
2995 3062
2183 2617
2139 2210
2244 2353
3757 3957
2024 2364
1182 1613
2533 2567
3785 3858
1919 1998
1205 1488
2676 2815
107 1367
1365 1617
2833 3267
1966 2043
1912 2128
3437 3452
409 431
2630 2654
2224 2351
1017 1800
2132 2183
2028 2649
651 1512
414 615
990 3222
2114 2160
1471 1832
2862 3104
1261 1309
2172 2492
430 493
2140 2218
1604 1791
3252 3385
1514 1616
2088 2484
2040 2098
2376 2482
2735 2844
2717 2905
1452 1787
3210 3302
1809 1868
2935 3066
1948 2279
1918 2600
2198 2282
1107 1437
1989 2266
2418 2611
503 542
2771 2858
1036 1221
1201 1447
3002 3385
1605 1663
1613 1735
2340 2381
1156 1271
2717 2956
980 1175
2681 2754
136 2364
2819 3346
1524 1613
412 507
2338 2351
2203 2267
1242 1589
2121 2356
903 1378
3629 3850
2253 2477
1117 1538
1490 1631
993 1420
1124 1845
3797 3948
3520 3971
2927 3426
1199 1334
1983 2381
906 1242
575 612
715 827
1129 1592
2749 2944
1250 1390
1456 1874
3530 3925
2372 2398
962 1294
1946 1971
2345 2443
0 201
1338 1624
2863 3094
747 763
1495 1894
3437 3813
1703 1876
2085 2473
107 1238
1081 1704
2465 2629
925 1530
2672 3255
897 1084
4 181
514 520
2959 3314
2054 2246
2782 3303
1925 2536
2370 2376
1222 1377
414 583
1116 1609
2996 3307
1958 2097
2200 2462
107 896
3104 3324
1349 1763
2216 2460
353 559
715 814
1028 1128
1613 1891
1919 2159
2109 2484
1990 2397
596 1233
388 400
2140 2290
2674 3132
1795 1800
1689 1902
2271 2593
2240 2469
1352 1540
1491 1668
2187 2289
51 83
2038 2279
1003 1523
1117 1826
2127 2567
2098 2271
2103 2449
999 1750
2303 2387
2056 2600
1015 1229
2127 2134
1376 1554
2064 2429
989 1720
1117 1580
3079 3160
1266 1585
2994 3033
1684 2737
1972 2006
2040 2056
1211 1336
2118 2551
3506 3810
1979 2095
3082 3239
376 587
119 200
1173 1688
1522 1833
2107 2656
3722 3802
897 1846
1205 1605
3137 3229
1258 1366
2984 3316
1963 2646
3073 3363
2959 3382
2468 2559
2095 2311
1737 1789
1971 2347
1393 1702
1918 2090
2333 2597
1977 2214
2254 2475
2005 2213
2258 2559
3985 4014
2956 3220
2353 2492
810 847
3152 3198
2939 3373
1577 2582
180 346
2921 3346
25 283
2063 2423
1402 1826
461 475
922 1480
686 855
2037 2492
3766 3964
2669 2683
2054 2555
1130 1833
1287 1888
952 1800
2194 2653
2477 2593
2863 3146
1274 1445
903 1837
1918 2069
2093 2123
3437 3887
2770 2904
1912 2548
3714 3833
2074 2190
1373 1638
1962 2309
954 1783
2150 2615
3743 3912
2873 3052
1959 2319
2400 2529
903 1097
1976 2157
978 1243
2443 2635
3000 3417
2729 2755
1940 2597
417 515
1130 1888
727 853
2892 3086
2101 2161
2087 2385
1076 1339
1627 1890
1086 1488
1287 1867
938 1601
3152 3265
2679 2977
2005 2430
2673 2694
2326 2579
724 834
3043 3248
2093 2655
2139 2290
966 1125
3464 3602
1736 1746
2309 2408
2026 2458
526 1600
414 577
1006 1199
2343 2463
2480 2518
2206 2552
2359 2619
719 842
2176 2272
2011 2025
2074 2551
2706 2986
2367 2461
1104 1379
942 1020
2409 2578
2154 2611
2261 2266
1611 1691
1555 1687
925 1620
2524 2526
2074 2188
1267 1522
2073 2329
1076 1746
1912 2058
1125 1488
1283 1384
1986 2083
2253 2300
2331 2381
2509 2642
134 334
0 279
2289 2296
420 484
1962 2164
1917 2462
2026 2384
2062 2282
2549 2591
2201 2607
2054 2328
1390 1811
2343 2582
718 817
1944 2318
2232 2280
400 487
1953 2244
25 246
2950 3321
348 349
2038 2525
1912 2510
925 1608
2324 2446
988 1479
392 412
1273 1893
1475 1818
2694 2928
1122 1844
2701 3262
2706 3414
922 1839
1060 1347
2002 2250
3149 3174
2698 3195
2738 3426
975 1862
2037 2468
1966 2063
1933 2126
1453 1694
524 561
3360 3397
2153 2617
623 677
2988 3234
357 419
916 1079
2107 2628
963 1880
747 820
2109 2112
1146 1741
1380 1523
1684 3212
2244 2404
2896 3304
68 225
3113 3419
919 1396
2319 2496
151 310
1428 1472
1675 1685
2469 2575
1570 1823
2864 2880
3101 3140
2913 3078
1917 2258
2146 2341
1550 1875
2381 2504
2045 2638
2354 2492
2794 3135
1912 2098
226 312
2742 3049
1277 1875
1691 1873
1283 1803
2292 2465
1959 2133
1146 1653
1718 2042
122 235
2132 2343
1222 1367
3997 4023
1149 1219
1004 1789
1621 1735
1948 2134
2351 2471
122 261
2104 2500
2253 2625
2210 2492
2103 2625
3596 3858
1684 3406
2141 2289
2082 2228
1212 1234
1287 1390
2118 2331
56 98
587 651
2708 3179
3449 3734
1182 1804
1006 1551
2828 3397
2529 2530
2396 2491
136 1939
1133 1442
1684 2899
1355 1703
1535 1608
2669 2800
3303 3315
1953 2218
759 828
2037 2073
3437 3651
2707 2719
2037 2190
1943 2467
1931 2364
1559 1643
402 543
3026 3123
3517 3877
467 572
1916 2498
2216 2549
1345 1379
3140 3320
2259 2475
2386 2586
1185 1668
1684 3000
483 671
2232 2455
348 550
1431 1467
3767 3803
1712 1863
1211 1437
1591 1899
3737 3966
107 1888
1613 1714
2053 2075
2730 3359
3956 3964
280 304
30 303
2237 2492
2045 2139
1646 1675
1947 2327
374 402
394 492
484 520
2202 2365
2132 2479
2118 2590
1261 1786
1030 1368
2150 2655
1312 1663
1966 2339
3019 3380
1921 2027
2369 2468
2164 2464
2679 3220
2968 3011
967 1782
1189 1428
2319 2598
2052 2169
1361 1868
2073 2520
2203 2302
2705 3304
3504 3839
1684 3263
2870 3077
2190 2579
1256 1757
1331 1867
2988 3025
2126 2313
2142 2506
2243 2280
921 1827
2138 2215
2144 2592
354 547
2676 2757
2310 2461
1914 2001
1132 1886
1684 3116
1100 1345
1029 1768
1367 1431
2870 3154
1393 1813
2154 2340
2520 2619
67 136
1603 1613
2254 2419
1271 1457
917 1507
2552 2602
2409 2423
2290 2334
3184 3390
0 227
1463 1675
526 1435
1916 2039
1108 1406
2325 2612
2302 2385
2037 2395
2323 2553
1945 2571
3051 3299
1020 1812
113 313
1946 2218
1413 1783
2103 2142
1092 1714
3465 3708
2103 2109
85 156
2028 2643
2464 2586
2081 2279
2739 3415
200 325
2216 2240
2680 2800
739 792
2867 2897
2090 2414
3025 3119
1953 2564
1195 1352
925 1768
2163 2519
1183 1366
3034 3263
2007 2617
3603 3640
3076 3353
686 835
3851 3938
1126 1909
2749 2920
2974 3362
2827 3098
1075 1688
1181 1746
2683 2773
236 248
901 1648
1589 1793
1339 1652
1671 1763
3170 3320
1789 1799
3089 3345
1161 1561
1597 1644
1337 1437
3280 3391
2222 2272
1372 1478
2064 2150
921 1377
2093 2240
505 554
1050 1564
1218 1593
1730 1826
2877 2915
3667 3948
107 1482
2430 2489
2174 2512
2271 2339
3870 3924
2052 2282
2032 2134
1941 2223
107 976
1331 1589
2290 2638
1192 1479
147 319
2163 2649
2060 2469
1995 2061
2819 3192
1985 2446
3568 3786
925 1752
967 1092
3684 3756
2151 2498
542 683
1361 1431
1971 2123
418 497
1604 1816
1953 1962
1349 1427
1083 1712
1483 1707
2242 2425
1954 2010
1757 1868
1327 1702
1219 1230
442 544
2183 2509
1044 1715
1419 3178
1086 1288
107 1547
896 1404
1912 2565
3525 3573
1625 1801
1243 1431
3826 3924
444 449
3663 3710
1148 1636
919 1751
1986 2154
363 417
3545 3672
2950 3060
3149 3348
422 449
2359 2374
1597 1804
0 305
1436 1620
2338 2458
1078 1843
1962 2532
1146 1302
483 1104
1588 1847
3528 3605
2692 3162
1800 1810
1912 1983
1979 2118
3620 3810
919 1820
1346 1537
2780 3307
2845 3295
2214 2624
1079 1377
2916 2925
2661 3076
2226 2322
2108 2630
2061 2346
3051 3106
2754 2866
3056 3228
1684 2847
3564 3678
2738 3243
1080 1464
1420 1800
2880 2909
1912 2310
634 651
916 1746
1078 1559
1423 1592
925 1718
3116 3291
2376 2586
702 725
3260 3345
553 620
2915 3054
2233 2619
640 658
3048 3185
2072 2589
2426 2622
1954 2224
2586 2623
1012 1778
2313 2548
1191 1214
1912 1947
1146 1340
1146 1520
2679 3433
651 1428
694 727
2104 2520
2314 2397
2340 2575
439 461
1447 1888
1153 1868
925 1669
1940 2327
1305 1471
1947 1981
2307 2418
2188 2485
1577 2224
1361 1402
2132 2222
1180 1483
694 705
1446 1514
2138 2319
1243 1827
1357 1422
1946 2112
1431 1849
2072 2438
1600 1752
2768 3263
3140 3313
107 1860
1960 2474
2381 2578
2043 2059
2040 2553
713 736
1149 1724
1327 1518
2915 3084
641 1320
1929 2324
2020 2520
1267 1888
2869 3201
3576 3824
1467 1584
2803 3048
3488 3527
1399 1761
2144 2491
2273 2509
1273 1454
2235 2384
3486 3969
2877 3095
3455 3921
6 319
932 1902
978 1804
2707 3331
976 1514
2088 2275
632 647
2289 2533
2139 2370
1942 2429
2414 2500
1519 1768
2327 2417
2191 2567
946 1902
1789 1867
2985 3033
1912 2469
1921 2447
705 799
1349 1878
1917 1979
1024 1398
3546 3624
2683 2837
1210 1226
3185 3277
2333 2642
1465 2283
1235 1884
1929 2381
927 947
0 87
2093 2578
1447 1551
1380 1447
1986 2550
2679 3195
2823 3332
136 2007
1986 2418
3035 3360
947 1617
3568 3914
2944 2978
2348 2586
2869 2950
2253 2275
2056 2059
2452 2498
1273 1742
2093 2308
1258 1343
2306 2369
1582 1893
3049 3347
2777 3433
3980 4017
917 1906
2084 2468
2088 2109
1021 1334
2748 2751
2539 2615
2233 2266
2308 2559
2136 2539
1950 2626
906 1867
2858 2889
2950 3395
2203 2598
619 677
3330 3434
2785 3041
2180 2617
107 1219
2758 3255
898 1848
2188 2586
2755 2985
348 567
3021 3201
412 414
2459 2640
2139 2601
2093 2414
573 636
1528 1613
425 427
943 1189
29 203
2220 2359
482 484
2165 2655
2385 2445
1948 2543
1684 3403
182 253
2464 2484
1715 1875
2738 2896
1079 1214
3113 3297
1017 1823
1448 1611
460 479
2131 2654
1280 1535
504 514
596 1345
1684 3238
2326 2552
2717 2839
1169 1249
2973 3046
1983 2150
915 1545
1998 2639
983 1370
2081 2333
906 1344
2071 2187
353 537
1185 1622
2264 2465
1041 1748
2125 2555
2118 2602
1399 1456
2880 2910
1256 1620
3471 3611
2220 2611
25 122
3772 3779
3933 3967
999 1439
1557 1835
2719 2833
1540 1711
2264 2417
1079 1813
2263 2431
2206 2309
513 591
1358 1446
1993 2309
2873 3090
582 615
2071 2273
1405 2724
1443 1531
1917 2495
1535 1813
348 396
1964 2342
1175 1888
1598 1757
917 1217
1643 1768
3981 4009
634 645
2248 2335
2039 2072
2032 2384
1067 1680
3472 3505
1352 1369
2827 3065
609 630
1131 1355
3132 3321
2253 2395
1048 1305
2419 2461
1182 1391
3545 3889
2212 2601
2283 2589
1003 1557
1918 2165
2364 2378
1951 2027
2006 2202
1242 1612
2038 2511
3649 3883
2910 3064
2212 2550
1684 3066
2189 2394
3070 3239
2831 3365
1175 1707
2104 2601
695 738
1580 1598
1913 2355
966 1285
747 837
3542 3800
1471 1717
1032 1166
1273 1725
2874 2945
3203 3406
2410 2536
983 1331
2176 2267
2323 2423
2042 2169
2937 3060
955 1788
2933 3020
1060 1596
107 1879
1684 3229
422 655
1131 1634
1124 1768
1075 1146
2877 3104
2385 2420
1255 1612
48 332
2241 2420
1101 1864
1083 1736
748 830
805 847
9 271
2282 2653
2045 2489
1984 1986
376 400
444 473
824 826
1028 1149
2046 2604
2111 2191
2037 2433
1025 1526
1115 1404
1684 3210
2329 2578
2072 2117
1983 2430
3564 3825
2266 2287
484 651
1750 1879
1464 1526
2131 2573
3980 4015
2095 2210
142 236
400 556
1345 1859
1053 1183
3487 3530
1066 1282
1509 1516
2550 2615
767 796
2331 2560
2841 3097
559 604
2323 2520
2054 2169
1529 1569
1256 1377
3605 3926
2414 2467
2443 2542
64 189
2551 2559
3684 3697
1199 1402
107 950
1188 1275
2983 3063
511 512
1995 1999
1117 1191
1125 1163
107 1616
3768 3945
1420 1683
3111 3396
1036 1680
2020 2040
1396 1661
952 1184
1431 1612
361 547
2900 3207
2108 2655
1584 1877
1367 1516
2276 2492
67 308
954 971
2752 2818
1926 2031
2735 3385
1928 2171
2758 3385
1399 1662
3184 3303
2719 3406
0 182
2309 2605
1917 2329
1523 1557
1955 2169
49 241
1331 1879
1335 1754
2993 3149
2121 2600
391 497
2122 2188
1962 2386
1191 1559
2064 2069
2054 2176
946 1746
1170 1549
3101 3120
2220 2553
2418 2546
107 1325
2035 2126
2062 2224
1559 1772
705 718
1198 1584
382 531
1964 2133
1090 1127
2078 2323
605 678
50 113
2142 2602
1081 1794
2815 3426
2045 2369
2184 2276
2090 2586
1323 1902
1434 1544
1052 1260
2754 3202
1948 2533
2777 3078
1939 2368
980 1211
397 485
2941 3068
3261 3274
701 842
1015 1104
0 162
686 739
2786 2977
1714 1821
2128 2153
1989 2590
3767 3958
1929 2593
3008 3318
2020 2046
2865 3020
2160 2659
2561 2573
1146 1255
1988 2515
3018 3307
3355 3406
980 1613
2127 2592
3023 3324
2059 2124
1929 2287
1230 1833
3019 3079
1942 2078
2319 2649
1483 1605
2200 2625
1941 2315
1912 2655
1008 1708
107 1492
2127 2617
1509 1528
2419 2516
1391 1409
2754 2945
1532 1810
971 1783
897 1535
4017 4026
712 767
2991 3049
980 1800
3056 3348
1125 1888
3078 3085
1138 1499
2279 2327
1606 1844
419 428
2031 2036
1256 1791
403 458
2123 2560
2416 2419
1032 1215
2045 2122
1199 1614
1925 2058
3008 3314
2196 2498
3553 3840
1086 1318
914 1217
7 87
2550 2654
942 1515
556 563
1447 1598
2062 2222
412 614
1120 1227
916 1632
1006 1390
1176 1591
2224 2267
2939 3021
3049 3115
1459 1841
1465 2643
2083 2150
1941 2064
1072 1189
2664 3064
3117 3173
2030 2212
82 313
2213 2299
1946 2624
1912 2596
1086 1898
2232 2241
1488 1610
2734 3186
2140 2560
1242 1291
789 833
252 272
2364 2365
2330 2445
1123 1456
1106 1273
1078 1520
3248 3313
2282 2509
2800 2966
1568 1837
900 1136
3455 3498
444 488
1916 2183
769 890
2667 3211
1156 1652
352 462
2132 2390
689 732
1230 1620
357 477
2008 2455
1433 1708
1944 2031
1173 1431
1199 1480
2339 2348
2124 2624
1800 1804
1460 1480
1415 1482
1555 1615
2118 2326
9 79
3078 3232
1102 1783
1146 1813
1112 1184
2148 2224
2093 2352
1222 1584
362 482
1047 1911
1945 2377
374 527
3493 3810
107 1075
1946 2578
1465 1920
3638 3647
473 479
580 1320
1945 2224
2289 2491
3900 3951
2865 3061
1131 1228
1744 1766
3238 3387
266 346
2526 2564
2791 2844
2240 2306
1487 1675
2676 2925
363 1080
2931 3026
1092 1605
1569 1611
2237 2600
355 474
2430 2482
2021 2369
695 696
927 1153
2103 2210
56 231
2964 3057
2098 2600
1603 1799
705 831
1684 3129
1132 1707
1076 1800
2289 2406
2492 2590
3517 3577
2729 2874
3601 3825
2063 2464
1545 1853
1424 1889
64 217
1549 1740
1420 1736
2785 3013
1929 2467
2086 2308
3406 3421
1993 2630
3437 3564
2381 2484
103 211
1199 1675
3051 3330
373 417
2729 2821
957 1392
698 885
1929 2340
1243 1352
1035 1037
3980 3988
2190 2615
3296 3411
2059 2253
3488 3559
3511 3909
1024 1668
2257 2370
2308 2409
615 661
1980 2025
2782 2891
1114 1155
373 553
2056 2578
2906 3098
1505 1666
2727 3374
2155 2235
2210 2624
1282 1661
3521 3618
1583 1680
1260 1308
1036 1475
3237 3324
3803 3821
1988 2076
107 1531
2151 2436
2773 2993
2101 2134
2864 2969
2086 2469
2087 2572
1291 1613
1945 2072
366 431
1015 1682
1173 1520
3547 3779
2229 2409
1542 1809
3540 3797
2122 2139
2030 2188
3468 3878
1242 1407
2915 3163
1751 1893
1081 1099
1597 1737
2074 2347
1076 1083
2821 3166
1625 1773
1156 1839
1988 2594
2180 2420
1507 1770
1684 2733
2153 2609
2240 2428
2693 2999
3221 3383
3154 3288
1427 1766
1509 1795
3113 3378
1104 1347
2749 3348
2343 2516
1175 1269
1488 1717
988 1462
2112 2552
3791 3901
2783 3017
2976 3258
2698 2757
2665 3249
2896 2943
1912 2139
924 1188
1117 1609
1191 1376
3615 3636
2672 2894
3737 3858
2032 2149
1953 2340
2719 3225
0 81
1388 1391
2156 2162
2165 2408
1127 1183
1617 1833
1684 2923
2953 3084
2340 2428
2363 2654
2676 3142
719 734
2007 2144
2169 2224
989 1432
1943 2526
779 840
3437 3874
995 1029
1917 2404
421 543
2057 2332
1291 1547
3810 3951
2946 2952
2292 2473
902 1235
2139 2623
1341 1621
2323 2619
1032 1894
2254 2282
2253 2334
1335 1589
1317 1701
26 271
234 239
1929 2549
1187 1705
2115 2229
2398 2518
3350 3386
745 834
1341 1799
1483 1902
2423 2549
2288 2345
2592 2598
1199 1754
2494 2648
3506 3895
1173 1470
1985 2550
394 400
1684 3227
2037 2369
2363 2464
1663 1772
3247 3277
3080 3269
967 1774
2276 2329
952 1617
2813 2979
1635 1636
107 1542
3789 3923
2007 2461
1410 1705
2149 2203
3210 3346
1945 2135
942 1495
1250 1610
902 1158
632 659
2233 2554
2429 2526
2586 2591
1139 1709
719 774
2712 2853
1610 1622
2913 3417
1473 1699
2115 2464
1938 2190
2589 2608
934 1559
2092 2262
2069 2124
2149 2598
2802 3035
2161 2379
2486 2513
2332 2372
2110 2384
980 1610
2734 3254
2669 3022
1570 1839
2350 2615
1047 1621
2662 3353
1975 2488
2691 2792
3077 3412
960 1091
1912 1980
2099 2247
2397 2488
1926 2313
1985 2139
1390 1554
2564 2607
2140 2638
107 1796
3550 3667
1912 2614
2171 2297
2806 3014
1699 1876
1945 2330
3263 3266
1191 1833
1913 2312
3100 3337
1721 1736
2749 2986
2863 3235
471 553
1955 2643
53 332
2356 2575
946 1211
2943 3022
3437 3519
1156 1826
2384 2588
1980 2435
1446 1574
3240 3386
2782 3123
2048 2581
2038 2325
2107 2644
107 922
1589 1879
361 530
1284 1680
1483 1589
2294 2491
1467 1843
1275 1296
1156 1589
2240 2331
2134 2215
1024 1153
2233 2489
2228 2411
3514 3596
780 834
2075 2434
1126 1737
1267 1795
2047 2461
1410 1866
3068 3162
2122 2244
414 650
708 781
1021 1899
2150 2495
1610 1752
1793 1879
695 697
2408 2638
1984 2121
1235 1423
3281 3320
1183 1529
119 331
958 1452
2142 2392
906 1796
1192 1764
1374 1599
580 1543
1028 1833
1409 1868
2699 3382
1180 1352
2037 2060
1396 1732
2827 3174
1953 2073
3525 3780
1149 1559
2429 2478
1014 1582
2323 2546
2047 2471
1343 1569
1536 1633
2927 3096
1059 1214
3738 3821
2268 2491
1102 1309
2578 2631
2662 3107
2118 2428
3366 3403
1754 1879
2932 3369
107 1655
1066 1080
3499 3532
0 13
1360 1687
1612 1810
1288 1547
606 645
957 1462
4027 4031
1075 1827
2022 2192
3114 3139
2093 2300
2305 2385
988 1100
917 1406
1059 1471
482 506
2395 2404
31 168
2664 3022
3584 3826
376 544
2302 2330
2486 2490
2398 2463
3506 3515
963 1378
1472 1699
1553 1698
1528 1663
513 669
2060 2242
1390 1540
992 1568
3017 3367
1704 1871
2960 3387
2237 2462
1030 1237
2359 2601
3049 3132
2687 3089
2071 2293
2464 2564
1989 2575
1689 1737
2056 2188
26 224
3034 3082
2839 3040
238 252
1684 3340
2511 2653
3153 3229
1391 1843
2892 3154
1059 1632
1231 1715
2398 2582
2134 2510
3040 3362
1075 1184
1914 2009
1941 2423
2038 2141
2025 2648
695 805
1923 2205
2324 2543
1185 1390
2226 2304
3004 3363
2020 2611
1918 2504
3093 3291
901 1787
3122 3218
1971 2625
2184 2386
2111 2368
2361 2373
98 291
2045 2220
2412 2656
688 834
2843 3154
1059 1644
370 414
2410 2607
2313 2614
1026 1613
3201 3320
1465 2032
2329 2428
2064 2275
2915 2977
3680 3869
588 682
3456 3495
653 678
3168 3273
172 265
938 1378
2199 2572
2165 2410
2282 2390
2131 2539
993 1757
3437 3856
1329 1621
348 479
3750 3779
2250 2463
2183 2196
427 563
2328 2394
62 161
999 1554
2894 3017
2890 2953
2150 2564
2117 2463
3185 3434
1238 1637
2841 3214
651 905
3152 3239
1752 1886
726 781
405 531
2190 2573
1360 1847
917 1786
3108 3339
2154 2579
1582 1871
2708 2875
53 330
2370 2446
456 495
2063 2086
2266 2290
1577 2143
1207 1288
1352 1467
2025 2658
387 506
2054 2384
2184 2381
1456 1603
2357 2562
1684 3290
1917 2646
2187 2333
957 1158
2853 3316
2690 2921
1320 1625
1238 1832
3256 3264
1529 1574
600 632
1605 1868
2109 2579
1319 1798
1594 1911
3797 3872
1160 1388
1267 1707
194 249
897 1519
3501 3824
1040 1359
2994 3400
2552 2591
747 758
2124 2409
2446 2559
3489 3676
3288 3332
2150 2446
2328 2649
3468 3927
2332 2598
3111 3395
2125 2243
1447 1863
2194 2543
465 601
2266 2392
1916 2544
2275 2601
1948 2511
2022 2640
2706 2800
1623 1827
2777 3228
2728 3207
2332 2567
2950 3182
3437 3708
111 214
2165 2500
367 412
3124 3380
1291 1888
368 536
2138 2398
2958 3377
1078 1393
781 827
2262 2350
353 601
1577 1666
1972 2025
1336 1447
1259 1536
395 512
2464 2521
3561 3825
1191 1238
2492 2578
1426 1448
713 819
1020 1828
1684 3319
1222 1604
2104 2407
1303 1732
3474 3761
3013 3360
1184 1644
3437 3669
1319 1733
1957 2620
2184 2460
1161 1846
2602 2646
2724 2957
1984 2559
2982 3008
542 591
2300 2468
1941 2239
1078 1516
1017 1336
2676 3174
2985 3108
432 451
1730 1902
2478 2561
2112 2370
2050 2538
792 803
1040 1069
2892 3412
2399 2516
653 664
1928 2447
1153 1845
2139 2446
1940 2330
374 463
107 1755
2695 3303
107 1896
2190 2556
1665 1730
3734 3830
1912 2490
3633 3889
2043 2118
19 227
2862 3029
1539 1816
2383 2564
107 1719
3731 3736
1112 1653
1086 1680
1373 1596
1198 1570
2376 2646
2292 2512
1513 1730
2083 2492
3477 3847
2043 2172
2347 2377
1416 1613
2679 2929
1028 1730
2189 2395
1021 1459
3132 3179
3002 3346
926 1722
136 2127
2813 3409
3604 3734
1584 1639
2745 3237
1280 1670
2689 2729
2709 3211
2753 3038
389 554
1518 1620
2183 2367
2122 2124
1310 1366
169 239
1078 1339
2037 2477
2750 3348
1107 1460
1454 1871
2172 2574
2753 3160
686 751
3478 3696
2287 2601
2199 2547
2309 2607
3038 3391
2200 2354
1099 1382
1178 1419
3072 3097
1970 2226
3154 3188
2131 2559
3234 3294
3516 3639
1185 1849
3049 3391
2738 3363
2586 2631
3277 3416
2738 2977
1070 1152
930 1870
1078 1826
1048 1685
2216 2578
2174 2183
2511 2649
1115 1235
596 653
2819 3342
1684 3345
107 1104
2945 2977
1109 1472
1032 1303
1929 2086
2300 2353
952 1761
514 561
1344 1375
2064 2329
2746 2931
921 1391
993 1689
354 403
1516 1559
1271 1399
1000 1667
1367 1724
1238 1868
1185 1491
2090 2593
2317 2342
1684 3347
651 1011
2109 2376
2002 2304
2792 3037
637 1545
2058 2347
2962 3373
553 567
2233 2611
1124 1774
376 519
2063 2103
2131 2300
2446 2604
2448 2618
2142 2309
1110 1367
3137 3348
3294 3362
1920 2533
2950 3272
1694 1790
2911 3065
2742 3330
938 1533
3610 3779
1277 1322
2539 2623
1539 1789
1172 1609
1528 1637
181 306
3655 3783
1106 1725
1943 2446
1603 1735
2961 3098
2560 2624
3992 4000
1465 2247
2786 2988
1987 2138
1943 2573
1984 2271
2131 2482
1370 1816
1271 1868
2088 2593
1985 2005
2412 2424
2111 2649
2308 2492
2188 2253
2947 3001
1717 1867
1678 1726
2153 2332
964 1482
3470 3796
2907 3000
2184 2324
2359 2600
2867 3243
2056 2257
2121 2142
1291 1590
3087 3249
107 901
1199 1380
2148 2635
1985 2190
416 432
1112 1750
374 565
1341 1736
1946 2526
1140 1317
2666 2985
479 484
2467 2521
1006 1900
2206 2607
2308 2484
2909 3213
1435 1827
2754 3064
1584 1768
773 853
1284 1550
2040 2073
1932 2042
2095 2363
3822 3833
2679 3364
992 1314
756 847
2324 2560
107 538
2348 2615
1180 1665
1009 1381
1456 1483
2810 3073
1605 1843
2142 2520
1399 1473
2473 2566
1076 1750
2540 2637
2863 3267
56 203
2468 2506
2039 2196
451 544
1168 1472
0 234
2463 2598
2077 2307
2059 2307
2369 2370
460 473
2273 2343
2399 2555
816 833
2745 3284
971 1347
3734 3760
107 1836
2823 3262
1962 2331
1291 1663
1420 1557
1985 2331
1471 1605
1242 1835
1580 1861
363 374
934 1211
1983 2602
1125 1712
1330 1900
2037 2069
3509 3794
3532 3622
1205 1584
2468 2492
2698 2927
3388 3394
3703 3926
415 428
1964 2642
719 814
362 445
2872 3022
2905 3033
2037 2098
2060 2340
982 998
2063 2646
2154 2559
3437 3552
1311 1549
2057 2385
2950 3076
2063 2500
993 1877
224 232
3009 3116
1591 1720
1734 1861
1195 1843
2937 3247
2367 2379
2186 2366
1399 1730
2974 3363
1409 1864
1199 1816
2026 2264
1006 1707
2710 2978
2823 3082
696 853
1940 2292
9 224
3635 3832
1873 1903
1020 1786
2213 2604
2730 3244
1818 1897
0 18
3085 3304
2911 2925
2756 2994
2169 2180
3578 3824
720 803
3515 3829
897 1409
1684 3289
925 1092
2218 2307
396 410
1912 1920
3154 3346
2123 2275
107 1110
2153 2463
1123 1799
359 361
67 119
1471 1580
2875 3360
2059 2108
3232 3426
2276 2625
1173 1201
1964 2362
2364 2659
1684 3432
2967 3004
865 868
1682 1716
2093 2376
2543 2560
2973 3319
3005 3145
2246 2471
1101 1398
1344 1416
2969 3301
997 1256
3104 3137
2674 3316
3101 3373
3694 3816
2030 2359
2296 2325
1153 1619
1985 2266
3980 4009
1185 1730
954 1382
2738 2974
1024 1352
2754 3226
1608 1888
1267 1833
2179 2556
430 541
2698 3149
1761 1807
1304 1634
9 85
2973 3355
1080 1526
3947 3951
1803 1866
2003 2111
1390 1598
1199 1810
1952 2110
2475 2508
2261 2499
3731 3877
3690 3758
3090 3362
2100 2558
2500 2615
3529 3937
745 773
606 1616
349 534
962 1844
2135 2336
1010 1496
2428 2625
484 1357
1173 1222
1376 1811
2419 2519
1370 1826
2951 3100
3120 3355
107 1360
2414 2552
3120 3206
2590 2638
984 1215
3320 3353
1331 1339
703 819
350 527
1235 1824
916 1153
2043 2638
1024 1610
815 837
2078 2121
1274 1553
932 1331
1927 2585
3129 3348
1335 1580
579 685
2777 2884
318 334
1971 2556
2347 2491
2103 2500
3672 3928
2782 3054
1123 1211
1500 1633
1612 1669
1985 2037
372 422
3136 3340
1419 1440
1311 1507
3437 3448
3154 3380
916 1156
1481 1503
1201 1598
1388 1609
1983 2550
2118 2339
1939 2053
1984 2619
2757 3174
2108 2381
2118 2433
2717 2827
2317 2644
3437 3754
2218 2504
975 1716
136 339
1916 2151
3804 3860
3573 3576
200 271
2685 3061
2340 2604
1078 1845
3113 3298
3204 3434
3145 3201
2410 2414
3150 3342
1204 1728
696 829
2133 2463
1944 2209
538 1692
2121 2122
1118 1787
3064 3174
1352 1617
1736 1757
2222 2603
1941 2348
3490 3771
1268 1910
1265 1269
2046 2084
1972 1998
1017 1683
2109 2477
1116 1600
1941 2150
2266 2476
1083 1668
75 200
1330 1621
2475 2588
686 796
248 277
1290 1688
1926 2174
2111 2394
3005 3287
2169 2189
2184 2307
2164 2613
2664 2986
277 290
2720 2783
2486 2515
28 116
2307 2624
3577 3674
1995 2538
686 818
1916 2247
2206 2340
1125 1437
1604 1800
1126 1718
3086 3168
2136 2206
3496 3520
3809 3920
3198 3342
1367 1909
479 492
1992 2444
1959 2652
2233 2307
1942 2499
2259 2327
483 1294
187 302
2102 2612
3710 3713
2180 2508
2176 2525
1610 1796
561 651
1343 1492
2755 3163
3545 3968
1156 1868
2233 2464
2743 2986
1066 1716
1367 1877
1086 1663
2404 2560
2986 3400
3005 3151
1196 1845
106 231
2944 3056
1598 1663
2083 2104
1917 2334
1984 2520
1390 1750
84 276
3633 3677
2729 2731
2871 3395
2950 3101
2153 2385
2220 2590
2674 3146
1608 1746
3517 3756
2665 3259
2224 2598
3002 3100
2367 2598
1221 1578
3547 3684
3021 3115
2212 2339
432 514
1341 1351
2250 2279
1961 2128
1538 1589
1029 1086
2408 2521
3761 3829
1212 1671
2124 2560
47 301
3154 3223
1282 1828
1966 2409
1399 1559
2257 2619
2053 2643
1335 1584
2030 2348
2340 2430
1185 1619
686 837
1943 2124
3437 3640
442 475
705 836
1927 2001
2081 2510
2184 2429
1565 1602
2754 2910
2191 2420
1063 1285
2043 2464
1914 2025
1997 2560
1684 3271
2309 2331
1947 2347
1987 2111
1355 1496
1941 2005
2992 3082
3082 3260
2815 2866
1339 1589
2881 3145
1943 2606
1768 1809
363 1320
2575 2646
2887 3363
1003 1644
438 561
2789 3130
2074 2482
2268 2436
1416 1771
107 1624
3734 3971
1535 1811
1725 1785
2958 3079
2111 2189
2174 2283
2639 2647
1684 2756
1632 1799
2170 2650
1965 2325
397 432
2317 2440
352 398
2069 2103
1029 1153
2627 2633
2699 2972
107 1290
453 498
2224 2241
3090 3364
1019 1462
822 850
3035 3051
1539 1835
3116 3306
107 1562
373 414
2662 3207
1076 1632
1319 1601
3730 3737
2675 3411
107 1100
3337 3369
3206 3344
392 559
1272 1585
2757 2917
1214 1622
2045 2069
348 467
2920 3004
2093 2095
3800 3804
2970 3146
3229 3231
2354 2578
1684 2789
901 958
1014 1848
2109 2549
2148 2283
41 44
824 843
3339 3348
1542 1826
2074 2492
2246 2304
2664 2916
1530 1669
3078 3108
1612 1782
3087 3313
2693 3319
2813 3020
697 760
2810 3293
2084 2506
2597 2609
1472 1536
1113 1695
2053 2226
1335 1399
350 531
3747 3776
2233 2561
598 684
2198 2328
1665 1757
577 583
2108 2654
2327 2377
2054 2187
2210 2324
1912 2243
1971 2118
2206 2404
2863 3347
1959 2174
1117 1835
1684 2811
2078 2271
462 536
2266 2543
2206 2414
3835 3850
2115 2560
2229 2606
3330 3369
2394 2598
2867 3184
1427 1473
2275 2340
1078 1898
479 513
1953 2323
2072 2283
107 1425
1140 1666
774 819
2105 2260
3109 3345
1514 1844
3633 3797
2328 2479
1185 1757
2347 2489
2142 2564
1935 1973
1569 1781
1958 2645
2129 2628
2005 2369
1360 1719
21 252
2468 2550
1154 1349
23 124
1101 1230
2107 2145
1025 1487
2201 2323
3442 3740
3437 3585
2531 2616
3329 3349
107 1385
2103 2469
3725 3874
3129 3226
2472 2629
1227 1587
3076 3258
2289 2598
0 69
2414 2615
1715 1873
1941 2533
2376 2630
2743 3400
1431 1833
2154 2240
9 280
1108 1729
2183 2543
1460 1842
959 1898
1370 1746
2206 2460
716 741
2118 2478
993 1076
1918 2115
3140 3341
1467 1551
3185 3272
2261 2630
515 553
1943 2339
2782 3010
1955 2336
107 1399
50 148
2280 2328
2283 2537
1420 1891
2250 2333
953 1898
1953 2201
2348 2607
2014 2225
1159 1828
3687 3702
1685 1835
251 320
1709 1807
711 784
2340 2504
2730 3307
3518 3838
2306 2542
2928 3073
1946 2090
2960 3104
1092 1761
2037 2323
428 451
2290 2526
1948 2597
3419 3434
960 1584
3605 3948
866 895
2273 2399
1272 1559
1971 2462
3150 3332
1536 1634
942 954
1017 1291
2689 2907
1962 2084
2872 3040
2556 2575
3038 3252
2154 2212
1912 2163
1014 1611
2549 2630
712 839
1494 1803
1215 1503
2063 2392
3717 3744
3654 3697
1751 1875
3465 3957
941 971
2416 2610
2183 2292
1016 1889
115 116
1314 1333
1528 1746
1684 2912
2282 2420
579 590
1302 1768
2183 2472
1920 2180
2137 2608
2319 2543
1184 1902
1334 1509
2119 2129
1230 1359
2268 2635
1352 1752
461 525
1931 2202
1161 1858
982 1663
3452 3966
359 489
2764 2822
1020 1502
1137 1216
2329 2559
2202 2620
3525 3596
2142 2526
1305 1312
2733 3272
1191 1291
445 465
1107 1256
3149 3226
2161 2264
2752 2781
2095 2410
2172 2418
3545 3640
3496 3677
1621 1741
2516 2555
2428 2586
1947 2054
1003 1721
1941 2153
2179 2563
651 1778
107 1373
170 341
1199 1723
185 315
1334 1520
934 1603
2005 2142
2237 2578
1660 1801
2150 2549
1236 1703
1714 1810
490 502
2478 2551
3163 3387
422 620
823 830
1181 1597
1258 1260
2667 3349
3469 3972
2005 2482
1945 2344
916 1335
2060 2507
1613 1707
3764 3915
1912 1943
957 975
1108 1282
1260 1338
3731 3891
792 819
898 1309
1413 1475
2138 2592
414 593
1271 1665
2286 2314
2194 2461
1348 1847
3033 3119
1028 1617
953 1447
2268 2510
2445 2598
2396 2458
102 227
2101 2516
0 66
124 170
1211 1361
980 1047
2101 2617
404 440
2098 2602
2943 3085
2129 2656
2330 2649
1746 1789
3027 3302
1643 1835
2976 3378
104 128
25 83
2201 2299
2045 2563
2884 3227
1971 2140
2552 2619
697 766
967 1305
596 1103
566 1692
1367 1685
2294 2372
119 297
1916 2419
2827 2956
1066 1102
2068 2135
2492 2602
2507 2559
2713 3207
1939 2111
1003 1559
2978 3303
2112 2200
3633 3971
1912 2631
366 1313
1277 1347
1488 1547
1014 1204
926 1409
422 601
714 767
2925 3098
98 113
1376 1431
2373 2411
3000 3135
2289 2322
1957 2659
2797 2936
2217 2548
2278 2404
781 793
1655 1859
3692 3830
2093 2218
1271 1480
1335 1839
2029 2328
3129 3363
2033 2118
3443 3915
2778 3179
1374 1400
2812 3291
1964 2514
2198 2250
1929 2253
2797 3378
1344 1804
932 1589
2755 2906
1948 2199
3455 3588
1166 1824
538 1778
3051 3224
1198 1827
941 1828
2181 2562
2187 2643
2117 2126
3437 3785
1912 2016
200 304
999 1351
2749 3096
3782 3786
2911 3078
2970 3419
1547 1736
1577 2072
2111 2325
1347 1432
2088 2630
1271 1604
2966 3301
897 1590
107 1347
3448 3841
1543 1881
2040 2376
3174 3399
1985 2381
2152 2388
2830 3233
2847 3307
1683 1835
2867 2919
3852 3877
2261 2543
53 317
2742 3115
2290 2546
3116 3252
1912 2054
1009 1082
921 1570
387 465
2257 2520
2035 2440
2104 2266
2546 2560
3087 3427
1547 1707
2122 2381
2543 2638
198 549
2071 2264
1159 1472
0 76
2839 3108
3007 3241
2183 2398
2028 2071
500 519
1959 2289
3014 3293
1312 1819
2521 2578
3508 3615
2680 2943
1570 1613
1684 3241
2282 2396
2010 2169
2598 2609
1275 1366
1609 1782
2161 2509
925 1614
1487 1910
1526 1844
1465 2128
3545 3930
2927 3119
1341 1683
3174 3195
3101 3350
1940 2127
107 1364
1236 1472
2072 2279
1491 1833
1125 1271
917 984
2091 2488
1979 2477
1025 1334
2109 2499
551 554
2793 2833
497 510
1941 2460
3018 3103
2348 2369
2084 2165
1112 1644
2862 3026
2030 2073
497 515
1568 1787
2806 2925
107 1312
1014 1281
1335 1339
1184 1520
14 28
1338 1869
1981 2072
2991 3419
901 1895
2143 2533
2323 2348
1932 2384
2223 2519
3893 3941
3308 3405
3026 3036
3325 3382
2107 2488
1215 1850
360 438
2029 2344
2878 2904
438 507
989 1345
2143 2471
3486 3909
1940 2498
3070 3106
2058 2142
102 175
1413 1636
2662 2951
1584 1614
3291 3321
3034 3345
2033 2602
3084 3293
2430 2560
1946 2201
1056 1620
698 830
1479 1715
3025 3090
3097 3342
2532 2655
2024 2157
1302 1431
1369 1779
214 326
2187 2344
3824 3884
934 1799
2323 2551
2991 3035
1931 2627
3615 3776
2915 3000
1179 1778
2661 3146
2347 2446
186 272
1003 1843
2203 2616
2715 3365
2062 2161
3052 3104
1929 2308
1999 2538
2088 2340
1459 1872
1471 1509
2994 3114
246 322
2033 2586
2279 2417
2058 2309
483 919
1943 2561
2125 2512
1431 1800
2950 3144
2053 2292
398 561
1052 1885
1805 1852
1559 1689
3889 3943
898 1108
2300 2370
2136 2464
1438 1611
2071 2642
2333 2420
1926 2138
2111 2198
2069 2500
982 1754
2124 2423
1398 1513
1377 1868
1017 1293
2332 2609
2863 3258
2088 2339
2781 3136
980 1164
2046 2118
1235 1596
1917 2391
374 544
1584 1849
2877 3362
2374 2507
2293 2332
2112 2468
1086 1457
1448 1691
2344 2463
596 1576
2103 2381
2742 3079
2550 2593
2188 2290
1597 1652
1997 2078
1434 1860
959 1380
2324 2542
862 3633
2237 2464
1912 2656
1555 1579
993 1839
757 775
353 475
2348 2430
2518 2594
3145 3386
2151 2247
1559 1589
3791 3960
200 322
1997 2184
2123 2188
57 249
3558 3945
726 812
1146 1230
3087 3255
3437 3868
432 546
1101 1610
2299 2300
423 537
960 1542
1665 1898
1939 2183
398 409
414 661
1204 1587
1941 2007
2313 2618
1017 1669
2086 2418
2939 3082
1037 1052
2306 2561
2835 2862
3115 3397
1593 1825
2604 2638
2255 2453
1097 1319
3021 3434
1080 1437
1098 1328
1920 1994
223 313
2666 2872
360 387
2229 2578
2347 2399
2053 2161
2874 3025
993 1256
2193 2316
1600 1879
2247 2511
2464 2485
2384 2502
2190 2276
1045 1368
1415 1496
3596 3721
1158 1347
1129 1862
428 544
2716 3276
1404 1576
960 1823
3536 3727
517 976
2116 2337
3178 3415
1684 2771
2936 3291
2887 3114
2828 2937
1039 1809
475 521
1451 1794
1839 1902
1047 1891
107 1458
2117 2169
1662 1835
698 878
2944 3362
2471 2617
2268 2530
968 1658
3684 3948
2890 3119
2557 2641
2206 2430
1983 2579
2471 2473
3021 3419
1164 1584
2133 2598
1959 2511
1222 1861
2970 3201
2142 2630
1185 1826
2093 2550
2304 2475
2161 2598
504 539
641 651
1596 1783
906 966
3021 3116
978 1272
2149 2199
1457 1584
2010 2629
2620 2626
1966 2124
1684 2975
2956 3166
1123 1843
136 322
2906 3108
515 614
1124 1663
1132 1456
0 299
0 4
952 1717
1182 1522
2992 3280
2084 2352
690 713
1970 2318
2909 3324
1322 1448
2386 2553
0 5
1684 2713
376 481
2877 3250
2164 2462
1178 1803
1917 2326
2045 2556
2758 3264
3247 3347
1420 1530
3140 3255
3132 3297
1783 1794
2069 2553
107 1354
2237 2460
2074 2309
2282 2333
2226 2581
1175 1610
2414 2520
1047 1813
1006 1795
938 1895
1201 1842
3247 3434
36 309
2778 3118
1409 1622
783 809
1101 1800
2165 2507
1912 2466
2032 2268
4009 4030
577 658
21 159
921 993
2088 2124
2833 3079
1317 1564
3051 3350
1437 1827
3478 3766
3437 3593
1352 1868
1216 1468
494 497
360 567
107 1305
2354 2485
2748 3321
3395 3415
711 738
2414 2607
487 503
107 1200
3331 3405
2134 2451
2881 3015
376 683
2482 2564
1516 1608
523 524
3035 3347
1925 2356
2184 2201
1449 1458
3342 3355
1278 1750
2363 2460
2218 2329
3478 3964
1986 2077
2331 2624
107 1800
1786 1820
348 369
2144 2199
906 1888
2213 2410
422 609
2042 2649
1926 1941
412 423
2779 3207
2241 2436
1912 2323
391 491
1358 1844
2454 2631
2304 2399
1966 2131
959 1288
107 1315
1012 1436
3226 3387
1488 1888
2414 2495
369 509
3194 3209
1985 2212
1946 2356
2984 3107
2495 2574
1211 1804
5 158
2253 2536
2827 2917
3000 3387
370 666
2604 2606
373 491
1336 1516
2819 3148
2254 2498
1993 2074
3465 3836
1550 1573
2748 3247
2084 2104
1300 1740
2283 2518
2299 2381
434 515
639 678
2781 3347
2346 2657
2872 2873
934 1267
3852 3873
424 554
172 271
2738 2835
2179 2485
2224 2533
2190 2482
2052 2333
1564 1585
2664 2694
2046 2578
2074 2278
2112 2631
1171 3290
1379 1438
1090 1749
3007 3188
2916 3417
526 1407
2196 2475
2140 2467
1351 1839
2201 2206
2266 2350
2560 2638
2149 2196
1531 1620
944 1366
2993 3387
1230 1559
2279 2649
3166 3400
2009 2583
2032 2463
3456 3604
1626 1800
1970 2002
414 582
1274 1588
2064 2395
2904 3211
0 123
2661 2687
2122 2539
1938 2433
483 1694
952 1823
1747 1787
2220 2409
1183 1783
2928 2946
2086 2216
2369 2485
1341 1735
1243 1902
1991 2011
3635 3730
2062 2617
3027 3347
3964 3967
107 1213
2583 2659
2404 2573
937 1248
2302 2547
1393 1522
980 1644
2028 2588
2047 2314
2134 2268
2229 2560
1912 1987
1175 1352
1467 1730
1076 1804
1180 1388
905 1263
2188 2276
2429 2512
3172 3313
2905 3119
2738 2944
1637 1888
1146 1214
2332 2597
916 1619
2061 2143
932 1864
2853 3347
2339 2418
2674 3101
1938 2392
2074 2179
2679 3026
946 1196
2327 2368
3321 3351
1791 1835
1282 1591
2407 2507
1934 2388
2853 3239
3025 3231
650 661
2077 2601
1919 1954
3038 3154
1920 2128
1962 2109
1305 1846
1421 1433
3219 3385
981 1322
1912 2152
1520 1707
2561 2611
939 1064
1686 1699
1707 1804
719 834
2217 2313
1175 1467
3625 3962
378 651
2206 2623
1684 3108
941 1081
3780 3851
2712 3357
21 134
3142 3226
2751 3357
3324 3417
414 608
984 1495
952 1390
641 1425
3577 3800
2334 2369
2084 2495
1912 2291
766 800
2738 2994
92 204
966 1101
686 826
82 318
1086 1804
2781 3419
1210 1332
1483 1619
2546 2579
784 854
996 1505
1257 1862
109 142
3442 3728
2328 2629
2033 2240
1409 1768
1912 2362
1628 1691
917 1245
1207 1712
1962 2140
1258 1703
1126 1523
1117 1551
2849 2853
857 862
2920 3085
1185 1255
1437 1793
3901 3918
107 1204
1912 2581
403 555
2276 2485
1659 1724
2839 3117
2753 3378
959 1663
2288 2391
2151 2629
1125 1799
2139 2460
3038 3150
3227 3269
2783 3028
2085 2581
1684 2726
99 143
917 1281
2199 2432
950 1445
1416 1683
2052 2642
2300 2446
2578 2593
1987 2510
1087 1505
1243 1746
1351 1845
1912 2206
636 677
3635 3830
3029 3384
917 1436
2755 2993
1539 1877
1520 1612
1925 2553
3256 3376
484 1223
1612 1849
374 438
1036 1841
2046 2625
3592 3888
2007 2161
1663 1819
439 451
966 1331
1989 2040
1223 1724
397 402
2184 2624
2506 2550
2064 2590
3437 3976
1222 1487
2745 3033
932 1399
1074 1754
3443 3829
169 291
2875 2937
1107 1643
2951 3196
449 504
2509 2616
412 496
1146 1540
2328 2398
2983 3020
2071 2199
2254 2268
580 1349
1592 1628
3512 3604
2137 2592
2063 2611
2115 2140
3710 3907
1737 1800
3596 3889
2668 3357
2418 2433
1958 2116
2839 2911
2073 2376
1432 1715
2793 3051
3842 3948
1427 1773
3851 3877
1684 2973
1644 1795
2090 2462
2501 2542
2082 2120
136 2529
1323 1509
2169 2629
3484 3873
1416 1799
3545 3722
3830 3831
2187 2268
439 445
1465 2315
2233 2578
2939 3049
963 992
1250 1435
418 544
1020 1158
1270 1711
2208 2462
3733 3954
2860 3019
2777 2974
1912 2226
946 1302
2037 2359
1953 2112
3169 3416
3475 3873
2180 2254
2088 2334
1026 1675
2232 2473
3116 3132
1941 2148
797 820
2043 2058
2500 2602
2777 2909
2370 2550
1602 1790
2111 2149
2122 2309
2138 2510
136 2660
2482 2543
2064 2386
2145 2322
2021 2526
2118 2578
2730 3341
1971 2220
3577 3609
2507 2561
2153 2282
2131 2542
434 563
1076 1126
1962 2492
378 414
917 1686
2354 2468
1628 1661
2945 3435
2029 2438
1051 1444
2253 2359
1943 2590
3104 3339
975 1857
1622 1746
1973 2202
2083 2631
2083 2564
14 326
1598 1665
3132 3145
3140 3179
641 1448
947 1835
1684 2963
3056 3220
1684 3194
1941 2138
2894 2937
1195 1782
1160 1571
1522 1761
2828 2970
1938 2122
995 1361
2124 2556
650 670
427 428
1609 1888
686 732
1593 1708
3484 3831
2103 2477
3106 3345
1684 3267
2800 2988
2815 3098
598 653
1609 1688
1085 1421
3070 3206
2938 2964
2665 3035
2386 2625
3480 3830
188 297
1942 2019
1256 1804
2153 2629
465 487
993 1823
2032 2512
2370 2593
2669 2916
2362 2480
1275 1869
498 532
1126 1420
1163 1619
2680 2911
2081 2111
3456 3692
2782 3174
1920 2151
2339 2370
2827 2877
1620 1845
995 1323
2748 3058
1962 2624
2292 2642
2778 3422
2703 3325
1378 1493
67 158
3930 3938
2127 2203
2662 2830
1128 1185
1966 2468
2203 2336
2179 2347
3750 3795
1377 1420
1983 2043
2915 3294
2032 2279
428 463
0 50
3476 3957
1135 1160
1926 2511
1921 1968
422 593
2433 2546
3257 3293
1136 1866
2290 2359
1824 1871
2795 3353
2071 2384
620 653
2073 2257
3103 3285
2829 3062
3029 3257
2950 3360
1979 2611
2737 3233
1577 2199
3689 3721
2889 3382
2001 2012
2072 2555
139 320
3176 3225
2083 2559
1173 1609
1668 1789
2057 2199
2914 3256
2925 3108
1052 1304
2115 2237
2242 2501
993 1302
2061 2645
1460 1590
1971 1997
434 478
2914 3397
2724 3019
2518 2642
709 819
2200 2340
1604 1669
2268 2445
0 30
1339 1737
2669 2676
1388 1864
2923 3285
2706 2761
402 497
3656 3683
747 783
1569 1635
373 515
1393 1842
40 325
3108 3195
2037 2560
2094 2245
1459 1706
1078 1335
3437 3638
1322 1404
1076 1669
3452 3488
2966 3158
2078 2261
1064 1596
2093 2188
2056 2212
1488 1826
1420 1622
430 569
1261 1820
1135 1497
2095 2354
1927 2000
107 935
1519 1832
2765 3146
766 771
1533 1758
2213 2593
2746 2920
2030 2536
989 1277
512 517
1741 1898
1003 1663
2106 2168
993 1059
2601 2630
1388 1868
1288 1668
1454 1812
3201 3355
3051 3182
1912 2087
2001 2585
1912 2238
993 1717
2334 2374
3506 3758
1130 1132
2123 2179
1048 1554
2800 2927
952 1714
504 541
1184 1746
982 1017
1985 2506
1480 1662
1132 1730
1235 1392
3023 3232
1835 1902
2381 2462
2578 2624
2201 2506
1238 1361
2142 2433
976 1692
1121 1770
2407 2615
1367 1522
1294 1844
373 374
0 301
1078 1457
3051 3198
856 889
1966 2446
1392 1636
1971 2179
3201 3378
3035 3201
3641 3967
1076 1761
3026 3104
920 1376
948 1677
1199 1376
3437 3851
1026 1352
80 249
2282 2292
1628 1903
2913 3042
711 722
3038 3197
2185 2425
3656 3684
370 525
2384 2629
1067 1611
2773 2862
1082 1227
946 1557
993 1359
2191 2196
1899 1907
2047 2292
374 570
2715 3264
1107 1554
2267 2463
2561 2590
2328 2343
2353 2590
915 1673
930 1549
1150 1327
980 1570
1991 2061
1125 1352
520 567
916 1730
1918 2430
2030 2090
1054 1746
942 1742
1329 1774
1714 1823
440 493
930 1294
1331 1584
391 482
1130 1707
1028 1768
67 304
9 295
932 1535
460 514
412 487
1126 1128
1941 2121
1124 1665
3587 3964
3586 3788
1939 2543
1983 2229
506 645
3013 3194
2223 2328
2268 2330
2045 2276
2103 2578
3307 3341
3162 3203
2934 3244
2210 2220
3035 3330
1207 1717
1185 1653
1505 2734
1304 1876
1707 1886
538 560
1024 1736
1014 1227
1912 2172
947 1376
460 515
1192 1459
2268 2543
2761 3414
1718 2052
2306 2532
3714 3906
2717 2986
1949 2277
1282 1508
3120 3150
2180 2567
2163 2502
395 520
2134 2302
988 1628
2190 2591
1621 1813
1365 1799
1019 1345
538 1374
2128 2344
1312 1717
2069 2210
373 436
1938 2482
2338 2547
3135 3220
1406 1502
413 415
1163 1791
2038 2198
3331 3353
1979 2165
2010 2419
2140 2593
1971 2536
3705 3794
2239 2267
1456 1886
1126 1849
2009 2018
2354 2560
2278 2560
2150 2553
2308 2532
2379 2598
3150 3223
2118 2359
2730 3342
25 239
2392 2542
1054 1110
466 481
2030 2306
1056 1598
1532 1746
3292 3331
2520 2556
431 525
2778 3252
2087 2294
1006 1039
1196 1799
0 61
2293 2398
1275 1504
2664 2773
2153 2250
1185 1675
2368 2498
3677 3930
2083 2553
2312 2355
2831 3256
107 1903
3437 3803
2271 2323
439 506
3680 3924
2370 2429
2702 3330
773 828
117 231
2904 3152
2949 3155
2951 3191
1948 2026
1067 1192
1108 1235
94 330
1964 2361
3690 3781
525 537
3049 3101
2354 2646
2906 3054
2215 2417
1391 1888
0 2
1966 2520
3179 3205
1589 1590
1941 2247
2149 2189
1425 1545
1377 1835
2043 2563
2111 2144
2862 2985
1320 1692
119 277
2150 2654
2863 3277
2047 2135
1004 1163
947 1287
1006 1827
1028 1663
1184 1662
3406 3422
1361 1644
604 671
107 1207
2149 2187
2137 2594
1622 1791
1617 1793
2334 2625
1104 1635
1217 1807
2331 2334
107 1569
2763 2810
2183 2368
400 482
2047 2616
1322 1841
2932 3198
1598 1809
3198 3331
2323 2430
1292 1475
2044 2427
1148 1628
1649 1850
376 471
967 1146
1925 2299
1971 2108
1309 1742
3535 3823
1230 1388
2218 2638
3497 3576
1015 1479
1335 1557
2279 2330
1391 1449
2763 2948
1309 1848
3461 3968
2231 2411
3756 3824
2112 2369
1124 1180
2045 2278
2003 2491
3437 3958
1920 2117
2132 2471
2123 2370
1185 1439
3714 3924
2107 2166
921 1888
2085 2235
763 787
462 494
107 1019
1985 2579
2275 2348
1912 2202
686 706
2364 2627
857 871
1092 1390
1663 1746
2951 3397
1953 2347
2115 2376
1590 1714
1943 2037
1003 1746
1718 2268
353 561
2169 2176
2526 2601
3460 3945
2806 2880
908 1687
2276 2590
2306 2489
2002 2142
2253 2340
169 322
1054 1707
1622 1639
2071 2609
1285 1619
2858 3097
1009 1261
465 507
2837 3269
1257 1647
1983 2575
748 817
1092 1589
2070 2156
2103 2121
2730 3138
1272 1584
2849 3277
3321 3360
370 553
2142 2638
1181 1600
139 184
2787 3380
1298 1413
1298 1404
2969 3426
2090 2500
1367 1789
2308 2347
2828 3332
1612 1613
2056 2086
1752 1867
1352 1734
1943 2220
1920 2279
1530 1809
934 1584
3484 3940
1272 1367
2063 2507
136 2117
1993 2348
4002 4027
2960 2966
1006 1124
2683 2743
2043 2564
1185 1530
1604 1868
3001 3245
2890 3362
1565 1645
2664 3090
1962 2602
2543 2573
353 1645
29 82
2074 2271
2916 3065
2117 2328
1130 1612
2078 2630
2363 2625
942 1215
3017 3422
45 221
2424 2587
980 1305
484 1313
3456 3654
1298 1587
2956 3387
1274 1433
1382 1820
2796 3199
2989 3252
1929 2142
2199 2385
971 1502
2115 2339
2292 2420
2679 3435
431 515
2931 3238
1159 1630
2169 2616
2108 2590
1074 1707
1563 1637
3033 3040
1095 1487
2055 2206
982 1619
1943 2478
3116 3296
906 1724
1015 1462
1402 1665
2909 2969
2986 3098
2591 2602
2271 2607
2890 3232
901 938
1946 2229
921 1753
1985 2333
3449 3788
938 1733
1926 2133
3041 3188
1947 2582
2352 2507
1390 1632
48 203
917 1051
3392 3428
967 1405
686 830
632 675
3677 3756
2102 2127
1339 1827
2847 3162
991 1726
2335 2361
3219 3365
483 1812
1530 1754
2781 3327
2771 2954
1036 1432
3437 3920
1214 1321
2087 2196
1055 1431
862 3586
2900 3412
2475 2512
1932 2117
2210 2347
1066 1309
2329 2464
2164 2563
366 378
2266 2574
3437 3936
2326 2575
1998 2636
1642 2764
1347 1459
2140 2619
1918 1943
1104 1583
1613 1821
1367 1530
1423 1591
1652 1867
913 1738
631 678
415 556
1962 2613
2526 2543
2090 2607
2090 2340
1459 1680
3302 3330
1015 1423
951 1702
1032 1473
2007 2187
917 1807
1196 1718
596 1872
1482 1904
0 247
1921 2640
1983 2410
3238 3348
2223 2250
1941 2370
2461 2598
2139 2630
3072 3263
3090 3114
980 1422
2665 3274
906 1367
119 171
1684 3357
1367 1714
2853 3146
2101 2394
2353 2593
1361 1858
390 539
1575 1727
1359 1811
2738 3029
2126 2371
2045 2600
2167 2487
1600 1888
2171 2417
1365 1538
2189 2512
2045 2433
2161 2508
2000 2001
1940 2509
952 1849
3019 3295
3237 3390
3568 3866
2088 2363
0 172
2224 2547
1302 1735
1379 1426
1912 2538
348 571
2199 2420
107 1324
1078 1256
2179 2430
2746 2925
2730 2999
1059 1867
2161 2475
2161 2338
2213 2638
1113 1318
1238 1833
1471 1793
2095 2290
1979 2521
1972 2022
1639 1644
2140 2556
2117 2148
502 548
2058 2088
1079 1351
2042 2151
1943 2559
1287 1800
916 1605
1068 1331
1637 1845
1049 1620
1076 1156
3120 3267
1310 1355
224 291
2694 3085
997 1571
2184 2654
1481 1633
142 277
637 1487
1272 1551
3194 3212
2676 3363
1563 1804
2967 3023
1059 1623
2369 2414
2229 2374
999 1721
1068 1793
3111 3279
3437 3496
3591 3793
1314 1787
1962 2308
1006 1488
3679 3939
3437 3492
3113 3347
3150 3302
1997 2410
2694 2988
2276 2307
1547 1789
1684 2805
1001 1616
1318 1549
2122 2172
2369 2520
1115 1148
2764 3278
3857 3868
1444 1783
946 1827
1026 1757
1452 1837
2102 2610
1059 1112
2921 3360
1539 1750
2040 2428
2026 2133
1175 1398
3437 3826
3640 3824
2046 2334
2836 3005
1342 1425
369 389
1462 1635
1026 1835
1584 1839
2142 2409
1377 1714
580 1155
2261 2376
2202 2658
1421 1866
1491 1799
3793 3833
1132 1390
2201 2218
2020 2446
1684 3161
1148 1315
1440 1537
2214 2514
2607 2638
2044 2266
3986 4000
2283 2328
197 281
403 452
2229 2408
2794 3433
2898 3248
374 566
1047 1126
2661 3120
1218 1403
2542 2546
2104 2546
2042 2333
3056 3129
2757 3104
2951 3203
1970 2151
409 517
2914 3279
1932 2609
1306 1428
3437 3583
2950 3351
1964 2091
1114 1223
1941 2282
1547 1721
799 835
2231 2488
2754 3195
2803 3214
2781 2836
1966 2206
3553 3835
597 654
917 944
3605 3860
2290 2553
1272 1509
1736 1888
2275 2586
1181 1399
2059 2370
2070 2488
3338 3427
2198 2588
1014 1406
2240 2423
1399 1712
2694 2827
2299 2500
3558 3584
1478 1545
2303 2526
1576 1578
2673 2877
1389 1768
1432 1495
3187 3256
2866 2873
438 683
2099 2199
2282 2293
1128 1800
2104 2638
946 1570
1242 1819
2093 2339
2010 2176
2039 2512
946 1886
1530 1613
2299 2352
2121 2123
2759 3426
2239 2543
2244 2352
2849 3416
2745 2960
2020 2098
2492 2532
1986 2408
3584 3821
1338 1906
67 212
271 277
2229 2233
2556 2574
641 1459
3478 3960
941 1611
1003 1600
1986 2115
439 471
2326 2507
3658 3800
2078 2086
1070 1275
1912 2432
1718 2328
1926 2205
361 396
2433 2615
566 936
2906 2974
1250 1689
2102 2176
2806 2986
1920 2187
1547 1551
2104 2331
1962 2630
2313 2322
1479 1720
506 513
1912 2335
3082 3409
2032 2597
387 556
2418 2600
2102 2471
1062 1223
440 508
2010 2250
200 276
1242 1376
1158 1502
1015 1120
1912 2314
2716 3082
436 484
1211 1827
2039 2332
2380 2448
1497 1743
3056 3195
1129 1587
2794 3417
1942 2037
2546 2591
2257 2428
1123 1617
2087 2191
3561 3927
1180 1600
1009 1655
107 1525
3629 3740
1589 1868
2032 2472
1083 1714
1100 1862
686 746
1966 1983
916 1718
3516 3919
1589 1886
3224 3397
1367 1557
3077 3373
2377 2516
2221 2344
2665 3397
2040 2172
1284 1820
589 597
1993 2201
3510 3634
946 1839
703 758
3113 3148
2020 2354
2218 2601
1409 1570
1919 2659
1291 1399
373 395
123 186
1695 1801
1162 1599
2500 2600
3695 3919
2906 3033
925 1185
2139 2532
475 1536
713 772
1011 1541
3273 3373
1219 1813
2866 2872
2150 2604
3752 3972
2689 2705
1211 1669
3470 3778
1076 1375
932 1173
2249 2336
2124 2287
3345 3352
2382 2456
2324 2521
100 189
2084 2376
1584 1765
2468 2572
2043 2220
1049 1242
1003 1255
2142 2560
107 1280
2088 2611
2469 2556
575 664
978 1612
708 811
1912 2558
947 1059
1160 1835
2734 3157
2782 3014
2172 2266
1112 1255
2221 2333
2155 2209
896 902
1195 1637
3291 3434
1509 1639
1577 2148
2078 2201
1912 1985
1402 1598
2674 3082
2142 2190
4000 4033
1 119
2268 2459
1100 1857
1948 2128
2810 3117
2417 2640
3508 3598
2408 2625
2037 2393
2111 2289
1914 2585
2868 3051
806 850
2302 2555
2039 2169
1912 2040
2030 2303
1964 2007
834 853
1993 2469
169 252
484 1095
1391 1868
1953 2409
2370 2654
1227 1322
107 1837
2154 2429
2239 2509
3437 3876
1014 1345
136 2589
3448 3938
1146 1622
2278 2363
2950 3172
1351 1522
2052 2072
2775 3018
1433 1806
246 339
368 493
2057 2134
1465 2533
2354 2539
1380 1707
932 1605
3078 3098
2236 2411
370 430
2381 2539
1352 1761
1542 1772
2492 2521
2016 2494
1951 2011
2221 2479
2294 2608
1912 2482
1232 1837
1462 1680
136 308
913 1436
2499 2575
2384 2463
2668 3279
2551 2615
960 1471
1302 1714
3668 3761
2133 2384
2220 2266
1525 1630
1280 1722
2410 2578
1336 1809
1471 1603
2250 2398
1768 1879
944 1070
1380 1554
1017 1024
2038 2617
3553 3722
2409 2624
2014 2648
2624 2638
1042 1536
2356 2492
136 2461
2973 3212
2062 2132
2973 3070
1199 1491
2071 2194
2172 2309
2131 2370
142 186
2065 2567
1098 1251
1684 3054
373 645
2698 3026
3008 3423
2108 2266
1554 1714
1591 1781
1912 2613
1039 1214
2336 2537
2986 3284
2244 2655
1018 1479
423 527
946 1612
2292 2609
2130 2313
2367 2537
2192 2447
898 1066
1126 1605
1577 2198
2754 3339
2127 2292
2128 2436
2150 2244
2495 2631
414 641
1389 1813
2199 2616
2108 2507
2756 2981
2733 2937
2785 3101
2266 2602
56 323
1153 1833
1746 1804
1473 1818
2102 2491
2478 2646
2439 2450
1919 2627
136 2502
1318 1695
1947 2153
1948 2246
3705 3722
1431 1810
1329 1819
1684 3426
3488 3804
1076 1323
1771 1867
1532 1800
67 322
2069 2266
2087 2547
2112 2275
2090 2619
1059 1431
2126 2412
3758 3969
370 492
1356 1694
2352 2376
2982 3423
3605 3702
353 651
2064 2560
1172 1604
21 223
2315 2567
416 419
2326 2549
1067 1893
2054 2451
1393 1407
1516 1520
2010 2343
1011 1259
1941 2275
3437 3866
3448 3734
1124 1437
1173 1219
2916 3228
1375 1735
2074 2136
1329 1393
2122 2638
2863 3201
1912 2586
2277 2411
1293 1730
1948 2010
1107 1123
1079 1199
2103 2200
471 475
1539 1584
2384 2531
2748 2950
456 559
2073 2430
2138 2180
2866 3098
2266 2428
2184 2507
1655 1682
1331 1816
2148 2292
2216 2600
3471 3540
2845 2892
3633 3873
713 827
115 262
2059 2601
2363 2408
400 601
964 1876
2088 2216
2074 2218
2698 3096
3672 3804
2142 2150
524 544
953 1409
1334 1637
2873 3174
1431 1530
2084 2423
4002 4031
2124 2395
2064 2131
2123 2356
1040 1868
2906 2960
203 270
1718 2294
2144 2543
2764 3263
3017 3101
2384 2445
573 625
107 1063
2712 2785
980 1516
1987 2087
2304 2509
403 547
2122 2359
1199 1632
1979 2414
2032 2111
2391 2623
2015 2152
2052 2471
3657 3819
921 1685
2906 3026
2058 2623
504 507
1649 1706
2741 2986
2059 2352
1364 1818
224 261
1966 2550
3132 3280
2176 2543
1604 1665
1149 1209
3538 3595
67 334
2302 2533
3163 3226
2791 2876
2073 2482
1912 2658
948 1870
2114 2322
1979 2552
1267 1289
107 1436
3558 3786
1603 1823
2336 2372
3000 3025
2694 3364
1166 1783
3804 3858
2122 2560
2078 2654
359 491
3437 3623
2069 2093
376 413
496 553
1918 1946
2719 3150
1916 2289
1465 2194
2233 2391
2668 3117
3437 3576
2553 2638
3737 3790
1522 1590
1932 2445
2088 2391
526 1329
3051 3152
1391 1622
1244 1703
1303 1783
2005 2334
2290 2485
964 1041
170 274
1078 1222
1204 1495
2235 2537
3557 3640
2482 2625
719 805
107 1585
2777 2912
1042 1686
1551 1580
1126 1813
2326 2339
489 547
1597 1603
1227 1229
2165 2220
1221 1872
2029 2362
3706 3924
423 484
2090 2604
2418 2564
576 650
2347 2384
2951 3107
1966 2553
2093 2482
1182 1888
48 320
2754 2763
1047 1557
1335 1800
398 456
1184 1435
2333 2603
483 535
3362 3435
2244 2564
2124 2414
913 1885
1912 1965
1483 1809
2661 3247
1390 1391
1948 2282
1054 1795
2184 2556
142 345
2200 2526
2296 2612
483 1142
1436 1699
925 1509
2694 3363
2147 2271
2376 2579
724 738
1448 1873
3027 3380
1401 1603
2428 2604
2352 2495
1146 1165
2681 2782
723 766
3313 3342
1685 1813
2825 2868
737 828
1438 1573
364 393
537 566
2753 3060
2911 2974
26 55
1625 1695
1635 1899
2083 2464
1204 1277
916 1804
1367 1589
601 1349
361 568
2863 3330
705 787
2791 3116
1153 1621
2604 2625
697 835
2945 3433
1994 2039
2055 2477
3076 3347
2934 3246
2839 3065
2242 2452
484 1349
2928 3384
1480 1621
1004 1523
941 1786
2101 2279
1983 2623
1963 2064
2317 2360
2212 2323
174 293
2977 3129
1920 2224
2429 2604
1945 2250
1938 2624
374 412
2042 2125
2754 3166
586 645
1972 2024
3506 3833
2103 2556
3469 3915
952 1076
1180 1331
2049 2403
2374 2404
2112 2630
3276 3340
3106 3252
958 1733
2124 2142
2806 3004
2033 2500
934 1126
2951 3366
444 487
1684 3350
2229 2630
422 570
2005 2602
773 774
924 1120
1983 2104
609 623
2719 3298
2743 2945
769 800
2958 3178
2304 2396
1024 1809
1440 1523
2267 2537
1550 1647
2743 2756
3610 3847
1923 2416
363 1574
1680 1728
2131 2210
1083 1665
2040 2115
2092 2428
1303 1582
3583 3600
2268 2516
1953 2543
2716 2859
941 1635
2042 2629
1796 1800
2336 2567
211 331
2369 2543
475 591
1684 3268
1083 1851
3141 3354
3438 3586
1523 1750
1126 1685
2344 2588
1983 2631
2199 2241
2007 2347
1021 1636
2271 2526
107 1863
198 501
1086 1463
2464 2638
1432 1857
2278 2464
2866 3304
2125 2273
1009 1235
1056 1201
3534 3881
2246 2289
2282 2399
2200 2573
3488 3902
1159 1418
21 322
2244 2376
526 1226
1539 1551
2145 2656
1062 1183
2708 3079
2906 2946
1351 1864
720 793
1076 1663
2693 3278
1946 2387
136 2135
2342 2540
1125 1823
2161 2222
1160 1675
3198 3252
1063 1256
1972 2494
1917 1993
2915 3033
2153 2283
450 531
29 231
2967 3213
2816 2843
1163 1598
2083 2500
1850 1857
741 828
1049 1557
3117 3304
2331 2414
1352 1845
2240 2611
2351 2616
1639 1717
2064 2308
2299 2564
2123 2276
1113 1427
2394 2491
1926 2289
2906 2994
2056 2482
2139 2600
2468 2575
2916 2960
444 500
2234 2506
727 752
2374 2624
1390 1796
408 488
2073 2478
2278 2340
3028 3072
1155 1408
897 1888
1495 1820
2073 2564
719 810
1912 2319
1793 1823
3437 3649
2749 2994
1098 1317
2661 3182
1196 1663
2925 3174
107 1216
3455 3722
2815 3040
2074 2414
1335 1365
935 1007
2916 2920
1431 1832
2271 2586
3081 3263
2172 2495
1721 1849
2796 2991
2666 2786
1281 1515
1923 2029
1465 2087
3016 3113
107 1892
912 1808
1032 1595
2927 3090
2730 2863
629 637
2056 2290
2250 2384
3506 3711
2190 2363
1617 1789
838 856
1976 2004
3437 3599
2232 2366
1107 1621
1983 2131
2669 3129
2010 2512
2338 2643
1124 1398
2711 2748
3033 3142
1917 2560
1957 2171
2161 2344
2705 2969
412 525
2863 3419
2151 2368
1091 1752
1163 1288
17 144
1497 1761
1058 1077
1522 1823
2218 2655
2104 2507
3442 3918
1165 1178
1066 1108
2944 3090
1715 1728
1255 1621
975 1426
2077 2526
618 666
3628 3912
2674 2793
2036 2214
1547 1603
2206 2477
1415 1469
1174 1328
1402 1610
3022 3108
2340 2550
2183 2247
2016 2024
1271 1370
1927 2061
1177 1424
419 486
1107 1730
2793 3021
1345 1893
994 1492
30 48
2133 2310
2062 2511
2927 3387
1004 1522
2222 2415
2002 2198
3459 3825
1257 1790
1997 2033
2123 2464
30 224
3620 3870
2233 2407
2200 2575
1004 1622
805 844
1181 1826
807 843
2866 3047
1946 2124
2131 2275
3793 3973
995 1809
2853 3106
2184 2604
1126 1390
2718 3167
2525 2603
2713 3120
1470 1590
3086 3233
946 1048
1611 1841
268 325
2163 2198
1645 1743
3564 3568
1993 2033
475 1332
1483 1868
1175 1196
2943 3000
1958 2159
2340 2386
1198 1833
998 1173
2894 3111
1236 1785
2681 2756
2666 2689
2021 2244
1543 1870
2140 2542
2701 3076
2266 2552
2920 3324
2741 2890
1104 1893
1238 1584
2133 2242
1185 1211
2869 3416
2131 2369
2142 2218
475 1514
938 1314
2242 2498
1649 1783
993 1287
2419 2589
1370 1832
1302 1888
2275 2381
2099 2510
2225 2378
2796 3396
1833 1849
3507 3754
2169 2384
202 329
0 245
1416 1516
2074 2220
3740 3867
1086 1164
1275 1482
1179 1616
2469 2624
1000 1474
1598 1610
1291 1622
2381 2560
2839 3324
1238 1336
2289 2643
2005 2507
2469 2630
3309 3314
2320 2486
2206 2428
107 1462
1341 1663
1944 2540
1520 1622
1307 1421
896 988
1024 1302
1596 1716
67 141
3261 3332
2294 2377
3510 3529
2949 3028
1380 1488
414 669
2472 2599
1529 1785
1102 1475
107 1844
1912 2573
2023 2412
960 1287
1156 1804
2307 2575
366 976
2007 2134
2712 2849
2077 2561
2140 2142
2478 2560
2128 2233
908 1555
1076 1367
3710 3921
967 1891
1684 2946
1735 1761
131 225
1048 1637
1970 2328
606 1320
3044 3232
2187 2609
754 838
1953 2074
2087 2510
3257 3433
1620 1707
1271 1826
3503 3672
2966 3033
88 126
1219 1289
959 1040
1370 1617
1684 2742
392 514
2237 2414
2773 2987
2446 2500
3274 3350
2719 2991
2833 3351
3297 3416
483 1706
1774 1836
1219 1376
1211 1620
2148 2609
1271 1380
1251 1555
376 1767
137 243
2028 2224
982 1589
2027 2159
1583 1884
1984 2407
2555 2599
1469 1904
2332 2533
1684 3080
2169 2463
916 999
1983 2172
2309 2574
2103 2564
3124 3205
2224 2649
1297 1387
1684 3386
747 800
1360 1866
0 10
492 561
3657 3857
2259 2336
2313 2371
3019 3386
2356 2593
1184 1665
2174 2588
366 428
107 1241
2880 2944
1941 2617
2109 2601
392 503
461 559
1075 1752
2266 2600
2200 2460
3573 3877
2506 2607
1986 2278
3344 3351
1217 1910
2069 2526
980 993
440 479
1296 1745
2240 2449
3576 3707
2681 2839
924 1412
2392 2408
1068 1660
2328 2399
2111 2572
2139 2188
2090 2352
2101 2461
2391 2625
2372 2582
3124 3215
2315 2592
2089 2614
2235 2265
1222 1431
973 1883
3891 3902
2669 3232
1298 1573
1720 1899
2275 2552
1997 2492
1382 1871
107 1141
2142 2501
1314 1733
588 685
3316 3391
2112 2601
3082 3320
1330 1389
2706 3234
2233 2638
1918 2266
3082 3357
1554 1879
3136 3379
1626 1774
1979 2258
1115 1716
1570 1643
2028 2592
1484 1800
2078 2485
2462 2526
2344 2603
2467 2560
993 1557
2114 2260
2386 2495
1436 1575
2586 2590
1982 2345
1227 1381
2334 2543
425 434
955 1045
2053 2451
2122 2575
2698 2913
2063 2553
2177 2252
3497 3596
1783 1812
2280 2608
1947 2062
2083 2165
1339 1888
3330 3397
1085 3495
1250 1603
997 1146
2088 2352
3517 3533
2339 2376
1979 2324
2754 3284
1612 1668
2282 2438
2283 2436
414 558
3252 3335
2427 2476
1939 2161
2958 3302
2095 2104
1718 2203
2151 2642
370 395
2304 2617
2458 2491
792 830
2906 3119
1912 2220
1131 1338
1376 1816
1140 1450
2108 2376
1976 2639
1489 1502
2128 2278
2405 2659
1006 1480
1684 3428
1251 1421
1102 1245
2117 2250
2264 2537
2064 2306
686 822
1272 1491
198 364
1137 1333
2020 2428
1912 2626
3521 3827
290 323
1979 2469
1925 2625
2063 2331
2446 2623
1079 1126
2072 2199
2042 2215
500 546
968 1536
2047 2509
993 1101
1117 1359
1060 1298
2122 2564
1335 1810
2300 2499
2329 2331
2088 2631
2154 2188
2142 2429
1440 1718
2796 3261
3584 3973
1085 1136
376 610
1390 1746
134 248
2369 2576
3535 3866
2667 2856
932 1370
1137 1548
1352 1399
417 428
3437 3779
370 497
2738 3168
1471 1488
953 1107
3577 3830
3439 3638
1272 1846
2712 2859
925 1637
3521 3550
1496 1525
1623 1795
2243 2390
2023 2366
363 1122
3120 3169
2851 3229
1080 1565
2115 2625
2430 2630
1610 1833
2093 2553
1070 1703
1999 2009
1341 1370
1614 1665
394 398
941 1680
1172 1800
2059 2363
464 552
686 808
461 520
3099 3349
2536 2576
2879 2972
2849 2904
2276 2347
2216 2561
1104 1423
815 845
1068 1280
804 889
2042 2544
1491 1791
3530 3723
1003 1272
2779 3069
3076 3377
1199 1668
166 173
1269 1888
2258 2468
3113 3145
1123 1272
969 1824
938 1216
2163 2368
2220 2433
901 1216
3445 3819
2674 3016
713 794
165 200
1021 1060
2110 2511
2010 2498
1575 1885
2136 2467
1128 1835
1223 1794
1132 1522
2077 2340
1649 1871
915 1801
3719 3927
2069 2324
703 856
2128 2475
1554 1557
2103 2489
952 1799
417 561
2882 3027
2436 2475
2232 2614
3437 3644
1325 1866
3721 3830
3152 3313
1459 1489
1305 1823
1413 1432
2849 2894
2131 2553
2666 3387
2261 2593
1984 2237
3506 3794
611 680
3586 3693
1369 1471
348 515
475 496
2093 2539
2154 2201
1637 1765
1085 1687
1352 1377
2250 2436
944 1249
975 1479
578 595
1414 1716
3052 3286
908 1806
432 438
2282 2458
2039 2588
2213 2271
2131 2311
2123 2586
2246 2543
1954 2111
772 856
3687 3830
359 405
635 650
2334 2429
1099 1454
1331 1789
3021 3206
107 903
1576 1682
452 544
2320 2444
2109 2409
2179 2376
2871 3365
1411 1618
461 653
1109 1549
1086 1367
1149 1563
957 1170
1398 1799
2068 2187
2906 3117
1101 1621
898 1382
107 1529
3437 3888
2719 3281
697 745
2164 2542
1470 1888
1222 1813
3101 3206
2492 2543
353 1320
2837 3394
942 1102
223 315
556 683
538 1223
2992 3191
1615 1698
1648 1787
942 1245
1929 2630
1280 1813
3536 3624
3287 3406
2590 2624
636 678
3635 3948
1799 1816
1126 1741
2078 2556
696 724
389 1189
1066 1661
773 831
927 1765
3569 3794
2056 2369
2240 2462
2676 3339
1343 1364
3060 3172
373 387
1590 1639
523 534
2020 2381
2203 2649
2084 2275
2282 2304
582 670
2793 3280
2668 3307
577 659
3517 3948
2959 2972
2179 2414
3219 3369
2180 2241
2221 2537
432 561
2266 2464
646 651
2028 2461
107 1441
2098 2625
3116 3298
1399 1623
3241 3410
1639 1791
946 1584
2154 2307
1912 2398
2447 2657
2115 2624
1001 1506
2777 3387
1321 1361
2347 2522
3595 3657
2104 2253
2154 2409
3154 3168
2793 3239
966 1757
2835 3033
1947 2594
573 653
611 636
1918 2172
1816 1835
2253 2654
1616 1631
2138 2176
348 521
2142 2551
3779 3938
2669 2689
2293 2629
2944 3153
1684 3093
3472 3508
1918 2287
1231 1611
2994 3119
927 1827
483 524
709 840
1480 1833
2446 2539
2088 2615
2003 2081
1223 1559
1684 2704
2755 2897
1429 1661
1525 1529
1290 1730
1391 1547
3048 3374
2418 2654
941 1454
517 651
2199 2609
1184 1572
2851 3392
1041 1624
1222 1509
1675 1765
2489 2492
1068 1712
2414 2586
1257 1596
3618 3968
1348 1709
378 412
39 69
2088 2324
1986 2136
82 119
3456 3842
3437 3504
2706 2839
2092 2383
3437 3828
1210 1743
1947 2264
2793 3116
1107 1603
978 1389
2324 2495
727 854
3526 3698
1117 1163
1214 1772
2267 2285
2716 3107
1842 1864
2075 2396
1017 1886
901 1378
3168 3379
2142 2352
82 98
1438 1462
1932 2125
2148 2510
1074 1399
771 839
488 497
107 1036
1979 2407
2135 2543
1123 1467
1067 1104
1309 1841
952 1156
2047 2315
1918 2630
3262 3411
2680 2755
991 1641
1184 1211
1075 1175
1391 1789
3082 3397
2128 2372
3272 3351
2797 3262
3896 3976
0 153
1653 1683
696 778
1727 1738
755 797
391 414
3437 3764
1341 1721
3702 3804
1242 1416
2944 3339
2120 2577
2989 3106
2179 2602
1524 1580
2897 2919
2701 3396
3442 3526
2241 2419
2564 2602
2944 2945
1420 1584
1530 1612
3692 3797
1512 1660
2282 2289
1665 1736
1475 1691
1684 2793
1983 2257
2716 3212
2673 3324
589 625
928 1144
1669 1741
1390 1435
2218 2300
3051 3355
1108 1495
2046 2468
3263 3406
1584 1827
2266 2484
1959 2003
1175 1547
513 520
1456 1816
1408 1885
1335 1736
2410 2600
1991 2647
107 1144
1047 1867
3571 3837
1015 1235
2329 2602
993 1835
1158 1235
1590 1800
3924 3969
3437 3627
3280 3327
3221 3275
2229 2607
990 3136
2919 3284
1107 1663
1342 1637
2123 2604
2212 2560
2121 2276
1663 1902
1182 1617
1298 1680
1588 1687
1077 1465
2369 2521
1582 1742
3296 3321
412 558
1029 1813
1935 2192
418 465
2675 3341
2862 2969
3201 3391
1951 2001
1940 2347
2125 2372
2786 3238
1172 1663
1583 1596
1981 2053
3514 3670
2093 2430
1199 1598
2103 2478
1921 2636
497 557
1502 1704
368 398
1341 1551
3080 3363
2104 2526
2140 2543
2072 2347
2880 3085
1912 2038
2228 2371
1280 1391
3536 3812
188 285
1312 1467
1642 3263
2280 2518
2719 3297
925 980
1912 2161
2430 2624
3594 3830
1918 2492
1938 2359
1829 1831
1538 1643
3014 3052
1191 1888
1522 1746
2266 2542
1983 2352
939 1154
1167 1504
2143 2436
0 133
959 1619
2925 2960
2244 2521
1412 1633
3629 3710
942 1396
2229 2429
2743 3433
3076 3204
107 1485
360 510
3022 3426
1612 1653
3025 3426
2150 2200
1331 1619
1070 1448
2038 2302
3508 3933
3481 3883
324 340
1959 1987
1391 1539
2340 2363
2055 2331
975 988
3450 3545
2754 2839
0 242
2229 2410
1888 1902
1962 2060
1929 2037
2797 3350
353 373
2206 2339
3330 3345
369 518
2001 2009
2123 2624
2073 2542
1118 1319
1257 1655
2124 2188
405 478
1768 1902
1591 1655
1485 1563
2218 2492
1485 1782
2724 3210
2879 3283
107 1500
1298 1426
2075 2128
2492 2654
2669 2897
1207 1868
1256 1832
2461 2643
1940 2028
1020 1277
1144 1494
1459 1893
1028 1603
2292 2451
1054 1819
862 3948
2869 3239
2090 2484
2117 2465
1205 1554
1076 1256
2088 2188
2394 2589
1948 2302
2250 2616
1388 1447
1730 1888
1644 1793
1482 1541
2037 2216
1217 1620
3162 3366
1938 2229
1488 1714
1423 1426
2495 2602
1423 1573
1715 1903
1999 2012
1204 1279
2987 3158
1022 1650
483 1320
2273 2344
1104 1859
2469 2619
1377 1488
1488 1809
2973 3291
2033 2233
461 590
1380 1879
2742 3027
1574 1645
3101 3316
596 1032
3609 3943
1940 2417
2240 2506
1125 1491
3584 3768
2033 2123
1322 1591
2268 2547
1409 1551
2297 2538
1683 1752
2110 2390
1570 1768
2259 2398
483 560
3118 3386
2287 2386
1962 2477
2174 2325
1211 1721
2745 3010
1546 1889
1006 1746
3629 3769
916 1269
353 1744
2153 2608
2464 2623
2309 2575
2542 2553
710 805
2467 2507
1947 2280
2348 2604
2088 2229
2757 2815
1390 1524
3049 3330
2507 2601
3169 3385
2252 2509
2012 2157
1377 1520
412 434
1917 2469
2030 2433
2032 2133
807 856
2089 2402
1936 2644
2235 2332
2462 2581
2782 2988
1075 1110
2762 3353
995 1535
2854 3213
2307 2423
2055 2600
2233 2485
978 1488
2561 2607
2771 3383
1332 1464
1435 1569
2257 2536
592 603
1078 1376
1569 1745
2331 2539
2706 2946
2485 2500
1104 1716
1912 2352
107 1867
2469 2607
511 566
810 827
10 323
1963 2339
1985 2077
2180 2289
1513 1765
1938 1943
2683 2944
3291 3351
2410 2604
2053 2390
3633 3760
2007 2330
376 463
1918 2088
2110 2415
913 1881
2047 2259
184 197
1125 1351
2153 2187
1307 1360
1079 1391
927 1584
1981 2199
2864 3250
2224 2463
2494 2658
2419 2498
1983 2083
1345 1715
1419 1911
2287 2630
1475 1611
402 475
13 342
2937 3258
2664 2866
2502 2582
2196 2241
1786 1850
981 1462
2414 2423
2063 2074
405 428
2129 2644
1205 1849
946 1589
2839 3433
1912 2483
1918 2046
1312 1520
3503 3779
1230 1431
3150 3188
1309 1382
727 824
2549 2560
2564 2601
2965 3107
2354 2561
2028 2273
3541 3874
3759 3918
2549 2564
2142 2575
3867 3907
3206 3397
2334 2646
1983 2271
2786 3435
2880 3022
414 589
483 1673
1214 1377
3526 3713
1359 1620
1472 1633
107 1047
2026 2224
111 337
2765 3277
1668 1800
916 1736
2047 2289
1266 1434
2211 2362
1768 1861
2241 2343
75 272
378 487
1912 1951
3096 3163
2461 2617
56 186
1532 1700
3988 4021
2133 2135
2149 2543
2494 2647
897 1842
2127 2582
504 543
1107 1610
1388 1520
2492 2561
1250 1688
953 1359
2428 2655
2905 3348
857 3456
2467 2484
2783 3422
980 1685
2212 2542
2858 2921
2132 2518
408 493
522 546
2033 2140
178 206
127 184
2606 2624
967 1250
3247 3351
2777 3056
921 1390
392 436
1124 1858
2754 3142
921 1557
2190 2464
2188 2604
1078 1367
3783 3933
2854 3095
2244 2306
221 285
1171 2677
1302 1621
2946 3085
2706 2966
2193 2397
2662 2753
2064 2619
2122 2376
1077 1863
1402 1746
1434 1846
1684 2724
1056 1637
1561 1702
373 520
2211 2525
3529 3761
2117 2246
3506 3706
3170 3291
2088 2240
436 492
2069 2524
3701 3975
1334 1589
1943 1962
3468 3881
1423 1438
2187 2511
2043 2607
1230 1714
1929 2492
1513 1791
2324 2331
2003 2537
1610 1811
1985 2045
2492 2601
1684 3014
107 1422
3207 3241
2674 3021
696 739
2950 3075
3000 3023
3463 3680
1659 1752
3168 3405
3093 3342
2409 2464
2045 2631
2916 3387
615 643
3485 3930
2273 2518
2109 2142
2268 2451
1966 2201
1187 1803
2328 2415
2087 2498
3456 3633
0 268
1917 2546
2244 2611
3533 3877
1215 1475
2329 2625
2032 2416
2409 2573
1837 1895
1262 1835
0 341
3342 3353
1059 1344
2718 3402
107 1840
1014 1257
971 1282
2099 2313
2188 2212
2078 2104
1668 1736
526 1487
1227 1309
2675 3327
1550 1728
1985 2352
3082 3150
1209 1659
1966 2581
438 645
2936 3434
3026 3226
2271 2369
1943 2253
2071 2372
958 1601
2102 2533
2379 2581
1922 2160
431 651
1335 1488
2681 3014
1082 1379
1917 2433
2626 2660
2031 2214
3145 3204
434 492
3437 3569
3623 3906
2222 2434
2920 3284
3090 3232
1086 1902
2347 2507
926 1255
925 1420
1339 1789
3369 3395
966 1271
3291 3342
2551 2611
2710 2749
2333 2434
2364 2639
3648 3706
1948 2187
2299 2625
2708 3396
1188 1236
2685 3011
2928 3119
2299 2624
2810 2940
1943 2631
2224 2502
2180 2588
2757 3184
606 936
2423 2495
1684 3338
2077 2266
1774 1886
3367 3396
2886 2999
993 1330
2500 2573
2275 2370
261 345
2067 2507
989 1728
2283 2603
431 511
1598 1867
1473 1487
952 993
2047 2637
1570 1902
1963 2428
1060 1235
1571 1741
2217 2450
1237 1677
1470 1570
1153 1559
354 531
2030 2521
3212 3355
466 504
113 122
1816 1839
3240 3332
2115 2244
978 1589
1943 2109
760 824
2111 2127
2056 2638
1935 2585
28 41
1288 1879
2072 2417
2870 3017
1423 1502
1399 1563
3115 3422
1796 1902
2953 3104
2103 2229
1338 1469
1563 1845
2240 2554
2669 3390
2035 2618
2138 2512
2326 2347
1155 1767
1315 1583
3577 3780
1343 1694
1946 2404
2348 2409
2309 2579
1228 1703
2359 2485
1993 2464
2701 2719
2111 2319
2751 3335
1372 1831
3605 3687
20 41
2369 2623
2253 2542
1894 1907
1049 1750
1330 1665
3606 3745
977 1624
1250 1789
2112 2504
40 265
497 527
1946 2084
9 232
933 1742
3497 3804
2745 3324
718 764
3523 3639
2418 2446
2313 2325
2352 2504
2828 2936
2237 2560
1059 1819
2039 2394
984 1729
1459 1583
2047 2361
391 591
2243 2328
970 1555
953 1714
1943 2482
2292 2347
1250 1737
1086 1153
2995 3233
2247 2389
3232 3363
2290 2354
398 431
2404 2526
1912 2445
2093 2611
1255 1604
2464 2600
1491 1867
1465 2555
3120 3342
2047 2367
898 1273
1009 1014
1340 1683
1983 2200
2125 2511
2040 2467
2526 2556
913 1366
2645 2658
1374 1616
2020 2266
2103 2276
1988 2349
2420 2555
984 1245
348 456
400 525
2026 2250
2220 2477
1962 2586
104 212
2176 2187
173 202
1040 1289
1086 1429
1931 2025
2913 3104
8 245
2939 3252
1330 1609
2712 3101
2864 2910
697 856
2409 2601
2104 2433
1993 2347
896 1067
107 1872
75 304
948 1080
1528 1557
2707 2778
2464 2593
1313 1512
2151 2338
3260 3287
1078 1351
2491 2555
1932 2589
3060 3258
3095 3139
1078 1849
732 822
1067 1426
3144 3214
1032 1661
2172 2468
1006 1730
2005 2407
2194 2282
1399 1888
2960 3324
2849 3319
2181 2587
2040 2088
2853 3201
1523 1863
1056 1811
2254 2509
2183 2589
1724 1877
3157 3328
1456 1757
67 224
2003 2333
1040 1519
711 828
1538 1584
2040 2206
1290 1614
1816 1902
566 651
980 1272
2020 2037
2601 2638
2259 2473
1153 1898
916 1524
2154 2218
3508 3521
2901 2992
1684 3367
1795 1861
1629 1784
1184 1685
2247 2283
2271 2624
1175 1528
2149 2215
2945 3417
1277 1894
2356 2646
2078 2122
438 606
2266 2654
3104 3426
2063 2078
1986 2602
1612 1804
1985 2604
2164 2278
1761 1868
1024 1663
2090 2261
136 2378
1940 2343
2778 3145
1632 1818
1040 1823
3485 3528
2071 2189
1791 1902
2032 2491
2069 2549
2668 3178
1684 3335
2122 2190
1809 1879
1359 1535
705 849
2353 2615
3726 3752
982 1271
107 960
1724 1800
2060 2560
232 298
107 1066
2499 2578
947 1717
2913 2969
1551 1685
2864 2897
2326 2604
2909 3348
2326 2484
1059 1891
1971 2615
1017 1826
2007 2240
2827 2915
2278 2561
2719 2894
2324 2418
2989 3330
1959 2333
2180 2516
1110 1321
592 611
2154 2386
1084 1571
2158 2228
3705 3822
1019 1129
3473 3541
2148 2597
3140 3240
1192 1859
2745 2789
2102 2148
2763 3286
993 1290
1166 1258
1370 1879
763 804
2520 2604
3280 3397
734 805
211 342
1399 1457
3811 3949
2053 2597
2970 3344
2758 2955
3545 3737
2812 3393
2331 2552
3626 3916
2818 2882
1998 2004
1090 1236
3707 3731
373 606
404 526
1931 2657
606 1371
1918 2423
2348 2625
1945 2241
1097 1378
1330 1559
2006 2027
3017 3281
3049 3381
2141 2610
2867 3149
1181 1810
1798 1837
1323 1335
1757 1898
109 324
1671 1829
1123 1610
3261 3350
0 17
1504 1725
1954 2149
1375 1730
2140 2507
587 634
2781 2991
1587 1820
1303 1786
2136 2374
1284 1392
2172 2179
1979 2136
3455 3590
1847 1866
2853 2869
3624 3814
1006 1768
2877 2929
3651 3734
1236 1469
1590 1608
2555 2653
1123 1590
1156 1722
3796 3797
1245 1281
3851 3948
2054 2368
107 974
3553 3710
3756 3828
2088 2308
1235 1691
2290 2550
1547 1813
58 1684
1520 1689
1409 1714
990 2822
1962 2184
1684 3315
1983 2499
3509 3826
107 1512
2778 3101
3005 3113
2329 2638
2397 2497
3101 3261
1966 2429
1261 1382
2072 2081
1953 2418
2095 2551
378 514
665 675
1059 1683
2669 3047
2690 3365
2690 2759
1078 1132
538 1870
122 274
420 507
2062 2229
3591 3794
1377 1851
2042 2336
2664 3232
2861 3216
1305 1877
1222 1513
2060 2395
1078 1146
1115 1257
522 531
2131 2449
1912 2268
3087 3404
2509 2588
2203 2533
1972 2633
2399 2475
1547 1610
420 1673
1076 1613
2235 2479
0 280
2020 2625
2161 2597
2363 2407
22 339
1985 2376
2970 3035
2741 3084
2006 2645
2666 2827
2278 2507
2363 2604
2146 2361
1107 1799
2477 2520
1946 2306
2830 3019
2289 2557
1684 2740
3146 3434
747 792
1917 2063
1126 1675
2116 2171
1978 2474
1929 2484
3584 3620
3079 3320
1943 2323
2978 3426
2781 3100
1426 1655
2158 2474
2150 2638
0 52
1243 1589
2433 2504
2402 2488
952 1707
2088 2418
1993 2574
62 170
2372 2384
1198 1752
1946 2467
1185 1736
1917 2020
2103 2308
1083 1391
2906 2986
2854 3080
3078 3284
998 1537
2139 2309
1912 2004
3680 3951
2084 2573
2339 2374
2482 2607
978 1554
21 308
2054 2653
1409 1861
2950 2976
3026 3293
1947 2608
2237 2551
1962 2428
703 730
1185 1484
1049 1528
363 521
1663 1757
1608 1714
1036 1872
2326 2591
2809 3388
1643 1823
128 313
1717 1795
1011 1041
978 1669
2074 2324
919 1303
3086 3103
980 1643
2154 2257
2327 2643
898 1316
2430 2573
2551 2619
1142 1332
2906 3339
3019 3168
348 355
408 444
933 1261
2285 2305
2122 2546
1063 1900
1329 1388
1975 2360
2354 2507
3437 3862
3471 3902
405 563
3034 3043
2058 2233
2118 2654
1048 1557
3438 3533
366 1790
1431 1689
368 559
1028 1799
2308 2356
2125 2223
388 559
1603 1888
1416 1839
107 1734
1426 1628
1221 1647
1402 1900
2307 2521
3571 3899
1334 1391
394 503
1573 1682
1945 2039
107 1435
1684 3089
1970 2501
1483 1571
2125 2203
1983 2092
1954 2180
1971 2563
1404 1578
185 280
2751 2913
2143 2187
2957 3254
2329 2607
3655 3920
1302 1810
1941 1948
0 127
941 1894
2289 2567
2069 2564
3076 3206
2266 2623
3747 3809
1255 1467
2368 2642
1269 1804
2063 2370
3513 3952
2112 2179
3842 3877
1056 1551
1059 1621
3609 3830
1391 1420
2693 3069
2215 2530
1962 2410
1415 1624
2485 2539
3703 3842
2398 2496
3521 3705
2786 2940
2194 2273
3540 3966
2866 3430
2092 2584
2332 2643
3024 3133
774 807
2083 2601
913 1620
45 322
2299 2484
1479 1884
1155 1179
1211 1858
2539 2655
1522 1804
2681 3056
980 1845
2172 2374
2686 3219
2200 2218
2864 3096
1600 1612
119 148
2090 2404
2680 2960
1619 1736
2040 2164
3708 3975
2215 2268
2748 3140
3092 3226
2093 2623
1126 1809
1597 1879
2233 2579
0 256
1028 1376
414 620
1190 1786
2447 2648
3330 3335
2052 2132
2909 2919
3148 3306
1603 1864
2344 2468
2047 2503
1610 1643
1182 1753
3437 3797
2992 3277
1927 2459
1647 1728
1157 1594
80 204
2074 2477
2174 2294
637 1901
1919 2648
3198 3419
2149 2372
3608 3705
440 456
1257 1591
2464 2655
2203 2389
1320 1512
1953 2309
2187 2283
1290 1460
2719 3345
1232 1371
107 1907
2166 2289
1269 1622
2956 3117
1366 1373
1485 1554
1330 1622
2064 2552
1101 1799
592 622
107 1617
3021 3332
3117 3214
957 1596
1520 1559
2043 2069
1979 2142
3437 3526
2939 2992
1010 1366
1307 1825
3756 3785
1314 1880
103 323
3518 3605
1971 2619
2661 3060
2095 2604
1247 1807
2539 2600
3103 3150
2153 2294
3210 3366
2770 3419
48 299
2742 3316
2164 2507
990 3245
1230 1351
2069 2546
0 105
2131 2477
3209 3260
2839 3237
1987 2419
3172 3201
1343 1881
797 827
3047 3149
3701 3910
119 239
272 329
2290 2619
1588 1806
3568 3614
2543 2631
1092 1124
2276 2484
1336 1370
2515 2650
2348 2638
2233 2532
483 1881
957 1628
1148 1691
3136 3369
2339 2410
1845 1864
2716 3013
1979 2381
1723 1827
2881 3185
389 1041
2633 2657
2827 2872
1011 1072
2305 2572
170 285
450 474
1983 2476
3452 3877
2056 2278
2056 2410
1143 1783
2669 3040
1684 2980
686 713
2927 3036
3446 3580
1626 1813
2212 2468
1009 1015
482 496
483 1638
1616 1692
3116 3332
946 952
1604 1688
2934 3075
1190 1322
1541 1847
965 1500
2716 3360
2770 3146
1083 1449
2410 2561
3629 3713
900 1014
2669 3096
1367 1600
1916 2052
641 1625
199 203
1069 1621
713 823
2698 2985
1479 1893
2087 2463
1066 1373
2294 2511
2275 2409
2133 2241
3697 3842
452 531
2072 2224
1600 1688
3830 3968
1399 1826
1795 1827
1915 2156
1551 1712
119 318
1012 1075
1983 2275
730 763
2259 2592
1359 1609
3506 3754
2074 2172
1682 1841
2873 3149
2257 2462
3100 3154
3274 3367
2093 2560
2275 2573
2951 3345
1480 1721
1941 2128
2409 2586
2386 2631
2716 3051
861 878
930 962
2748 3313
2074 2619
932 1026
941 1638
2969 3098
2045 2586
3437 3703
1012 1318
1447 1542
2780 3188
1060 1893
966 1238
2304 2438
1966 2376
1032 1261
412 537
1222 1291
2862 3054
119 128
1352 1390
2408 2646
1995 2346
2207 2444
2028 2196
428 514
2304 2377
2871 2932
573 666
2738 2741
1121 1681
3437 3839
719 830
1684 3096
3019 3118
1939 2132
107 1118
3111 3298
168 277
67 315
2124 2324
2108 2561
3556 3611
3087 3187
3906 3969
451 561
862 3437
2463 2498
2715 2832
1931 2225
3072 3342
1181 1644
1695 1882
431 472
2165 2601
1985 2464
2180 2279
475 651
1912 1978
2203 2292
2936 3347
997 1570
363 497
921 1584
2986 3064
2840 3112
1351 1809
1032 1515
1995 2494
1938 2593
2404 2606
2093 2326
1917 2131
828 851
1960 2070
2377 2518
1341 1761
2039 2250
2108 2573
284 320
2207 2526
3564 3617
978 1126
2033 2244
2189 2319
1598 1714
1205 1389
1315 1438
1184 1823
1345 1872
2266 2579
2104 2489
3488 3605
2074 2266
1146 1199
1125 1457
1675 1861
2043 2602
934 1291
1011 1469
2519 2598
2155 2283
2183 2458
1473 1584
2216 2604
353 1881
1501 1909
3664 3960
2038 2491
2872 3078
107 1473
2200 2407
2212 2615
368 404
1456 1614
2386 2549
395 400
2078 2414
3437 3714
1997 2063
2506 2590
2135 2279
2369 2564
3444 3742
752 773
484 1692
1097 1493
2191 2598
932 1669
2754 3250
1684 2735
1984 2253
3437 3843
2196 2496
2131 2532
353 1574
2282 2643
862 3621
906 1827
0 212
1191 1431
402 508
3120 3277
2213 2324
2098 2468
2909 3232
2043 2104
2176 2180
3014 3149
2112 2374
492 544
503 539
2680 3064
513 561
1609 1864
2324 2552
3186 3386
1352 1522
934 1522
1351 1668
2286 2411
2665 3328
2253 2348
438 461
1605 1610
2828 3209
1800 1898
1577 2133
3599 3735
721 848
408 479
1076 1621
2047 2246
1026 1883
1185 1420
2039 2319
1310 1633
2460 2579
3437 3778
934 1048
3571 3957
1938 2329
2866 3108
2676 3149
2679 2786
2211 2318
461 548
975 1277
2149 2247
2142 2374
2833 3239
460 495
1684 3190
2199 2465
1447 1457
1363 1493
1946 2554
1953 2646
3725 3912
3456 3756
2045 2123
2060 2095
1227 1500
2205 2473
3065 3387
2206 2374
3589 3592
962 1778
1912 2345
1182 1539
1916 2555
2977 3014
1078 1842
1334 1675
2944 3195
2247 2399
1563 1669
2028 2543
591 651
580 591
3703 3968
966 1610
2140 2404
2396 2451
3559 3902
2218 2408
3605 3790
419 561
1256 1613
517 606
2805 3028
3768 3866
1459 1649
348 542
1953 2477
2118 2287
2738 2873
2163 2328
588 654
1941 2410
2165 2188
1972 2116
2235 2344
783 849
3119 3135
835 837
1472 1541
3172 3434
2218 2554
484 514
1730 1753
1781 1807
2271 2573
2428 2532
2332 2385
1185 1868
374 500
1919 2025
3847 3953
1979 1997
2289 2637
2036 2406
2055 2324
745 747
2755 3054
3437 3932
583 675
1274 1687
1213 1469
947 1782
604 645
2103 2188
1142 1881
862 3677
2246 2491
1684 3407
1025 1324
249 304
687 828
2324 2500
1009 1067
2309 2423
2663 3430
2071 2125
930 1400
2069 2083
2165 2324
1256 1551
1420 1603
2756 3029
1577 2491
1036 1277
1835 1839
3518 3830
3596 3681
2867 3426
2750 2873
1496 1745
1684 3400
2220 2354
1972 2302
1393 1768
3484 3842
2356 2363
1242 1613
2822 3222
2875 3150
398 525
1452 1533
1021 1628
1566 1761
517 637
2140 2331
1148 1227
2183 2385
1104 1373
2770 3101
1938 2500
2111 2475
2856 3342
3981 4019
1516 1547
958 1137
2101 2458
2836 2893
1105 1890
107 1062
1352 1717
997 1024
2495 2611
1344 1399
2336 2502
366 526
2068 2508
2739 3019
1456 1736
1521 1909
310 337
2028 2180
1472 1672
136 2336
2681 2689
1561 1863
2254 2451
1246 1903
942 1347
1914 1995
3005 3136
0 132
1478 1743
2785 3233
2180 2465
1285 1900
1912 2219
1926 2398
10 285
348 488
1032 1204
2123 2546
2066 2133
3521 3722
3335 3385
1006 1800
3021 3280
1066 1729
2084 2347
2664 2890
1572 1752
2259 2345
2501 2537
1187 1360
1304 1355
1926 2368
991 1177
1049 1390
1275 1828
2495 2590
1964 2296
1330 1598
838 840
2716 3321
2200 2507
2384 2438
1611 1873
2164 2600
3248 3360
2717 3250
1465 1718
1192 1423
1684 3176
1912 2164
2512 2543
1029 1604
3604 3677
3586 3889
2410 2485
1939 2377
2126 2405
2081 2343
3116 3212
473 539
2894 3182
1553 1570
1986 2393
2839 2896
103 172
426 471
916 1078
492 553
1609 1717
2063 2271
2199 2434
107 1451
2153 2372
3145 3422
1861 1902
2033 2638
1367 1816
2931 3054
2886 3128
1966 2462
348 448
2563 2619
1929 2553
724 826
2913 3174
2506 2575
2143 2509
1480 1653
143 227
2133 2344
366 936
2768 3242
506 514
1222 1811
1079 1741
2187 2420
2081 2368
1227 1875
2366 2367
696 824
3577 3625
1751 1848
3437 3567
1917 2278
2904 3345
2753 3280
1052 1482
1339 1800
1580 1741
1691 1716
2208 2608
3215 3272
1622 1804
2469 2590
2869 3330
2003 2501
2083 2363
436 525
1499 1552
952 1530
1800 1833
3980 4002
752 774
3152 3296
2184 2559
2028 2516
2174 2598
2967 3363
2928 3426
2019 2584
3250 3387
107 931
1540 1827
1259 1415
510 513
2078 2210
1912 1939
400 409
2755 2905
2409 2543
1127 1725
1291 1768
2966 3232
919 1102
976 1743
2103 2563
2354 2564
2169 2471
1019 1862
2352 2578
363 1671
3731 3938
3022 3284
136 324
3021 3252
1035 1549
1153 1230
1319 1493
3437 3973
3606 3727
1943 2520
942 1148
2087 2198
1955 2189
959 1069
1684 3081
363 482
1684 2760
2410 2655
729 878
3416 3419
705 758
2149 2176
2021 2276
2472 2597
409 525
1684 2695
1517 1663
2018 2116
136 2174
2233 2324
1271 1902
2133 2319
2275 2329
1121 1744
1955 2038
2199 2592
2553 2625
1938 1989
926 1608
1284 1479
1225 1703
2395 2586
1139 1482
1245 1848
2385 2572
2052 2289
3069 3366
1068 1888
2266 2300
705 781
1083 1559
2379 2571
3107 3421
3116 3360
1668 1757
348 481
1684 3074
1006 1288
1684 3429
1955 2223
1214 1662
2723 3291
3741 3852
1377 1610
2936 3386
2554 2564
376 473
1324 1729
2901 3351
452 513
2918 3264
2170 2399
2039 2215
1968 2633
2988 3142
2840 3002
1975 2286
2132 2537
1175 1180
2460 2560
909 1111
1122 1744
2430 2507
2775 2951
1005 1624
960 982
2970 3332
2719 3060
128 248
1938 2575
2103 2631
2841 3117
3718 3822
67 332
2997 3368
2223 2394
1204 1871
1110 1710
195 273
2934 3295
2302 2333
1932 2512
3066 3155
2200 2299
1146 1265
2911 3098
2030 2615
1941 2420
1402 1809
2849 3419
2174 2279
577 595
3759 3957
357 389
1912 2060
1559 1823
916 1149
2078 2586
1305 1563
3627 3681
3604 3962
2069 2376
2992 3169
1783 1828
1941 2367
1284 1790
3151 3312
969 1573
1958 2171
2074 2489
3466 3529
103 252
2040 2244
1411 1589
2266 2507
1287 1589
395 527
3200 3216
382 500
686 774
1572 1800
1416 1612
2042 2224
1471 1652
1695 1881
999 1006
1319 1880
2773 3339
930 1155
960 1604
2001 2337
1335 1456
1409 1669
203 223
799 814
2235 2598
13 199
2220 2654
997 1551
1051 1807
1036 1462
2347 2560
3116 3418
107 1268
3980 4034
107 932
2172 2275
0 85
2153 2598
2028 2597
2775 3019
3860 3884
576 615
632 665
3100 3233
2698 3430
2735 2996
1040 1402
1984 2574
963 1314
982 1736
2233 2290
2136 2409
1861 1891
2055 2499
2723 2787
1371 1798
2144 2223
1951 2225
2601 2624
1684 2767
2717 3033
1585 1905
1431 1620
2307 2578
2834 2972
1467 1846
0 101
2711 2951
1925 2333
1547 1809
3332 3347
2664 3096
3052 3362
3086 3346
65 82
107 363
2901 2996
1945 2367
729 856
2322 2335
2142 2624
1344 1683
1735 1886
1235 1661
3672 3966
2199 2518
3168 3191
3387 3399
1067 1322
1456 1804
483 1773
2504 2646
25 158
3535 3584
3568 3601
2315 2417
2246 2629
2052 2328
513 537
1199 1685
2140 2559
1323 1361
2525 2637
1361 1388
1577 2298
896 1636
3684 3968
1399 1557
176 290
2521 2623
1912 2316
2734 2790
716 728
2240 2307
3034 3072
1153 1457
188 291
370 524
2406 2453
2324 2329
2005 2098
2104 2655
1129 1192
2254 2267
2250 2533
1064 1743
1520 1554
728 765
1559 1603
2021 2179
2749 3078
3493 3584
22 168
2848 3148
980 1675
2289 2328
2624 2631
1528 1589
2739 3002
2078 2638
2203 2461
2201 2484
3505 3722
2116 2128
1236 1529
980 1351
2218 2552
2090 2430
2071 2285
1675 1741
2348 2495
2340 2395
816 850
1839 1909
376 491
934 1334
1943 2244
2090 2218
1984 2654
2392 2611
1086 1117
471 514
1983 2073
1330 1619
2947 2951
2904 3027
2003 2642
2701 3320
107 1220
1129 1764
3018 3168
2873 2953
974 1640
1689 1753
438 500
916 1799
2508 2649
432 510
1312 1612
1985 2484
55 186
2782 3108
968 1436
1215 1413
107 1486
1026 1409
1945 2153
2516 2629
2063 2354
67 142
2464 2624
705 747
3442 3941
1231 1764
2071 2567
1473 1901
2573 2615
2401 2466
2668 3093
1074 1465
2271 2418
3000 3149
1079 1608
2363 2630
1171 1486
1926 2406
2013 2018
2172 2532
2047 2397
423 556
2077 2216
1426 1591
107 428
1181 1352
1048 1675
949 1507
2148 2351
1229 1459
1520 1819
1322 1857
1012 1407
2729 2877
3053 3122
2813 3178
409 500
1984 2115
1994 2138
1831 1901
1082 1120
2069 2476
101 254
1431 1839
1153 1832
411 498
1120 1273
2216 2290
2016 2364
2370 2578
348 528
1246 1469
2059 2184
2414 2604
3596 3627
1348 1681
2328 2543
3002 3089
2674 2991
1199 1714
1467 1480
694 820
2257 2418
999 1068
1800 1843
397 544
404 479
1684 2924
2037 2404
1316 1786
3627 3640
2837 3030
373 402
1039 1160
3285 3410
2958 3276
2253 2308
2088 2601
2063 2306
3838 3966
1684 3052
1040 1707
2782 3384
993 1799
169 332
1248 1749
2460 2619
3039 3287
1078 1117
1491 1551
1471 1868
2138 2445
2719 3287
738 853
1226 1311
2118 2376
1337 1567
2181 2371
1460 1851
2261 2392
2664 2746
2073 2506
1683 1800
2155 2501
1379 1462
3203 3233
3053 3200
2021 2233
1983 2334
930 1881
1409 1898
2820 3244
2137 2533
3035 3397
947 1663
2159 2585
107 1346
2607 2611
920 1334
2187 2436
1198 1375
1979 2619
957 1235
1953 2190
2373 2656
2354 2386
946 1255
3449 3586
141 291
1926 2508
1050 1779
1597 1659
686 844
2420 2643
497 570
107 1068
3014 3090
2287 2331
1980 1995
2839 2890
512 545
2840 3017
1986 2549
3470 3521
1999 2640
3495 3851
1320 1695
391 548
1912 2406
2830 2992
2495 2591
1334 1813
2465 2472
1017 1833
2309 2352
2073 2414
2049 2173
1953 2090
526 1616
265 313
1953 2386
1925 2229
740 841
906 1528
2913 3303
2083 2574
2243 2547
2557 2610
913 1135
2121 2467
1912 2013
2579 2602
2746 2864
1156 1375
2951 3344
2750 2916
2040 2220
2275 2386
2217 2422
2910 2920
2542 2543
2143 2180
1182 1352
2031 2366
1917 2136
1404 1459
31 84
1377 1597
1149 1352
3521 3629
1757 1791
1516 1622
2874 3119
2093 2369
1039 1736
2190 2460
194 266
1688 1752
2030 2591
1079 1471
1017 1125
906 1243
1085 1803
2116 2351
104 303
2140 2484
1683 1724
1724 1795
3721 3858
2090 2300
814 834
1190 1857
20 115
107 1331
3054 3303
1621 1823
2993 3232
1914 2378
395 483
2142 2356
2148 2315
348 405
2111 2215
2146 2455
1160 1610
1912 2261
997 1604
2833 3224
686 836
2187 2203
3582 3752
363 378
2324 2484
2266 2554
2344 2451
1938 2040
620 636
1175 1819
1621 1804
2298 2516
2040 2551
1447 1861
862 3456
1917 2464
917 1158
2880 2908
2275 2543
914 1453
3309 3311
2140 2574
2904 3049
1483 1835
410 547
156 188
0 346
3643 3646
690 820
2037 2520
2944 3085
1989 2611
195 306
2835 3000
1075 1352
1250 1879
359 474
2679 2873
921 1128
3873 3902
3665 3676
2187 2347
3475 3611
1172 1480
1912 2555
630 655
2040 2200
2309 2550
414 603
2887 2907
1409 1827
3339 3426
40 239
1131 1249
2144 2594
0 67
1076 1361
3261 3335
948 1801
1534 3263
2200 2464
2485 2602
2579 2590
1079 1833
2666 2877
2139 2334
2787 3116
420 483
2144 2463
2061 2633
2872 3026
2738 3229
3240 3330
637 1324
1736 1864
3677 3968
1185 1612
1547 1737
3568 3782
1915 2114
2914 3194
2179 2257
388 492
3279 3374
2151 2246
3684 3877
1990 2286
360 444
2300 2350
1066 1324
1149 1836
3562 3613
2464 2526
966 1471
2258 2564
2149 2516
3466 3881
1153 1580
1061 1144
2040 2546
2033 2261
3498 3835
2363 2446
503 538
2831 3050
1037 1630
2892 3162
1146 1305
1026 1603
2589 2649
1407 1528
2318 2525
2144 2598
1128 1612
957 1381
1684 2965
1004 1663
1170 1781
1548 1798
2394 2509
2218 2386
1291 1584
520 542
1029 1173
999 1810
2002 2026
2923 3292
2093 2257
394 517
2191 2372
3156 3369
3596 3677
917 1020
1097 1533
1488 1813
2190 2347
3558 3903
3324 3339
2666 3022
2194 2608
1465 2239
475 1425
2410 2467
713 781
975 1231
2839 2969
2995 3272
1932 2071
2287 2590
2237 2381
1663 1741
2108 2542
2459 2658
2055 2216
107 1013
2384 2649
2064 2172
1173 1199
3437 3549
2336 2509
2159 2538
3766 3809
2083 2323
1946 2206
1083 1398
1959 2336
1943 2229
2323 2392
1943 2139
1929 2108
1938 2083
2084 2326
3073 3417
2233 2395
2199 2254
1923 2511
1617 1662
2875 3185
2165 2600
1360 1698
637 1358
3558 3620
980 1753
2129 2313
1940 2315
2200 2600
3456 3674
1912 1914
3173 3210
2010 2642
1014 1309
2068 2372
2506 2521
1242 1644
3060 3199
1051 1310
2417 2537
1975 2173
4020 4031
914 1818
1730 1757
1048 1182
222 240
2233 2575
504 521
1079 1835
367 391
2352 2600
1085 3437
1193 1387
402 438
2139 2619
1272 1836
1971 2593
2722 2863
3283 3318
1272 1639
106 169
1293 1367
22 185
1066 1454
2810 2867
1949 2173
1984 2118
1935 2061
2340 2536
2029 2062
1269 1291
442 460
2083 2354
3986 4033
1185 1339
3344 3406
686 709
415 495
526 1740
1067 1448
2179 2638
527 561
2139 2374
1048 1509
947 1604
1504 1630
2419 2617
2815 3022
1971 2073
917 1727
957 1345
2123 2210
2894 3179
360 417
1221 1655
2731 2993
896 975
3363 3433
764 824
1799 1833
1972 1976
1913 2616
1416 1597
942 1824
242 302
1100 1475
2328 2544
3223 3285
1298 1350
2102 2555
1199 1809
517 1313
1209 1804
2233 2244
1269 1827
1396 1828
2666 3232
1509 1517
1684 2727
2492 2526
2333 2537
374 569
686 824
2828 2989
303 345
3605 3800
107 1466
1074 1230
1465 2328
1243 1885
2757 2919
1173 1707
2866 2985
1330 1453
705 780
982 1833
2022 2538
3460 3956
1613 1811
2033 2229
1181 1707
1377 1516
2511 2555
3463 3558
1750 1800
952 1622
2698 3052
1230 1557
1971 2591
1684 2667
2063 2233
922 1312
1945 2592
995 1519
2781 3179
1938 2098
1932 2191
363 976
1583 1764
1462 1899
2275 2554
3038 3397
1126 1185
543 558
3448 3756
3521 3526
743 833
2077 2309
3656 3750
3100 3350
3988 3995
378 475
2118 2206
3577 3841
1242 1888
107 1695
2585 2620
989 1158
1625 1878
394 511
1949 2126
1399 1612
1222 1243
2233 2410
2966 3014
966 1864
1184 1724
2705 2925
2134 2351
2086 2090
1810 1816
373 450
772 805
1613 1621
2674 2772
2543 2623
941 1783
3448 3677
2125 2475
1938 2410
1984 2055
1329 1603
1311 1366
919 1582
896 1899
1108 1812
507 559
2084 2323
2247 2510
3599 3715
2839 2908
2706 2905
3142 3284
3236 3369
1172 1551
2350 2588
1390 1520
2783 3198
3534 3793
2148 2264
500 542
1966 2500
3458 3643
761 800
2133 2176
1912 2423
1091 1839
2131 2287
107 1296
2240 2542
805 837
2369 2536
700 794
1589 1603
3792 3882
995 1084
2233 2552
419 488
1684 2945
2645 2659
2118 2200
1136 1698
107 1899
1467 1839
3674 3756
897 1513
2111 2533
3879 3918
1970 2155
2029 2313
2088 2561
3618 3692
2104 2539
239 344
1984 2630
2039 2054
1149 1774
2923 3005
3201 3344
2925 3184
1376 1405
2200 2655
3830 3860
1231 1350
3671 3793
1080 1155
483 1473
952 1662
1040 1083
2681 2916
2928 3433
1375 1717
3545 3731
3437 3899
2460 2467
2661 3416
2030 2271
2352 2556
391 567
3542 3852
969 1751
1163 1380
2138 2305
2157 2268
1684 2988
1049 1888
1136 1825
2758 3196
2763 3228
2369 2506
1271 1612
1409 1707
73 88
2716 3046
1444 1876
1243 1351
1960 2286
1078 1902
957 1636
2782 3304
1718 2149
1917 2395
2128 2355
2275 2600
1998 2171
1184 1563
2853 3082
2033 2578
2040 2233
475 546
1104 1413
2063 2290
2240 2564
2117 2279
3179 3182
2340 2593
1163 1789
2543 2578
3201 3397
686 782
1282 1303
107 1834
3120 3299
1962 2121
2886 3310
3259 3395
2507 2625
1986 2369
1361 1391
2290 2376
1881 1910
2706 3237
2024 2268
2057 2608
2139 2654
1413 1550
2741 3056
1332 1881
1349 1606
1577 2292
2363 2504
1912 2125
0 32
13 148
2273 2608
1247 1502
2140 2354
1158 1495
3179 3253
2010 2292
2009 2640
1160 1330
1947 2475
3617 3754
1048 1329
1828 1893
1661 1812
88 236
1948 2068
3214 3419
67 342
2339 2354
2200 2369
2140 2630
1813 1833
1684 2693
1456 1557
1715 1720
2521 2615
3215 3274
56 103
1929 2352
1241 1338
2839 3104
1941 2257
1984 2623
3191 3359
3559 3627
2377 2519
2126 2146
107 1749
2125 2543
2833 3332
1123 1612
2257 2573
1496 1545
1277 1423
2028 2133
3635 3686
2157 2417
1985 2306
1267 1867
1010 1650
2347 2414
1938 2060
1035 1296
1986 2410
3764 3818
2509 2582
3274 3313
3437 3454
2271 2370
1359 1551
2786 3426
107 964
1329 1813
1104 1596
2104 2212
2172 2467
357 551
2425 2641
1040 1238
1995 2657
2060 2601
2786 2986
3076 3262
170 250
355 500
1538 1799
3716 3799
2563 2630
1912 2290
906 1059
1945 1959
2386 2546
946 1250
1006 1230
2743 2887
107 1339
1684 3385
3891 3966
2093 2290
1684 2905
3526 3559
1238 1580
2116 2459
2989 3249
2083 2347
3022 3387
1006 1888
3239 3291
3098 3149
1335 1491
2127 2372
3185 3411
3029 3174
2067 2429
395 421
1207 1516
1993 2123
1393 1835
2150 2630
698 886
2115 2539
1473 1767
363 1529
169 318
3569 3869
3032 3236
1943 1953
454 564
2133 2175
1522 1730
2334 2631
953 1431
1946 2418
3506 3646
713 828
2370 2607
698 819
366 417
1985 2428
2494 2639
2125 2616
2043 2604
3321 3365
2601 2625
1161 1283
2372 2594
1456 1584
2929 2944
896 954
25 325
2446 2520
934 1610
3821 3906
2045 2477
2218 2590
2059 2433
2186 2367
1070 1429
3760 3830
1211 1761
1509 1835
2039 2232
2117 2254
1603 1619
2324 2646
2123 2500
2009 2378
1008 1674
882 886
2467 2468
1390 1572
2273 2582
2020 2300
3747 3933
348 426
2294 2510
1912 2204
601 1512
1003 1539
2706 2920
1626 1780
2218 2233
2275 2347
2738 2786
2492 2560
2142 2579
1584 1730
1235 1680
348 375
726 780
1551 1839
2465 2643
916 1754
2133 2419
980 1714
3473 3871
3070 3201
1107 1351
1941 2550
764 797
2943 3426
2283 2598
119 146
129 347
1879 1902
1429 1464
1216 1548
2028 2087
1344 1750
1938 2078
2246 2598
1608 1735
2812 2869
2229 2573
3152 3204
1987 2194
2224 2332
927 1608
2796 2863
456 465
916 1329
1702 1909
2077 2121
2473 2589
2032 2589
2919 3078
1615 1866
2025 2583
1986 2046
2823 3258
1746 1768
2850 2896
2118 2154
3203 3421
2815 3142
2915 3073
2662 3274
1363 1837
1019 1448
2576 2600
3625 3667
2717 3098
2786 2927
204 266
2446 2507
2087 2223
2304 2328
2327 2652
2176 2292
1500 1630
1291 1750
136 2571
3362 3390
927 1621
1367 1610
3196 3256
3004 3022
56 341
2091 2440
2719 3101
1923 2480
3101 3277
3018 3412
2252 2282
1149 1683
725 839
3214 3326
2756 3364
1049 1146
2244 2602
1983 2560
2344 2436
475 490
376 492
2742 3038
3213 3394
2896 3022
143 278
2379 2594
109 148
1025 1332
1714 1826
2329 2506
1126 1604
1535 1609
2334 2500
2363 2410
3440 3886
2059 2646
2078 2469
1966 2521
1587 1899
1136 1328
905 1692
185 188
2140 2381
1221 1231
395 524
2042 2102
1948 2319
48 322
1530 1707
2661 3351
2136 2220
2339 2563
1032 1429
2109 2299
1166 1876
2154 2275
966 1714
2072 2649
422 460
2340 2564
2213 2433
897 1791
2850 3293
924 1906
3868 3874
2059 2309
2768 3353
1953 1983
2303 2391
2026 2475
2250 2475
2047 2322
2233 2261
601 629
428 549
1205 1835
3472 3850
2720 2989
504 528
975 1345
1621 1669
2340 2561
1107 1800
2059 2354
2211 2610
1598 1898
2115 2549
1076 1861
3101 3355
1267 1668
1985 2559
3083 3128
953 1205
2434 2617
3593 3634
2046 2559
1663 1768
2220 2559
1951 1976
3554 3561
2102 2629
3485 3488
2056 2356
397 523
2950 3198
2666 2912
1002 1890
706 815
1076 1516
701 778
761 842
3004 3426
3064 3426
2101 2282
2233 2542
2542 2552
686 828
1344 1376
1819 1867
1199 1721
2098 2410
3040 3096
1329 1902
2083 2428
1243 1800
2934 3275
1986 2482
2779 3285
2323 2353
1919 2004
1388 1813
84 236
3023 3193
3280 3288
1337 1863
1015 1021
3042 3237
2909 2927
2988 3433
2074 2184
977 1249
0 35
373 524
897 1447
2532 2607
2266 2591
2716 2844
98 122
2047 2174
1929 2220
994 1192
3193 3315
2103 2574
2053 2496
1132 1879
171 2885
1718 2153
1610 1772
1144 1174
1128 1420
2078 2150
0 58
1222 1238
2093 2606
2719 2863
1124 1909
1912 2363
1718 1769
1985 2073
1352 1867
3049 3297
1289 1823
941 1429
1997 2073
2374 2392
2086 2409
2073 2492
718 814
3038 3302
2033 2363
2153 2264
902 1462
1684 2702
2929 3362
977 986
2828 3381
2136 2489
3478 3747
1125 1199
3152 3378
1621 1734
1199 1722
2300 2602
1960 2411
2966 3117
377 383
2131 2253
605 630
2344 2537
960 1804
1201 1768
703 880
2839 2945
1319 1371
2011 2171
1166 1472
2103 2433
2116 2639
1519 1674
2866 3040
866 881
2739 3233
1255 1617
1377 1391
2074 2624
1085 1537
1984 2063
2420 2511
1968 2365
2142 2468
56 271
3097 3340
1040 1898
2771 3389
3106 3406
1597 1622
315 322
2108 2586
3033 3228
2778 3335
2462 2601
1918 2374
2371 2440
465 493
1037 1549
1156 1431
2122 2229
2468 2615
1946 2363
1211 1243
3119 3293
1472 1634
1979 2299
3437 3688
1235 1257
2098 2323
1402 1898
2150 2600
1131 1366
2194 2629
2042 2598
1303 1824
2905 2919
2381 2428
1943 2131
1684 3166
2684 3079
2698 2988
946 1416
1398 1467
1070 1904
2694 3090
2271 2578
1469 1541
370 452
2170 2320
2116 2636
1376 1659
1888 1891
3629 3705
3016 3144
2906 2910
2024 2159
1025 1853
1337 1360
2128 2183
2150 2353
2185 2434
2409 2504
107 1430
2312 2531
982 1488
1299 1304
3137 3139
1359 1900
1351 1800
2118 2520
2326 2460
3892 3917
1979 2005
3178 3357
3710 3753
1310 1338
900 908
1973 2435
2033 2410
2086 2253
902 1591
2131 2624
2002 2598
2324 2586
1274 1593
1926 2327
942 1261
348 500
1539 1632
395 645
2064 2408
373 566
1125 1864
2872 3065
3670 3830
1191 1791
1336 1663
2054 2148
1172 1868
2184 2526
1018 1324
2863 3274
2773 2925
1596 1636
770 777
353 1475
1148 1345
1600 1819
3437 3488
1684 3001
3545 3681
1221 1472
2552 2611
1672 1739
1185 1810
1284 1636
3036 3090
1923 2493
3498 3599
2267 2293
1014 1036
1221 1857
2920 3304
2338 2567
1225 1686
398 527
1054 1752
1192 1857
2340 2423
1613 1623
2174 2458
1307 1511
136 2463
3280 3350
1472 1807
1616 1744
1580 1804
3783 3920
1960 2523
1238 1547
2123 2266
3501 3545
1064 1497
2584 2611
374 591
1284 1322
1984 2430
2444 2650
1327 1626
2279 2533
2098 2553
2124 2553
1117 1211
2104 2309
2038 2224
109 285
873 874
1971 2489
2646 2654
2220 2602
2072 2268
1917 2103
1935 2297
1918 1979
2786 3213
1124 1662
944 1748
2805 2806
2161 2282
2268 2406
1113 1237
2109 2468
1164 1391
1684 3380
1600 1800
726 823
1702 1813
1684 2954
414 595
2489 2560
2157 2636
2192 2459
1480 1590
1371 1880
1684 3024
2148 2199
1339 1491
1929 2103
2675 2702
1388 1522
3144 3346
1600 1689
2028 2247
2098 2543
2103 2258
2064 2290
2681 2786
930 1766
1323 1835
2098 2499
1330 1839
2464 2575
2793 3070
2729 3435
2397 2411
3667 3962
2745 3394
2865 3256
2480 2610
2190 2308
2125 2471
2046 2543
1126 1757
1079 1659
2123 2213
1938 1966
1153 1761
1376 1833
2490 2650
906 1431
1199 1214
1986 2069
2853 3277
3623 3645
2273 2292
2751 3215
2223 2508
1970 2075
1344 1730
1426 1715
357 424
1006 1302
3146 3344
2851 3231
3034 3342
1163 1879
2743 2907
3170 3172
957 1292
1684 3318
1946 2504
350 484
2162 2371
1341 1888
734 849
3062 3162
2715 2863
3714 3793
968 1429
3708 3757
2482 2654
107 1272
2131 2615
2135 2333
107 923
26 79
2127 2302
1107 1125
2904 3088
2117 2461
1290 1335
484 1543
2054 2399
2491 2536
1222 1245
2836 2840
1124 1842
2741 3234
2784 3034
3868 3912
2954 3383
1983 2300
1912 2127
1360 1579
3528 3800
196 249
1269 1528
1559 1612
2711 2825
2077 2414
1017 1610
107 1079
698 828
1190 1227
1973 2384
1986 2045
1926 2597
1920 2333
2951 3016
634 646
1074 1222
2018 2636
2132 2324
230 307
939 1545
2871 3337
3241 3412
1955 2026
1465 2293
1643 1761
2030 2395
1344 1737
391 525
3504 3723
1985 2410
136 315
3531 3662
1917 2532
418 557
1185 1659
3437 3904
941 954
1584 1669
1982 2327
2903 3258
2095 2150
1557 1861
2679 2835
1242 1867
589 654
1919 2645
2095 2220
2822 3263
2088 2386
1535 1835
1972 2659
2064 2414
1347 1583
2786 3000
1199 1323
2308 2601
2125 2642
444 503
2202 2225
2334 2387
1283 1827
1556 1610
2111 2511
10 200
732 789
1112 1721
2757 2940
2149 2582
2485 2625
1026 1155
2057 2223
2607 2623
1379 1459
2084 2624
1126 1289
1338 1630
2943 3078
2266 2324
1563 1827
2763 3315
2107 2314
2109 2309
916 1076
2712 3224
2103 2559
400 497
1734 1800
3068 3176
1751 1871
1733 1747
2765 2849
1056 1864
703 843
3534 3564
1227 1550
1079 1278
2250 2508
2683 2761
3179 3434
2951 3264
966 1849
430 483
1191 1390
526 1519
2183 2598
2780 2950
2059 2542
2960 3004
2384 2516
414 659
2214 2302
2492 2554
2394 2597
1275 1355
2235 2322
2991 3277
3298 3332
1080 1514
930 1801
1242 1344
3240 3344
1287 1352
1735 1888
2934 3385
3437 3709
3674 3888
2925 3022
1013 1465
2035 2091
2342 2450
1175 1191
2205 2366
606 1070
952 1689
917 1732
1912 2021
2698 2729
2081 2643
2915 3364
931 939
2172 2376
2150 2504
2276 2532
1620 1643
2302 2472
3577 3633
1334 1844
1467 1528
1925 2348
3437 3849
1032 1382
422 545
925 1891
1313 1543
1981 2274
2863 3070
1123 1305
1962 2172
385 524
1184 1488
3471 3938
1340 1746
2028 2629
2224 2635
369 424
1520 1717
3351 3360
616 618
1135 1768
1559 1835
1078 1735
2105 2342
1112 1819
1959 2603
1525 1897
509 554
414 645
903 1733
420 566
2124 2374
1389 1470
1182 1570
1962 2104
3705 3763
3188 3434
0 330
921 1835
2139 2276
1126 1712
2278 2629
3501 3721
2359 2492
1287 1547
2030 2504
107 1806
1966 2467
1102 1382
3256 3401
2078 2542
1222 1608
2087 2153
497 542
2339 2631
2313 2317
2384 2471
762 781
1985 2499
171 217
862 3721
2257 2539
1912 2420
2098 2586
922 1123
2351 2597
414 578
1370 1559
1984 2590
119 189
1684 2818
1916 2471
2730 3002
2115 2334
1269 1376
3643 3976
1509 1559
1541 1699
3670 3858
1226 1536
1320 1740
376 1343
1235 1502
2730 2938
2829 3069
1912 2325
724 828
1124 1201
2793 2973
753 861
23 116
1979 2093
2344 2399
2444 2513
3437 3505
2409 2414
561 565
543 570
1013 1549
2090 2266
3529 3793
1006 1793
1639 1714
2190 2559
2077 2549
2988 2994
3437 3577
1158 1284
1409 1444
1376 1721
228 283
1039 1619
2135 2143
1358 1673
1530 1608
1663 1796
3611 3930
2280 2396
943 1536
2328 2511
1158 1277
1265 1590
3170 3434
1103 1794
1184 1888
1258 1338
3182 3350
1159 1807
3295 3334
2690 2996
1214 1902
1343 1818
2743 3056
3033 3339
1464 1766
2919 3232
1129 1277
1662 1810
1175 1724
1126 1886
2267 2509
2189 2533
1957 1995
67 169
3486 3591
2815 2944
2057 2336
1920 2372
3481 3581
1048 1471
1782 1804
1149 1327
746 816
1079 1653
2161 2471
26 158
2994 3090
1630 1770
2120 2181
1340 1827
1591 1862
1048 1449
2550 2601
103 271
1723 1804
1427 1429
2104 2484
1419 1437
1006 1398
376 446
2218 2331
1983 2552
2208 2333
2095 2244
3272 3350
1402 1605
1014 1473
2958 3331
2142 2404
2201 2212
3043 3360
3683 3842
2229 2428
1943 2370
348 414
414 660
993 1079
1520 1523
1639 1835
1009 1893
1912 2100
2180 2215
3185 3274
2218 2427
3493 3792
2994 3108
1741 1746
2984 3118
1833 1835
2093 2307
455 510
3609 3721
3187 3253
2054 2568
2282 2567
1041 1815
1718 2333
1221 1462
2347 2602
3287 3332
907 1734
503 553
2851 3095
1431 1730
2731 2874
2047 2180
3583 3825
1584 1604
1920 2054
2676 2994
2433 2575
3207 3295
2090 2359
3020 3063
3099 3369
3578 3611
1267 1376
1287 1823
2754 3363
857 865
1721 1741
2921 3017
2872 3166
2916 3304
1912 1992
2742 3320
908 1719
3610 3927
1107 1736
458 489
1376 1867
428 1300
3078 3293
2072 2471
1817 1863
2354 2499
107 1835
1112 1735
1345 1611
21 184
1337 1369
966 1291
2475 2498
697 772
2086 2347
2352 2624
2131 2140
1447 1721
1209 1867
1054 1376
2847 3173
2307 2507
753 889
1940 2153
2121 2201
1938 2356
1054 1768
3299 3397
1172 1447
1008 1911
1718 2198
3496 3672
83 237
2215 2629
2782 2985
2201 2532
2043 2630
1192 1426
2112 2446
1079 1737
3444 3861
1184 1752
2140 2553
2377 2537
1214 1858
1060 1432
3448 3540
633 666
2288 2300
2201 2578
1067 1515
376 515
1124 1205
732 771
2220 2526
2240 2520
2108 2559
1313 1427
1370 1431
1132 1827
375 494
2931 3119
1943 2104
1809 1810
2958 3011
1347 1611
2757 3220
2279 2468
901 1314
651 1645
2259 2468
949 1348
2937 3397
2115 2354
2042 2582
3914 3967
3577 3842
2103 2526
2042 2643
1979 2423
1947 2377
2820 2934
1352 1827
1912 2210
3611 3640
1093 1569
414 658
1281 1582
2862 2994
1852 1863
2904 3272
1768 1800
3584 3866
2102 2289
2404 2593
1201 1610
1718 2642
1086 1622
3545 3902
2053 2533
3536 3679
1926 2566
1481 1591
517 1616
136 2042
2716 2720
2084 2559
2093 2467
2925 3064
2913 3142
2793 2939
2666 3014
2108 2549
2213 2630
733 795
2734 3165
3733 3861
1015 1884
483 1744
2603 2652
3437 3933
1758 1837
2793 3391
3574 3605
1539 1603
1935 1972
1577 2038
2289 2398
1551 1554
2073 2625
834 844
1938 2045
1024 1584
2905 2946
3722 3918
21 105
2408 2579
925 1075
2718 3263
2176 2282
376 397
2802 3106
1813 1835
1250 1431
67 277
1663 1799
2735 3259
1199 1522
2058 2290
2054 2609
3786 3822
1146 1746
2143 2463
2184 2576
3437 3665
1691 1715
968 1794
1986 2363
2076 2425
2873 3033
2183 2246
513 645
2074 2142
1358 1766
2103 2409
934 1420
1017 1714
706 784
2976 3287
2210 2623
3067 3164
3463 3506
1331 1665
3931 3947
2931 3435
1617 1816
1399 1619
2135 2241
3444 3904
1198 1867
1684 2763
917 1246
3535 3927
1943 1963
1250 1771
1246 1699
709 835
1985 2590
2118 2600
2188 2631
1621 1809
2329 2507
422 678
2912 2919
1684 3415
1684 2731
1341 1598
423 634
1684 3416
620 654
2043 2391
2793 3434
1688 1804
57 108
2122 2556
2343 2475
3142 3232
2796 2828
122 332
1431 1826
2241 2351
2086 2200
419 469
2556 2655
1984 2553
2856 3185
1076 1243
1026 1554
2017 2421
993 1551
957 1227
3284 3348
2151 2250
1979 2352
107 1337
1125 1471
2054 2235
2188 2229
2826 3340
928 1494
2045 2395
2020 2521
1183 1630
1986 2109
2186 2566
1205 1483
1291 1761
3021 3288
2191 2283
993 1683
2428 2573
66 252
1521 1702
897 1205
2906 2927
1972 2004
2073 2353
3051 3288
1370 1471
1269 1757
2153 2293
2730 3420
1955 2330
2328 2471
3012 3028
2050 2647
366 412
2090 2240
2669 2956
171 2704
2187 2239
3651 3948
999 1471
2520 2611
2200 2244
1836 1852
1450 2968
2992 3347
2304 2389
1122 1237
108 272
2088 2220
2852 2920
3171 3208
3442 3470
2220 2591
107 1554
3488 3845
2283 2618
1932 2465
1912 2085
2074 2409
56 60
1044 1235
194 346
2386 2482
1158 1292
1912 2007
198 441
1577 2588
21 236
526 1334
1409 1420
1004 1888
3768 3810
2423 2593
2232 2612
2060 2542
2742 2778
1149 1750
2224 2511
2536 2611
2118 2229
1004 1746
1823 1879
1048 1191
2250 2509
101 330
2477 2553
367 452
1964 2085
2122 2150
3604 3737
2253 2559
2735 2914
1925 2492
2318 2415
2853 3267
2986 3065
500 524
2550 2590
314 342
2143 2472
3309 3382
2261 2484
3072 3287
1918 2638
4023 4038
3191 3393
1703 1840
1235 1857
1955 2436
706 828
1458 1845
1149 1665
2078 2606
1943 2088
376 438
2326 2331
1107 1341
1370 1668
107 982
2039 2338
1920 2246
1557 1584
1963 2093
2589 2653
1663 1718
2241 2333
402 421
2124 2229
1467 1621
252 297
3609 3618
3684 3926
2278 2331
2467 2604
1917 2576
1606 1778
2116 2233
2180 2642
3775 3847
1782 1826
3219 3259
1718 2325
2946 3304
2461 2491
3790 3800
2047 2239
2862 2912
1751 1786
404 566
2083 2356
2172 2324
1635 1857
2929 3047
2992 3344
3475 3902
999 1335
1060 1459
2173 2357
2706 3303
1255 1622
78 328
1633 1634
1085 3456
1993 2165
686 815
1917 2369
1370 1888
1048 1290
239 313
1943 2123
934 1079
672 678
3980 3999
3020 3368
1563 1795
720 808
4004 4023
1983 2607
3526 3840
3437 3953
2090 2482
1976 2268
363 525
2282 2451
1146 1334
1680 1859
1117 1267
3994 4009
2218 2500
79 271
1467 1804
2985 3078
1407 1557
2370 2575
1644 1652
2133 2151
2199 2280
2929 2956
3024 3233
2543 2625
2150 2300
2196 2555
2810 2927
1106 1727
1502 1786
1149 1199
2762 2841
3267 3280
1993 2551
2053 2057
1100 1628
1366 1472
1612 1619
1041 1121
2038 2598
2689 3073
2881 3274
1155 1631
1933 2497
2374 2446
1700 1827
2870 3295
350 497
2386 2408
906 925
2507 2526
1979 2276
997 1243
2349 2513
2985 3052
2326 2376
1662 1772
1097 1880
1946 2560
1267 1663
1665 1804
374 510
966 1211
1925 2233
2690 2730
2334 2485
1613 1717
2207 2478
3456 3800
2666 2917
2827 3033
1290 1609
1471 1559
350 397
107 484
1082 1583
3643 3711
1416 1800
2032 2336
2117 2496
1912 2271
995 1083
2074 2200
2352 2607
1912 1991
1273 1783
2679 2729
2843 3236
2115 2574
2877 3284
1211 1488
2944 3213
997 1480
25 169
2698 2815
62 186
492 515
2810 2994
1188 1228
1154 1356
3070 3140
2532 2654
1494 1588
927 1551
3132 3355
3256 3402
1184 1669
3593 3951
1199 1613
56 161
25 290
2614 2656
1675 1867
1141 1709
2723 3215
1238 1604
2892 2934
3543 3576
980 1323
596 1229
2052 2241
107 1595
1249 1428
1017 1603
1598 1622
3573 3702
1509 1610
1538 1717
1929 2278
2393 2478
2169 2519
3475 3926
1589 1839
2754 2960
2579 2624
2347 2463
1415 1906
1352 1437
2059 2604
1078 1329
1172 1191
391 460
1236 1482
2071 2589
2060 2266
2206 2407
2451 2537
1344 1663
2708 2796
924 954
2059 2237
2640 2657
2546 2590
3576 3605
1604 1614
2944 3284
2786 3384
1037 1259
107 1353
917 1595
1912 2091
2053 2398
1092 1367
2356 2623
2074 2601
1912 2574
2118 2237
1222 1327
1006 1663
2827 3387
1108 1894
1028 1509
4 273
2052 2629
2363 2376
2307 2625
3564 3927
438 553
2891 3052
391 503
2287 2485
1916 2174
2059 2112
3321 3386
975 1438
2800 2925
2363 2409
2257 2369
1420 1422
3019 3415
107 1096
2777 2925
2679 3073
2134 2629
348 509
1188 1536
1962 2040
694 711
1269 1663
3201 3291
694 710
2239 2555
1724 1816
1059 1302
2392 2430
2699 3309
3896 3924
2138 2384
2212 2374
2104 2559
2780 3240
2915 3433
367 546
2220 2233
2813 3177
360 495
2290 2646
2033 2521
784 824
1495 1515
2115 2542
896 1284
3862 3921
2851 3114
2471 2608
2147 2300
2317 2412
3804 3930
2047 2080
378 517
1608 1827
2121 2654
1102 1848
3497 3518
2149 2533
2122 2428
39 165
970 1567
1547 1559
2067 2576
1275 1709
2331 2611
3163 3435
688 734
2141 2425
588 592
726 830
2294 2617
1974 2453
2977 3238
1962 2212
941 1596
2101 2221
1325 1567
2308 2404
360 422
2206 2578
3108 3149
3141 3218
3495 3884
2090 2460
760 829
1940 2471
2924 3085
992 1468
1132 1156
933 1704
1236 1906
357 509
980 1632
2327 2384
907 980
2333 2461
412 580
1721 1816
2218 2237
3253 3289
1689 1793
2717 3056
1305 1398
3598 3936
2090 2560
1820 1893
2267 2282
2374 2615
2507 2630
1940 2081
2337 2647
1130 1501
2393 2584
947 1243
1912 1961
1972 2660
2840 2958
558 604
2354 2615
2056 2476
1272 1622
1929 2190
1211 1538
2800 2839
2943 3293
2063 2150
1480 1639
2953 3090
1352 1380
2701 3280
3019 3100
2047 2107
1483 1746
1488 1542
1623 1632
72 252
1082 1284
1331 1341
2040 2485
1400 1767
3303 3324
953 995
2854 3303
2549 2625
1376 1902
1932 2180
2011 2284
2279 2508
1003 1488
2233 2418
2154 2504
2627 2640
2102 2283
107 1752
2414 2611
1626 1863
2072 2394
917 1108
1577 2508
2233 2631
2292 2468
2165 2261
2126 2535
2117 2557
1966 2563
360 507
1709 1725
2669 3054
128 334
2291 2453
2950 3113
2088 2485
1979 2201
373 438
1247 1850
2460 2551
2586 2646
2681 2741
1420 1839
1373 1481
2338 2597
2734 3005
966 1559
1204 1820
1107 1665
1985 2218
3193 3414
1619 1809
2675 3132
1530 1867
2092 2200
589 609
1912 2584
2944 3303
957 981
2276 2506
1123 1175
2705 3387
3713 3715
2812 3287
2042 2420
2032 2498
1402 1488
630 685
3140 3225
2669 2909
1974 2368
3021 3277
1267 1643
2093 2504
1026 1714
924 1141
2115 2240
3049 3150
1291 1813
1752 1804
1984 2206
3437 3630
1538 1839
3297 3351
2046 2482
2347 2574
1534 2979
3192 3422
2845 3076
1227 1893
107 1431
2188 2579
2133 2336
1991 1995
2588 2649
2054 2267
2199 2215
1238 1714
1281 1396
2679 3025
1584 1717
995 1570
2324 2654
1577 2368
696 784
2430 2623
2543 2546
1955 2592
1117 1377
236 271
2133 2169
2240 2354
2883 3278
2063 2539
1995 2636
2266 2278
2121 2172
414 628
2507 2600
2190 2607
3287 3403
2543 2608
2938 3289
896 1100
3555 3810
484 606
2206 2329
2915 3384
2093 2631
420 569
1175 1302
1985 2430
1272 1753
2153 2351
439 513
1542 1888
2123 2429
1975 2411
2946 2996
1329 1570
2077 2484
2773 3104
2086 2468
2241 2598
1390 1620
1684 3245
507 565
2095 2165
3019 3346
2395 2602
3102 3265
1409 1542
1167 1310
107 1570
3437 3809
432 559
2159 2626
248 323
2460 2607
1149 1632
2172 2482
2157 2225
3462 3596
3106 3386
1684 3281
1985 2624
1250 1902
1683 1891
3661 3908
3437 3444
2020 2078
1983 2244
2386 2521
2785 3146
1456 1810
3082 3355
2796 2894
2907 3363
2117 2315
736 746
2836 2858
1613 1675
1040 1547
2005 2539
1275 1904
1018 1454
3586 3839
754 835
1056 1290
2028 2509
2910 3117
1483 1598
968 1110
2229 2359
2131 2308
2031 2416
1086 1659
1163 1471
2766 2810
2911 2966
1126 1799
1345 1764
2130 2156
732 806
1028 1078
2057 2305
1927 2202
2084 2354
2128 2544
1943 2073
1912 2505
3586 3756
421 558
1979 2184
0 14
2112 2551
1329 1750
2061 2116
618 631
2875 3248
2354 2410
2748 3124
465 484
2428 2495
2244 2553
2193 2335
3577 3604
1984 2095
1993 2258
1079 1622
2951 3103
1516 1799
26 186
1929 2140
67 75
2020 2506
36 284
898 969
389 1010
0 86
3506 3826
3625 3674
2095 2607
500 560
2121 2550
2038 2533
1522 1689
2088 2329
2370 2638
2376 2624
2189 2224
1220 1367
2268 2289
1938 2020
1488 1868
2757 2960
382 555
456 567
3553 3921
1554 1600
1452 1802
917 1661
2803 3280
1472 1738
2469 2550
896 1215
1925 2638
1923 2141
107 1197
726 754
1059 1685
250 322
1530 1584
1207 1271
2102 2582
1926 2149
1684 3346
1211 1571
903 1118
2347 2606
2264 2347
2104 2578
56 142
3011 3076
2206 2276
3101 3267
3604 3611
3087 3264
2742 3194
431 538
1058 1171
2003 2062
2138 2336
2315 2338
3267 3277
3538 3892
2550 2556
1279 1716
1943 2216
2283 2501
1597 1867
625 633
1191 1610
2525 2642
948 1763
1424 1880
2863 3280
107 1306
3118 3396
1333 1648
2233 2482
1603 1791
1912 2189
2793 3297
2868 3349
2328 2432
3822 3969
2033 2561
68 143
2797 3011
2212 2551
1663 1736
14 115
1516 1617
1470 1835
1684 2819
2355 2594
1064 1372
1422 1808
1941 2586
2020 2638
2823 3011
2828 3265
3981 3998
2047 2208
898 1454
1083 1302
2028 2510
1367 1659
2220 2504
438 444
2363 2575
136 2199
415 421
1973 2284
637 1606
2666 3284
1126 1836
1456 1772
1377 1663
2102 2463
2901 3277
168 291
2394 2543
414 663
1966 2306
1718 2598
2865 2979
77 332
1968 2022
1666 1792
389 457
3331 3373
917 1739
1659 1877
1172 1173
1951 2657
1920 2629
3390 3394
1939 2333
1019 1479
2770 3201
3518 3832
1104 1706
423 465
3696 3933
2009 2297
2136 2261
1597 1721
2766 3413
2324 2356
2772 3349
728 843
2802 3397
2516 2582
960 1388
949 1536
2140 2591
1341 1584
592 618
2127 2149
2719 2828
348 374
960 1612
1130 1712
1146 1734
2005 2593
350 426
1340 1538
2340 2549
1024 1480
2206 2334
2864 2911
2414 2506
2698 2866
284 329
1284 1628
2449 2602
374 504
1919 2494
2395 2655
1204 1729
3480 3684
1249 1258
1014 1303
993 1750
1946 2409
3625 3851
2509 2597
2261 2542
927 1376
2504 2604
3507 3690
1953 2573
2399 2598
899 1133
2005 2218
3274 3377
2567 2598
898 1102
2795 3296
3702 3830
914 1807
1082 1190
3640 3785
3542 3966
1221 1432
1360 1678
1195 1509
1684 3413
916 1063
2500 2552
2376 2492
1912 2231
3256 3338
3032 3397
1964 2176
3564 3719
107 1627
2081 2603
1962 2619
3004 3362
1020 1382
2665 3151
483 1824
1322 1475
2054 2282
107 1873
1735 1804
1352 1604
709 843
2870 3244
1323 1460
370 458
925 1076
637 1189
2073 2104
1549 1778
1212 1478
107 1185
2176 2509
2112 2638
2216 2543
2339 2395
348 453
1959 2191
3001 3159
1972 2297
1483 1580
483 566
2293 2533
2078 2579
1416 1796
946 1112
2183 2518
2153 2224
4004 4020
1255 1659
726 745
1404 1691
1209 1796
3460 3568
2723 3027
1255 1746
1255 1554
2154 2564
2938 3253
2153 2398
1059 1793
2754 2812
1184 1523
2539 2574
3455 3526
2063 2309
1577 2302
764 781
395 404
978 1622
2410 2507
2347 2653
2673 2948
2033 2646
2843 3264
3106 3320
2477 2590
79 272
3645 3764
2732 3372
1941 1994
2945 3073
2054 2598
3571 3579
2563 2611
2809 3231
2325 2544
2007 2191
2955 3289
2218 2578
3488 3884
1100 1462
2216 2381
2135 2137
2711 2723
1426 1857
2151 2598
1927 1935
1920 1959
1329 1888
1639 1851
3277 3280
2773 2786
3437 3536
29 118
2075 2509
2455 2587
1160 1813
980 1049
1409 1863
1104 1873
1971 2408
3360 3431
3111 3240
135 197
2873 3119
2988 3078
3527 3838
395 452
1185 1768
107 1900
2002 2081
2059 2356
1019 1591
3479 3898
3171 3404
2053 2101
1238 1488
1927 2659
1565 1660
2154 2233
946 1370
925 1516
916 1069
1426 1462
1056 1323
2069 2543
2409 2549
3437 3822
1946 2607
1199 1737
2005 2200
483 1408
2344 2642
1522 1553
2400 2610
2071 2149
2244 2407
3514 3542
1320 1606
2000 2364
56 128
376 1897
1570 1639
1426 1720
2124 2552
1139 1259
980 1804
1923 2581
720 755
2546 2602
2124 2240
1928 2284
2404 2631
730 764
3793 3822
2752 2962
2669 2694
1235 1479
2398 2598
2244 2414
2786 3417
1041 1072
997 1613
2911 3228
2184 2646
1036 1596
3756 3877
2020 2370
1945 2189
734 766
3611 3938
2729 3293
513 641
3233 3295
1596 1691
1918 2573
596 630
2123 2329
1132 1799
2542 2646
2904 3280
2760 3057
804 878
2273 2471
104 113
432 513
2464 2601
878 889
392 473
2532 2553
2761 2944
984 1032
2937 3079
2866 3284
2036 2133
946 1849
2125 2149
2314 2534
1126 1547
173 549
1053 1808
2212 2229
366 513
1947 2516
2149 2592
2283 2509
1173 1389
1556 1757
1238 1613
2074 2446
2153 2247
3475 3852
3026 3426
3706 3794
2220 2578
1945 2508
1943 2201
654 678
1948 2111
107 1538
438 511
3326 3393
3261 3298
2069 2275
3358 3385
1571 1793
412 523
1962 2253
2143 2616
2086 2446
953 1160
1280 1832
2143 2302
1600 1804
3049 3188
2026 2336
2323 2607
2033 2266
612 680
1221 1709
107 1319
3092 3362
137 214
2983 3028
2408 2542
2127 2396
2754 2915
1083 1898
3206 3320
1221 1350
2055 2410
348 557
1707 1741
3751 3789
423 604
348 546
2064 2324
1024 1271
127 320
993 1685
109 304
1271 1833
113 119
417 542
3089 3299
1645 1882
2391 2395
2187 2343
1612 1886
2004 2657
2917 3195
1010 1785
1603 1643
2005 2046
2149 2419
1960 2342
2161 2294
1577 2187
3718 3951
1912 2099
2414 2462
2986 3096
2088 2429
82 148
2495 2554
1376 1736
2665 3263
1598 1746
2224 2347
2356 2469
1956 2301
659 662
2054 2096
2750 3426
601 630
1047 1675
1017 1059
2849 3115
1507 1847
980 1795
1205 1255
1076 1584
1984 2112
1367 1707
1101 1793
2387 2478
2046 2150
1052 1343
2890 3166
1955 2279
1467 1805
2206 2275
1912 2430
978 1117
3813 3864
1238 1665
2280 2537
2091 2146
2446 2575
2906 3226
1917 2624
2433 2549
3178 3403
1405 2752
2464 2506
2338 2543
1987 2332
1948 2028
1105 1208
1204 1502
2243 2274
3082 3116
3201 3247
1341 1668
2463 2512
2216 2590
3115 3252
396 555
2179 2206
2482 2638
1963 2218
917 1706
2839 2966
946 1026
653 654
2739 3292
1052 1770
1230 1409
2124 2559
1926 2461
3455 3907
2091 2130
2835 2943
1789 1810
2708 2823
394 614
178 272
760 842
1707 1746
2372 2385
2908 3022
3559 3838
1553 1615
2112 2611
2354 2407
1359 1741
1413 1647
1198 1683
3647 3799
1945 2445
1480 1752
419 536
1334 1409
2945 3220
3136 3279
3468 3524
2724 2934
2772 2996
2835 3339
2147 2428
2091 2411
1108 1454
1482 1536
1427 1794
3277 3351
3982 3988
2294 2512
2143 2365
1577 2183
3554 3956
3026 3348
348 430
1456 1610
1352 1718
3464 3583
2218 2347
2112 2564
580 1574
1407 1566
2188 2308
1935 2647
2520 2549
2306 2500
1128 1516
1467 1623
2458 2509
1675 1688
2041 2313
637 1830
2041 2634
1048 1622
1684 2761
2666 3078
2956 3000
637 1318
2058 2454
2098 2611
2255 2650
1650 1904
465 525
1678 1717
1984 2073
2524 2611
2112 2520
2673 2909
728 792
1927 2364
486 551
107 517
1107 1375
2308 2352
2986 3033
2038 2102
1149 1272
3506 3643
2101 2608
1320 1545
526 1179
2509 2511
3632 3791
1221 1635
3503 3640
1264 1749
2188 2446
1172 1559
1137 1895
1653 1833
2410 2576
1946 2257
2778 3060
3568 3764
766 849
2038 2169
3739 3912
2853 3297
2140 2468
2020 2212
80 266
238 313
1235 1841
976 1679
917 1014
2027 2268
1198 1768
2150 2556
2549 2593
2778 2904
2742 3258
1584 1845
1563 1800
2147 2350
1919 2061
2948 3324
2296 2406
1962 2139
3062 3295
2083 2124
1050 1328
1126 1668
7 168
2992 3298
2374 2625
2849 3035
934 1621
414 667
3701 3965
2773 3119
107 1111
1954 2627
2991 3416
3020 3136
376 483
1282 1382
3684 3971
1238 1605
1523 1780
2602 2615
2845 3186
2665 3224
2462 2646
3252 3411
1126 1156
1945 2649
2661 3115
1339 1752
2849 2970
1684 3298
419 483
1135 1559
1945 2038
2254 2398
3437 3453
2966 3399
0 239
2778 3287
1976 2012
3314 3318
1973 2626
2078 2324
2753 3267
1125 1191
2055 2302
3 26
2706 2969
2121 2428
1973 2647
1192 1715
1184 1769
1566 1910
2462 2550
1945 2419
2104 2542
1516 1522
2142 2393
2033 2088
2064 2086
2030 2464
3019 3024
2956 3014
1975 2397
2698 2867
3479 3883
149 333
3027 3296
1577 2642
2220 2363
2340 2520
2872 3047
1231 1277
2131 2631
2552 2593
2728 3295
2030 2124
1938 2309
2043 2237
1123 1836
1938 2244
3768 3914
1344 1610
1160 1238
606 1727
1107 1791
1737 1827
348 512
2948 3363
1912 1950
3545 3926
1305 1589
2138 2582
2678 3164
1334 1540
2338 2533
1778 1882
946 1004
438 513
2218 2323
2369 2604
3915 3956
1017 1416
26 315
2187 2223
2279 2516
2669 3004
2875 3411
2210 2240
2266 2611
1377 1675
2662 2724
1040 1589
2307 2428
3007 3412
366 430
2233 2309
688 780
2960 3426
1196 1272
3023 3052
132 242
1571 1839
1707 1793
2791 2818
373 604
2058 2409
1942 2058
1939 2003
708 819
368 431
637 1536
3265 3351
2556 2611
616 678
1196 1563
2947 2962
2994 3348
1302 1750
3274 3422
1017 1554
1397 1844
2149 2608
1221 1229
2023 2129
1366 1525
3506 3855
863 888
1932 2199
2275 2326
3576 3938
2754 3104
2705 2874
2200 2370
2485 2549
2771 3221
1261 1515
1912 1972
1481 1569
2392 2507
429 481
1912 2629
1440 1780
2212 2381
376 1179
2705 2916
376 410
632 640
3437 3908
1135 1164
369 433
637 1673
2028 2052
1675 1902
1980 2050
2149 2385
2081 2468
1010 1304
2123 2369
1317 1505
1329 1554
3228 3426
1951 2633
2338 2516
2236 2360
2985 3149
2339 2564
916 1707
2404 2467
2694 3023
2532 2586
2131 2381
1204 1647
2953 3119
368 456
2928 2956
2119 2570
597 677
1086 1600
2191 2282
2241 2475
1040 1849
3019 3359
3514 3635
2223 2502
1003 1737
1235 1373
1946 2468
2943 3363
2552 2563
1925 2563
2716 2748
2085 2366
1070 1525
1104 1824
3038 3406
3119 3417
2103 2606
980 1334
2199 2537
2866 2966
414 584
2877 3090
2323 2407
2363 2539
1083 1456
1255 1735
1971 2601
3249 3421
2542 2560
2873 2988
2377 2567
2133 2471
1136 1705
1447 1730
1979 2131
370 542
3101 3146
694 754
707 767
1605 1816
2439 2548
2796 3280
1117 1833
1724 1771
3261 3397
2273 2498
2095 2261
2144 2472
2028 2289
2002 2029
1918 2098
1211 1598
2006 2620
175 263
107 1588
3009 3204
3667 3852
2559 2561
906 1600
1047 1753
2107 2152
2347 2374
944 1469
2073 2077
506 507
1160 1800
1491 1842
513 557
925 1842
1921 2159
2755 2966
2198 2516
3275 3327
916 1637
413 461
3113 3201
1964 2540
2754 3022
3469 3927
511 536
968 1054
119 269
2003 2221
1088 1803
641 1210
1465 2542
3132 3351
1955 2589
1684 3162
1124 1659
3980 4033
348 544
946 1352
128 252
2715 3146
930 1882
1620 1665
693 834
2847 2859
2040 2386
1465 1959
2290 2492
3870 3947
2485 2495
1465 2597
588 678
3239 3240
2484 2575
2793 3072
2184 2586
1112 1572
1117 1302
26 212
563 569
1344 1653
3274 3287
686 745
981 1426
2839 3193
1522 1886
1068 1086
2001 2004
2339 2363
2908 2909
1327 1540
1021 1231
2439 2528
1165 1317
1078 1199
1912 2624
1959 2347
107 1467
703 765
2018 2171
1079 1610
3004 3232
3599 3802
2586 2601
2117 2637
960 1207
2423 2607
370 604
2326 2607
924 1051
3150 3296
2130 2160
2359 2655
763 836
922 1399
1912 2130
2191 2451
1125 1335
2226 2345
933 1273
1985 2592
3864 3911
1019 1298
1001 1422
366 1374
1000 1127
1966 2257
3596 3824
1983 2404
1540 1554
1659 1888
2140 2500
2292 2544
2054 2132
2680 3363
1971 2469
526 1688
107 1030
1986 2326
1577 2203
2123 2467
3441 3949
1205 1609
1989 2464
376 378
3076 3201
2041 2342
1984 2021
3101 3155
2032 2273
3092 3104
2564 2573
2271 2363
763 797
1020 1820
1959 2101
1717 1877
1692 1724
1684 2874
2121 2602
2784 3349
107 1865
2324 2631
2133 2543
2003 2344
2022 2225
412 561
1913 2582
3437 3479
2191 2273
643 665
2368 2594
2202 2346
1153 1388
2748 3013
1684 3394
2252 2304
3716 3932
3025 3257
1323 1554
2142 2307
2958 3280
2276 2536
2620 2657
2944 3394
2779 3162
857 3495
2241 2250
1068 1365
2834 3176
2935 2997
26 223
1383 1594
1987 2199
2135 2472
993 1086
1932 2072
924 1304
2070 2236
2429 2492
2021 2484
2244 2290
733 839
1047 1222
417 520
1303 1595
2724 3154
1920 2250
3437 3910
1086 1652
925 1827
1236 1504
906 1861
2190 2485
1373 1515
1128 1302
1376 1888
1279 1462
1963 2233
1630 1876
374 439
924 1469
1179 1545
2261 2492
3437 3441
2957 2964
1723 1800
2570 2577
3437 3613
1966 2476
1277 1628
2299 2464
26 72
927 1612
2126 2540
1040 1668
1516 1819
1746 1819
955 1030
1423 1903
2839 3033
1330 1730
1079 1584
2491 2608
1086 1358
2174 2223
3663 3740
2365 2538
391 492
1920 2292
3455 3850
2780 2923
1689 1827
2773 2953
456 517
2227 2534
1164 1685
2669 2920
40 113
2143 2510
1129 1583
2058 2564
1605 1675
223 239
1927 2657
3160 3186
2987 2993
3635 3930
3082 3101
1772 1842
3026 3303
2047 2594
2020 2550
2430 2561
412 513
932 1156
1912 2001
2165 2524
2143 2176
2763 2912
991 1505
811 890
1663 1811
2994 3433
2754 2810
2160 2341
2187 2417
2864 2960
1684 3084
2069 2307
2666 2866
3509 3896
2661 3396
53 242
2392 2590
3252 3267
1993 2020
2097 2364
2007 2419
2054 2582
2742 2846
1943 2423
473 556
1459 1576
2912 3047
1916 2318
3376 3401
1923 2117
1330 1809
0 304
483 525
1074 1483
2986 2988
1352 1730
526 1730
3831 3884
3211 3215
2088 2164
1214 1600
2793 3201
1236 1770
2074 2108
2040 2324
1953 1979
41 230
107 1629
2749 3339
1225 1275
3609 3851
1339 1540
3587 3747
2340 2489
2340 2500
1588 1676
1153 1804
2989 3101
3538 3628
1376 1804
3454 3779
2006 2585
1742 1812
2122 2300
2907 3417
353 404
1577 2125
1609 1663
3017 3291
1999 2378
2140 2601
170 211
2728 3420
1101 1288
363 506
1912 2041
2149 2194
2145 2637
3437 3463
2077 2275
2446 2542
3051 3396
3132 3169
2253 2507
2828 3152
2102 2529
1684 2762
2339 2593
1085 3561
517 1514
1932 2151
1110 1278
2552 2586
2352 2553
1957 1973
1918 2625
2030 2334
3097 3275
2694 2910
1918 2142
1551 1902
1153 1617
2095 2359
2188 2363
1080 1332
2069 2499
946 1024
916 1622
2039 2293
1684 3156
2118 2615
1246 1646
2115 2340
1684 3193
1376 1609
2133 2180
1267 1589
136 2247
2662 3177
1684 3235
952 1377
2777 2897
2347 2484
1226 1778
2970 3416
21 121
1983 2495
2438 2518
4031 4038
1341 1399
2959 3309
1953 2600
3472 3644
107 1418
2563 2624
978 1827
1807 1897
1940 2010
1235 1578
1289 1335
1374 1487
1480 1849
1536 1738
1932 2511
2352 2625
2064 2549
1221 1322
2081 2180
0 333
1291 1621
2047 2134
2748 3160
2005 2122
415 545
2683 2754
3684 3702
2765 2853
2218 2348
2757 3004
2796 2833
714 771
1023 1073
2713 2729
3880 3908
3026 3232
348 438
1962 2165
574 678
1932 2081
423 500
2849 2991
1235 1764
2068 2191
1075 1209
2871 3353
1390 1457
1277 1790
1948 2053
2683 2741
1255 1584
2247 2347
107 1027
3475 3940
3189 3369
1026 1590
2137 2506
2700 3373
2165 2586
2128 2399
425 428
2906 2928
2140 2253
1078 1612
2183 2199
1227 1459
2292 2315
2679 3257
3479 3649
391 484
2030 2369
2183 2643
3154 3291
1317 1567
2084 2449
1746 1826
2103 2468
2810 3363
747 838
1620 1675
969 1303
2144 2332
2986 3029
1298 1716
2717 2755
2492 2638
2273 2516
248 265
445 542
19 289
1115 1462
1754 1800
2133 2480
2478 2586
2786 2873
604 637
1942 2564
2958 3261
1118 1186
2063 2200
1534 2693
1912 2227
1006 1153
1285 1665
1229 1728
1736 1791
2257 2299
960 1519
1155 1673
910 912
25 200
1688 1768
3157 3327
1577 2463
1993 2077
3061 3081
1104 1120
2143 2491
1267 1335
1373 1812
2276 2414
1026 1559
2199 2347
3068 3366
2404 2654
1684 2913
1250 1839
439 456
2081 2138
370 413
107 1490
1376 1851
107 1597
713 742
2142 2164
1683 1750
1139 1472
2780 3109
2488 2570
3022 3026
3577 3656
2294 2603
1742 1786
3620 3900
997 1447
1376 1653
1288 1839
3141 3271
575 654
1004 1092
1302 1617
1153 1823
1024 1086
1538 1888
2927 3000
2750 2928
492 559
1650 1770
1809 1900
2026 2567
1844 1897
67 79
1267 1336
416 569
1187 1511
1359 1470
1336 1598
2153 2169
2324 2655
2913 2956
2290 2604
1285 1662
1117 1399
2408 2586
1054 1540
2999 3222
381 469
1916 1970
3437 3880
763 770
363 409
2109 2607
2078 2526
2290 2468
3480 3734
36 184
1945 2047
1423 1884
400 438
1037 1299
1361 1456
1173 1214
2188 2407
2324 2600
2987 3090
2897 3226
397 421
1536 1630
1183 1343
2126 2236
1947 2501
3518 3824
1391 1683
969 1502
2827 2925
2220 2601
606 1673
1223 1699
3070 3330
2837 3317
2233 2328
2994 3040
1409 1613
2700 2709
2919 2920
2244 2500
1338 1783
1333 1371
2738 2960
984 1261
3437 3767
3335 3357
1001 1740
2229 2590
175 227
3548 3897
2864 2956
2074 2507
366 1142
1246 1630
579 619
1551 1879
2308 2573
3497 3545
1051 1481
2958 3182
2697 2820
2025 2346
2042 2491
1118 1533
1107 1156
3611 3860
2064 2095
1205 1663
118 199
0 74
1126 1551
2669 3142
2053 2463
2067 2200
109 303
686 803
2226 2246
1589 1842
1984 2591
2661 2939
1613 1796
2309 2485
322 339
2892 3298
1918 2386
1962 2381
1074 1269
122 297
2520 2553
1222 1688
2240 2324
1076 1124
1352 1737
402 500
2927 3234
746 833
56 223
1064 1212
3829 3915
107 641
2005 2601
1205 1722
1959 1985
1156 1886
1425 1801
2194 2642
1303 1751
896 1611
2201 2381
637 1012
1707 1768
2754 3137
1947 2598
963 1648
2947 3162
2322 2361
3669 3813
2184 2395
3102 3434
2696 2735
2103 2467
3041 3209
2308 2623
2436 2491
452 559
2950 3335
3101 3434
1422 1487
142 188
3078 3348
548 555
906 1003
2088 2213
968 1487
2970 3252
1920 2582
2469 2542
2241 2582
982 1610
1622 1714
2019 2387
252 334
2206 2478
24 80
2007 2138
1612 1888
1717 1888
2920 3220
1110 1191
934 1390
2988 3073
1918 2108
1128 1746
1399 1551
28 310
2992 3291
1555 1806
3054 3348
1912 1999
1610 1868
1369 1509
1219 1842
2975 3105
1126 1663
2206 2216
3442 3791
3437 3760
1684 2893
963 1533
57 277
1405 2892
2460 2521
967 1420
2334 2433
107 1114
1020 1324
770 845
239 303
3042 3428
2000 2157
2010 2333
630 666
1683 1774
1323 1559
1074 1577
517 559
360 460
2387 2520
1986 2142
3046 3140
2837 3010
2223 2491
2843 3365
1453 1621
376 520
997 1180
1110 1242
2446 2526
407 533
1746 1816
1146 1867
1867 1877
906 1652
1757 1809
1260 1634
1950 1980
1260 1725
2280 2491
107 1572
1551 1746
2046 2363
1427 1881
2153 2420
1611 1862
1447 1714
2347 2591
1126 1765
1320 1427
2124 2591
1483 1800
24 94
2233 2258
1243 1765
1076 1290
2128 2283
2356 2607
3684 3852
980 1813
2571 2597
1668 1791
2483 2527
3776 3964
1335 1827
1927 1999
2675 3154
2133 2153
2320 2426
1619 1898
2715 2901
3604 3914
2989 3075
1204 1742
2777 3004
1128 1827
2355 2384
734 803
415 473
1026 1753
1321 1327
2201 2630
230 253
2224 2543
1148 1479
1240 1642
967 1329
4020 4038
1390 1530
1971 2579
1076 1735
946 1480
2186 2406
2719 3347
2718 3115
1296 1418
2274 2351
366 1490
1604 1897
952 1572
2761 3052
1730 1835
1129 1413
432 541
1302 1886
596 609
1946 2188
1113 1882
2728 3233
1970 2282
2278 2506
2107 2497
958 1186
1257 1872
390 475
3353 3403
3294 3315
1217 1364
820 824
1916 2642
2863 3380
3710 3867
2087 2143
2845 2951
2311 2646
2408 2423
2707 2938
3519 3774
436 475
2331 2395
2139 2409
2098 2118
2201 2464
2007 2328
977 1428
2200 2386
2216 2369
1182 1675
2689 2743
1954 1968
1337 1518
1761 1829
1059 1768
1465 1945
1944 2211
1993 2287
400 419
2189 2589
1449 1604
2916 3363
1009 1104
1101 1416
2125 2502
2130 2341
1433 1511
1399 1714
1827 1886
558 570
2131 2142
417 483
1929 2520
412 481
2782 3284
738 829
0 276
2624 2655
1212 1372
2020 2615
2937 2995
3501 3525
1577 2241
2266 2326
2142 2623
2331 2631
2564 2630
1101 1597
704 799
1100 1635
3048 3138
1603 1623
2796 3145
971 1704
1994 2315
946 1399
1681 1699
1684 2666
2164 2559
107 1524
2218 2275
3710 3715
56 200
1181 1530
2136 2229
1132 1610
1955 2127
1718 2292
1149 1211
1535 1604
2063 2240
965 1052
2086 2492
2901 3252
688 739
3173 3221
1132 1367
2071 2427
1554 1730
1215 1732
1214 1471
2758 2784
1238 1487
3584 3903
1917 2370
1423 1715
1971 2430
2179 2575
1332 1901
2170 2207
1003 1331
1959 2235
2484 2552
2757 2912
1015 1655
1352 1563
1559 1741
2592 2597
1989 2550
2086 2103
2458 2518
1912 2025
3101 3106
1377 1570
592 623
2063 2352
26 56
3116 3247
1064 1478
2679 2960
1986 2625
2139 2408
2315 2491
1214 1580
3549 3812
1942 2476
41 151
2342 2644
373 391
2574 2602
107 1738
107 1423
66 113
1322 1459
2083 2188
1199 1339
1570 1590
1564 1822
1932 2351
2900 3077
299 346
1570 1663
2669 3104
2828 2992
2410 2631
1185 1344
1827 1839
2122 2477
2334 2410
395 574
1997 2005
1132 1153
947 1590
2058 2123
1993 2560
2348 2556
412 604
2133 2498
583 615
2039 2508
404 538
1122 1673
3397 3434
3567 3857
2148 2333
1485 1774
2307 2591
2873 3137
1068 1271
951 1806
1024 1287
946 1761
2868 3077
2077 2446
1003 1075
2210 2607
3525 3563
3437 3909
0 177
2165 2460
3521 3685
366 376
1024 1370
2015 2156
1544 1585
2478 2623
3224 3260
370 374
1370 1619
1431 1457
2489 2646
1207 1449
475 1435
136 2072
1146 1522
1929 2446
686 744
637 1628
1685 1768
1941 2461
2991 3396
2250 2502
1684 2999
1684 3320
3542 3930
2800 2810
2123 2460
372 429
2927 2943
1173 1898
3189 3331
2073 2604
2022 2585
1912 2338
1995 2116
2092 2331
2315 2609
1222 1839
2939 3185
1530 1888
1029 1205
3149 3232
0 135
1603 1734
2409 2500
355 548
3662 3905
2203 2368
1447 1839
2092 2147
431 517
1148 1454
1205 1811
1222 1730
2504 2546
1390 1712
2081 2087
395 553
3032 3140
1268 1531
122 281
3035 3378
896 1190
3784 3906
1971 2485
2055 2356
686 792
1138 1896
1122 1574
2404 2499
2007 2588
1367 1752
1736 1902
2172 2579
1985 2084
2087 2567
2445 2491
3082 3291
1269 1312
1465 2198
949 1770
2052 2582
2729 2956
2333 2472
2032 2343
553 558
1100 1576
1540 1622
2267 2283
2200 2253
1347 1872
414 616
2142 2460
1240 1693
2910 3226
3614 3758
1985 2573
376 390
2951 3295
2712 3335
1920 2471
3319 3321
2745 3430
2838 3003
2994 3084
2153 2183
2059 2591
2741 2873
2058 2646
1120 1841
815 834
2865 3393
2257 2504
2124 2520
834 847
2851 3139
2229 2553
1648 1733
3100 3168
2322 2473
2005 2477
2209 2211
2026 2498
2744 2772
2337 2364
2184 2573
1603 1608
2498 2649
414 461
2879 2982
1536 1629
1938 2615
2053 2223
1126 1617
916 1668
1056 1222
2112 2543
2081 2451
2023 2317
2063 2216
3035 3419
1059 1796
2915 3232
2709 2735
1912 2636
3185 3201
1388 1772
1175 1291
995 1280
981 1298
107 1192
2404 2549
2151 2543
688 752
3502 3898
3464 3724
484 1217
1935 2636
1921 2022
1684 3301
1305 1714
3495 3697
1288 1399
2560 2601
64 119
1646 1813
2344 2555
1283 1540
2149 2512
2302 2598
1163 1863
1613 1765
1912 2315
3075 3198
995 1730
1684 2846
1714 1789
122 141
244 282
1352 1839
1970 2327
1530 1580
1943 2092
2976 3291
2257 2559
2162 2405
1972 2447
1471 1621
2077 2190
0 325
1584 1668
496 565
2720 3224
3204 3378
2743 3073
2037 2484
2202 2636
1367 1810
1603 1761
2509 2603
107 1788
2033 2086
1149 1839
2951 3313
2698 2786
2084 2164
2348 2468
2378 2459
2836 3383
2275 2500
2750 3108
1110 1209
524 637
2398 2508
1427 1660
2310 2603
1323 1610
1401 1516
640 650
1052 1727
3047 3348
1997 2550
2247 2463
2757 3064
2819 3035
108 159
1987 2581
474 531
1032 1502
2672 3386
1614 1621
2118 2136
1491 1789
2054 2338
975 1104
3280 3351
724 795
414 654
606 1210
623 625
3485 3681
1973 2337
1768 1823
2347 2511
1912 2018
2754 3184
1459 1592
1086 1449
1684 3013
1520 1877
2253 2433
353 1692
2159 2659
1634 1703
1684 2785
2925 3348
2762 3275
2339 2575
2153 2567
701 845
3219 3330
2122 2218
2679 2928
747 752
2419 2588
1912 2530
1393 1730
3252 3316
2020 2237
1126 1153
926 1835
1199 1456
1330 1768
698 887
1516 1827
2261 2604
686 789
1957 1998
348 406
2131 2520
2680 3078
2062 2542
1464 1844
1236 1275
45 104
107 1849
211 239
2313 2440
1426 1893
2109 2521
3545 3828
1939 2390
2075 2603
460 506
2101 2568
2047 2653
1970 2087
897 1191
1472 1630
2485 2560
1839 1864
1420 1554
1341 1449
1454 1742
1570 1612
1918 2213
2796 2936
3557 3731
1943 2607
1211 1589
2084 2410
2163 2283
2254 2616
2229 2551
947 1754
424 469
3005 3011
1150 1283
98 277
1350 1575
1375 1623
1488 1584
2253 2408
3082 3351
913 1377
3437 3573
1376 1621
2423 2604
1941 2215
582 600
2196 2533
942 1595
2030 2404
954 969
3039 3274
1245 1495
924 1876
2032 2571
1209 1376
2300 2387
2841 3389
1985 2495
1918 2271
2328 2463
3569 3924
0 264
1582 1732
1004 1091
2390 2537
2072 2289
3182 3185
1666 3278
697 828
1011 1748
3146 3198
2484 2549
1179 1740
1358 1882
3206 3280
2849 3027
1003 1750
2755 2913
3663 3977
3056 3284
1304 1815
2005 2059
1101 1399
1199 1359
1037 1072
2827 2905
2778 3327
2183 2345
1954 2138
3331 3358
2301 2535
3101 3152
2921 3342
1940 2461
1613 1643
1923 2310
733 768
1367 1617
2396 2465
1376 1570
2848 2901
2278 2446
1962 2579
1589 1621
2024 2648
2417 2473
107 1396
110 264
348 536
2966 3104
1003 1622
654 683
2282 2319
626 680
2742 3355
3449 3800
1227 1647
1938 2090
3017 3397
2340 2655
2047 2608
466 522
2633 2647
484 1422
414 623
1367 1509
3947 3973
3437 3494
1124 1626
566 1128
2122 2520
3296 3302
2824 3091
1684 3247
2022 2284
363 1512
1056 1861
2991 3239
513 567
107 1604
526 1791
2849 3335
1059 1312
1951 2116
2784 3219
1132 1737
3378 3397
1973 1995
999 1603
3611 3842
1980 2633
107 1615
2773 2931
1669 1752
75 323
927 1799
1122 1400
1919 2225
2867 2907
2490 2515
1744 1829
3875 3887
113 239
947 1390
1989 2142
2122 2433
2754 2862
1376 1528
1079 1849
2005 2604
2123 2165
1289 1768
107 1368
2326 2369
2408 2464
2068 2198
1113 1606
2328 2509
2510 2522
574 621
2071 2144
2174 2343
1839 1898
2947 3331
3362 3364
423 538
475 487
3455 3862
1367 1547
370 397
1929 2266
2334 2542
1398 1480
1912 2594
2423 2602
2199 2649
2369 2646
1912 1996
1918 2564
1188 1634
2664 2909
2560 2579
463 517
927 1405
3114 3430
2122 2600
781 787
1597 1736
1980 2636
1966 2593
1172 1668
1324 1454
3114 3231
2780 3212
1997 2646
1462 1550
1399 1535
2331 2526
504 547
1267 1717
2464 2542
946 1330
580 976
3521 3710
2064 2118
600 628
3764 3931
2332 2351
1352 1753
2810 2821
492 538
1172 1621
2468 2611
53 88
2959 3283
2087 2279
2994 3104
1302 1538
404 536
3438 3480
2057 2384
2278 2352
2045 2109
1382 1783
2347 2351
2095 2593
2920 3433
3211 3431
2117 2597
1491 1761
107 1792
1811 1861
1391 1712
1075 1870
3179 3185
704 848
170 290
3741 3830
2951 2984
2071 2138
2332 2511
3448 3456
0 286
2065 2324
1479 1899
2292 2597
1221 1873
1985 2007
2777 2943
2973 3041
951 1641
1979 2560
3522 3677
2043 2184
728 856
2095 2552
1941 2194
1983 2213
1172 1201
2347 2593
1985 2087
2567 2616
2694 2927
2057 2372
1918 2275
3301 3363
2083 2184
1684 2968
2997 3063
1067 1277
2020 2244
3437 3469
1680 1873
1971 2606
1878 1882
1419 1780
1577 2153
2879 2959
3000 3348
1290 1589
929 1838
1988 2444
2176 2362
2283 2594
1059 1544
1317 1803
2307 2408
3019 3162
2905 2986
1471 1637
396 548
3721 3873
1076 1341
993 1135
513 527
359 546
2754 3056
2350 2404
1684 3135
3521 3936
3199 3259
2133 2649
51 237
1334 1361
3663 3735
1171 1297
281 320
200 203
3149 3301
3556 3625
1845 1902
620 666
2283 2343
2142 2213
3016 3419
3518 3640
1912 2035
2392 2492
2896 3293
3113 3434
1685 1833
1688 1885
2190 2240
142 315
2145 2367
2683 2794
2929 3000
428 591
348 454
1684 2939
2057 2138
2313 2632
3633 3750
896 1170
2005 2090
2865 3087
2308 2464
1467 1750
28 149
2325 2362
1185 1341
2172 2553
1571 1754
1149 1644
2785 2849
930 1574
2282 2608
1709 1785
2263 2558
3017 3274
2180 2472
705 805
2033 2055
56 334
1007 1573
1291 1714
404 415
1622 1659
3486 3833
1101 1480
3730 3731
3833 3976
1933 2317
1971 2369
3041 3352
2056 2404
566 593
2261 2500
1589 1663
948 1695
917 954
737 805
2873 3387
2145 2566
1338 1472
691 746
978 1613
2345 2566
1359 1754
1180 1730
2764 3222
1352 1547
2028 2134
1399 1835
2090 2391
2344 2509
483 1616
3038 3360
2423 2559
2476 2482
3077 3410
1267 1800
3561 3803
2786 3394
1535 1868
781 815
2292 2472
1122 1740
1242 1603
2323 2433
3437 3784
2223 2333
2912 3026
2972 3314
921 1126
975 1129
2239 2372
2233 2586
3486 3869
1324 1515
2220 2369
2062 2479
2950 3219
1117 1621
2218 2602
136 2653
963 1468
3437 3802
1337 1561
414 670
916 1285
2318 2406
1377 1637
728 780
1172 1842
686 700
1367 1819
2190 2593
1943 2218
993 1006
2022 2659
1941 2180
582 662
2064 2300
98 223
953 1722
1184 1288
948 1142
698 803
983 1849
1048 1407
2064 2575
2395 2553
2061 2297
2384 2436
1191 1879
2916 3195
2038 2498
2666 3142
1080 1881
366 438
446 482
2271 2467
1744 1778
2725 2903
2071 2629
745 805
1117 1288
3622 3927
2467 2573
2140 2188
461 507
1259 1770
3613 3649
2052 2302
1684 2866
1994 2194
1687 1866
2667 3087
1158 1611
3464 3601
1042 1299
2229 2414
1559 1827
2206 2352
2669 2872
1635 1691
1532 1604
3437 3653
1341 1603
3616 3638
1285 1610
30 200
934 1768
2993 3026
906 1116
2045 2407
1789 1796
2067 2234
1230 1329
1938 2240
1997 2409
1086 1509
3912 3917
1912 2544
1953 2045
2224 2279
695 706
1289 1612
953 1256
1307 1567
916 1509
373 544
3564 3803
2222 2328
2131 2307
436 523
3513 3799
2150 2229
3184 3226
2451 2508
2874 3363
2333 2372
2670 2959
3450 3604
2218 2467
2330 2463
2282 2547
422 597
952 1522
196 285
573 575
897 1398
1325 1615
1198 1352
2333 2432
1993 2356
2741 2916
2216 2526
601 1679
2870 3246
2059 2090
1396 1820
2063 2579
916 1287
1612 1623
1130 1399
135 284
2026 2233
1088 1165
2078 2506
2076 2444
1598 1804
107 1584
3084 3149
2228 2313
2821 3413
2636 2639
1938 2275
374 451
1284 1462
1983 2005
1021 1303
1163 1833
3448 3604
2719 2853
3080 3317
2108 2532
2564 2579
475 676
180 302
2054 2075
1402 1791
304 322
1559 1761
2352 2573
3026 3387
2253 2339
2047 2474
815 856
513 614
971 1204
1986 2477
2010 2203
1211 1714
2164 2290
3110 3327
107 1106
3019 3051
1912 2513
2948 3023
1920 1941
2323 2446
2282 2543
1929 2542
830 846
1923 1964
1332 1695
2959 3423
1204 1347
2937 3051
1569 1650
2414 2428
2002 2327
355 361
2059 2172
3082 3252
2135 2315
373 634
1914 2583
999 1437
1048 1608
394 538
1199 1768
2478 2611
1078 1757
107 1787
1495 1893
971 1014
1222 1845
3144 3431
2057 2087
2309 2526
2901 3330
1101 1278
425 477
2339 2624
3016 3267
2188 2408
2319 2643
2372 2463
1104 1728
1120 1479
2242 2325
1966 2602
1019 1347
107 1419
109 169
2108 2212
3043 3369
2977 3257
2751 3224
2150 2356
2853 3240
1328 1593
2669 2738
1959 2438
2090 2602
1052 1348
2828 3320
2669 3033
1259 1709
3038 3421
2149 2547
2697 3001
2919 3363
2748 3188
1117 1256
2731 2956
2904 3082
1214 1839
1459 1475
2600 2611
2052 2336
2139 2347
403 475
2381 2542
56 303
3704 3891
983 1399
1234 1443
2992 3106
1487 1853
2666 2905
936 1223
304 347
2271 2340
1448 1857
2220 2613
1729 1828
414 599
1361 1898
966 1185
2543 2567
917 1159
2372 2555
2968 3097
3830 3919
1255 1367
2640 2648
2661 3272
2176 2304
2188 2261
1447 1597
451 493
1365 1420
2936 3224
2190 2551
1993 2118
3696 3920
1183 1338
1408 1818
2007 2087
950 1537
1986 2059
1349 1744
2403 2497
2323 2564
2132 2438
391 431
697 818
1128 1621
1435 1473
1017 1211
3670 3686
1199 1302
787 808
1244 1428
3022 3294
2758 3198
3136 3196
1986 2253
1092 1795
2131 2543
1983 2359
1439 1621
3809 3887
2356 2550
2890 2956
1684 3309
1189 1667
952 1757
2216 2593
1081 1742
122 232
1370 1584
1310 1703
2165 2340
636 653
107 1457
3078 3426
1637 1779
1198 1714
2750 2754
2293 2555
1060 1277
3523 3695
1577 2394
1210 1318
1597 1617
2881 3076
3019 3233
436 513
513 523
2039 2176
34 428
1107 1789
2285 2333
2738 3293
3528 3687
1918 2233
2088 2123
1917 2046
1946 2489
161 258
3980 4036
2054 2608
2081 2642
637 1853
465 495
1277 1417
2043 2561
1993 2257
2849 3434
2314 2474
2849 3280
3437 3634
1557 1734
363 444
2724 3221
2158 2523
2890 3142
2131 2334
1180 1377
1086 1418
3437 3791
2004 2364
1110 1352
2983 2997
2327 2508
2867 3073
1214 1238
2368 2399
473 535
2073 2561
2189 2387
2333 2394
1128 1135
2209 2242
2062 2110
1078 1267
3145 3277
2738 2915
1182 1312
475 563
2074 2123
2140 2625
1086 1091
2901 3173
658 662
2138 2377
708 760
1427 1661
606 1358
1728 1875
2028 2653
1971 2376
1107 1163
2404 2468
2072 2203
2307 2369
580 601
1482 1630
1219 1341
1989 2200
933 971
1261 1406
1835 1891
2311 2324
1256 1359
3060 3280
2244 2654
3239 3355
3102 3145
2698 3033
2853 3419
1014 1215
933 1215
1058 1552
1735 1839
1375 1789
3026 3084
101 187
2586 2604
3982 4021
119 342
514 541
3491 3611
1470 1717
1504 1876
2176 2247
3096 3284
2482 2646
2677 3020
1585 1822
369 551
2334 2467
2803 3418
1993 2410
2297 2337
2946 3215
2174 2610
1444 1540
1371 1467
2290 2306
1471 1589
1123 1585
354 361
2181 2373
1912 2111
1912 2560
3132 3335
2064 2600
2990 3154
3438 3456
417 523
1439 1888
2743 2777
2611 2631
2407 2408
3046 3352
2259 2508
2765 3094
2095 2404
2086 2142
2123 2253
1399 1584
2039 2351
2165 2542
180 196
3616 3844
718 781
2199 2274
3437 3913
805 880
966 1086
953 1086
739 819
2004 2016
1170 1228
2770 3239
2237 2428
2187 2194
2560 2567
688 766
428 1425
1986 2556
2150 2309
2199 2594
483 1645
1334 1525
2309 2392
3078 3301
946 947
2333 2351
1916 2344
905 1487
1557 1717
475 556
2161 2235
2835 3195
1912 2230
2398 2649
1243 1613
2680 3033
971 1649
2666 2815
483 1429
1399 1839
1925 2329
3902 3940
1211 1399
2374 2381
1559 1621
3437 3500
389 1259
2047 2338
2123 2564
2007 2268
1014 1828
431 527
2189 2292
556 652
1086 1689
2366 2379
2111 2555
979 1016
544 545
2043 2381
1459 1550
1000 1134
1420 1689
1017 1335
2111 2582
1290 1524
3909 3931
567 3961
1210 1606
3514 3926
107 1727
3154 3240
1107 1827
980 1074
2399 2582
2073 2521
1962 2064
1539 1867
1409 1470
2733 3298
1125 1665
3586 3938
1714 1722
1973 2660
1292 1899
107 1776
982 1399
1550 1583
1426 1691
2958 3179
2875 3350
2573 2590
1971 2103
1471 1643
1288 1330
3464 3529
2060 2122
1101 1107
1469 1504
3596 3832
3980 3997
1127 1236
716 799
3519 3837
708 800
2319 2344
2793 3146
2669 2896
2027 2171
2123 2200
107 1260
967 1126
1912 2503
2180 2384
1971 2212
2077 2464
1912 2160
423 523
1017 1598
1603 1721
107 1020
698 869
3097 3136
1390 1551
3524 3782
2033 2164
760 827
3627 3730
2247 2273
3871 3917
2108 2423
1086 1344
2078 2536
2236 2335
2134 2598
3518 3938
1449 1612
72 141
3618 3873
3335 3419
2436 2544
3659 3779
2145 2357
2244 2309
1203 1847
1420 1746
2039 2333
1117 1361
1420 1580
1132 1832
745 781
2854 3390
0 207
1171 1450
2118 2507
2848 3280
1970 2134
1117 1547
643 659
1925 1983
3253 3411
2867 3363
641 1446
903 1601
3596 3731
2064 2521
2122 2549
2121 2561
1645 1677
828 847
1516 1782
161 213
1243 1509
2068 2180
3184 3387
2363 2374
555 557
1621 1902
3899 3957
978 1377
3021 3049
451 503
414 436
297 324
2154 2460
1712 1868
3550 3573
2307 2561
2087 2315
2753 2965
349 478
2624 2625
2353 2467
2059 2408
2047 2318
949 1415
980 1589
2043 2573
3051 3353
1923 2145
1107 1620
980 1637
1054 1608
1344 1795
184 251
1126 1623
0 270
3132 3267
1966 2507
3607 3933
3666 3921
1971 2482
2682 3100
2770 3347
1043 1896
582 583
1375 1589
2062 2537
1966 2331
2118 2539
2773 3090
1926 2338
2191 2319
1912 2051
2716 3320
1995 2648
2415 2617
1979 1986
3118 3366
2058 2492
107 1371
2267 2589
1928 1951
1100 1841
3106 3267
2969 3324
1918 2604
2960 2974
2232 2643
3722 3921
2064 2604
2124 2654
2921 2955
1059 1291
2056 2499
2327 2533
2031 2473
4023 4030
2201 2331
1978 2049
2203 2475
2742 3391
277 280
2384 2512
1153 1902
2038 2277
370 431
2086 2542
1287 1293
2593 2619
2323 2590
3234 3237
1557 1721
2428 2477
391 561
85 176
1184 1737
1333 1468
2369 2462
3066 3083
978 1323
2068 2543
2749 2786
1117 1255
1674 1863
3146 3316
1100 1592
2689 2917
939 1829
2676 2782
1985 2563
1643 1723
2235 2438
2126 2570
10 169
1324 1628
637 1113
3518 3528
3695 3898
1405 1622
2672 2719
916 1717
3106 3224
1712 1714
2897 3174
2331 2469
2261 2485
2328 2529
1165 1254
901 1837
3190 3327
1966 2484
1926 2101
1662 1683
3636 3815
2665 3253
1153 1516
924 974
2759 3202
3101 3403
1964 2185
3329 3431
14 20
3561 3604
2778 3112
2438 2537
2419 2512
432 527
2043 2340
2109 2410
1984 2352
67 186
2154 2404
1124 1879
2060 2624
438 604
3157 3342
1912 1928
3986 4014
2757 2866
107 1495
2039 2224
1669 1902
580 1025
1938 2369
1563 1603
1086 1198
1551 1721
1279 1583
1361 1577
3086 3366
2326 2526
1471 1619
1471 1833
1184 1835
2102 2302
2546 2615
1033 1687
2724 3366
1379 1479
2133 2214
1416 1750
1109 1139
3690 3895
3826 3900
980 1230
0 335
1399 1431
1465 1948
2095 2495
366 1631
694 795
1663 1721
2111 2496
903 1333
2032 2344
3284 3324
1917 2460
2432 2438
2743 3363
1153 1271
2200 2348
1811 1813
1921 1954
1376 1563
2356 2418
2058 2073
2007 2533
2603 2617
348 434
997 1842
3245 3263
830 856
3102 3267
172 223
1074 1570
3101 3102
2500 2536
107 606
1970 2605
2943 3228
2278 2287
199 298
3662 3745
3458 3900
2135 2282
1184 1750
107 1146
89 147
2877 3232
1399 1668
2731 2738
1302 1377
3205 3245
3632 3918
3272 3378
1006 1556
2078 2460
3176 3295
142 252
3690 3869
2127 2224
1380 1868
1202 1253
1314 1837
229 334
2594 2649
1181 1589
1993 2056
2200 2520
576 627
2970 3132
2266 2520
1619 1795
21 40
1995 2645
2033 2607
983 1199
1156 1230
2755 3348
1195 1255
2108 2464
469 497
2564 2604
686 847
440 496
3013 3299
1467 1637
2895 3302
1255 1613
1048 1765
2244 2586
2674 3419
1791 1864
1059 1643
915 1565
3056 3098
1047 1267
2030 2539
2289 2594
2241 2289
3172 3347
2130 2197
2283 2529
1718 2475
2778 3082
348 564
2410 2611
2738 3092
579 622
1192 1638
2043 2446
932 1813
1048 1185
1912 2101
1986 2122
1953 2623
2678 3057
903 1493
1918 2482
3110 3403
78 306
2237 2340
1943 2142
1056 1173
1110 1835
1200 1574
976 1374
2733 2936
3145 3396
3118 3168
1345 1742
1945 2465
632 658
233 256
1241 1783
1570 1623
1348 1770
2147 2476
713 805
1359 1637
2084 2484
686 722
1508 1820
456 494
2938 3087
1125 1207
1620 1622
2254 2327
1181 1689
3525 3683
1189 1311
3674 3851
2894 3262
2844 2871
258 295
107 1656
107 1002
1196 1618
2111 2285
3790 3858
2306 2309
3321 3344
1117 1604
136 2254
1927 1973
1684 2890
1101 1125
373 680
142 203
3106 3120
2510 2629
1674 1780
416 557
3078 3195
1098 1705
1953 2278
1917 2237
2165 2213
1291 1416
3672 3877
107 979
1617 1621
1300 1606
1389 1570
2482 2600
1983 2630
1353 1357
2698 2750
3019 3207
1966 2386
2244 2591
146 339
2951 3359
1039 1868
479 525
2420 2465
2334 2556
374 517
2410 2532
3437 3612
1213 1725
0 108
1584 1810
1930 2047
1511 1553
1298 1728
637 1790
1211 1570
1472 1770
14 226
2103 2359
2459 2620
2369 2607
2346 2658
2104 2118
966 1516
1296 1694
3636 3802
123 252
2212 2564
3630 3945
2088 2526
2029 2396
2182 2242
2684 3434
1323 1551
1914 2116
483 1012
1951 2435
2244 2278
2763 3417
1399 1689
2423 2655
1076 1675
2866 2867
1491 1584
2973 3206
2049 2082
388 452
1211 1816
921 1768
946 1823
3437 3744
1250 1888
2754 2755
2777 2940
2327 2649
455 539
1391 1793
3441 3536
2745 2872
2319 2511
2018 2364
3590 3740
1704 1742
2064 2655
1078 1214
1079 1146
1219 1827
1243 1714
3024 3051
2122 2307
2877 3184
1449 1886
2614 2632
2240 2309
2728 3366
3437 3675
1131 1306
2347 2510
25 113
1590 1851
917 1871
3532 3829
2233 2339
2294 2588
1590 1617
2021 2485
2663 3104
2723 2836
2999 3240
367 481
1641 1803
962 1234
1162 1696
3540 3962
2661 2770
2464 2546
2005 2308
1993 2546
1577 2512
766 834
1912 2175
1029 1609
1917 1986
1413 1680
1289 1833
925 1222
960 1456
220 262
2755 3078
2985 3301
2679 3238
3677 3734
1129 1279
2115 2299
2093 2261
1219 1265
758 836
641 1475
2216 2477
353 606
1243 1530
1079 1621
2043 2550
2956 3104
3197 3224
1185 1222
2473 2608
3584 3976
2347 2643
1175 1480
1216 1601
1612 1643
1488 1800
2091 2361
2211 2254
2674 3179
1962 2414
1684 3056
1946 2103
3291 3332
2096 2501
708 755
1328 1494
3219 3409
604 669
3596 3604
39 105
3575 3872
1079 1522
1925 2615
2936 3261
1291 1491
916 1256
1396 1824
3528 3611
484 953
1471 1480
1553 1620
2694 2864
2679 2887
2188 2489
2109 2306
1076 1420
1912 1995
1068 1370
2190 2428
2339 2489
1966 1971
1935 2011
1115 1628
510 563
3049 3120
2681 3387
107 1729
1359 1605
1702 1718
3191 3412
1984 2046
1686 1703
981 1060
1684 3305
1416 1538
1097 1837
917 1314
2216 2253
2278 2604
1399 1827
896 1221
3576 3926
2055 2257
2778 2849
1026 1685
387 561
21 297
2063 2381
2780 2846
3611 3966
2734 3343
2915 2924
3588 3827
1954 2659
2218 2559
2005 2526
1435 1894
3022 3184
2694 2916
3437 3783
1337 1352
1938 2602
1158 1576
1668 1888
2012 2364
3479 3919
526 1054
1994 2319
3204 3302
2218 2387
1356 1566
3731 3966
1256 1813
465 537
392 566
2027 2157
3593 3810
2737 3160
2090 2395
1987 2038
983 1125
1207 1832
897 1782
1157 1501
3076 3116
531 546
1221 1830
2591 2624
2328 2434
1388 1793
1277 1872
475 555
1957 2225
2813 3136
2107 2411
1528 1813
3779 3930
2335 2503
1399 1800
2187 2315
2165 2329
3442 3778
1471 1816
2728 3319
925 1746
3514 3913
1287 1370
3340 3365
1936 2503
3623 3866
2184 2311
2023 2316
2973 3115
1551 1689
2476 2584
2693 2802
1344 1710
2247 2582
3714 3803
2921 3214
1993 2090
1184 1402
2002 2399
107 1417
2007 2151
1237 1746
1230 1793
1984 2561
2072 2533
107 1821
2086 2376
3320 3397
2253 2556
2200 2266
3101 3150
224 304
1267 1613
2045 2542
2196 2643
1523 1618
107 1853
2477 2638
1580 1842
113 285
2133 2141
2779 2829
3666 3728
2133 2474
2108 2600
2268 2292
3711 3896
1048 1110
2372 2643
2297 2494
1948 2273
1339 1799
1107 1538
2045 2083
2257 2271
248 252
1469 1725
3539 3678
747 754
2054 2516
1955 2451
2206 2575
158 304
2299 2619
366 515
3501 3674
25 271
1339 1600
2072 2508
1078 1589
2037 2550
1591 1595
2913 2925
1126 1375
1619 1833
975 1680
896 1438
1662 1712
2148 2555
483 917
1912 2361
3496 3629
3437 3518
3629 3921
2464 2573
1718 1920
925 1456
2894 3076
1137 1648
941 1729
360 520
2340 2590
2674 3070
1222 1280
5 316
3527 3707
2064 2446
2869 3016
2846 3046
974 1134
2972 3382
434 496
414 592
1488 1712
1225 1748
3841 3962
1331 1845
2200 2308
2330 2597
3838 3877
2512 2544
2034 2437
304 308
457 509
107 1102
2238 2361
2728 3168
463 519
2300 2404
1925 2037
2289 2419
2137 2491
1587 1596
1447 1842
2844 3072
40 304
2006 2636
2853 3381
1925 2560
149 226
1925 2240
1049 1243
1056 1842
2300 2383
1036 1413
2737 3204
1352 1712
2757 2854
1953 2118
1211 1520
3289 3396
2149 2279
1588 1719
1647 1661
2240 2276
1172 1757
2074 2395
2125 2643
2028 2351
1989 2229
1083 1722
637 1473
1380 1789
2026 2607
2275 2352
1339 1659
118 161
1684 2686
1465 2149
2786 2946
107 1328
644 666
2048 2498
781 829
1305 1367
1006 1391
3113 3267
3293 3433
1435 1622
1204 1857
2043 2560
2683 2994
1926 2273
2033 2074
1003 1420
2244 2573
2028 2463
1966 2340
1684 3369
2906 2915
2210 2604
2037 2123
422 455
1351 1619
2112 2477
2056 2414
2890 3104
2362 2642
1502 1894
2069 2121
2047 2534
376 488
566 1435
1623 1816
398 479
1117 1205
2005 2418
2279 2555
896 1576
2872 2912
2582 2629
2560 2600
1318 1464
1312 1367
1640 1840
1005 1213
136 2417
353 1487
1469 1770
2724 3086
1966 2218
1665 1826
2996 3346
1917 2200
2676 3080
1617 1750
2154 2418
1011 1070
2647 2648
2007 2259
2754 2761
2974 3054
2409 2600
1667 1785
3060 3182
1504 1507
3739 3819
1547 1652
1185 1823
2215 2267
2223 2516
2032 2283
2109 2446
2745 3022
2300 2395
2039 2417
2199 2567
484 1740
748 779
1227 1298
1250 1707
2863 3038
363 538
2289 2343
2720 3215
3049 3416
2174 2224
352 542
2078 2244
2213 2257
1247 1453
2348 2624
947 1352
1534 1666
2199 2377
1986 2200
428 520
1116 1754
2267 2336
1339 1819
1153 1207
1514 1893
1470 1605
716 797
964 1311
2069 2354
1516 1741
1070 1427
3104 3364
1941 2379
1024 1458
1059 1128
2716 3070
1983 2467
3458 3903
917 1899
0 246
3301 3387
2257 2638
988 1303
1917 2352
432 563
3680 3803
1947 2415
2056 2103
1948 2294
2875 3116
2363 2469
1192 1596
367 422
107 1475
2708 2845
2589 2594
3215 3335
2226 2557
1672 1783
1505 1684
2180 2555
2679 2754
107 1113
2007 2592
703 748
2827 3090
2101 2598
2520 2615
414 622
2267 2510
1377 1563
3285 3420
2188 2553
1334 1570
107 1594
1086 1172
3229 3392
1599 1901
2189 2472
2133 2283
1158 1872
1175 1842
1684 2712
2233 2423
2724 3263
1132 1809
2218 2381
704 777
2374 2520
2298 2425
954 1479
1912 2318
2804 3416
1067 1550
2800 2956
1104 1894
2757 2864
2172 2504
2347 2624
2171 2192
107 1742
1163 1184
977 1703
1234 1531
2867 2928
3330 3411
1943 2063
1132 1431
2742 3344
1964 2211
1117 1370
473 503
2043 2306
3299 3342
2354 2607
1109 1904
2124 2549
1929 2507
1753 1891
2395 2601
2103 2190
1983 2030
1269 1305
107 1439
3378 3381
2960 2985
172 231
2333 2419
122 142
251 284
2344 2355
2261 2340
2409 2469
1929 1979
2458 2511
1923 2603
1230 1563
1912 2343
1514 1801
3529 3909
2567 2597
1545 1574
1079 1796
1125 1267
3056 3073
978 1791
784 827
1567 1803
993 1827
766 815
2229 2615
1584 1590
2795 3138
2088 2607
1426 1636
1684 2664
1204 1893
2919 3149
2220 2428
2327 2592
2093 2546
1916 2434
1523 1724
2063 2407
3362 3384
1328 1410
2194 2537
1799 1823
2126 2162
2549 2604
2351 2592
9 105
1191 1768
2135 2153
1983 2326
16 331
2076 2426
2945 3098
2117 2537
119 271
2908 2986
2102 2459
2665 2984
1311 1482
2748 2853
2669 3084
2276 2340
999 1823
917 1504
2881 3261
2912 3064
2103 2646
1827 1843
2663 3090
2073 2546
3568 3906
3545 3756
3739 3743
1941 2276
1948 2472
280 332
2220 2561
1609 1902
1095 1357
2543 2555
422 547
2849 3240
2742 3182
3437 3486
2060 2464
271 313
2191 2472
1913 2413
1970 2072
1941 2623
947 1800
1750 1793
495 570
2823 3287
2216 2602
85 323
952 1810
3569 3803
2078 2147
1256 1488
3460 3474
2850 3348
2348 2551
1222 1323
350 528
2053 2132
2059 2064
3437 3487
2333 2616
1598 1717
953 1117
2204 2421
1459 1862
2002 2519
1287 1833
1364 1897
3437 3814
1341 1816
2864 3348
968 1062
2717 3108
2372 2471
2275 2423
3144 3360
2300 2323
2102 2194
1946 2506
525 548
107 942
2730 2737
1237 1763
3674 3692
2081 2144
2506 2619
2839 2909
1391 1491
1936 2534
2793 2853
1388 1399
121 280
239 280
50 334
1375 1644
1993 2485
1684 3088
1688 1795
2937 3115
1173 1590
3108 3250
1577 2026
2253 2602
2037 2446
1757 1799
2758 3236
1643 1663
2199 2292
2394 2649
1086 1570
3020 3263
2887 3135
2005 2139
924 1170
170 176
3869 3900
437 462
1516 1816
1912 2237
1020 1503
1684 3181
1721 1791
619 633
2782 3195
2672 3274
914 915
616 622
1185 1652
1267 1483
1912 2321
1973 2001
2473 2594
1925 2550
40 77
1028 1612
1063 1431
2078 2539
2955 3395
1139 1260
2077 2428
2026 2072
2785 3046
148 185
483 1679
993 1554
1234 1829
1288 1488
158 242
1292 1862
954 1591
2681 3228
2463 2643
1985 2103
1684 3371
3557 3687
998 1722
1684 3038
2121 2229
3098 3195
975 1873
1245 1742
1431 1789
2458 2543
2143 2544
1684 2734
1614 1765
2164 2520
1305 1637
916 952
45 345
1366 1482
3291 3416
2095 2499
1920 2241
2244 2446
2081 2128
2676 2960
2064 2218
994 1258
1580 1604
1199 1457
3276 3299
2275 2308
3160 3355
2600 2646
2661 3291
1195 1669
1683 1721
2068 2653
1222 1842
2085 2186
932 1734
2057 2333
1621 1685
3503 3959
2409 2551
370 417
1917 2266
2081 2102
1331 1376
2084 2131
1251 1410
2672 2881
1365 1491
1991 2027
2155 2270
824 849
107 1730
967 1589
2003 2327
953 1289
1997 2122
2364 2459
1667 1840
2690 2803
2213 2326
907 1685
948 1237
2118 2324
455 569
3018 3086
828 846
373 507
1357 1794
1919 1931
2108 2495
2763 2891
2280 2384
3040 3098
2901 3167
1341 1665
693 705
86 225
2756 3257
544 557
1352 1535
3794 3924
483 1720
2300 2646
1984 2329
1918 2030
363 566
3633 3948
2140 2604
800 834
2730 2951
2708 2828
2276 2601
1491 1663
2939 3265
1669 1768
2028 2250
348 558
2047 2071
1963 2123
1447 1580
1500 1504
3440 3938
1272 1329
896 1108
1577 2052
705 819
2246 2498
2183 2555
1826 1879
2069 2306
2989 3291
2103 2542
107 1126
2093 2600
2715 3393
2363 2381
1941 2043
1939 2328
3295 3331
1184 1532
3519 3675
416 417
1512 1543
2469 2495
480 563
2081 2465
782 786
2078 2326
3581 3898
3437 3481
2212 2240
2329 2536
2221 2396
1709 1770
2679 2985
484 1397
3677 3693
2754 2912
1048 1116
617 630
1912 1964
1329 1754
2140 2600
2419 2445
2266 2512
465 567
2738 3123
2121 2532
2068 2588
3674 3948
1912 1937
2764 3020
2164 2348
348 462
2706 2750
1509 1823
1300 1349
1963 2564
0 27
136 1955
2019 2067
1920 2434
1064 1671
2504 2624
2165 2573
1380 1604
1617 1717
980 1460
1539 1621
2669 3228
828 835
3638 3716
376 444
3032 3264
917 1216
2149 2445
1108 1261
828 853
2747 3302
1922 2126
1638 1871
2031 2517
3038 3209
1985 2392
946 1737
62 142
2058 2237
2284 2620
651 1318
747 815
917 1729
2199 2588
2183 2344
2828 3120
1330 1804
2244 2624
2410 2478
1199 1291
1912 2393
2301 2570
1997 2563
999 1185
902 1596
436 524
3096 3362
921 1375
1971 2131
2293 2338
1684 2933
1428 1541
688 792
2554 2574
3560 3691
1771 1827
2781 3381
1243 1888
1987 2417
2069 2104
2356 2630
1929 2115
2240 2550
2279 2368
1172 1665
1459 1636
1222 1563
2430 2449
2914 3179
1070 1828
2039 2111
2665 3082
2344 2396
1082 1764
3116 3391
1457 1809
1438 1859
2073 2212
444 570
1989 2615
1164 1730
2023 2488
1331 1547
2073 2408
2302 2336
1981 2222
1086 1604
164 285
107 1183
1250 1617
373 412
2161 2649
1986 2121
353 446
2103 2140
2139 2492
1009 1790
633 653
2782 3364
2742 3082
917 1699
1148 1715
925 1622
1313 1673
277 332
2003 2110
2283 2629
1302 1712
3437 3461
1723 1809
999 1746
1040 1768
38 141
3860 3966
1594 1741
2430 2602
3034 3365
1621 1800
515 620
2172 2188
484 537
982 1269
3545 3841
1986 2655
1971 2190
2339 2521
2750 3052
2713 3086
3098 3117
1309 1751
1146 1269
2118 2150
1068 1768
1032 1406
3086 3371
971 1729
1951 2364
1684 3313
3629 3728
936 1767
995 1741
3449 3962
1668 1768
438 483
125 169
1246 1481
136 2180
2754 3228
2376 2381
1363 1548
2867 2974
3455 3740
1677 1744
444 483
1012 1692
3035 3296
136 213
2441 2558
1059 1172
2676 2867
107 1756
1997 2095
641 1763
2916 3022
2246 2377
107 971
2334 2561
3291 3386
2411 2474
2940 3096
2229 2331
2770 3035
1390 1662
1041 1131
2410 2482
2742 3319
3756 3929
3075 3313
2956 3362
2112 2131
1204 1432
3302 3351
1995 2447
2017 2041
2786 3228
2778 2881
2414 2655
2731 3400
2145 2236
1980 2645
1718 2289
1480 1863
2711 3198
1153 1335
1124 1172
776 887
20 111
1684 2825
3049 3291
2201 2526
563 567
1988 2259
1004 1842
1490 1673
2063 2088
2332 2399
2742 3351
2943 2960
1482 1703
1107 1768
1431 1613
3038 3152
1376 1791
2194 2327
2005 2376
412 565
1636 1820
3017 3152
1596 1899
1373 1907
1589 1796
2087 2144
1589 1750
3460 3761
1926 2510
436 461
2742 3297
455 553
1209 1791
1488 1559
121 165
1925 2073
1076 1610
1912 2117
3191 3366
716 763
1689 1833
3021 3101
1184 1714
2801 3167
2078 2478
1211 1516
1260 1876
184 346
3437 3728
2111 2292
1718 2028
1369 1835
1222 1849
1917 2240
3185 3347
1754 1864
500 601
2356 2507
354 382
3442 3802
434 534
2875 3396
2024 2459
1086 1844
1199 1619
995 1580
3753 3778
1523 1768
1944 2610
1290 1613
1917 2299
2212 2233
2030 2069
997 1214
1465 2398
2365 2447
3751 3787
3136 3253
2064 2216
1709 1904
107 1622
1959 2498
1399 1849
2482 2602
3182 3320
2381 2549
2240 2655
107 1429
1984 2446
1110 1523
917 1167
2959 3008
3693 3845
2906 2977
1272 1723
1214 1833
2201 2410
2040 2564
2308 2549
1644 1750
3596 3611
277 304
130 329
978 1255
3090 3229
1941 2611
3246 3321
3915 3945
1185 1335
1074 1329
2171 2633
2131 2607
2187 2543
2020 2482
1367 1644
1006 1123
3442 3865
107 1177
366 1844
2040 2561
2624 2630
2275 2290
2730 3219
1953 2104
1991 2159
661 675
3556 3817
3683 3756
1070 1296
1389 1761
1917 2064
2992 3419
906 1390
1124 1470
2786 2810
231 232
1146 1250
2959 2982
1917 1918
1408 1602
1132 1222
1729 1751
2108 2218
1479 1680
2500 2611
1529 1699
2331 2428
917 1785
2281 2301
2854 2864
946 1312
2336 2384
2780 3198
2666 2755
2232 2649
1075 1222
376 452
538 1400
1261 1824
3090 3158
396 470
3206 3252
1190 1636
1979 2356
1054 1717
2087 2377
1329 1637
2046 2073
2839 3339
1684 3112
1539 1663
2220 2462
2733 3060
2247 2282
1126 1821
3172 3320
1209 1243
1232 1568
1757 1804
1756 1831
1243 1721
526 538
2196 2653
2756 2956
2919 3085
392 497
3239 3321
2188 2615
2275 2477
1396 1812
2340 2521
2190 2575
1379 1655
3049 3280
2142 2512
2610 2612
1574 1778
2881 3172
1479 1628
2667 2868
1427 1878
1390 1752
591 641
901 1232
348 508
1600 1714
2724 3069
1017 1491
2839 3054
2833 3321
577 675
107 1866
2244 2307
2743 3085
711 847
2925 2928
2507 2615
2299 2323
2731 2786
2179 2590
1568 1601
1522 1842
3078 3339
1026 1813
239 322
2093 2233
978 1047
2938 3062
1432 1875
3446 3863
1444 1807
1982 2262
1256 1351
1345 1655
2966 3426
1714 1839
2271 2655
13 238
2279 2384
2507 2556
2336 2379
653 677
2778 3017
1123 1501
1051 1355
2090 2165
1918 2460
2323 2586
414 598
3169 3316
2151 2292
1761 1885
2169 2336
376 545
1612 1833
2063 2356
3498 3521
1275 1473
1985 2329
141 224
107 912
2586 2593
2958 3124
2058 2266
2914 3038
1927 2011
925 1376
1129 1298
3891 3926
1516 1736
2030 2574
2778 3298
1108 1316
960 1040
1271 1663
3123 3135
1174 1410
3437 3457
2033 2290
2499 2500
1983 1993
2030 2468
1946 1986
483 1400
3111 3422
2147 2604
2908 3108
2755 3084
2370 2655
1068 1620
1912 2119
2151 2588
1925 2552
2966 3026
2084 2271
1287 1826
3994 3996
483 1514
3577 3618
1370 1804
1979 2150
1139 1672
2591 2600
1390 1771
2664 2925
41 226
1604 1818
1955 2598
2064 2244
2135 2196
1684 3011
2133 2372
59 261
2089 2231
1985 2324
1115 1691
2419 2616
1126 1888
1126 1361
1195 1768
2118 2190
2087 2292
3463 3555
1563 1683
428 1446
540 559
368 494
1431 1554
3277 3391
2222 2617
3824 3830
1337 1858
1161 1779
2188 2331
2315 2598
2201 2655
1237 1464
1467 1791
1185 1791
2224 2475
2102 2279
946 1750
3586 3734
2931 3056
580 1237
2065 2608
1985 1989
707 714
764 843
3087 3219
3682 3949
3096 3301
643 662
2131 2485
2336 2511
2399 2603
2075 2282
2188 2521
1041 1415
2063 2206
1550 1596
2281 2535
2030 2593
1425 1743
2944 3064
2873 3238
1078 1813
3578 3737
3313 3327
3745 3949
2054 2325
1993 2206
2188 2593
2846 3360
3768 3786
1204 1479
1484 1845
573 598
280 329
107 1087
1666 2883
1559 1717
3731 3913
2708 2894
930 1122
944 1011
3982 3997
3017 3051
9 252
932 1675
2053 2608
0 208
1469 1536
3109 3360
927 1334
999 1547
2683 3426
2154 2369
2133 2231
2276 2381
1191 1863
2213 2308
3437 3969
993 1205
1917 2300
2218 2430
2140 2266
2224 2501
1971 2244
2928 2985
2108 2500
17 312
705 784
1523 1663
1086 1605
2001 2225
1963 2060
1209 1730
3730 3800
2095 2462
1399 1702
1589 1609
1175 1380
1391 1707
488 559
1772 1849
285 345
2458 2594
2679 3362
3692 3734
2215 2333
3320 3350
2748 2846
2056 2624
1916 2343
2478 2512
3437 3539
1166 1536
2290 2559
1912 2241
423 559
107 1625
2142 2504
3478 3933
2064 2551
1124 1800
1509 1901
1669 1800
2680 2694
1469 1876
2196 2273
2744 2762
107 1592
2938 2955
2783 2932
3188 3194
1163 1516
580 1514
1553 1908
1305 1485
3288 3422
3192 3385
2850 2927
1211 1471
906 1250
520 563
0 307
1086 1238
378 542
959 960
2090 2615
925 1048
3463 3947
2542 2578
460 463
3084 3426
1976 2001
1407 1620
1918 2611
2506 2574
2911 3399
2381 2615
1258 1355
2782 3025
2125 2338
2063 2266
1181 1888
378 614
461 513
2104 2188
2438 2458
3437 3923
16 29
3437 3525
1800 1888
574 596
1130 1467
2184 2579
1551 1643
2108 2340
1706 1786
1587 1636
2174 2608
2052 2351
2128 2304
1011 1037
1439 1559
2169 2247
1076 1390
947 1610
1211 1746
1237 1778
966 1804
2086 2559
130 204
2839 3286
824 847
2005 2184
942 1018
1718 1911
1108 1824
387 503
1946 2602
1021 1298
2309 2326
1516 1613
1920 2319
2064 2381
2247 2598
2877 3238
2055 2142
2812 3140
3007 3371
1916 2332
3577 3968
980 1662
1039 1447
1993 2573
1571 1902
2464 2520
1255 1835
3903 3924
360 513
1614 1772
3272 3347
2140 2561
694 760
1966 2062
2832 3050
2053 2194
2896 3073
2352 2500
107 1391
3049 3296
2770 3021
1399 1833
2338 2594
1391 1795
2020 2229
3111 3434
1603 1663
1287 1329
828 840
1129 1257
313 314
1554 1753
3275 3292
3232 3324
527 559
606 1606
623 684
1218 1889
2078 2553
2392 2592
0 288
957 1379
1037 1650
2218 2593
2049 2158
979 1177
3756 3772
1352 1902
1952 2221
1997 2276
1971 2340
3730 3824
2327 2603
948 1012
1993 2300
2927 3238
3534 3568
1226 1469
1577 2247
1199 1827
954 1871
997 1868
2113 2558
1563 1833
1604 1617
2906 3301
1001 1179
357 397
101 194
3015 3107
2074 2611
1250 1344
2111 2510
1472 1725
1508 1893
2037 2299
2047 2403
3472 3698
1945 2254
934 1391
1214 1407
2701 3298
3437 3749
1926 2268
2284 2365
698 872
3000 3166
2887 2906
2169 2199
1315 1413
596 677
2216 2409
68 296
1238 1598
3858 3913
2005 2638
1036 1129
2674 3102
1083 1605
2427 2499
1209 1340
1020 1102
2854 2927
1343 1807
2067 2584
1518 1866
1912 2186
1083 1589
942 1508
2084 2499
1086 1214
2743 2839
423 436
2474 2628
2150 2258
2199 2283
2809 3362
1966 2064
400 651
3593 3829
2081 2509
2973 3060
2578 2630
2154 2423
2404 2520
2863 3386
1930 2397
2327 2473
1172 1409
389 1013
599 640
3457 3703
360 506
107 1010
2121 2347
1184 1707
2141 2637
788 806
1345 1592
1551 1845
1289 1483
107 1644
1970 2283
367 547
1114 1358
1684 2925
1609 1811
376 507
414 681
960 1551
1048 1365
1271 1712
1804 1861
2722 3265
1369 1644
1006 1714
2088 2654
2160 2260
1018 1899
1188 1482
2905 3363
1983 2492
1944 2141
59 342
2102 2180
1992 2513
1999 2116
2002 2319
2849 3291
3024 3160
271 304
2491 2543
929 1701
3914 3915
2868 3224
1069 1431
3540 3968
2187 2377
2409 2539
1435 1444
1273 1871
640 659
1963 2464
2986 3000
1277 1596
1970 2493
2040 2201
2090 2495
896 1081
3809 3901
1329 1431
136 2133
1424 1787
1975 2126
423 560
2210 2381
2738 3257
2781 2849
2020 2462
993 1735
1035 1152
916 1431
2322 2366
3188 3411
2309 2347
465 566
32 137
1918 2507
957 1715
3651 3674
1938 2104
2873 3129
359 555
1547 1662
2007 2511
2233 2278
1945 2280
2739 2954
1149 1390
3705 3713
512 525
981 1379
3288 3393
1684 2774
727 847
376 1095
1146 1222
2275 2638
1275 1472
1783 1785
2020 2104
2289 2473
2033 2037
107 1003
2132 2377
2897 3004
2716 3291
1048 1467
2666 2906
3638 3844
1059 1612
861 876
355 481
1675 1810
2063 2551
2763 3426
1181 1532
752 834
1577 2338
2261 2410
2189 2334
1086 1467
2232 2508
1433 1687
439 520
1684 3139
1684 3107
976 1677
806 839
3437 3889
2215 2336
2240 2392
2084 2553
1938 2573
2165 2591
3640 3707
1214 1730
2719 3378
2273 2643
1428 1703
3793 3866
1345 1347
1962 2261
3756 3851
2475 2649
2188 2356
1149 1622
420 1692
713 787
2717 2867
1414 1872
2213 2468
640 675
1520 1530
2666 2749
3197 3342
2049 2397
980 1312
2149 2617
55 203
1523 1827
363 1237
2007 2147
966 1810
2363 2485
1305 1352
2681 2944
3233 3240
3240 3355
418 523
1345 1595
21 280
1917 2323
777 780
2329 2433
0 59
2976 3298
2307 2339
2425 2480
2133 2511
1182 1782
1938 2348
2905 3184
2071 2599
1344 1888
2111 2479
2215 2259
2137 2384
1919 2585
3437 3641
1369 1617
2273 2351
3177 3204
1941 2381
2956 3417
1076 1700
3482 3698
2200 2559
3532 3564
1655 1716
2520 2526
2037 2489
3498 3921
2561 2601
1472 1876
2275 2376
1612 1774
936 1358
2364 2633
2189 2309
2242 2512
1983 2460
3298 3306
2776 2861
2047 2641
2125 2434
2153 2191
2123 2469
2863 3050
2032 2367
2030 2604
947 1888
3578 3640
239 338
414 524
503 514
1245 1508
417 479
3611 3785
921 1272
2116 2531
132 315
1816 1864
1684 2776
2914 3150
2862 3025
522 539
1948 2042
3646 3810
1059 1290
1312 1768
3493 3903
1524 1800
1757 1879
2179 2625
2780 3279
1294 1427
0 289
742 768
2917 2944
3344 3393
420 1237
2037 2573
2324 2581
1776 1808
2759 2820
1123 1449
982 1346
1078 1736
925 1340
2863 3344
1554 1888
3525 3968
2112 2482
978 1842
203 297
2052 2196
2150 2350
1919 1968
2069 2229
934 1746
637 1573
960 1132
104 277
2042 2111
981 1067
2782 2800
1973 2143
965 1686
1330 1447
901 963
2138 2629
2719 3351
948 1113
1291 1675
2047 2144
1074 1185
1683 1700
915 962
2381 2655
1932 2516
3442 3685
3497 3838
2916 2943
2928 3390
1620 1644
1574 1744
2007 2211
2689 3426
3198 3201
781 809
400 542
2121 2370
2839 3284
3188 3320
2240 2551
1479 1573
2172 2410
1025 1901
2608 2617
2507 2578
2300 2604
2136 2340
3483 3690
1076 1491
2600 2623
2810 3158
2283 2468
1126 1613
1465 1883
728 779
1470 1559
1149 1663
3758 3833
925 1375
1420 1823
367 525
2056 2359
2363 2414
2461 2555
1612 1714
2278 2306
2909 2913
3226 3426
1957 2633
1979 2369
366 1616
1989 2499
1321 1909
1920 2463
2909 2967
1280 1488
2765 2939
2151 2273
1191 1669
2200 2233
1519 1570
2220 2326
1457 1816
2233 2526
2332 2333
41 310
1325 1708
1167 1703
348 475
2377 2463
2253 2326
2676 3098
2716 2797
2243 2652
1514 1574
59 203
1211 1610
1921 2202
3196 3253
2348 2549
3640 3687
2132 2419
404 421
2683 3084
3618 3797
1622 1717
2625 2631
2964 3374
40 133
2526 2607
2084 2112
1993 2646
1684 3177
2294 2616
3113 3162
1225 1338
1376 1447
2164 2276
1610 1723
1076 1839
1993 2521
1320 1349
1984 2624
3826 3870
2078 2543
3256 3393
1962 1984
2981 3123
2153 2196
2149 2336
993 1659
2139 2253
3916 3950
2717 2815
2904 3198
1622 1741
913 1093
1912 2601
1487 1543
2090 2477
3443 3859
1059 1250
348 412
1059 1799
1026 1517
1613 1842
122 277
1304 1310
2756 2862
2125 2344
2149 2302
2138 2387
1392 1413
2906 2909
3559 3681
1243 1623
1475 1887
1241 1373
2139 2326
2302 2420
483 1882
2719 3381
2200 2623
2744 3256
3687 3790
1684 3250
945 1704
1665 1813
1396 1638
1684 3256
1273 1751
2329 2423
988 1583
2418 2646
2125 2592
367 519
1603 1768
2797 3179
1149 1516
997 1791
3060 3328
2920 2943
3738 3937
2063 2600
2383 2546
2542 2601
1520 1799
1068 1665
1919 1980
903 1548
1237 1349
2502 2519
1185 1331
3674 3830
1180 1813
2800 3417
2232 2367
1753 1768
1017 1391
712 714
1737 1810
2351 2377
589 664
1189 1727
2081 2134
2040 2460
2839 3362
2890 3158
925 1600
2940 3174
960 1800
2077 2334
1971 2142
3017 3038
3131 3372
2316 2597
3655 3776
953 1861
2007 2512
211 272
1135 1470
1212 1743
2110 2161
461 544
567 3454
3447 3679
2155 2603
1533 1629
1388 1736
3150 3265
1951 2050
2170 2255
2216 2624
1938 2278
2686 3256
925 1632
2206 2625
1580 1800
1104 1227
1997 2553
1684 2985
1631 1673
2370 2526
1117 1804
2827 2913
2073 2347
2030 2352
1984 1985
107 1234
1245 1828
1523 1532
0 103
2043 2347
2055 2078
2521 2646
3440 3877
1617 1700
1998 2157
1335 1370
2064 2123
172 325
1799 1810
1912 2453
2910 2919
1917 2410
1696 1761
637 1744
600 661
1076 1086
3763 3793
2139 2560
1110 1327
2304 2512
3475 3851
2706 3213
963 1118
2037 2108
3502 3669
2679 2839
414 664
55 104
1370 1723
1234 1910
3705 3867
158 168
637 1179
1272 1685
600 615
360 558
2220 2573
2340 2615
2716 2984
1994 2196
3656 3667
2694 2755
2028 2163
1980 2346
1214 1341
1431 1791
1938 1983
2023 2341
3034 3385
964 1005
1250 1572
934 1086
1684 3143
990 1666
3265 3267
1962 2607
3437 3877
925 1618
2533 2629
348 424
2924 2931
2144 2643
913 914
2060 2492
724 819
2667 3353
1185 1800
2716 3403
2528 2621
2339 2506
2071 2223
3780 3929
1925 2611
2767 2959
2687 3345
127 135
2069 2253
2931 2944
3002 3273
107 1513
1920 2267
1810 1833
2121 2339
2097 2225
2149 2368
1211 1843
1435 1683
2951 3120
2916 3426
1622 1795
1017 1267
1468 1733
2190 2233
2117 2294
107 1206
9 161
2233 2376
136 2533
1040 1662
728 737
3907 3921
2458 2608
1512 1878
2250 2445
2060 2278
1184 1341
2825 3431
1291 1668
2703 3309
1344 1612
3391 3434
1920 2191
3506 3786
2498 2616
2223 2605
1735 1836
953 1688
1199 1370
3557 3737
1684 2859
2095 2467
2046 2340
3578 3596
1983 2468
2724 3081
3437 3645
2140 2552
1729 1824
2071 2246
107 1767
2992 3320
2180 2294
2216 2334
118 265
2087 2608
389 1770
754 828
1926 2589
2244 2299
2088 2353
2198 2463
2062 2235
2551 2553
435 497
1968 2159
3347 3434
2075 2199
2906 2985
2233 2369
1221 1315
2045 2309
197 329
566 591
3611 3926
1259 1745
1227 1859
2468 2551
1946 2370
3169 3419
1144 1251
3837 3918
1010 1500
1467 1559
2973 3089
2715 3330
2960 3022
104 142
708 769
2754 3090
2124 2460
3299 3421
856 864
3750 3756
1222 1621
3463 3909
2583 2627
107 1635
271 290
2059 2404
2045 2188
686 712
2189 2288
1020 1729
2077 2492
2810 3084
0 183
2386 2543
3933 3964
504 544
1612 1639
727 848
1589 1849
1684 2930
2705 2839
2333 2491
3782 3836
2948 3234
758 817
1456 1796
698 881
1265 1570
1769 1774
1048 1663
2674 3434
107 1318
2234 2266
2040 2604
2221 2434
921 1393
2088 2307
2140 2602
954 1495
654 685
1143 1273
2551 2606
1234 1694
1947 2003
1337 1813
686 813
2156 2197
236 280
1175 1265
3711 3784
19 138
1052 1541
2294 2419
1523 1632
2315 2451
953 1199
1048 1590
2299 2579
952 1750
2815 3387
1614 1761
1153 1547
3169 3391
1926 1932
2118 2624
2564 2613
2315 2465
2564 2623
452 506
1377 1613
1216 1733
2142 2299
2511 2567
1082 1413
2951 3406
136 1718
2078 2408
980 995
2716 3007
2844 3395
375 431
3187 3196
591 604
2264 2327
2003 2101
1589 1707
3201 3252
62 236
1706 1783
2128 2598
1622 1669
1222 1589
969 1261
1608 1804
367 566
1912 2269
1376 1559
1129 1720
2072 2511
1070 1258
2290 2507
2556 2559
3509 3947
2780 3048
2140 2340
107 918
947 1637
2033 2212
2663 2851
2665 3327
2257 2410
2095 2624
28 312
2184 2542
2369 2561
3527 3926
1104 1578
2104 2218
1146 1877
592 672
1672 1709
2031 2038
1435 1597
2028 2282
1912 2305
2482 2561
2086 2201
1086 1761
2212 2290
1256 1662
2775 2881
3084 3137
2683 2873
1730 1810
2154 2549
2694 2897
947 1639
107 1608
376 676
1089 1354
980 1861
927 1724
1659 1750
2026 2138
400 492
1945 2187
56 276
3106 3344
1571 1604
819 835
2203 2239
2390 2617
1698 1825
1334 1612
2329 2500
1246 1366
2712 2833
1083 1460
2846 3209
1059 1724
1216 1880
903 1787
1516 1675
1750 1849
2785 3240
2905 3104
1964 2279
2666 3426
90 179
2636 2647
968 1364
3587 3967
1153 1287
2090 2112
1577 2071
2047 2328
1608 1839
688 823
25 186
1222 1580
2044 2499
2854 3193
1390 1622
1137 1892
3226 3399
2504 2631
2254 2336
3437 3845
1943 2560
1559 1563
1684 2876
2179 2404
1029 1557
988 1347
1201 1456
77 231
2239 2336
1605 1849
3119 3232
2669 2786
2194 2598
1516 1867
1684 3138
1335 1598
3448 3944
1926 2491
1153 1652
2912 3004
2391 2553
1946 2559
784 795
1255 1637
3060 3360
1522 1791
2084 2556
252 308
2827 2966
1120 1347
1204 1231
1126 1380
2564 2591
2354 2359
1665 1842
2765 3247
747 849
3518 3730
2669 3339
2027 2364
2887 3036
2484 2553
1166 1503
1993 2619
2348 2467
1175 1675
1197 1851
1912 2630
1946 2482
2348 2506
1916 2007
107 1535
1086 1750
1912 2654
1915 1922
2334 2526
2229 2549
3555 3600
1947 2537
2327 2438
2344 2629
2142 2619
2283 2519
1153 1524
2375 2548
1943 2489
2038 2203
2753 3397
2182 2642
1060 1104
404 525
4 328
1114 1574
1465 2289
1998 2571
107 1497
1320 1870
1396 1454
2194 2302
107 958
997 1517
1989 2244
107 1890
2282 2328
2308 2554
2098 2201
1076 1795
1971 2266
3651 3884
3082 3120
1041 1831
1321 1911
1195 1590
825 889
2267 2458
1084 1458
1309 1820
2123 2484
1981 2101
1076 1163
3877 3929
627 675
2615 2624
3002 3113
1730 1879
686 698
3667 3736
2046 2123
774 856
2229 2323
1948 2465
2055 2370
3169 3247
3159 3295
2933 2983
1207 1256
483 984
489 519
2475 2642
1918 2139
2324 2363
128 150
2155 2498
898 1751
819 823
1966 2059
3442 3644
1388 1580
3656 3830
2125 2279
2328 2555
2731 3025
1964 2145
3566 3723
618 684
1963 2607
1613 1712
1114 1616
2134 2533
1173 1804
2991 3204
2320 2349
378 604
2862 3324
1471 1551
2698 2910
1926 2039
1622 1861
2664 2745
3642 3737
896 1373
1366 1444
313 315
960 972
2828 3378
2720 3070
2327 2398
2103 2414
1951 1998
2356 2619
993 1172
1079 1329
56 265
271 331
1324 1661
2090 2124
3493 3648
2073 2563
2201 2600
2073 2179
2069 2469
2039 2117
2763 2864
925 1877
414 601
1370 1598
1580 1614
1992 2170
2059 2495
2104 2124
1329 1513
436 517
2688 2903
3725 3917
1469 1889
2536 2542
3116 3411
1569 1872
2055 2240
2189 2617
3800 3926
2756 2873
1192 1432
1331 1714
3096 3149
1324 1396
3267 3297
2045 2408
3437 3611
2681 2931
3750 3950
1128 1391
770 772
0 267
2890 3078
2376 2539
3552 3573
1235 1413
2172 2478
1184 1598
953 1610
3025 3435
355 402
30 73
3705 3835
2485 2591
3450 3804
2133 2367
2088 2414
2218 2352
957 1475
1242 1597
694 731
3818 3896
2033 2077
1153 1302
3437 3639
1130 1135
958 1118
1003 1741
2103 2369
1338 1703
1449 1467
2086 2478
3132 3265
1037 1855
1373 1876
1793 1868
2823 3378
779 780
1269 1800
1621 1810
3238 3293
2395 2623
2765 3070
2250 2511
2446 2477
1059 1184
1088 1193
2266 2393
938 1363
561 566
1669 1757
2323 2638
3437 3632
2086 2359
2730 3302
2853 2863
686 731
2754 2786
3079 3288
353 1529
0 143
1645 1692
497 546
922 1590
2171 2538
1684 3207
1098 1511
2078 2573
1227 1479
1955 2458
436 527
1941 2451
2713 3007
2059 2590
2414 2521
2769 2978
1993 2307
1591 1887
400 500
1938 2460
2067 2092
2218 2244
2037 2340
1570 1804
952 1730
966 1126
2798 3303
2058 2150
1221 1785
3618 3851
3487 3723
2905 3022
376 1777
993 1269
2074 2339
2880 3073
1981 2511
1954 2491
3785 3800
2073 2109
1995 2364
2408 2504
1107 1457
2687 3320
862 3779
109 325
1341 1730
1375 1737
1959 2465
2897 2925
2043 2216
3232 3301
3120 3201
438 669
2683 3257
1070 1496
2260 2341
2166 2335
2083 2478
107 1522
1009 1404
1684 3239
475 641
3233 3356
2751 3140
1943 2615
2073 2579
983 1845
2404 2423
596 1688
3021 3351
2061 2538
2465 2471
1211 1370
3113 3391
1991 2627
2038 2180
2124 2492
2250 2273
2750 2839
2777 3184
25 65
971 984
1369 1522
1456 1898
2190 2600
2803 2996
2339 2655
3569 3680
2354 2554
1245 1316
2916 2944
1917 2539
2873 2931
1222 1393
2679 2810
2331 2446
1355 1525
1488 1832
2992 3051
2849 3212
1943 2329
3515 3855
2290 2561
2347 2348
2372 2511
1570 1753
0 104
2537 2617
2221 2501
3116 3302
1344 1554
376 524
252 285
1163 1559
1496 1727
526 993
1189 1507
727 784
211 271
2101 2338
3692 3756
2778 3320
936 1574
1250 1524
1460 1513
1993 2363
697 765
3437 3449
2037 2200
2134 2153
1192 1636
1086 1402
471 561
2042 2052
2354 2601
1334 1535
1622 1689
1185 1888
1082 1573
1912 2462
3535 3825
366 542
1684 3232
1979 2575
1522 1613
431 465
3047 3226
1979 2576
3595 3912
966 1017
1833 1902
3571 3918
2047 2173
2037 2606
619 653
1029 1513
2782 3064
3512 3873
2992 3017
2290 2625
1047 1768
2086 2275
1482 1847
1112 1888
2309 2573
2078 2482
2347 2556
1988 2398
2235 2617
1284 1315
363 544
462 493
483 1454
2966 3119
3198 3345
1078 1663
3182 3397
2104 2275
1939 2344
2448 2628
2151 2347
925 1730
2140 2611
3137 3231
1964 2505
3267 3347
1330 1420
389 1545
107 1590
9 30
947 999
526 1724
1912 2303
637 1512
368 419
1509 1622
424 505
1597 1823
1582 1828
107 1782
1590 1718
3693 3841
925 1589
3135 3158
1516 1835
1242 1375
2768 3097
2308 2331
2674 3291
2289 2512
2796 3422
713 844
697 719
483 1848
130 300
2235 2396
2002 2137
2839 2913
2084 2429
2532 2542
2090 2381
939 1356
3593 3768
2532 2590
1146 1637
2067 2262
908 1187
2032 2588
432 544
2384 2511
2748 3411
25 270
1405 3366
1072 1428
147 219
3162 3191
1099 1451
2286 2403
373 506
2710 3090
1452 1733
2033 2381
2111 2438
1459 1783
1683 1746
2669 3226
2913 3149
1559 1604
2323 2428
3035 3152
1037 1412
0 3
3082 3152
2904 3378
2871 3136
3077 3285
0 166
1366 1473
2347 2554
2778 3347
2144 2609
3172 3287
1079 1198
2188 2311
469 486
2926 3338
2910 2925
353 1673
2077 2575
2916 2986
1584 1712
781 805
1689 1867
707 712
1955 2294
793 797
3253 3345
3482 3644
1348 1756
2508 2516
3035 3185
1620 1804
425 520
1739 1783
1312 1485
1789 1800
1269 1589
917 1525
2289 2509
2032 2377
2323 2507
2009 2027
2109 2526
348 495
803 832
3995 4004
1006 1821
410 557
2024 2097
2730 3207
1941 2609
1742 1828
2713 3038
107 1781
2111 2445
1684 3427
1684 3266
1976 2659
1879 1898
2045 2095
1124 1243
3261 3422
2919 3054
2630 2631
107 1115
2460 2578
3533 3734
3456 3841
370 376
1217 1444
1074 1730
3794 3947
2189 2419
1547 1613
2007 2102
1182 1851
3626 3839
2108 2339
2254 2319
3291 3335
2663 3130
1198 1399
2188 2492
1706 1893
1184 1559
2999 3361
2755 3284
1530 1849
3578 3683
1222 1675
1126 1336
1925 2410
2853 3145
2706 3052
2809 3104
1024 1886
1199 1377
3535 3601
606 1876
2063 2122
2743 2754
2463 2589
24 346
1523 1819
1948 2292
1101 1900
971 1503
2432 2434
2679 2763
2122 2266
1525 1783
2059 2554
1947 2068
465 538
495 558
908 1203
1491 1532
2197 2341
2007 2267
3789 3918
1207 1879
2546 2564
2032 2254
3118 3263
3562 3639
1127 1472
957 1286
2309 2543
3473 3912
3712 3838
185 272
2109 2602
1912 2070
1811 1888
2059 2564
414 559
946 1835
107 1048
143 225
1993 2604
3500 3776
2115 2468
2216 2275
2005 2386
2359 2578
3060 3320
2086 2218
493 500
2133 2351
1912 2395
3174 3226
3197 3321
2005 2276
3455 3685
2039 2598
1288 1833
2770 3150
2043 2278
1912 2061
2253 2500
2075 2328
504 522
1881 1885
2172 2655
1250 1589
2706 2974
3025 3080
1156 1390
2946 3097
0 261
2694 3232
2196 2268
2786 3363
1321 1561
2469 2549
1390 1653
1912 2211
3672 3940
902 1082
3221 3249
946 1509
2123 2334
3475 3938
3240 3406
1684 3396
713 784
3168 3415
566 567
360 362
1191 1205
1947 2603
2279 2292
2795 3046
56 331
1192 1298
2456 2541
1917 2423
1423 1479
2040 2309
2093 2190
967 1352
3025 3238
2719 3267
1684 2855
957 1550
3030 3394
2880 2905
999 1752
2631 2655
2809 2837
1189 1847
116 162
3497 3824
2758 3154
1367 1449
975 1628
942 1783
1532 1886
2309 2586
2750 2945
1912 2093
107 1626
3001 3162
2777 3096
3529 3869
934 1508
1473 1762
920 1369
3690 3782
2064 2121
3252 3344
3701 3957
418 514
3605 3635
1041 1338
1235 1611
1966 2037
2073 2154
1128 1575
1465 2458
2334 2564
1345 1438
2697 3373
1207 1390
188 315
1367 1621
764 823
810 834
3774 3975
2370 2408
1132 1621
2931 2977
1929 2504
2176 2185
1943 2359
2988 3339
2123 2593
1370 1449
2981 3400
1932 2223
2069 2244
3480 3938
616 639
2533 2598
82 261
1583 1872
1948 2151
2209 2232
906 1800
2136 2244
3198 3199
2081 2432
946 1305
3123 3430
1335 1707
409 515
2986 3054
1571 1722
701 774
514 524
2753 2901
2356 2477
3060 3076
1912 2069
957 1691
765 807
1912 2121
1211 1737
2739 2830
1993 2579
2276 2499
2409 2492
1423 1872
1128 1467
484 511
181 218
1669 1827
2348 2601
2985 2986
1758 2764
705 828
2594 2598
2046 2244
2858 3327
395 463
2432 2501
1623 1804
2075 2327
21 251
1085 1178
3468 3782
2222 2243
1101 1172
2780 3351
745 787
2754 2863
2299 2374
526 1584
3596 3762
2867 2944
1213 1783
600 650
1416 1480
526 1278
953 1768
3132 3330
2275 2391
2173 2335
2319 2533
2482 2613
1330 1361
1258 1492
1110 1620
1132 1376
2005 2409
1173 1580
158 332
2313 2441
1772 1868
2978 3080
2029 2325
2810 2920
2835 3119
2778 3274
2327 2415
144 149
1948 2609
2739 3346
1554 1826
1638 1716
1945 2332
2001 2639
2492 2625
2307 2564
2308 2467
1841 1857
2669 3000
2910 3250
416 494
2709 2772
1411 1554
2179 2184
1390 1643
3146 3277
2290 2506
898 1729
2088 2492
3040 3348
2095 2323
1918 2339
2244 2606
2858 3275
40 231
2682 3168
1137 1319
2154 2347
2117 2555
1261 1871
997 1173
2292 2616
2104 2602
1310 1634
3656 3756
2391 2611
2142 2414
2073 2560
2372 2589
2495 2500
1004 1603
2946 3033
2636 2657
698 713
814 828
2040 2142
2539 2630
107 933
1590 1793
378 495
2261 2506
2042 2283
1920 2338
2103 2560
2081 2649
2849 3288
2090 2326
1192 1628
3437 3594
2687 3321
280 322
51 84
1730 1891
2068 2247
2887 2988
3293 3394
1345 1392
1132 1207
2255 2466
596 917
2484 2602
21 277
981 1691
897 991
483 601
2749 2927
2054 2199
2526 2604
2918 3369
512 561
2389 2413
2068 2537
982 1006
2495 2564
1437 1707
2077 2206
2930 3372
2989 3344
3187 3385
1983 2593
2683 3435
781 800
483 1487
2409 2428
2859 3002
2482 2484
1269 1377
2905 3339
2460 2593
921 1663
1040 1107
820 828
2002 2149
2674 3152
1123 1851
3980 4022
1612 1707
2698 2754
1468 1601
1923 2637
2376 2507
980 1367
136 2224
2271 2554
2253 2363
2233 2593
2153 2434
1427 1844
2920 2927
3238 3257
1959 2081
2151 2224
2123 2142
1323 1888
3587 3696
2007 2509
458 475
1938 2623
1613 1644
1289 1471
1172 1689
1938 2414
1577 2239
1181 1185
2893 3389
3680 3826
2201 2237
188 223
2108 2240
3088 3208
2459 2538
3116 3206
1110 1911
3873 3886
2116 2660
1583 1595
2436 2463
2294 2325
395 465
2176 2242
1354 1469
2075 2394
2248 2314
2216 2575
3195 3284
2083 2573
1456 1488
2376 2590
2299 2492
595 662
917 1531
2077 2124
3614 3900
2087 2537
1163 1613
2368 2501
1216 1629
2054 2138
1684 2770
400 408
2873 3022
1686 1794
917 1503
1584 1888
2271 2575
2429 2467
2880 2906
2589 2598
826 828
3545 3684
1076 1637
2370 2504
3641 3920
172 313
1149 1827
970 1360
107 941
2174 2589
2850 2915
2748 3397
978 1730
1577 2629
1313 1878
2669 2911
2150 2464
1416 1795
1597 1816
1245 1683
3980 3984
231 291
2046 2233
197 284
1287 1623
21 170
3101 3406
1391 1799
2320 2622
2750 2906
1017 1076
3 85
1718 2511
1179 1358
1222 1289
2331 2554
2040 2065
1289 1668
1015 1044
921 1367
897 1361
1068 1839
2308 2462
2058 2121
2201 2352
2244 2638
982 1370
1052 1226
2299 2549
922 1130
2112 2579
2675 2843
1146 1267
3545 3785
1420 1619
376 506
2386 2464
1238 1420
1004 1816
1190 1628
484 1620
2200 2602
1124 1735
1473 1703
2072 2247
19 115
3000 3213
2676 3193
1914 2018
1405 3168
719 840
2823 3267
2867 2925
373 558
1415 1541
1072 1541
500 517
926 1663
686 807
2233 2520
1359 1377
107 1232
0 80
1319 1378
2374 2495
2332 2434
2020 2542
1345 1647
1741 1888
2174 2330
2800 2960
3060 3082
980 1086
2201 2624
1335 1842
1125 1399
3080 3390
2742 3160
3465 3837
946 1086
408 514
2782 3213
1025 1113
2053 2609
1457 1868
2033 2253
1431 1471
943 1042
1511 1656
1534 3248
3731 3926
1082 1148
2369 2428
1184 1757
2110 2344
2966 3226
3784 3947
473 483
2862 3174
2407 2602
1986 2504
2124 2464
1231 1432
1983 2147
2142 2258
2056 2084
2108 2551
3872 3888
1146 1659
2199 2491
2087 2199
2128 2438
2398 2543
2169 2273
2376 2606
1993 2430
1344 1685
2240 2257
2662 2728
1951 2061
2328 2384
2526 2631
484 1001
2231 2236
2268 2364
1656 1684
107 1279
484 1694
2926 3425
3468 3534
1330 1795
1201 1222
1620 1816
500 531
980 1376
980 1116
1993 2539
2059 2561
1468 1798
2583 2620
1076 1768
1667 1699
1559 1714
1049 1819
2111 2652
1712 1846
1232 1548
606 1444
1465 2319
2072 2135
2686 3217
728 787
1267 1509
1255 1399
1056 1793
107 1172
2218 2551
2768 3403
2853 3021
2781 3288
2149 2525
3437 3745
3038 3342
953 1622
1211 1741
2140 2414
1095 1604
2484 2542
745 810
2007 2451
987 1177
1377 1804
1963 2446
2085 2367
2123 2506
2574 2590
2585 2659
2212 2261
1211 1330
1979 2046
3474 3915
2332 2338
1962 2638
2138 2543
2768 2921
3152 3411
2913 3064
2226 2296
3060 3185
1940 2247
2083 2084
2735 3140
2661 3150
2435 2645
2497 2534
2901 3288
2266 2630
1620 1827
1730 1793
2206 2489
1172 1399
2232 2296
0 145
2150 2467
2083 2469
1939 2304
391 458
372 570
1516 1604
925 1460
2190 2278
1488 1516
2127 2508
396 557
2815 3226
3215 3224
3480 3545
1049 1269
2183 2319
2068 2491
2200 2619
1962 1979
2410 2495
1912 2252
512 560
3706 3714
2927 3284
1199 1211
3309 3423
2122 2646
2300 2561
1098 1140
1189 1348
1126 1370
2357 2659
107 1461
108 184
1912 2229
1370 1388
758 783
2753 3406
1116 1800
1916 2176
923 1193
2293 2351
2056 2092
2666 2717
1926 2463
2336 2451
2063 2064
2864 2919
1985 2356
357 563
2508 2597
3725 3871
3027 3253
246 308
3728 3769
2005 2352
2820 3275
2616 2629
26 239
1345 1635
2749 3085
903 1895
3997 4030
1477 1585
1968 1980
1047 1520
3522 3930
2916 2946
1848 1894
3615 3867
1938 2564
2392 2468
2778 3150
1391 1832
1126 1714
1960 2089
1420 1621
1488 1663
446 548
2066 2514
3491 3966
3265 3297
2063 2526
2043 2354
1086 1298
1220 1331
2921 3009
2283 2342
3280 3332
2030 2586
1367 1376
1948 2328
2201 2539
2763 2800
2140 2326
3033 3226
3007 3434
3437 3806
3188 3247
2574 2607
1124 1849
2184 2190
2278 2339
2296 2566
1431 1867
1331 1823
1983 2478
2283 2315
942 1786
3291 3341
1984 2109
2102 2451
2165 2376
1791 1823
1290 1393
2866 3090
2233 2392
3093 3357
2936 3170
360 544
2078 2492
2787 3321
2267 2338
2184 2331
1380 1516
1557 1886
925 1879
2833 3347
1971 2550
24 101
483 553
1920 2468
3529 3777
2742 3240
1609 1861
2020 2190
3011 3179
2172 2430
3132 3150
2188 2506
3036 3073
2745 3139
2844 3087
2755 3026
1929 2020
2290 2600
2181 2357
3219 3342
2754 3105
3700 3813
1238 1559
184 284
1746 1879
861 863
1124 1610
1737 1799
1589 1737
3437 3864
2220 2348
2081 2372
2962 3302
2138 2293
1377 1522
1385 1529
1454 1661
2191 2194
458 482
1359 1730
1211 1335
2940 3108
1367 1827
3464 3764
2056 2654
1126 1683
1545 1743
2189 2384
1209 1752
3186 3246
1514 1878
1925 2352
2706 2944
1923 2491
2433 2477
3035 3049
1153 1589
2689 3022
391 438
1684 3055
503 524
1940 2491
3756 3889
2206 2543
1181 1447
3248 3431
2223 2509
2703 2834
2993 3119
2060 2272
1153 1888
2841 3431
3225 3288
1250 1376
1962 2033
2600 2606
1945 2336
2109 2574
1526 1878
2010 2471
1603 1845
271 332
2108 2142
2676 2896
3576 3642
2133 2294
159 184
3437 3565
2326 2374
2661 3261
3556 3971
688 819
3437 3855
1181 1613
2324 2564
1613 1730
1185 1617
1184 1335
1052 1876
465 544
1275 1299
1637 1774
2759 3041
2199 2479
2148 2153
2172 2278
3201 3330
3604 3731
2244 2604
2276 2370
1912 2524
723 727
1153 1622
1013 1713
1912 2331
2939 2970
773 781
3145 3182
1059 1132
2226 2498
372 455
2201 2575
1538 1665
2108 2374
1929 2083
2919 2985
2960 3033
1963 2460
1017 1219
2573 2602
423 587
1376 1597
3107 3219
1637 1768
1465 2347
734 853
2081 2274
1347 1755
1753 1800
1990 2644
2007 2409
2203 2289
2888 3300
2046 2506
2690 3242
1946 2334
2300 2506
2401 2513
1009 1060
1917 2561
2559 2575
2683 3293
2200 2546
2347 2419
2122 2446
2966 3040
2876 3144
2506 2630
2149 2293
2063 2418
2896 3348
916 1643
723 824
627 647
507 526
2047 2247
2207 2515
2698 2969
2784 3214
3104 3294
1288 1622
1448 1591
2757 3414
2264 2379
3252 3342
1238 1409
2010 2047
2122 2464
1929 1984
1993 2423
1515 1729
3004 3324
1929 2602
2929 3232
2845 3287
596 1022
2897 3056
3089 3403
1231 1462
1929 2462
2108 2631
1912 2235
2593 2638
2086 2309
136 2032
2054 2151
2815 2969
2793 3252
1986 2103
1675 1714
1340 1344
2043 2078
13 59
1334 1753
2184 2212
1211 1420
2083 2218
2334 2339
1017 1605
3437 3610
1271 1717
107 1780
3034 3312
2037 2478
2077 2560
2045 2356
2164 2593
2240 2623
1899 1903
2183 2302
1041 1052
2038 2135
1210 1425
1459 1682
1496 1847
1393 1557
1539 1639
2874 3433
199 322
1551 1877
1623 1644
1457 1621
2122 2220
2103 2354
1912 2149
944 1525
2043 2536
1912 1960
1927 2159
1075 1407
2123 2201
2237 2564
1923 2185
1238 1509
2719 2976
982 1800
2212 2218
2033 2348
2927 3433
1570 1813
2482 2489
2253 2520
2123 2499
3593 3818
2839 3293
2218 2469
2021 2428
3443 3906
2950 3357
1938 2308
2428 2630
707 746
2460 2586
1979 2404
637 1086
2801 3255
2782 3426
2430 2485
600 635
2575 2579
1758 1858
1376 1782
1199 1604
1573 1661
2046 2423
1094 1910
2716 3350
2154 2244
953 1361
1926 2032
2296 2425
2254 2649
3177 3380
2220 2356
2125 2282
1574 1870
1185 1291
3057 3278
2108 2601
1639 1782
1757 1886
976 1122
719 847
2122 2606
1229 1279
3102 3247
1345 1573
1104 1292
982 1288
2258 2404
1968 2620
708 730
1981 2081
3401 3402
1250 1746
1953 2381
400 515
641 1318
465 569
2164 2561
1415 1709
2039 2292
2339 2429
2926 3429
3872 3950
1971 2045
1979 2489
435 459
2343 2491
1338 1807
1663 1898
1024 1816
1977 2036
1832 1898
2187 2379
2115 2326
3516 3898
2348 2386
968 1052
2150 2257
1656 2883
1235 1583
3593 3718
1052 1444
2002 2294
1 54
2936 3027
1577 2592
1989 2275
1929 2244
360 388
1966 2164
1505 3168
1460 1765
2197 2455
2336 2420
1300 1313
1275 1500
2194 2472
1339 1867
2344 2637
694 815
2090 2591
366 1113
1447 1843
1184 1620
2278 2303
3347 3350
2775 3051
1982 2560
2030 2104
2083 2414
2134 2332
2484 2607
2124 2477
2973 3201
1070 1260
997 1509
1271 1488
2839 2944
107 1372
3488 3737
2793 3330
643 661
1221 1583
1585 1860
3586 3948
1095 1393
1939 2475
82 172
2115 2507
2331 2363
1199 1271
2334 2578
1963 2140
414 612
2796 3111
2787 3070
107 1001
4027 4032
2285 2461
483 896
3999 4005
1330 1520
2111 2176
3072 3403
3571 3975
2136 2275
136 2649
2121 2188
2407 2414
3111 3118
1752 1795
1473 1673
2068 2072
1281 1824
2719 3386
1391 1632
728 764
2469 2526
925 1352
2285 2351
1205 1470
3060 3179
1966 2324
2218 2573
2945 3090
2122 2407
3612 3869
3437 3663
2139 2646
1714 1752
2672 3258
701 777
2213 2467
2324 2611
1591 1611
396 474
348 423
1912 2447
2709 3178
3315 3362
1132 1772
2347 2579
3774 3837
3609 3968
1559 1736
1184 1653
2135 2183
2144 2153
465 683
2520 2586
450 557
630 682
88 336
2020 2469
435 518
2765 3201
2147 2262
2128 2516
107 1744
2164 2381
3014 3232
1277 1382
1531 1738
2410 2500
2993 3137
461 497
922 1780
2047 2296
1161 1518
1361 1637
1036 1322
1172 1517
2078 2154
1047 1509
3016 3239
1804 1839
2765 3297
970 1033
3284 3387
2542 2586
2233 2567
978 1874
3506 3568
1471 1554
1003 1597
1042 1831
2136 2354
1185 1737
2678 3222
2992 3145
1159 1217
1048 1513
484 1813
2381 2532
3000 3096
2266 2429
3456 3697
1452 1747
2171 2660
1598 1849
1721 1804
2689 3056
3584 3646
2703 2982
3072 3385
1984 2462
1684 2880
916 1551
2142 2336
1684 2822
1004 1149
2069 2201
1912 2221
2467 2625
925 1861
3687 3860
1610 1757
496 637
920 1484
1289 1804
1173 1323
3079 3434
1347 1475
1184 1826
1686 1704
1380 1621
1531 1743
2069 2520
724 754
2741 3243
374 507
2359 2593
2781 2853
3545 3642
1349 1531
1345 1783
3078 3117
1644 1724
376 542
1211 1652
2275 2655
2010 2399
2264 2592
2433 2574
2184 2347
199 304
2104 2495
2661 3102
1059 1620
402 513
1979 2073
1946 2374
2339 2630
2550 2551
2730 2941
2261 2601
2400 2413
2225 2645
2068 2589
2229 2353
1522 1683
1118 1798
104 123
1832 1839
1505 3258
392 493
107 1533
1191 1195
1465 2508
3784 3833
1021 1587
2416 2525
2682 2900
2069 2108
2462 2467
1284 1345
392 394
967 1604
2266 2418
1955 2138
59 186
1343 1444
2069 2414
2349 2515
1086 1746
2383 2504
2321 2341
1004 1652
1056 1135
1032 1820
3156 3264
2218 2477
2323 2495
2340 2492
265 271
1979 2428
2005 2615
3651 3873
107 1811
2871 3369
3503 3731
3060 3113
2173 2540
1323 1891
946 1608
1507 1783
2253 2492
1032 1706
261 271
2464 2559
1302 1612
2943 3226
1954 2087
2287 2418
2047 2533
1989 2606
2126 2577
1997 2601
3657 3892
3804 3926
2973 3280
348 570
820 848
3437 3566
107 1758
626 664
355 382
3506 3869
517 1645
2674 3140
39 119
2680 3029
1997 2200
2770 2849
948 1660
3330 3351
1551 1639
1269 1819
2188 2404
1246 1783
2915 3026
1484 1610
2348 2376
1669 1811
2179 2601
2196 2582
1962 2037
916 1293
348 409
1684 3269
2423 2624
1730 1754
1339 1683
2143 2343
2201 2561
1207 1431
2986 3184
1235 1379
2024 2583
2875 3005
1921 2061
2376 2655
1864 1879
168 339
3644 3850
1997 2615
2139 2348
2060 2572
1976 2384
2293 2592
1979 2021
2825 2951
2910 2945
1730 1746
46 278
1341 1491
2726 3104
1926 2224
2123 2347
2327 2332
3938 3943
400 544
1921 2116
1182 1643
2797 2823
2088 2112
1551 1662
1104 1628
3640 3800
2306 2630
2201 2551
2354 2543
1389 1730
3442 3698
930 1446
2081 2351
2991 3330
2033 2536
3293 3426
2925 3096
927 1265
2037 2240
1718 1863
921 1135
1912 2556
2057 2491
1243 1323
504 562
1165 1419
107 1489
1940 2148
2878 3144
2782 3040
538 1677
3938 3948
2033 2201
1580 1665
925 1199
1099 1638
2153 2491
2149 2282
1925 2395
949 1041
2121 2329
2194 2384
1632 1789
1786 1872
2192 2365
3495 3596
1608 1736
2093 2654
1608 1835
1684 3087
1597 1833
659 661
1918 2552
1948 2434
2966 3142
1391 1470
2088 2410
2030 2485
2044 2449
2777 3085
1033 1307
2037 2549
1945 2102
3264 3404
159 277
2077 2118
2302 2377
2196 2344
1942 2303
1684 3223
925 1520
2045 2299
3047 3078
1621 1675
2308 2630
3179 3265
2290 2433
3980 4004
2073 2446
1032 1286
1427 1807
2112 2646
3437 3546
2966 3000
1623 1909
1946 2212
107 1871
1962 1983
1962 2063
3196 3264
2529 2531
1205 1768
2710 2769
2081 2347
3440 3697
1460 1509
1198 1879
1684 3085
2719 3330
1685 1879
2254 2608
1435 1630
2073 2386
1189 1259
13 118
647 659
2087 2343
3527 3938
2539 2607
2081 2189
2018 2024
579 611
3737 3938
1530 1795
475 492
425 534
631 682
933 1706
1663 1717
2687 2780
1029 1483
2786 2985
41 93
1288 1800
705 761
1469 1906
2280 2652
2127 2151
659 670
1541 1672
1099 1732
1067 1459
1036 1583
2999 3136
2220 2521
1040 1078
2001 2640
981 1611
2159 2297
627 635
924 1010
2293 2319
3352 3360
2347 2563
2225 2284
1278 1810
2755 3098
3855 3976
1185 1610
2275 2561
2020 2118
1172 1222
2716 3077
414 602
2843 3256
3174 3348
1211 1580
527 538
2701 2937
2668 3177
1953 2140
2844 3144
1945 2087
3938 3971
2911 2919
3086 3162
162 326
2287 2409
1584 1746
1985 2300
745 751
1184 1538
2793 3041
2950 3115
952 1149
2916 3108
2136 2638
2878 3249
3080 3333
1438 1899
1938 2374
107 1264
1919 2640
0 181
2274 2438
3483 3793
60 285
2183 2293
3495 3687
2220 2253
1684 3272
142 308
2020 2206
1926 2199
107 981
754 830
3085 3250
3471 3702
2075 2537
3701 3759
629 1850
257 322
954 1794
1382 1751
1471 1712
483 1732
3751 3923
26 295
107 1083
1227 1682
431 440
2757 2800
2819 3328
2396 2592
414 576
1338 1482
2958 3076
2328 2557
2446 2615
3437 3597
2832 3277
1660 1695
2935 2983
67 118
2189 2393
2561 2591
863 876
2755 3149
1279 1345
348 407
2104 2237
971 1732
107 1049
3584 3900
3195 3387
988 1438
2863 3320
2909 2915
2209 2498
2342 2562
1078 1399
2697 3295
1261 1495
24 194
2071 2516
923 1178
1912 2129
951 1687
2199 2319
56 136
2224 2465
2045 2363
2532 2593
2205 2325
2164 2423
2683 3025
2065 2333
1246 1611
1379 1636
1815 1869
31 142
107 1713
1943 2140
2005 2095
1986 2303
2060 2369
2026 2350
1488 1789
1917 2104
1126 1163
2237 2495
1242 1390
330 346
4019 4026
3146 3330
2309 2348
2370 2407
967 1800
2605 2643
1622 1886
2340 2409
1979 2240
978 1547
1124 1125
2299 2563
2004 2627
1951 1957
2781 3113
2037 2428
2118 2549
1312 1730
3793 3870
107 1600
2266 2489
819 838
1399 1554
2173 2534
1946 2136
2354 2542
45 186
1929 2482
1986 2184
728 823
1902 1911
3263 3279
2299 2309
1945 2588
3506 3620
2244 2550
1557 1669
1344 1799
946 1092
2135 2247
2154 2329
2216 2482
1098 1567
2551 2607
496 506
1104 1115
376 458
2028 2598
1400 1692
780 803
3437 3672
3989 4038
1117 1809
1407 1663
2092 2140
1946 2339
2261 2575
1204 1576
3568 3931
3561 3738
2184 2290
1576 1655
2546 2646
1538 1730
1132 1721
1983 2370
1757 1793
2931 3324
2098 2210
2005 2045
1128 1367
169 280
2069 2233
2133 2296
2469 2602
438 460
1165 1384
3011 3019
1029 1620
3861 3954
2460 2507
1684 2851
77 294
2505 2651
1226 1320
1494 1825
2648 2657
2213 2386
3170 3378
1092 1909
1964 2197
1639 1813
2200 2485
2583 2645
2932 3395
2235 2491
1985 2053
718 793
2446 2593
3736 3831
2221 2652
456 563
1146 1195
2910 2960
1229 1277
2976 3017
2781 3182
2239 2458
456 520
2206 2550
1069 1302
271 298
2561 2564
1986 2131
2058 2573
2782 3096
2279 2567
1379 1903
2716 3434
1078 1750
1351 1757
2033 2356
2042 2385
112 174
1273 1729
2406 2566
2708 3434
1007 1429
3720 3749
1480 1600
3495 3734
3437 3588
2140 2446
3670 3687
1650 1727
970 1511
1160 1377
3101 3391
1656 2964
2438 2501
3064 3163
932 1409
1006 1665
1912 2611
2001 2284
3672 3797
698 866
1530 1804
3590 3907
703 838
414 680
2408 2462
231 329
3602 3972
753 856
2909 3399
1058 1470
1912 2194
1993 2172
1250 1861
2133 2362
2074 2408
3486 3793
3758 3782
2950 3185
2153 2468
2989 3378
2302 2502
3465 3759
2383 2478
3054 3184
1029 1835
2300 2478
1998 2006
2354 2625
1793 1888
2090 2334
1271 1330
903 992
897 1323
1912 2095
2392 2482
402 458
107 951
1163 1617
2062 2598
1059 1126
487 525
766 820
966 1833
196 204
416 483
1509 1730
271 272
2153 2510
2492 2520
0 79
1115 1872
1302 1804
1235 1682
3500 3587
3743 3892
3586 3851
2172 2308
1004 1886
2139 2266
3693 3838
2939 3416
2330 2436
2043 2600
2138 2394
2093 2391
731 781
1437 1440
2785 3152
2720 3140
56 199
1322 1903
3239 3252
3456 3618
1396 1729
2104 2353
1939 2652
3169 3198
1153 1604
1920 2510
2011 2645
1352 1620
2143 2203
2060 2500
1966 2088
395 537
2104 2604
3150 3350
2131 2630
2131 2469
2909 2925
1339 1643
2335 2488
925 1734
1175 1639
402 451
3512 3760
2330 2616
2006 2648
3608 3740
1204 1303
1397 1673
1717 1724
1638 1824
2020 2184
1029 1220
3690 3870
1312 1352
1998 2378
934 1791
1076 1377
2348 2446
3079 3262
1256 1605
1659 1746
1163 1714
2872 3232
1616 1790
1976 2022
2379 2617
1559 1843
1311 1770
3111 3172
2363 2590
705 770
2554 2593
1954 2133
2730 3110
1059 1435
718 809
1465 2282
1684 3383
484 1598
1524 1689
2763 2839
1195 1563
1299 1472
2123 2307
1146 1689
2329 2395
1398 1863
1155 1349
965 1275
2059 2611
3437 3570
1589 1598
2210 2590
2344 2512
2078 2464
2142 2386
2958 3288
505 509
1025 1536
173 414
2213 2554
3331 3395
1142 1602
2955 3403
2193 2497
2326 2468
2415 2652
2369 2574
2127 2436
1332 1358
134 142
3107 3342
526 1250
2679 2777
2958 3313
3606 3662
934 1026
1211 1305
1146 1377
2112 2619
2066 2517
1420 1846
1551 1761
1044 1596
2363 2561
2228 2644
2395 2560
107 1471
2866 2912
3321 3406
2706 3000
80 194
953 1791
921 1734
1540 1652
1331 1793
2274 2511
1305 1663
1445 1505
1062 1226
1112 1312
2542 2590
1260 1703
1236 1355
3527 3702
388 513
3557 3790
2142 2278
3277 3321
3039 3111
2072 2390
1284 1899
56 67
2018 2447
3437 3732
2872 3084
1467 1886
2132 2396
1291 1398
2499 2623
952 1746
1256 1399
2853 3335
2690 2881
1215 1347
2797 3182
1211 1559
1128 1272
1940 1954
1239 1730
1993 2590
1093 1366
3835 3867
2419 2491
483 492
2832 3330
1684 2710
3702 3938
3838 3852
2109 2542
2446 2550
1146 1761
1235 1404
2706 2928
2086 2408
2830 3379
1172 1849
1447 1669
902 1479
107 947
107 1662
1101 1547
197 309
2107 2342
1554 1750
1124 1199
2747 2863
2501 2568
1912 2143
1402 1542
1688 1771
3014 3084
2188 2430
3518 3800
2201 2586
1929 2376
2188 2376
2218 2482
2328 2501
1278 1867
1340 1532
107 1449
958 1371
637 1584
1456 1665
1577 2267
2250 2372
3049 3078
1184 1339
1381 1591
367 416
2474 2644
3026 3400
1998 2494
1677 1740
1155 1487
1984 2043
65 339
367 491
1100 1158
2418 2638
1185 1522
2104 2300
373 683
3437 3959
1028 1718
1694 1740
2280 2294
1004 1076
2279 2282
2073 2084
2669 2985
781 783
947 1017
2768 2951
3252 3297
1426 1475
3002 3214
1621 1782
2944 3149
487 500
2741 2988
1100 1573
107 1494
21 284
2261 2369
1331 1902
3528 3627
3176 3285
1435 1746
2111 2385
2224 2282
1718 1780
1158 1893
808 809
3590 3666
1125 1153
1380 1712
3106 3198
400 404
431 438
21 66
2229 2430
706 853
913 1247
2538 2633
1271 1288
2526 2561
2937 3353
1059 1547
2428 2611
2150 2201
1559 1842
3256 3425
2148 2533
2451 2463
3198 3393
1508 1848
1126 1614
1614 1796
2953 3384
0 140
2738 3090
1277 1859
2912 2913
2095 2468
1070 1338
2985 3047
2149 2333
3021 3035
1343 1910
85 272
170 334
2978 3059
2352 2630
2689 3348
2117 2211
62 200
946 1752
1918 2409
3344 3434
2782 2924
2132 2652
1487 1744
414 579
1373 1820
1554 1752
2047 2371
1076 1340
3510 3931
3185 3422
2045 2564
1440 1817
1955 2289
2209 2283
107 1240
2848 3178
1939 2471
1990 2361
2203 2463
2828 2901
1983 2464
2164 2591
913 1699
1021 1227
3567 3917
1572 1827
1950 2648
5 187
3076 3132
1609 1620
2786 2943
2407 2631
698 884
1768 1791
980 1491
2863 3270
94 315
1985 2601
943 1244
2123 2563
2365 2627
2674 2939
2932 3107
1912 2032
3158 3238
2610 2616
2324 2347
1600 1669
526 1344
3680 3909
953 1826
2819 3421
2765 3344
705 754
3586 3651
1211 1439
2250 2498
1083 1153
1917 2559
1954 2658
3347 3396
2289 2649
2782 3090
1175 1272
1666 3111
3437 3626
1019 1583
2084 2103
1044 1322
3897 3908
1932 2372
3437 3824
1227 1899
758 787
2137 2561
3831 3842
997 1336
1964 2291
2078 2552
3735 3867
2131 2340
2138 2149
1056 1330
1101 1402
989 1647
1456 1707
363 368
2077 2218
107 900
2921 3198
1940 2224
1782 1799
107 1885
917 933
1684 3278
1465 2028
2873 2994
1522 1750
3019 3331
1920 2294
1912 2246
1533 1802
1730 1761
1917 2625
3596 3800
1163 1668
2090 2220
2499 2560
2300 2631
1080 1473
1970 2176
2031 2612
3179 3297
1185 1584
1979 2495
2823 2845
2045 2550
428 438
2833 2914
1315 1462
2199 2250
1420 1659
2121 2374
1085 1274
373 397
2004 2447
3460 3972
107 909
1718 2510
2901 2932
2533 2544
3902 3930
3000 3220
1557 1710
2738 2988
3206 3291
2689 2974
747 819
1056 1663
1148 1284
2098 2376
1992 2486
2666 2669
2047 2085
969 1108
1257 1315
2291 2624
1509 1861
3488 3596
1002 1208
2199 2345
1135 1603
1620 1861
3455 3608
1431 1662
2732 3131
1926 1945
1960 2405
2264 2333
1235 1292
2102 2531
109 277
1102 1812
1530 1737
1921 2620
694 827
2278 2359
3479 3562
3060 3152
1054 1724
1557 1757
2194 2325
2028 2642
3702 3902
598 677
2171 2583
2043 2578
1174 1251
1648 1895
1983 2124
1946 2469
606 1179
3711 3719
1448 1628
1390 1730
2236 2523
972 1040
2666 3174
2117 2134
3280 3431
430 432
2910 3345
725 771
1075 1813
25 221
874 885
2322 2371
2290 2543
0 112
3480 3693
1684 3029
2103 2376
2329 2460
1985 2021
3321 3422
2188 2625
1962 2430
1939 2125
2951 3410
2894 3112
391 614
1175 1420
3096 3384
2602 2654
1107 1184
1912 2479
2031 2289
1957 2435
2724 3051
2134 2463
107 1069
1375 1810
2083 2477
3096 3339
2828 3060
2006 2364
1997 2218
2398 2616
1389 1663
1577 2032
107 1683
2800 3004
3605 3611
2724 3118
373 439
2719 2939
3272 3381
957 1413
2184 2354
2008 2126
2815 3026
966 1078
1912 2203
3680 3895
2039 2511
2698 2960
2064 2188
3040 3226
1335 1559
2684 3172
1117 1289
1612 1730
96 274
1667 1725
719 773
3437 3907
2088 2549
2356 2573
2354 2550
2268 2571
2688 2764
2943 3056
1026 1182
2810 3213
2969 3065
2171 2365
2679 2927
2677 2764
582 599
3220 3433
107 1105
2892 3001
1205 1813
1912 2255
1117 1470
1107 1388
2151 2509
3017 3340
187 266
2340 2556
2032 2509
2095 2602
1106 1131
2961 2967
1242 1623
2543 2619
2689 2966
1173 1717
1085 1088
3455 3663
1971 2339
3002 3341
2043 2467
2854 3286
969 1729
1352 1530
1377 1885
2670 3325
1149 1888
1768 1795
107 1359
2273 2475
2206 2266
2376 2395
422 663
3437 3659
2061 2640
1927 2660
1243 1688
437 463
2615 2619
616 625
907 1677
960 997
3615 3835
2727 3100
1989 2369
1768 1845
2426 2553
2077 2201
366 1645
2190 2552
2084 2532
1970 2399
3017 3328
2303 2478
1293 1376
2327 2491
3470 3520
1783 1894
1549 1773
2072 2458
993 1746
62 341
2093 2543
2229 2500
967 1833
350 455
2271 2395
1406 1786
993 1833
2005 2240
2053 2547
3437 3524
2485 2646
2128 2643
1396 1515
107 1855
2078 2131
1947 2247
1153 1730
1104 1794
1953 2414
3243 3417
1661 1716
635 640
1320 1677
921 980
993 1675
2118 2560
1086 1735
2104 2370
2510 2543
1557 1617
2869 3021
2500 2606
3553 3802
1447 1622
1273 1373
629 1400
2249 2332
2679 2896
2970 3206
1918 2300
2334 2386
2138 2643
376 1374
917 1338
1013 1035
107 1797
1983 2045
2768 3287
1082 1381
1943 2604
3332 3434
1117 1610
1107 1361
2392 2460
3690 3955
2064 2090
113 148
3017 3198
2428 2593
921 1669
1349 1358
1309 1661
3481 3516
1492 1569
1210 1766
2492 2552
3482 3598
1126 1689
2574 2600
3529 3738
2123 2237
1479 1871
932 1056
2323 2464
2309 2329
997 1124
2125 2153
2077 2520
2188 2258
3558 3958
2579 2615
1983 2542
1986 2553
926 1151
3703 3902
2292 2332
2180 2285
2839 3000
2257 2423
1811 1902
1912 2467
125 136
973 1461
2206 2410
1997 2093
2839 3387
1912 2138
1116 1816
2863 3335
1994 2148
2428 2551
686 758
2781 2894
366 1349
2945 3135
1746 1888
1918 2064
3051 3240
2392 2602
2507 2590
1215 1459
1463 1888
1736 1754
792 824
2292 2293
1540 1597
3207 3233
2753 3106
2446 2619
1418 1504
1039 1205
3980 3994
1357 1692
2292 2603
1953 2526
414 674
2126 2173
2873 3301
1287 1886
2449 2655
1938 2476
1298 1448
1153 1483
107 1321
1923 2318
353 391
1935 1957
2292 2319
1083 1331
1551 1675
2068 2617
2229 2602
1965 2049
748 793
1983 2504
589 617
2542 2579
1556 1886
2247 2285
2005 2506
1953 2428
2937 3224
1275 1624
2282 2384
1663 1735
290 322
2237 2352
896 1426
2928 3293
2297 2435
1153 1402
2890 2910
2199 2458
983 1086
3114 3400
2866 3065
2188 2374
2071 2134
1330 1888
2533 2635
999 1821
545 563
1003 1752
2762 2904
2986 3085
1402 1613
2283 2508
1619 1849
1984 2602
2696 2870
2007 2428
1613 1737
1750 1827
1943 2409
1944 2029
2138 2254
1431 1621
1195 1835
995 1205
2123 2300
1480 1758
2741 2806
2866 3324
483 1080
2793 3214
1107 1431
2063 2090
2863 3034
3320 3347
3138 3279
2141 2205
3613 3898
3438 3449
199 211
1941 2266
1609 1800
934 1714
452 555
2063 2108
3035 3038
1388 1402
2136 2376
2043 2359
2777 3232
2664 2786
1986 2300
931 1645
2056 2408
1180 1520
2848 3405
1736 1810
3651 3841
2749 2974
827 842
25 203
432 471
3776 3933
2229 2290
1358 1660
573 630
1684 2982
450 463
1059 1334
408 559
2037 2604
2266 2564
1979 2037
2112 2542
2905 3228
2287 2553
1994 2007
1705 1866
1132 1230
1339 1622
363 669
1522 1612
641 1070
2086 2654
2378 2640
2108 2306
2851 3300
1269 1491
1563 1782
1620 1659
38 117
3332 3403
1153 1431
1279 1379
2124 2574
2121 2253
1684 3097
2123 2591
1636 1680
2142 2328
980 1823
1315 1423
2039 2279
1985 2477
1113 1870
2492 2546
3191 3355
2482 2504
2083 2504
3476 3675
2218 2604
1963 2340
415 465
2042 2047
1984 2467
3346 3415
2694 2757
1983 2303
2425 2581
3501 3577
2175 2176
724 778
1159 1310
1100 1221
2410 2593
3645 3866
1351 1547
2069 2084
1542 1668
2458 2547
517 1543
2088 2212
2196 2289
1032 1786
107 1580
3621 3689
3320 3332
1367 1669
1041 1703
3302 3350
1993 2220
2184 2478
2300 2575
2643 2649
731 774
3107 3403
1067 1379
2746 2839
141 271
2850 2864
2944 3104
1538 1769
2292 2598
1377 1608
3145 3172
2364 2660
1918 2536
3611 3824
3188 3260
1487 1545
1932 1941
1985 2112
392 556
2347 2559
966 1431
412 484
2754 3129
88 242
1992 2426
2201 2469
2696 3244
2508 2537
2060 2324
2907 3025
1821 1839
906 1609
1940 2351
1012 1237
1986 2093
2715 3208
1733 1837
3821 3927
1049 1754
1230 1752
1979 2370
1390 1721
2068 2567
2866 2993
2244 2601
2359 2507
1010 1640
3160 3360
2087 2149
2304 2537
2666 3040
3830 3898
2773 3238
2993 3123
1 92
1966 2551
2223 2279
2706 2940
1149 1420
2257 2542
2069 2631
2832 3027
2266 2334
1577 2533
2052 2347
378 465
2118 2308
1955 2533
766 810
2786 2835
3437 3574
1377 1589
950 1555
2786 2993
370 423
1359 1898
1352 1539
408 465
438 651
3547 3950
1209 1612
953 1559
1917 2613
3437 3956
1199 1800
2149 2153
2161 2304
968 1818
1920 2072
2112 2308
1312 1369
3838 3930
1361 1813
1029 1707
1653 1826
475 1313
493 539
1757 1761
3516 3649
2045 2376
2117 2336
1684 3060
120 136
2982 3318
2030 2408
1995 2647
3496 3551
797 828
2120 2523
2255 2486
2951 3001
3757 3836
2240 2638
348 386
1964 2228
1146 1367
2101 2451
1179 1631
1962 2408
3784 3896
2560 2611
3684 3842
2669 2925
496 508
428 508
708 830
2223 2330
1123 1805
919 1373
2091 2162
2112 2348
980 1431
1108 1828
2988 3417
2054 2616
2379 2508
1355 1634
580 1881
2511 2608
2037 2607
2956 3433
348 552
1941 2429
1305 1391
1959 1981
2047 2557
1914 2620
1329 1467
1912 2411
500 555
1117 1132
1423 1824
2849 3381
0 42
2754 2969
1783 1848
2928 3243
1004 1532
1217 1540
1577 1912
2669 3078
2549 2655
2078 2307
2030 2553
1197 1544
517 1374
1929 2638
2449 2476
1966 2579
2396 2608
1926 2473
3179 3280
2108 2468
2719 3051
2029 2294
2785 3109
978 1626
932 1580
964 1428
2929 2994
1205 1619
2055 2414
2059 2118
1409 1816
2088 2560
2118 2139
2103 2482
566 1574
1495 1573
1431 1449
492 517
1642 1908
1191 1388
2750 2920
606 1318
2047 2209
2300 2549
3243 3363
2058 2482
957 1120
567 580
2593 2646
1989 2201
3543 3859
1557 1754
2864 3104
1079 1816
2199 2252
2235 2390
1449 1757
2987 3014
750 770
1059 1888
2006 2658
3636 3728
408 513
992 1118
3076 3396
980 1484
348 469
2188 2213
2146 2659
3648 3763
3475 3488
1029 1772
3054 3324
2969 3304
265 325
1946 2631
611 653
1610 1886
1914 2660
3486 3976
3069 3088
1153 1447
2958 3279
2713 3321
1156 1891
2392 2601
1912 2551
1912 2450
1126 1323
1624 1756
583 595
603 644
1029 1460
1153 1173
107 963
1067 1475
1941 2369
1351 1621
2326 2386
2127 2241
2190 2348
2462 2464
2259 2471
2068 2102
2499 2655
2042 2133
1447 1509
116 140
2078 2370
1375 1538
396 450
2220 2623
1912 2566
2200 2495
2348 2460
2867 3056
2960 3073
3457 3944
2313 2656
2381 2429
1945 2643
630 641
484 1155
1230 1669
2551 2597
1173 1675
937 1785
1101 1849
2123 2602
1250 1352
2460 2630
1214 1522
1393 1707
2060 2206
1083 1513
1513 1782
2184 2363
2389 2512
2906 3065
3437 3934
2139 2561
1131 1258
1104 1691
1688 1724
1229 1655
2259 2598
2502 2543
2414 2484
2705 2867
2064 2410
3550 3950
1004 1833
426 563
1245 1820
1334 1471
1204 1894
916 1554
1570 1891
456 553
1966 2299
1021 1462
2133 2185
1947 2028
2233 2253
2030 2363
348 402
3072 3101
236 304
2433 2625
2868 3099
3335 3351
159 172
2307 2309
2164 2630
1941 2063
72 200
3558 3870
972 1868
1483 1498
1547 1712
2059 2218
1404 1899
3224 3239
2233 2560
2851 3430
3116 3169
1929 2290
1951 2006
1377 1879
2730 3167
517 936
2257 2386
2164 2468
3028 3155
1051 1228
2347 2464
1718 1852
3267 3416
2800 2912
1553 1806
107 1164
2993 3014
2154 2278
1126 1535
1078 1156
2233 2546
1637 1791
3495 3971
1912 1916
1198 1367
1230 1547
3306 3422
1559 1810
378 426
417 492
1926 2068
2806 3142
1605 1888
1304 1785
3551 3925
3107 3337
718 762
1661 1828
3458 3593
3555 3593
1470 1620
2020 2590
2670 2972
0 293
2218 2625
2054 2642
2133 2272
1209 1688
3553 3685
2339 2383
2083 2095
2029 2637
304 334
1385 1770
3943 3948
1604 1613
1369 1405
1963 2139
2067 2084
1986 2484
1941 2363
2747 2901
1106 1121
348 410
2679 2738
1059 1146
779 835
1505 1656
430 566
1619 1826
2837 3257
2293 2567
971 1032
3633 3824
3252 3299
2383 2391
1953 2324
1993 2500
2862 2944
2348 2414
2104 2374
1979 2121
3546 3580
398 493
2110 2327
2113 2450
1936 1978
2920 2940
1920 2332
489 546
1183 1699
2052 2081
2275 2299
1269 1538
2753 3321
2782 2960
2300 2630
3437 3692
2386 2507
1010 1308
1621 1868
1378 1648
3518 3557
2294 2461
1085 3948
3210 3233
967 1584
2232 2543
510 555
2991 3116
1255 1827
1242 1714
924 1037
370 565
3750 3831
2718 3255
903 917
2109 2492
577 600
583 627
469 540
82 211
412 683
2377 2509
2289 2325
3526 3543
1718 2643
3033 3232
2289 2372
2211 2396
3760 3962
3521 3728
414 606
932 1741
2071 2267
1319 1548
942 1582
1683 1881
2233 2469
0 96
1056 1898
2118 2467
3081 3259
1069 1288
1984 2369
1018 1595
2005 2340
975 1583
2906 2925
2919 3104
991 1701
1083 1662
3577 3938
412 533
946 1006
1124 1255
616 630
2338 2508
172 342
2199 2608
1024 1902
3604 3851
2116 2268
781 814
960 1126
370 420
395 402
79 252
1675 1891
686 839
368 462
3437 3621
423 513
606 1744
1946 2550
3024 3302
929 1505
1304 1840
3661 3737
2157 2583
2601 2654
1673 1844
2914 3140
1962 2446
417 556
2089 2361
2118 2300
2345 2491
412 538
698 879
2460 2542
969 1894
3604 3845
161 252
3309 3325
1918 2140
2062 2597
2907 2988
2116 2284
2511 2543
2218 2521
2989 3046
2225 2627
1126 1399
2686 3404
2329 2613
2237 2354
2266 2443
627 650
2190 2392
2123 2553
2306 2593
110 259
2708 2719
2484 2560
483 542
2500 2553
0 51
1522 1752
302 346
1955 2649
2090 2212
3459 3812
2328 2458
1173 1180
3793 3803
2042 2384
2199 2223
1311 1783
2002 2203
412 591
2338 2468
3861 3904
2675 2730
1367 1665
1456 1604
2040 2468
1003 1126
1243 1620
1941 2271
2816 2865
1998 2018
2257 2631
2266 2556
1144 1687
1420 1612
719 800
2410 2601
1376 1416
2689 2969
1983 2309
1182 1377
2064 2553
1981 2479
1163 1547
2261 2495
3021 3297
1460 1730
2588 2629
1021 1413
2909 3104
2564 2600
1049 1813
981 1404
1336 1491
1003 1612
3150 3277
3501 3633
3437 3484
957 1192
2054 2509
389 1109
3902 3934
2991 3145
700 784
2184 2188
2308 2381
2967 3426
2800 2827
1214 1613
2033 2554
1100 1578
2077 2354
2150 2410
1423 1576
3101 3411
2143 2543
573 611
1457 1712
1350 1862
982 1040
2748 2793
3674 3979
1112 1209
1962 2395
2757 3129
0 164
3668 3738
3793 3825
26 285
917 1070
2148 2180
2720 3263
2174 2643
414 567
1993 2244
1242 1480
2851 3394
2020 2309
1551 1609
3738 3761
1542 1610
1456 1471
2032 2608
375 503
2750 2960
3001 3207
2928 3090
2176 2322
1941 2101
2047 2185
2221 2235
107 1149
1516 1813
1917 2307
1370 1399
2356 2464
1604 1605
2047 2081
2040 2278
1962 1986
107 1632
1083 1163
2348 2381
3060 3381
620 644
1774 1799
50 277
2111 2471
2184 2374
1993 2078
2142 2586
1572 1877
698 708
1409 1839
1628 1873
1979 2391
2068 2203
2300 2482
2059 2150
771 850
2077 2590
359 547
1107 1613
2246 2384
484 497
2052 2068
1954 2202
2827 2890
3762 3800
2858 3404
2001 2365
1130 1480
2839 2905
1241 1850
2273 2519
1570 1861
392 404
1548 1837
2047 2453
2676 2872
2924 3433
2839 3304
3576 3790
3786 3793
107 1685
3077 3342
2738 2839
2112 2257
1026 1721
2334 2611
2418 2464
993 1608
1281 1894
2953 3362
3454 3605
1016 1138
2344 2511
1975 2368
2140 2485
611 684
2037 2045
1049 1290
1316 1396
2796 3016
3280 3297
1926 2111
2030 2229
2955 3369
1230 1835
366 492
2148 2289
2232 2594
1420 1590
2131 2347
2081 2315
1423 1873
903 1137
2282 2649
1951 2583
3152 3419
1616 1767
462 512
2992 3107
127 251
694 737
2040 2229
1153 1470
1126 1391
2150 2623
414 636
2887 3004
2045 2331
606 1512
1968 2018
1211 1380
2359 2404
3514 3604
2384 2543
1258 1334
1211 1530
2108 2139
957 1190
1971 2600
1222 1497
3266 3405
1684 2903
2172 2552
2064 2561
2086 2495
1068 1898
1181 1839
2032 2599
483 1018
1621 1888
2780 3219
2148 2465
2287 2507
2171 2647
982 983
2827 3054
2694 3417
1984 2638
2176 2366
1960 2618
1390 1835
1940 2502
3624 3863
1293 1768
1971 2309
967 1402
2693 2949
2071 2283
1277 1309
3503 3838
2098 2601
348 459
1946 2060
1993 2131
977 1131
1590 1835
3604 3672
1941 2324
26 98
2139 2257
3333 3394
1621 1746
3483 3895
3456 3938
2469 2611
2240 2253
2754 2800
697 777
348 380
3049 3097
2196 2279
2059 2638
2363 2418
376 606
2353 2586
2108 2560
1470 1483
2673 3052
1079 1184
3323 3397
1243 1663
972 1238
1135 1222
2133 2291
513 544
1290 1600
2730 2783
953 1230
1993 2240
2271 2329
475 488
3782 3866
1714 1730
1199 1886
395 620
947 1598
2370 2395
2499 2506
1706 1850
2678 3263
1104 1257
2662 3366
3633 3756
1068 1456
1303 1729
1555 1593
994 1067
1307 1708
2754 3096
0 283
3034 3152
2001 2648
2108 2331
2748 3117
2777 3054
1322 1479
2233 2404
2401 2515
1665 1668
2689 3301
2128 2310
2786 3084
1149 1181
2184 2476
898 971
428 444
1941 2478
1684 2919
3786 3810
1122 1313
2299 2307
2062 2315
1393 1793
1583 1841
2104 2446
1339 1431
2184 2615
2877 2919
1997 2464
1920 1939
1973 2050
1966 2573
2172 2210
2828 3434
1099 1316
2912 3090
1027 1627
25 331
2138 2417
2795 2832
2936 3015
2111 2351
2307 2602
2112 2340
2127 2254
2123 2532
2276 2591
1783 1906
1473 1709
1402 1757
1561 1621
2123 2331
2285 2588
1132 1757
2446 2602
1589 1675
2712 2796
2934 3370
2347 2578
1684 3036
2712 2950
2058 2063
2724 2758
1367 1375
1994 2571
2174 2649
941 1282
1587 1720
1246 1296
1985 2339
1222 1835
3473 3892
1059 1390
925 1538
2244 2578
2038 2053
1108 1848
1426 1859
1938 2121
980 1078
422 483
1161 1909
1028 1126
1076 1888
2280 2379
1692 1767
2064 2276
3521 3684
787 823
2319 2471
1803 1847
1947 2075
2032 2635
1997 2064
1341 1886
948 1318
2240 2369
1284 1583
3311 3325
2354 2553
2782 3104
2313 2439
3824 3926
3114 3119
3049 3265
116 214
2773 3433
1584 1621
902 1872
2081 2419
2712 3411
1265 1608
902 1628
2253 2504
1412 1830
2772 3319
1938 2484
2331 2591
1966 2275
2336 2338
2196 2328
1583 1899
1212 1910
1078 1816
919 1020
731 784
2124 2136
456 460
2910 3284
579 664
2040 2240
3371 3410
1732 1783
13 236
1041 1249
3505 3526
3005 3010
2863 3429
186 222
2289 2451
1003 1712
938 1319
2072 2420
2955 3219
2946 3174
2091 2659
1126 1584
2109 2139
966 1199
2738 2874
3320 3396
2468 2510
0 167
2179 2212
1691 1857
3170 3298
1522 1600
1405 1765
3199 3434
2086 2482
3982 4023
457 551
1935 2001
1281 1638
2370 2410
271 323
896 1859
921 1554
1381 1857
359 452
975 1636
417 445
2165 2271
2324 2556
3366 3370
2213 2484
1377 1604
1979 2586
171 904
2138 2267
770 803
2718 3136
475 506
418 481
2153 2292
2240 2323
1052 1310
2302 2347
360 523
2994 3029
1204 1503
2436 2502
2339 2391
1336 1610
1943 2374
953 1813
2201 2354
107 1169
2446 2600
1110 1659
1623 1737
2235 2304
941 1281
2994 3014
170 200
1946 2543
2877 3399
2118 2409
363 1692
2728 3371
896 1720
1199 1341
2394 2617
3243 3435
583 640
719 849
1671 1878
2977 3000
1962 2030
1344 1538
946 1621
1184 1827
3684 3830
1709 1876
3909 3976
2559 2607
2823 3179
1556 1888
1104 1462
2271 2374
2410 2542
1662 1842
1390 1618
906 1623
3736 3968
1101 1668
1684 3352
3527 3851
1916 2292
1252 1254
2111 2254
3456 3873
2689 2810
1970 2461
2115 2363
456 511
3000 3054
1250 1724
595 635
3672 3902
1617 1799
107 1612
916 983
2137 2183
1979 2543
3830 3911
2287 2410
1977 2291
414 614
2031 2588
1146 1559
2284 2364
2033 2392
3101 3288
172 332
3520 3625
1268 1343
2055 2615
2600 2655
991 1312
3664 3901
455 529
1960 1975
2005 2093
924 1525
14 310
578 599
60 239
2939 3280
1800 1845
2674 2849
734 847
2669 3026
1440 1639
2985 3426
107 1336
2928 2945
2040 2104
2108 2323
2063 2623
2037 2142
2726 3137
136 2001
1305 1799
1577 2398
1941 2033
2247 2588
1221 1298
1221 1418
1124 1754
2229 2536
934 1243
2064 2492
2229 2309
2731 3166
453 468
2003 2222
1912 2145
1530 1746
1373 1582
2229 2623
3288 3291
2088 2359
975 1423
2270 2642
3545 3971
2032 2465
1014 1732
2340 2429
1912 2553
2191 2643
1123 1485
3283 3382
2229 2532
649 1023
1024 1530
2233 2428
1632 1835
2448 2540
1991 2620
745 845
3549 3662
1410 1433
2755 3065
1404 1661
1688 1791
1516 1603
2348 2631
3735 3753
2189 2451
2083 2276
2093 2590
896 1502
917 1066
2423 2601
2026 2554
2331 2613
2123 2551
980 1730
517 526
708 856
2392 2543
2055 2469
1941 2028
187 299
2757 3304
2781 2787
2026 2451
1359 1835
1373 1503
1593 1803
1376 1730
2271 2430
1714 1846
1004 1659
2708 2937
3842 3966
1459 1655
2123 2611
1467 1888
1214 1335
1534 1701
1004 1375
2259 2394
3737 3838
1912 2349
2661 2853
2833 3017
1352 1746
1104 1303
1070 1529
2359 2624
2738 2743
1277 1862
2480 2642
2730 3346
492 591
3555 3617
417 508
3020 3205
627 640
362 412
1557 1724
455 546
412 456
1670 1678
1273 1794
2405 2587
2729 3123
1078 1092
2180 2649
2303 2449
2134 2223
2091 2160
2039 2151
1361 1557
500 514
1660 1773
1126 1291
17 140
3298 3350
3487 3496
1358 1397
280 315
2024 2171
1419 3034
881 895
2276 2460
2007 2471
1290 1891
2133 2508
3012 3020
1006 1132
2833 3150
3471 3851
1284 1907
959 1163
2862 2887
1349 1514
3146 3302
1256 1722
695 853
2164 2201
2218 2564
1127 1640
92 330
2395 2520
1458 1665
2241 2512
2241 2377
2739 3420
389 1037
1153 1399
1159 1355
2730 3177
2121 2492
2793 3106
2681 3085
1304 1308
2910 3065
1339 1344
3041 3089
1644 1746
2507 2607
3046 3058
1918 2543
1659 1891
2165 2578
1717 1811
2138 2491
1979 2624
2233 2507
1584 1791
455 504
3579 3759
2991 3152
1554 1811
1469 1507
1424 1733
1799 1886
1927 1995
2123 2462
188 323
1340 1600
1555 1656
3484 3521
1912 2097
1004 1799
2696 3186
397 510
2741 3054
1180 1741
2059 2625
1953 2216
3470 3769
1158 1573
465 542
2749 2777
1229 1261
9 69
1976 2006
1250 1256
2164 2495
366 1400
2543 2586
2912 3384
1335 1799
2087 2328
1376 1718
121 169
3330 3391
3980 4030
1255 1888
2936 3145
1291 1329
2539 2625
3072 3305
1364 1807
1973 2009
2210 2229
1983 2324
3040 3284
56 342
2216 2410
389 1496
1611 1887
917 1007
2046 2059
1545 1831
3500 3791
1413 1875
1135 1243
115 326
2461 2471
1235 1873
1553 1861
2716 3280
2020 2500
2428 2613
1549 1625
2547 2617
2246 2567
2787 3082
2832 3171
770 797
1001 1180
982 1668
1572 1789
3460 3469
3057 3396
3618 3750
481 539
2550 2578
1184 1557
1267 1714
3081 3208
2436 2629
1376 1557
3150 3272
2087 2555
738 784
689 771
2235 2328
39 257
2778 3116
1567 1806
1479 1596
974 1703
1946 2210
1469 1633
837 840
719 787
2664 3054
2872 2985
2336 2616
2086 2139
1656 1666
2981 3158
2054 2351
2694 2750
1305 1835
2194 2333
718 803
236 322
1191 1823
3082 3140
1753 1861
465 591
1004 1416
3541 3657
3677 3839
2003 2603
2244 2395
2104 2165
2728 2829
412 473
1626 1718
127 281
136 2138
2880 2920
395 398
1918 2220
1629 1802
1330 1488
1125 1584
2783 3152
1345 1495
988 1221
2887 3090
960 1083
2890 3123
2384 2608
3764 3834
1925 2423
2038 2436
2294 2451
1184 1663
922 1626
1211 1662
962 1212
2002 2509
3442 3508
1929 2551
2694 3226
2504 2615
953 1390
2925 2931
2151 2616
506 537
1583 1720
2134 2567
1970 2537
2956 3363
374 506
2220 2600
2359 2526
2897 3064
2662 3291
2220 2300
1084 1768
1238 1535
993 1211
2925 3033
1101 1522
1545 1767
1965 2126
637 1192
1421 1719
3029 3363
2271 2482
1955 2510
2372 2417
2336 2501
686 723
2007 2616
3628 3892
1936 2193
975 1448
2396 2501
1352 1861
3481 3919
420 432
1004 1683
2177 2333
2782 3036
1966 2115
119 280
1635 1903
1277 1454
1227 1573
1612 1741
3580 3679
2873 3054
1674 1800
1204 1841
1668 1799
107 1845
2833 3397
3437 3837
1945 2498
1923 2209
1941 2619
1547 1584
1471 1753
1718 1836
2172 2200
686 765
2266 2353
1312 1613
3192 3198
1525 1709
304 325
2017 2296
1231 1257
2304 2642
2519 2643
2538 2659
2054 2511
2680 2757
1735 1769
2669 3108
1132 1752
1019 1587
2849 3206
2307 2324
1335 1813
449 507
1125 1172
1067 1591
1075 1717
1217 1492
1649 1742
2328 2533
3486 3906
2898 3424
21 165
1311 1415
1966 2590
2669 3348
1562 1886
1070 1624
3116 3280
2387 2542
2748 3302
2189 2555
3605 3672
921 1683
1918 2469
1566 1831
2675 2871
2095 2103
2904 3109
3079 3332
2102 2419
1605 1685
739 807
1684 3236
592 612
3545 3884
2853 3150
2183 2609
3076 3280
2026 2150
2275 2460
1464 1853
1620 1646
2149 2572
1272 1835
2408 2500
1113 1602
2387 2427
2600 2638
2058 2118
2401 2444
1971 2409
1516 1643
2069 2109
1005 1504
2672 2781
483 1357
2031 2283
2969 3364
932 1205
1190 1647
1117 1849
1535 1570
1117 1795
1156 1570
2428 2601
1323 1799
2463 2617
2904 3298
1214 1722
2829 3168
1983 2220
2103 2476
1964 2242
1985 2625
2073 2601
1955 2419
2338 2598
2986 3363
2217 2618
3674 3847
1684 3100
2304 2594
1467 1554
2784 3259
2683 3363
1428 1756
3533 3674
3455 3470
2257 2464
1188 1703
2231 2341
2356 2521
2007 2234
2206 2464
1021 1583
3502 3911
2331 2356
3591 3706
897 1219
2370 2520
1508 1742
3547 3677
824 837
1370 1823
3083 3322
2185 2198
1079 1532
3918 3923
2418 2462
1128 1714
2068 2232
1125 1341
2032 2232
169 277
1941 2292
1966 2578
1423 1628
1925 1993
1409 1730
1684 3330
2233 2615
1941 1979
1985 2560
1108 1786
2368 2463
2123 2278
3198 3259
2081 2385
378 506
1159 1306
1199 1538
2815 3033
2190 2352
2833 3011
2906 2944
376 637
2278 2468
3486 3855
963 1837
2283 2465
2111 2117
1204 1515
686 783
1407 1614
974 1236
2471 2537
3852 3886
2078 2090
2274 2568
1083 1271
694 853
2093 2575
2927 3052
2754 3174
1576 1716
1172 1230
3778 3827
1367 1399
3070 3277
953 1243
1052 1428
1149 1305
2240 2619
2273 2598
435 563
2261 2356
2662 3002
1943 2108
1813 1879
1795 1819
2304 2511
1389 1898
2460 2526
2139 2484
1426 1790
1941 2187
2716 3002
2278 2309
2237 2467
2242 2540
2844 3385
606 1487
2240 2266
4013 4023
2131 2467
1925 2655
1912 2392
1205 1772
1914 1973
417 421
1966 2559
1341 1467
946 1375
372 421
1548 1880
2206 2600
1918 2506
2084 2220
1015 1298
3119 3435
2164 2601
1577 2189
1078 1471
2423 2526
1416 1735
1352 1621
2073 2556
997 1191
2915 3174
2958 3111
2020 2543
355 528
2266 2553
2510 2518
2679 2986
2933 3363
3577 3889
718 834
2326 2477
2040 2392
3000 3232
944 1725
2180 2183
1017 1250
1175 1800
1991 2633
2299 2326
2022 2633
2206 2601
3713 3862
1912 2476
2745 3392
1614 1886
2044 2429
2210 2469
1979 2190
2090 2276
1659 1717
1310 1630
2146 2160
3437 3759
1391 1736
2385 2592
107 1229
1290 1746
1211 1584
2111 2174
3705 3759
1669 1791
1082 1716
2500 2630
1236 1304
2045 2229
967 1663
1293 1305
1945 2319
107 1228
1117 1898
427 496
1472 1727
1951 2647
1214 1804
1467 1597
3046 3248
1539 1819
2912 2985
232 322
465 604
1944 2452
2240 2334
122 136
1187 1588
2112 2266
609 619
1972 2337
718 770
2717 3195
3521 3553
1959 2510
2121 2526
2056 2098
3026 3052
2853 3415
1578 1638
1684 2703
2161 2415
1006 1864
1242 1340
2550 2552
1076 1175
973 1702
1308 1785
2103 2615
2701 3287
2042 2068
1211 1835
2411 2497
1153 1376
107 1311
538 580
1929 2078
1293 1335
686 827
1920 1945
2151 2419
2719 3367
1671 1881
1376 1643
2050 2171
2543 2642
1912 2312
2511 2589
978 1535
1042 1051
465 515
2122 2578
1505 2760
1964 2209
2376 2404
2038 2176
1214 1637
1175 1280
1361 1559
2081 2187
2913 3090
2187 2292
967 1734
2201 2507
2043 2520
1163 1816
3692 3962
3525 3551
2220 2469
1684 2833
1935 2022
2140 2623
1918 2201
2754 3433
107 992
2676 2919
2201 2446
2112 2410
1488 1530
2916 2966
2800 3119
431 559
1557 1752
2038 2254
2246 2438
2033 2278
823 835
1166 1350
1621 1714
107 1434
1115 1899
3448 3475
2875 3079
1250 1765
2229 2370
1989 2356
1940 2151
2374 2623
3140 3154
3764 3767
2047 2241
3574 3830
3980 4000
2781 3277
2211 2406
2060 2108
2142 2615
781 784
3327 3366
3199 3378
1946 2233
3643 3810
1699 1703
1222 1736
62 133
0 36
1516 1614
953 1551
1135 1483
2206 2536
3162 3334
1559 1789
3657 3725
1509 1612
3219 3395
2024 2192
3327 3421
2047 2193
1472 1504
2364 2538
1591 1884
1068 1832
414 626
1025 1189
1261 1812
2039 2052
2131 2352
2944 3433
695 810
355 403
2502 2529
980 1243
2872 3387
1534 3245
3528 3640
3295 3356
1912 2333
2340 2356
2118 2392
1345 1857
1601 1787
2044 2410
2676 2877
2156 2322
2189 2417
484 968
1207 1665
2218 2261
3167 3365
1684 2948
2354 2429
3980 4026
2854 3237
1216 1371
3002 3086
2912 2966
2200 2276
1113 1210
3540 3693
2477 2551
2302 2581
348 450
1939 2432
2131 2446
1242 1816
3338 3376
438 517
2115 2553
517 538
931 1910
2872 3250
2542 2574
596 1322
1985 2043
2673 2864
3162 3379
67 248
2073 2139
2719 3179
903 1468
1979 2179
1718 2187
1067 1592
1811 1835
1390 1849
2940 2960
1312 1827
2224 2319
1452 1895
1271 1336
1080 1086
2867 3098
1073 1861
1101 1471
978 1146
2326 2625
370 402
2244 2554
2906 3078
592 598
2839 3220
2043 2553
2742 2991
1837 1880
3184 3324
2190 2244
3219 3379
2276 2564
1912 2123
2937 3298
2201 2374
2187 2496
3219 3415
2803 2813
475 1767
2715 2859
2046 2200
2084 2206
2698 3142
444 445
2313 2581
2030 2550
1006 1826
1102 1108
966 1352
143 321
2069 2630
1347 1628
1684 3243
2093 2386
2257 2630
2005 2278
2103 2392
2897 2966
583 628
2109 2369
930 1773
2030 2046
2730 3295
1267 1570
2165 2266
2299 2347
1912 2148
2014 2284
708 713
1993 2354
978 1435
1191 1352
2283 2293
452 553
3495 3968
2072 2274
1124 1230
2121 2549
2096 2518
2020 2271
2244 2308
2078 2549
232 271
1467 1491
1663 1851
1149 1196
2856 3349
960 1399
2928 3010
2276 2311
3437 3738
1235 1459
3191 3258
398 494
1158 1454
1462 1872
1230 1393
2274 2390
154 219
2730 3187
2874 3435
2980 3267
2521 2604
1985 2121
1962 2108
1632 1827
428 1210
2267 2547
1256 1390
2018 2435
1963 2393
2040 2410
136 2398
1376 1637
3080 3388
1985 2468
3066 3336
706 752
2689 2943
1446 1773
2070 2091
449 543
654 677
392 500
686 755
2404 2407
1536 1727
2115 2123
2872 3430
2052 2246
2946 3211
1107 1219
1169 1709
1590 1612
1941 2516
422 555
3162 3168
1184 1683
1984 2266
3636 3705
40 67
2109 2611
3149 3163
2296 2416
1323 1352
2157 2378
2307 2586
1109 1630
2088 2559
3596 3737
1054 1800
793 849
1203 1240
3324 3390
107 1618
2071 2302
17 326
1530 1868
1184 1619
2869 3252
2122 2323
3535 3821
2033 2257
3726 3738
3142 3163
1964 2525
3443 3738
2174 2209
53 130
2552 2624
416 567
1345 1691
495 544
484 1604
2343 2530
1941 2309
107 1057
3629 3753
2780 2979
3338 3401
1210 1320
1128 1894
107 1416
3324 3362
1024 1898
2779 3177
3172 3377
304 315
2319 2491
2414 2418
1963 2240
1256 1714
691 782
2049 2488
930 948
1275 1703
2877 2890
1359 1604
2494 2645
3708 3837
2107 2587
1504 1699
376 460
1307 1687
804 886
456 525
3957 3975
727 756
2408 2446
1609 1813
3562 3581
1126 1761
1182 1757
107 1299
916 960
1217 1338
582 681
1684 2984
2774 3127
3462 3762
3437 3568
2748 2818
2108 2118
2755 2956
2491 2629
1447 1632
2340 2404
1047 1800
438 520
1948 2475
1124 1164
504 548
1156 1551
2275 2560
394 488
1339 1399
428 1313
1431 1663
1435 1523
348 388
924 1536
1966 2108
3672 3737
2352 2370
1339 1424
566 637
1086 1516
929 1317
56 119
2369 2624
2172 2347
1248 1401
208 285
1347 1828
748 831
1912 2176
2384 2544
370 506
2434 2512
2223 2398
504 555
2076 2486
2165 2593
2869 3152
2131 2278
2446 2464
3659 3930
2154 2526
2385 2530
2407 2539
2003 2235
3025 3104
1932 2338
1107 1668
2880 2946
2839 3149
2224 2398
1185 1891
597 644
1791 1851
1004 1242
3259 3330
2664 3104
1469 1634
1799 1888
1684 2916
1707 1826
3025 3026
2778 3297
1431 1590
930 1878
1554 1741
2220 2307
2828 3170
2169 2343
2122 2123
2423 2500
2069 2468
2240 2549
1946 2309
1112 1600
2283 2336
132 277
1303 1764
1925 2578
414 542
3005 3101
376 396
1052 1686
2124 2206
1986 2469
2561 2655
2027 2346
3634 3829
764 838
934 1471
460 543
1648 1798
2161 2417
1916 2368
2030 2482
2786 3104
492 524
3233 3415
444 556
2794 3158
3478 3920
1004 1199
1078 1600
1925 2069
2037 2574
913 1630
2018 2027
2136 2172
1017 1287
928 1328
1380 1730
2778 3035
1912 2368
1598 1795
967 1827
1598 1668
2326 2590
2900 3162
402 412
793 808
2338 2377
1040 1456
428 431
2179 2220
1001 1095
1809 1816
2763 3363
88 164
3014 3364
1207 1605
1591 1691
1153 1280
1302 1613
3696 3776
2062 2390
1371 1758
2347 2398
2022 2171
2314 2497
1959 2315
2665 2791
2123 2190
199 223
2724 3001
2386 2418
1995 2024
3294 3324
1804 1842
57 204
3104 3435
3680 3870
1912 2587
1457 1888
2201 2460
1163 1898
2043 2586
1612 1737
389 1630
2795 3050
2025 2627
1136 1588
2800 3135
1006 1437
1331 1409
2037 2258
831 853
2261 2591
2664 2969
1078 1160
25 176
2280 2451
3791 3933
1001 1080
2521 2526
2585 2647
184 309
2578 2602
1126 1267
1945 2223
199 252
3577 3692
1718 2336
1986 2233
95 147
651 1679
2059 2586
2253 2352
596 1680
925 1491
249 254
2925 2944
483 1495
1918 1993
3532 3777
107 1661
2756 3135
2086 2233
2118 2271
768 816
3169 3335
1008 1073
3495 3831
1079 1530
2140 2369
1912 2348
2449 2526
3830 3883
9 304
3027 3117
473 515
1530 1589
2853 3206
1079 1539
965 1188
2828 3411
596 1650
966 1793
3005 3343
3109 3212
0 218
1921 2004
1600 1730
2150 2573
423 492
651 1709
2206 2391
414 617
2125 2629
1940 2143
2065 2208
1984 2257
1951 2538
1994 2351
1204 1691
514 525
2395 2460
2103 2324
0 16
2190 2554
2667 3050
1040 1391
2052 2338
2188 2410
1968 2143
2139 2369
1707 1800
2803 3380
1306 1738
2302 2597
2276 2462
1610 1612
3625 3830
2434 2509
3577 3797
2680 2706
2189 2478
66 122
1070 1781
1732 1786
107 1387
1357 1397
2122 2414
1290 1768
2052 2461
1012 1113
1939 2072
2359 2542
1044 1448
1378 1452
2386 2467
52 192
2056 2593
1839 1845
3377 3378
705 762
1278 1688
107 1517
3102 3280
3838 3926
538 542
1551 1563
2073 2088
2257 2354
1182 1559
2295 2582
2748 3299
2116 2529
1912 2185
2033 2271
172 203
3506 3714
1061 1494
2342 2488
309 320
3224 3391
1707 1827
1570 1609
802 806
326 343
1912 2254
641 1766
2438 2543
1551 1610
1685 1902
1056 1483
925 1344
1984 2506
1994 2384
374 515
98 172
2974 3284
142 297
2188 2546
2237 2446
2829 3176
2241 2445
1768 1888
1288 1380
764 779
515 566
2936 3355
1391 1754
1179 1349
1945 2509
587 646
2464 2536
2467 2526
2005 2063
3437 3762
483 936
1289 1643
951 1718
2226 2608
1628 1635
2047 2511
2597 2598
902 1347
1399 1659
3525 3734
2122 2404
3076 3082
2563 2604
1642 2999
2445 2653
1156 1823
388 450
2749 2969
1435 1877
2786 2928
3396 3411
2377 2555
1019 1899
3528 3790
3172 3378
1272 1327
2121 2218
3295 3412
109 158
1571 1589
1926 2264
2241 2509
2202 2284
2031 2254
1966 2624
1334 1613
1600 1721
3683 3948
2419 2463
2212 2220
567 3861
1663 1689
1335 1632
2038 2589
1603 1752
3612 3836
2834 3318
2124 2381
1707 1864
3646 3711
1078 1821
376 1616
1245 1783
2179 2600
1577 2598
614 637
3595 3743
966 1888
2004 2538
1308 1472
1912 2346
1684 3402
389 1296
1557 1609
2778 3396
2786 3029
2323 2376
446 490
1205 1891
2421 2634
2815 2917
2338 2529
2275 2276
2052 2509
1612 1816
2793 3386
236 272
1125 1652
2389 2459
2851 2978
1925 2030
1173 1390
484 1374
1115 1221
2778 3330
3817 3831
3662 3812
1377 1584
2188 2370
2233 2623
2787 3072
1480 1768
1391 1845
1989 2112
1180 1879
2199 2643
2111 2279
2174 2250
2351 2398
906 1209
1710 1900
1036 1229
2817 3074
1347 1859
2353 2423
2793 3169
2751 2878
2201 2395
382 403
1509 1663
1447 1571
3501 3517
1988 2401
348 541
1149 1612
2728 2730
1684 3058
686 770
2039 2053
349 508
1316 1583
3506 3680
617 625
1912 2266
1274 1908
2102 2589
3455 3886
2098 2233
3098 3364
1138 1562
1271 1456
3454 3586
2047 2277
400 511
1184 1819
2977 3293
2291 2406
1369 1718
924 940
1236 1260
1610 1669
2313 2456
2166 2405
2763 2920
1940 2191
1318 1446
2125 2398
2143 2475
2331 2369
942 1303
2689 3220
107 1193
1925 2549
2087 2516
1717 1730
3643 3826
2877 2956
2355 2461
3743 3819
353 526
2520 2575
1216 1895
3197 3216
1335 1522
3558 3738
1182 1584
1589 1845
1661 1820
706 834
2056 2579
2873 2966
3033 3363
2067 2393
1377 1683
960 1714
967 1520
2102 2509
1734 1833
1420 1753
2172 2619
366 503
2833 3253
2833 3350
1737 1757
1201 1238
2222 2377
2363 2550
996 1087
3519 3571
953 1471
391 563
1267 1835
0 231
2666 2916
1306 1624
700 795
1380 1800
3087 3395
2176 2637
1267 1612
1912 2067
952 1059
916 1471
2069 2172
1246 1482
1112 1375
1135 1888
1912 2357
1935 2538
3293 3363
2939 3150
2319 2330
1153 1620
1953 2485
1583 1715
402 460
1610 1842
3033 3348
3437 3752
2073 2619
1943 2005
1227 1347
1945 2194
3077 3420
592 619
3154 3256
526 566
1235 1432
1339 1689
2188 2240
1966 2454
2283 2420
2145 2232
2337 2494
2905 2985
2148 2372
3629 3907
538 651
2276 2563
2719 3102
159 281
967 1559
2681 2969
1958 2585
2779 3019
2734 3121
520 553
1946 2369
2279 2420
1983 2409
3087 3136
1191 1589
1945 2420
2743 3119
1101 1827
2309 2446
1199 1431
2665 3395
573 680
1296 1529
1073 1325
2509 2512
1006 1222
1187 1806
2460 2478
2626 2648
916 1750
3033 3364
2379 2635
1205 1804
1530 1736
1199 1336
2046 2552
1458 1774
2283 2302
1097 1314
2711 3366
1817 1846
3437 3922
606 1001
1006 1331
1098 1593
1076 1867
983 1864
1684 2827
1684 3395
2715 2787
2267 2273
1419 1758
1983 2278
1665 1849
1435 1652
2327 2468
2121 2590
366 1155
2235 2254
2630 2638
361 405
1925 2324
3643 3951
9 277
2068 2332
1938 2063
1243 1330
348 379
2026 2081
370 432
3067 3089
1559 1868
2296 2610
1512 1694
1963 2506
95 319
107 1384
2220 2276
107 1753
2913 2946
1322 1347
2916 3078
2927 2945
3064 3098
2161 2451
2087 2215
2984 3223
2785 3067
1986 2536
502 539
2112 2206
1805 1858
1449 1800
1619 1757
566 1313
3623 3758
3775 3895
1946 2395
3062 3168
28 226
2428 2542
1088 1540
2278 2573
107 1273
1517 1580
2241 2328
2043 2593
1284 1426
369 442
107 986
3752 3764
2050 2337
1458 1846
1082 1899
1051 1738
2894 3145
1971 2020
559 561
2020 2290
2104 2340
1389 1675
2777 3098
3179 3261
2088 2602
67 82
2682 2692
997 1199
2052 2128
710 810
422 523
2032 2592
3140 3386
2780 3211
3508 3722
2098 2257
2133 2512
2220 2404
2529 2555
1684 3125
2069 2467
1040 1900
902 1448
1361 1768
1918 1941
441 476
2149 2509
2962 3244
1488 1816
2074 2213
2095 2206
107 1487
26 40
367 502
412 422
1271 1804
1109 1188
3045 3059
696 738
1250 1278
1302 1399
3273 3412
2073 2526
36 127
2839 2927
3362 3426
2007 2526
1912 2208
1534 3265
1060 1899
3498 3636
2088 2253
1128 1793
2127 2498
1437 1780
2033 2095
1094 1831
207 322
1966 2020
1985 2275
2753 3198
2257 2554
1577 1959
962 1142
2003 2438
2276 2418
1589 1685
3590 3713
2306 2482
2334 2363
2045 2625
1166 1725
686 741
2331 2467
1707 1737
1547 1816
1488 1845
2501 2509
107 1205
1267 1753
1966 2654
2150 2331
107 1121
2229 2443
1993 2526
3563 3852
2031 2610
1639 1846
719 728
3734 3851
1620 1768
2150 2218
2887 3052
2179 2334
1068 1707
2153 2592
606 1374
2713 3391
1547 1793
2417 2508
3488 3860
3577 3943
2600 2601
1935 1991
1416 1736
2222 2235
2082 2488
2104 2200
2730 3365
2132 2304
3167 3255
1597 1600
2069 2600
2720 3051
1945 2101
2686 2871
391 423
2419 2641
431 497
3078 3104
2877 3137
2045 2233
1238 1612
2859 3263
3490 3531
1272 1402
982 1856
1163 1589
1758 2825
2748 2989
1399 1799
1960 2152
3521 3713
2110 2438
107 1414
2250 2491
971 1706
3267 3381
1484 1888
1156 1845
2139 2590
308 334
1920 2199
2904 3360
3761 3972
40 332
353 515
348 503
2849 2863
2206 2500
2234 2334
3089 3240
1074 1662
1986 2607
2758 2843
3225 3386
997 1605
1405 3019
1613 1813
431 561
1912 2561
2078 2354
3 72
2969 3096
1039 1388
1158 1899
1086 1390
3446 3490
1047 1554
2702 3198
2890 3029
1971 2427
2716 3274
3596 3880
17 115
1938 2056
1405 1846
2023 2474
1603 1750
2689 2800
973 1626
745 829
1225 1304
1271 1707
1998 2660
1352 1736
2005 2244
3772 3968
1557 1683
3577 3851
2846 3212
577 662
1331 1530
66 239
2033 2276
997 1377
2133 2555
1336 1898
2319 2333
686 848
2216 2271
630 657
2939 3351
1042 1225
2886 3336
936 1374
107 1578
0 171
1684 3276
2282 2327
1267 1287
2843 2932
2121 2359
2184 2308
1272 1813
2103 2561
1070 1472
2048 2287
2275 2339
2438 2617
477 563
2074 2261
2927 3026
540 560
445 495
1250 1554
1613 1789
2049 2231
107 1131
2930 3180
135 281
2428 2600
2866 2910
175 296
2716 2914
1339 1712
1243 1735
2126 2424
2053 2183
2088 2655
2046 2131
1790 1878
1214 1643
2091 2342
2058 2552
3542 3687
1290 1559
793 809
3018 3035
2409 2478
1345 1583
1588 1593
1358 1463
2059 2560
2218 2563
636 666
1687 1803
1153 1662
1277 1611
2125 2598
484 515
1958 2583
507 553
1621 1730
1003 1563
716 718
2880 3117
1603 1810
2282 2372
2384 2390
3043 3097
2180 2189
2087 2117
2509 2518
980 1551
3192 3274
1132 1551
1086 1211
2751 3017
3831 3938
1010 1472
1302 1799
3833 3924
1938 2030
348 543
2127 2336
819 824
2428 2469
1380 1402
641 915
3743 3871
1370 1605
1455 1545
2331 2504
1983 2564
3107 3379
2710 2851
1204 1426
1328 1687
366 1801
1029 1774
1006 1449
2795 3048
947 1230
1330 1401
2927 2981
2878 3253
2919 3033
414 676
946 1287
2109 2206
1366 1427
3526 3773
1599 1744
3148 3381
1230 1723
9 169
705 745
2787 3253
1243 1610
2365 2633
374 460
1912 2435
1128 1689
1126 1717
989 1009
2149 2642
1181 1339
1085 1098
2059 2563
482 525
3095 3153
2056 2064
1985 2184
2253 2324
374 523
1408 1673
1993 2607
1480 1668
1943 2507
3512 3577
1229 1857
1076 1330
2244 2615
1450 3011
776 877
2891 3303
2078 2359
3442 3715
2804 3316
2073 2229
2161 2438
3060 3145
713 810
2039 2555
1793 1827
2492 2619
9 56
1125 1620
1917 2619
374 514
3152 3274
2289 2384
1125 1456
2806 2948
1107 1723
3638 3848
1076 1605
1003 1724
1163 1868
2139 2428
1352 1833
1329 1608
3462 3824
1985 2189
1132 1619
2223 2379
2272 2416
2164 2575
3480 3625
2408 2560
1280 1598
2206 2559
1509 1570
0 206
1573 1716
1685 1861
3982 3986
2430 2607
1989 2404
388 503
1957 1972
107 1886
2890 2919
909 1384
2083 2261
1380 1622
3516 3613
1912 2048
2376 2506
2661 3082
925 1003
2676 3078
1940 2289
1912 2064
2666 3364
2381 2625
2131 2257
1948 2471
1049 1623
1968 1995
686 696
2669 2705
2839 2912
1287 1621
2172 2489
2848 3214
3442 3936
1411 1523
717 852
2338 2461
1210 1574
1335 1377
2233 2334
1211 1222
3836 3964
2449 2478
908 1033
546 557
947 1305
1471 1668
1331 1809
3021 3146
452 557
1863 1883
2169 2642
2142 2543
2229 2334
1431 1605
2279 2293
2090 2564
2225 2660
1390 1557
2124 2216
1912 2481
2142 2536
2103 2311
3145 3280
136 2508
1377 1881
2699 3283
2986 3426
2956 3084
916 1399
436 634
953 1717
3581 3594
1684 3393
2223 2254
2253 2347
438 465
1929 2154
2086 2290
1173 1527
700 815
1939 2642
2216 2615
2074 2103
2101 2501
1373 1894
2262 2506
3184 3414
1376 1813
2408 2482
221 322
3167 3236
2218 2428
1972 2027
591 634
2283 2327
2102 2264
925 1399
2855 3280
2478 2526
1993 2477
1221 1479
2717 2916
896 1381
1158 1857
799 813
2699 2982
1918 2561
2049 2335
981 1438
2171 2435
2607 2646
752 820
583 599
3687 3737
48 302
2779 3366
1099 1582
2266 2430
1532 1867
897 1058
2212 2414
2286 2440
1054 1416
1293 1826
771 791
3179 3258
2088 2309
1175 1390
3179 3201
2311 2526
901 1892
1427 1464
1085 1593
53 322
1083 1184
2224 2458
736 782
3696 3967
983 1712
1684 3325
2233 2275
2056 2564
2796 3113
2757 3142
1943 2064
1920 2053
2331 2549
1716 1720
2906 3293
373 559
1960 2228
1966 2326
352 503
2326 2410
1480 1789
1375 1796
2139 2218
3321 3380
446 483
952 1341
1392 1716
1318 1358
1925 2122
2043 2109
3437 3938
178 345
348 531
2069 2073
999 1222
2220 2500
3132 3201
2873 3435
2248 2497
2056 2189
784 834
3103 3371
2414 2601
1003 1623
2347 2376
963 1548
3116 3272
2398 2490
1028 1714
2551 2654
1390 1717
1569 1630
2221 2432
906 1689
2347 2604
2150 2414
1554 1791
1186 1895
1577 2068
128 211
2702 3136
508 534
1036 1655
1752 1888
2030 2213
2897 2916
2121 2638
1793 1835
959 1285
439 523
431 456
2482 2560
3437 3694
107 1610
1020 1848
2135 2264
925 1539
2344 2419
2090 2561
1917 2654
1459 1786
2172 2386
2877 2967
2833 3038
2742 3120
1926 2567
1226 1541
1971 2229
2417 2608
2717 3339
1741 1833
2772 3107
989 1067
3528 3604
2040 2258
952 1352
1018 1848
3802 3907
2526 2553
2063 2586
980 1659
2334 2575
1047 1323
119 325
1393 1609
2500 2521
1612 1877
917 1876
1437 1736
2716 3209
1341 1589
1375 1572
1337 1585
109 118
731 773
1211 1653
1947 2267
434 523
3214 3342
2020 2561
2951 3233
1014 1899
2028 2502
946 1730
1617 1851
2755 2920
2124 2543
2003 2199
0 235
1280 1456
1921 1973
933 1649
1182 1669
1577 2543
2899 3229
2021 2348
1985 2542
484 567
1129 1655
579 605
1370 1800
1341 1367
2154 2229
2174 2187
953 1902
2118 2218
713 774
1873 1899
1940 2588
1621 1689
2663 3137
2253 2386
1122 1155
1259 1815
1086 1674
970 1866
308 322
3565 3637
1163 1199
1352 1741
3645 3782
2246 2511
2123 2654
422 636
1255 1359
985 1127
1442 1471
2128 2203
1026 1172
2123 2574
3026 3301
3025 3114
2764 3011
277 322
107 1383
2078 2601
2901 3206
2090 2469
3469 3634
3706 3869
3665 3931
1684 2849
13 67
1520 1603
1505 1552
1925 2414
3184 3234
1684 2757
3466 3510
2104 2354
1912 1994
1009 1392
1555 1567
2211 2594
980 1026
3145 3378
2247 2543
1367 1886
107 987
1100 1413
1496 1709
1491 1752
1201 1608
3162 3331
98 104
3185 3320
3481 3594
1246 1635
3456 3797
3096 3195
2122 2136
2028 2053
1699 1794
978 1185
1600 1861
2401 2486
1621 1827
2241 2592
3497 3604
2136 2216
2812 3365
3482 3553
3086 3241
1941 2072
1584 1813
1559 1608
2806 2890
2806 3324
2212 2409
2981 3073
2292 2567
2537 2547
2077 2500
3035 3116
975 1192
978 1086
2125 2328
2117 2209
531 557
2152 2357
2334 2446
2045 2088
2352 2611
726 752
2299 2560
2037 2442
2786 2890
2374 2526
2172 2625
1226 1472
2091 2156
513 651
3251 3372
963 1493
3363 3417
2549 2654
1917 2554
3620 3718
1198 1816
490 491
2428 2485
1502 1812
1139 1815
2040 2433
1359 1669
2504 2507
3082 3406
2418 2521
2394 2461
1979 2520
3169 3252
108 284
475 580
654 664
3136 3233
2866 3250
398 526
1335 1352
1943 2348
1984 2276
483 1878
2201 2482
107 914
2423 2654
2669 2943
218 306
3311 3318
2064 2088
3188 3277
13 223
1688 1754
2839 2946
1159 1227
3500 3960
654 666
3046 3299
689 712
1958 2647
3035 3082
916 1230
1682 1873
1236 1299
1758 2979
1137 1468
1433 1866
2990 3007
606 1113
1624 1783
304 324
3085 3108
2351 2509
1261 1324
81 286
3437 3805
2005 2190
475 517
3545 3804
637 1720
2871 3038
1083 1752
2190 2266
2369 2407
2073 2331
1932 2567
91 193
3684 3873
3204 3280
942 1828
2001 2157
2043 2430
1447 1685
2087 2268
2966 3149
1298 1691
2190 2507
265 298
2052 2592
1617 1632
2005 2060
2103 2334
1192 1550
2329 2590
1612 1835
2032 2194
1045 1593
1619 1796
921 1612
1699 1770
1088 1421
2289 2310
2929 3324
2098 2206
2151 2223
0 275
641 1767
1101 1665
348 545
2062 2434
1600 1663
1320 1425
526 1075
2851 2888
2117 2436
3677 3847
1292 1322
2376 2559
2052 2498
1146 1467
1440 1909
2117 2137
2957 3196
2242 2272
2121 2482
3635 3938
1957 2018
3084 3166
2030 2484
2862 3363
1652 1689
1514 1740
2369 2549
1468 1787
969 1014
1123 1199
2718 2758
1343 1525
1979 2492
2172 2290
994 1573
1078 1768
1943 2165
3822 3870
2960 3417
1947 2384
2073 2543
2005 2655
1078 1620
1207 1471
2823 3403
1926 2296
1148 1257
710 847
3830 3841
959 1199
107 1703
2339 2546
3557 3574
0 225
706 713
917 1418
3214 3327
1288 1868
1384 1774
2772 2831
1437 1626
2431 2558
2306 2564
3038 3081
1689 1799
1149 1485
2272 2637
2131 2484
2827 2852
1652 1827
3510 3881
1626 1805
1427 1545
1078 1181
2336 2472
3734 3877
2030 2237
359 396
1729 1812
1343 1436
2438 2643
3540 3692
3320 3367
2705 3363
1277 1893
3082 3240
3593 3738
1712 1823
483 1767
1465 2543
1964 2440
3768 3947
2072 2468
2078 2118
1162 1814
1919 2636
3587 3783
2901 3101
497 517
1268 1814
1789 1879
3674 3677
932 1029
3035 3198
1684 2746
2271 2492
2673 2777
1243 1590
475 1549
107 1055
2322 2557
3111 3342
1630 1781
9 128
1185 1721
1573 1786
420 553
1658 1807
954 1120
1085 1825
939 1566
1409 1584
2090 2370
740 831
726 766
141 276
1483 1597
1049 1377
1282 1515
1329 1409
2073 2532
1382 1583
1971 2121
1459 1720
1456 1619
348 429
1684 3119
906 1048
824 842
2188 2423
1441 1905
3598 3698
1256 1888
993 1409
1238 1813
2261 2326
1024 1800
1246 1785
1210 1844
978 1184
0 155
1959 2221
2683 2809
2005 2258
2240 2543
1941 2556
1918 2654
1019 1884
1211 1377
2797 3258
2072 2501
1917 2504
1400 1616
1702 1863
2053 2420
2426 2444
2276 2409
2368 2555
1990 2314
2574 2591
941 1104
2134 2642
213 236
771 818
2052 2537
3040 3117
348 372
906 1269
3761 3915
1274 1656
3241 3285
1912 2645
953 1040
2122 2179
2098 2615
2770 3411
2142 2462
2150 2233
2136 2307
3437 3882
1361 1509
1986 2575
2872 2925
1718 2246
2703 3314
2235 2509
1960 2361
1669 1793
3008 3382
2897 3073
1032 1848
214 230
2837 3025
1285 1447
2777 3348
1989 2188
2800 2906
1331 1431
2251 2618
1135 1730
3633 3842
1613 1665
1366 1709
3672 3845
2399 2649
2189 2391
3546 3811
1160 1359
2782 2827
1413 1859
947 1721
513 553
1959 2302
2261 2507
122 236
2098 2299
1126 1175
896 1396
2200 2492
139 251
2216 2646
1465 1483
686 748
1179 1512
1482 1869
544 570
1726 2678
2923 3265
1589 1712
1728 1841
1101 1652
2839 2956
2863 3132
2283 2597
1678 1847
82 158
1559 1663
0 292
3569 3705
1078 1175
686 738
3039 3261
3220 3324
1997 2112
2950 3331
1392 1432
1786 1893
2476 2576
483 506
1998 2459
408 438
2778 2938
1388 1622
2469 2615
630 644
1342 1478
1391 1768
2706 2827
2410 2484
2432 2537
1488 1793
1939 2617
420 936
3115 3302
2095 2370
1979 2363
2793 3355
2419 2642
905 1226
3664 3696
432 506
596 1235
1971 2646
2359 2549
2433 2499
428 517
2278 2520
1621 1799
1683 1737
1255 1559
3106 3330
2028 2143
2665 3240
1230 1826
2340 2507
3596 3913
2220 2604
2246 2642
896 1824
1214 1570
1037 1296
2109 2556
107 1665
1662 1735
2813 3214
2738 3384
1047 1669
3800 3851
2045 2329
2069 2090
2250 2642
1684 3233
3793 3951
2313 2558
1993 2306
3593 3794
1590 1643
1815 1906
906 1572
2038 2582
3680 3900
3531 3546
1945 2491
768 822
1014 1282
2758 3219
1962 2179
1192 1716
2224 2445
1333 1548
2521 2575
2143 2648
1471 1675
2052 2491
2403 2503
392 423
2553 2607
919 1871
1125 1809
2289 2436
1613 1668
999 1842
2153 2547
2259 2443
2210 2619
2 116
1028 1597
942 1032
3065 3078
2969 3348
186 239
3449 3851
2526 2536
1948 2143
1621 1886
1600 1891
553 634
745 820
2124 2218
3625 3938
236 315
1538 1793
2271 2602
1939 2062
1245 1261
2174 2249
2109 2275
2381 2600
1280 1768
2955 3136
1299 1686
1684 2944
2200 2278
1124 1551
1125 1398
2461 2629
954 1661
2730 3327
1107 1191
2112 2404
1912 2419
2233 2343
2953 3073
2454 2478
3476 3837
2633 2658
2061 2284
3106 3239
695 815
2215 2372
989 1413
2165 2275
921 1765
760 784
1404 1475
2560 2578
3810 3855
2266 2586
3487 3504
938 1837
1006 1613
107 1715
1083 1399
3339 3400
528 553
526 1768
980 1750
2032 2328
1137 1232
992 1601
3719 3951
127 346
609 654
2309 2655
2218 2615
2010 2241
2716 2780
3101 3240
1047 1330
2084 2216
1107 1810
1129 1611
1163 1207
2259 2445
2000 2645
1964 2448
1370 1707
1932 2463
1483 1723
1271 1471
1420 1782
2410 2520
2757 2969
576 658
2038 2242
2190 2299
2068 2279
916 1163
2384 2510
2332 2475
3549 3585
2117 2372
763 849
3458 3493
2046 2206
1260 1355
107 1043
2128 2463
1305 1656
2395 2433
2387 2443
3633 3804
3574 3635
1115 1655
322 345
2746 3304
596 1086
1006 1352
3825 3931
348 493
1525 1549
2231 2497
2309 2369
1196 1612
2828 3298
906 1570
56 109
1577 2194
2088 2184
1214 1289
2323 2386
3476 3579
2683 3096
2754 3257
1420 1614
2744 2865
1953 2551
2880 3220
3674 3734
2122 2615
1952 2084
3449 3721
1559 1799
600 675
2148 2394
1953 2550
3007 3101
1172 1839
1938 2655
2781 3291
2001 2027
2739 2829
1978 2534
363 1740
1025 1696
21 315
1999 2633
56 297
2550 2604
3611 3838
2782 3234
1272 1833
2395 2500
2951 3252
1643 1867
1390 1819
3277 3344
1269 1810
942 1503
2088 2604
2564 2578
2543 2601
1074 1409
2038 2451
107 1690
30 331
2088 2553
897 1305
2376 2561
189 217
1282 1454
2059 2573
3330 3332
2249 2372
2072 2451
1971 2218
1222 1256
953 1888
3437 3471
1659 1689
1338 1756
171 1549
966 1336
3580 3905
2694 3064
3825 3927
2399 2458
9 186
1667 1672
1222 1551
1943 2575
1078 1833
2872 3426
2874 2940
1080 1766
1231 1655
141 199
1584 1617
1243 1669
3233 3244
2397 2577
2241 2434
2665 2955
934 1800
3040 3232
2190 2546
2376 2556
3997 4018
1136 1555
1142 1695
1083 1839
1565 1763
2153 2396
1538 1800
611 618
1938 2370
925 1334
980 1554
2278 2646
2949 3063
13 252
2504 2578
1511 1806
2246 2351
1920 2283
1565 1882
2677 2688
402 417
3649 3898
2188 2564
1184 1800
348 401
606 1738
2914 3380
694 713
1948 2125
3150 3397
2023 2577
3437 3671
1842 1843
1577 2617
2324 2604
2944 3301
2763 3213
2153 2336
1195 1663
1914 2633
1361 1833
1991 2024
2742 2753
3035 3434
1256 1668
1684 2810
129 291
1702 1817
2046 2619
2750 2890
1388 1612
2274 2377
814 842
3025 3137
59 172
2282 2351
2532 2574
3437 3537
3599 3636
2078 2646
2716 2730
2679 2750
2240 2477
2148 2571
3138 3374
2324 2499
40 315
2184 2200
2290 2348
1078 1377
2194 2239
1953 2607
1098 1806
1941 2530
3437 3624
1004 1302
1215 1794
1070 1760
2473 2537
1684 3121
804 849
1479 1862
1329 1842
2200 2500
2019 2234
2090 2478
439 570
2144 2283
2369 2611
731 853
188 274
1684 3382
2287 2604
2055 2115
1420 1707
2191 2516
1610 1826
4019 4030
2390 2511
698 856
3766 3776
2040 2218
2801 2865
3609 3741
438 524
1986 2271
2492 2600
60 322
698 868
373 591
25 67
1282 1406
1684 2692
2324 2563
3821 3933
686 701
1498 1537
2275 2324
1230 1341
2054 2501
2007 2071
1684 2840
1621 1717
1945 2143
2033 2043
2974 3158
3401 3425
1256 1902
2331 2386
1993 2654
1938 1985
993 1600
2374 2606
2324 2551
2347 2499
2146 2173
3277 3434
2339 2485
1765 1779
921 1124
580 1870
1114 1746
1959 2420
58 2814
2127 2246
2331 2556
1986 2630
3449 3618
992 1784
1212 1453
1584 1653
1269 1753
3610 3732
1204 1454
1912 2615
2190 2359
2751 3043
2047 2203
2090 2115
2109 2339
2485 2553
2832 3082
109 297
2081 2328
2059 2324
1993 2495
3060 3291
1006 1530
2140 2499
1951 2284
2038 2509
2418 2500
1025 1427
2056 2287
1255 1431
2292 2384
2131 2218
2333 2653
1964 2023
2715 3187
978 1811
3102 3320
2332 2572
2060 2300
1070 1412
768 839
2363 2433
2294 2498
1211 1393
3575 3672
2323 2593
1124 1707
2047 2057
3115 3280
2266 2593
1245 1582
2115 2655
2268 2629
3320 3403
2672 3280
1175 1230
3437 3719
1049 1184
2532 2604
1714 1795
1912 2005
1066 1732
272 291
2499 2611
2062 2396
2909 3052
3067 3079
1309 1515
940 1236
563 1745
2299 2339
1931 2001
1622 1652
3056 3226
2124 2326
2542 2573
1979 1985
1269 1685
2067 2428
2556 2631
1619 1868
1511 1567
3926 3968
412 483
3044 3119
1242 1810
1779 1883
637 1479
2681 2683
3437 3834
107 1351
212 304
2324 2410
1945 2398
5 169
3152 3347
1985 2602
1571 1707
1985 2354
2005 2237
723 745
3534 3825
348 377
2351 2510
1613 1721
2212 2526
2074 2229
6 219
363 1767
1966 2504
1717 1789
1377 1669
475 606
1514 1679
3064 3348
2749 2940
1287 1598
645 671
2410 2499
719 720
946 1538
107 1668
713 719
924 1745
1184 1813
1963 2275
2071 2191
1970 2509
3437 3943
21 248
2828 3377
1577 2149
1553 1768
1212 1342
1465 2266
242 266
1356 1881
2881 3377
1780 1817
2726 2978
966 1457
1099 1277
0 244
2224 2589
1126 1746
3239 3434
1684 2752
3437 3705
2183 2372
1912 2135
1184 1816
2960 3056
1657 1776
2139 2549
2829 3285
2755 2909
484 1320
162 333
1940 2039
2206 2220
1204 1273
2917 3108
1107 1289
1322 1426
2045 2352
1160 1551
2833 3082
1101 1199
3082 3421
3174 3232
1584 1804
1214 1589
2030 2206
1872 1903
705 800
461 471
3104 3384
1619 1746
2140 2392
2075 2415
1993 2212
2920 3054
416 500
3604 3938
2782 2966
1267 1365
2063 2573
2295 2519
1702 1858
1483 1741
925 1753
1329 1843
2673 3414
2151 2176
2298 2605
414 600
2864 2985
1201 1772
2315 2472
2043 2074
1993 2482
1488 1619
1538 1821
2831 2996
3363 3399
1426 1682
3113 3277
3706 3870
1074 1460
2197 2361
2308 2526
1446 1744
3677 3712
1288 1336
2561 2638
3701 3757
2134 2384
1959 2047
1612 1800
2180 2250
2212 2266
2367 2571
1938 2179
3018 3136
3159 3405
797 809
486 554
136 1973
375 484
1047 1610
1406 1893
2909 3426
2038 2268
2862 3433
3112 3172
2670 2982
1463 1833
3019 3176
3224 3345
395 542
107 1883
370 514
2149 2629
675 681
1842 1888
3076 3411
2201 2499
1920 2196
2048 2226
1100 1257
488 553
2240 2482
2607 2615
3482 3685
1488 1752
2144 2194
2078 2615
2724 3162
1159 1241
1517 1722
3022 3040
1112 1242
2026 2434
3702 3731
1370 1488
2282 2347
2386 2430
515 559
2896 3284
1243 1609
1273 1282
2111 2128
2535 2570
2924 3220
2176 2377
2126 2628
500 580
3226 3390
1966 2356
2564 2611
1367 1851
525 538
2154 2271
3469 3604
2172 2506
2139 2354
2434 2458
3887 3931
2410 2564
2157 2365
686 810
2039 2134
403 510
2289 2292
934 1643
941 1257
2408 2543
2329 2551
1376 1793
2778 3272
3437 3875
136 2617
238 271
3794 3822
1457 1619
2948 3436
1684 2697
3697 3971
1117 1864
107 1182
224 322
107 1283
2257 2326
3223 3241
3119 3166
486 505
2450 2632
1092 1753
3136 3395
2344 2592
686 717
3195 3348
1288 1359
2078 2499
3542 3658
1983 2489
1993 2030
1917 2040
2243 2396
2147 2188
2686 2702
1344 1861
1051 1876
2056 2184
2901 3291
2198 2434
1029 1214
1293 1707
1912 2191
3620 3646
1684 3170
2111 2473
1359 1388
2491 2616
3028 3368
2445 2471
2075 2390
1912 2379
1298 1479
1431 1488
925 1597
2161 2259
976 1574
2247 2254
2074 2542
1010 1141
2219 2406
1993 2213
1014 1451
2053 2196
2976 3289
1520 1663
3017 3353
3437 3706
2090 2324
1577 2555
2061 2225
2150 2188
2282 2629
973 1505
122 325
2510 2642
3554 3829
348 560
2253 2521
3511 3763
26 325
2730 3215
993 1377
2839 3414
2410 2646
1024 1123
2839 3023
592 654
1475 1649
2183 2420
2307 2563
2108 2619
2555 2643
708 797
1399 1610
1449 1874
773 810
3297 3335
2214 2367
2674 3201
56 222
2857 3200
2132 2274
2679 2741
1799 1839
2133 2517
2812 3256
1124 1898
2073 2602
3437 3455
2339 2561
172 261
2356 2430
917 1225
2068 2649
1917 2212
3683 3886
398 512
484 580
1026 1663
1101 1804
2018 2050
2241 2246
1577 2510
1993 2271
2770 3169
1926 2336
2839 3119
3800 3943
213 246
3145 3291
1684 3017
2176 2463
399 476
3101 3253
2928 3388
1639 1723
983 1271
2275 2495
2436 2543
1946 2164
3633 3841
2155 2610
3320 3355
1371 1895
3233 3273
2864 2896
3759 3837
957 1322
724 734
1590 1637
926 1509
1006 1285
3774 3957
1367 1737
483 567
1107 1288
396 510
1390 1757
2102 2223
1912 2049
1191 1243
3671 3958
1036 1448
1211 1879
983 1809
2231 2405
2109 2276
3677 3800
395 511
914 1247
1029 1059
2174 2653
2539 2590
2674 2778
2063 2359
1951 2626
2724 3168
1265 1609
2002 2247
1663 1795
1222 1471
1229 1432
2409 2489
2111 2187
3577 3877
366 408
1487 1646
2292 2294
1332 1487
2369 2532
1160 1488
1086 1717
107 1038
1571 1730
2669 3426
1153 1839
2334 2551
2090 2559
1981 2333
3117 3174
2086 2430
2420 2510
1015 1899
2111 2372
1242 1795
2088 2108
1076 1198
2040 2482
1998 2284
1954 2009
2220 2271
2738 3231
3150 3169
2414 2561
2910 3195
1026 1734
2352 2601
1117 1811
2640 2658
1132 1833
2944 3387
2936 2973
1684 3041
2284 2538
1946 2552
2374 2560
1137 1533
1006 1091
2462 2611
3072 3155
56 261
2068 2183
2196 2246
389 486
917 1541
3152 3396
1175 1809
2125 2241
2960 3047
2850 2877
2115 2433
1377 1399
2283 2398
1345 1475
3620 3969
2909 3390
2759 3286
1997 2172
1916 2128
3500 3747
2220 2630
1504 1785
567 3723
252 338
1962 2083
1404 1573
1944 2416
1980 2011
2727 2840
2796 3132
2672 3145
1640 1703
1953 2492
2323 2409
2086 2560
1032 1170
478 496
3145 3274
3019 3177
2877 2896
1554 1754
2786 3293
2839 2981
1926 1947
1 315
637 669
2299 2410
2054 2223
2905 2993
2187 2635
1971 2206
1912 2506
1219 1377
2827 2994
1417 1621
2761 3315
3112 3422
2775 3273
2220 2655
3442 3663
2124 2275
2720 3082
1844 1878
483 537
2562 2656
1953 2220
2062 2592
2743 3435
2585 2648
1976 2171
1199 1898
2386 2551
563 1338
3062 3343
2463 2509
1070 1159
703 809
2326 2504
0 344
1085 1518
1367 1849
2031 2205
3568 3825
428 526
1487 1881
40 322
1986 2370
2786 2915
2676 2839
1971 2329
954 1032
103 200
2184 2220
1153 1736
3073 3078
1559 1811
2042 2135
2241 2283
960 1017
2124 2201
1128 1844
3540 3886
2127 2176
1284 1859
1985 2140
2953 3052
590 644
2951 3106
3437 3966
2780 3152
2111 2609
2224 2516
824 834
2198 2461
3067 3157
2268 2394
1107 1652
107 1493
1306 1748
2672 3182
1221 1611
2377 2384
2724 2947
978 1209
397 541
2121 2615
2083 2520
2093 2460
2729 3000
1983 2391
953 1047
3604 3828
3749 3918
1946 2446
1079 1540
977 1260
2081 2608
896 1292
2040 2543
1771 1800
3019 3366
2087 2344
779 828
1458 1863
1663 1833
101 299
2037 2278
3446 3624
1964 2566
2334 2560
2072 2169
3437 3485
1397 1409
2241 2555
1668 1734
3980 4010
2395 2543
2340 2464
1125 1285
2761 3324
1989 2500
2081 2223
1948 2555
2123 2340
1256 1736
2378 2417
366 1514
2103 2630
3064 3339
2275 2549
1329 1833
1100 1655
2111 2451
1261 1661
3154 3233
2030 2172
2165 2381
1473 1536
3512 3830
483 1086
1684 3030
1117 1714
3001 3273
2539 2542
2063 2482
2095 2115
1006 1898
2020 2154
2929 3026
2133 2417
1467 1782
185 344
2877 3174
924 1709
1917 2374
1420 1483
488 496
2936 2937
2211 2313
3051 3075
1017 1456
1037 1159
2134 2471
1668 1746
2394 2510
3546 3863
1962 2299
1998 2620
2237 2429
1983 2561
1971 2564
1108 1783
2110 2142
1584 1902
3612 3810
2122 2356
3295 3366
140 326
1163 1832
1948 2032
2849 3247
3456 3804
1322 1576
2500 2561
2054 2153
1958 2639
972 1117
149 162
2863 3021
2283 2653
431 683
2172 2190
223 252
661 670
1078 1380
2680 2986
2001 2620
1684 2943
1056 1754
2275 2574
1132 1238
2663 2888
1271 1849
2218 2542
2117 2508
925 1659
3073 3293
2910 3220
2674 3169
1126 1207
3758 3793
2787 3034
3185 3267
1449 1589
1945 2196
3868 3917
1054 1209
2190 2539
869 890
1302 1352
30 304
3542 3940
3488 3966
2044 2142
2037 2184
1075 1528
1522 1609
1017 1380
1488 1554
2849 3089
2257 2340
2201 2307
2356 2395
1148 1841
2282 2588
2244 2381
2512 2560
2036 2289
23 51
2081 2445
563 1967
942 1316
1604 1663
2386 2542
2355 2400
1074 1842
967 1554
3456 3971
3272 3320
3586 3692
3838 3934
1375 1659
1916 2125
2090 2095
1941 2643
2353 2356
2176 2372
2306 2414
1747 1895
3101 3252
719 827
3026 3257
2620 2648
3652 3825
3154 3370
1099 1261
1329 1714
2797 2901
1255 1302
2287 2464
925 1833
3127 3147
2150 2536
1041 1756
980 1182
3036 3114
2086 2140
2064 2564
1923 2133
3500 3664
715 834
1735 1833
1181 1653
2111 2419
376 561
824 829
1918 2526
3499 3829
1684 2966
444 507
122 128
2680 3348
1275 1630
2687 3212
2873 3384
1951 1999
999 1352
2521 2590
1480 1851
2327 2617
1298 1628
2212 2410
1515 1704
2039 2315
2118 2561
1149 1761
946 1689
1402 1571
2676 2873
1075 1877
2165 2468
2141 2419
764 827
1724 1752
1956 2634
1758 1787
2342 2456
3176 3412
2212 2539
2254 2396
1941 2465
952 1752
2253 2311
2189 2372
2020 2257
3440 3703
3212 3335
2228 2540
2332 2509
1335 1746
1920 2149
3440 3971
2057 2572
2299 2308
2244 2489
2763 2956
2331 2485
3633 3788
429 466
1036 1426
3571 3675
186 200
3339 3363
2123 2554
693 828
475 515
1080 1358
1920 2042
2340 2646
2970 3330
1125 1849
917 1057
1126 1201
2716 3347
2352 2520
2310 2557
3145 3385
2906 3195
578 658
2139 2165
2425 2642
2283 2294
2851 3090
2143 2292
3360 3434
2077 2136
752 829
2043 2590
2078 2590
3509 3900
1523 1659
1994 2555
1684 2743
2909 2912
1092 1886
2966 2987
0 269
1018 1284
1643 1652
2140 2240
3344 3386
2897 2943
717 855
1684 2732
2698 2839
119 248
2800 2969
2733 3396
2526 2625
2181 2412
1669 1799
494 517
1097 1568
2299 2353
1199 1393
2154 2500
3437 3790
2165 2290
2063 2323
2031 2514
2849 3070
1923 2452
596 1148
2789 2807
2511 2516
997 1083
3225 3422
1684 3153
1060 1227
1230 1888
1083 1800
1112 1752
3478 3791
2045 2551
2005 2118
2751 2901
3518 3737
1554 1563
3584 3763
1917 1946
1341 1789
2032 2475
686 779
3707 3838
2661 3035
1528 1688
2951 3241
1912 2472
2284 2378
2408 2468
1146 1175
2005 2623
2451 2617
2960 3284
3995 4000
1543 1844
3442 3599
2242 2637
2225 2620
1410 1825
2743 3135
2003 2511
3220 3363
1369 1780
78 273
1211 1621
2468 2469
1925 2043
1131 1236
827 828
1409 1736
1172 1341
1993 2600
2053 2511
2064 2507
2174 2247
1435 1897
3884 3930
1107 1380
252 277
2729 2890
1973 2004
2184 2287
1212 1694
1603 1714
1164 1570
1522 1707
2468 2552
1229 1812
2319 2336
1184 1237
1184 1491
2045 2306
3622 3931
1997 2150
2229 2506
1070 1630
2136 2363
2404 2563
2058 2654
1912 2449
3437 3535
2309 2428
2117 2292
1918 2340
2220 2485
1336 1449
1684 2816
1573 1611
982 1331
3042 3137
2289 2461
1962 2559
2098 2352
3569 3793
1163 1604
1617 1849
107 1869
436 465
1413 1728
1955 2617
2244 2623
2237 2423
133 183
2117 2629
2244 2646
962 1064
1951 2648
2240 2539
3013 3188
2299 2331
3623 3793
1958 2494
2150 2190
2005 2326
1983 2276
980 1879
1986 2112
2250 2344
1997 2290
2298 2325
1912 2285
1083 1125
828 838
2492 2573
1954 2196
2014 2626
136 2491
26 323
1293 1605
2154 2359
2481 2535
714 806
2273 2328
1018 1166
2164 2484
1739 1906
2916 3098
1158 1871
483 515
2299 2554
2464 2561
2128 2400
2061 2659
1920 2543
2915 3417
1684 3128
376 417
25 31
107 1227
3734 3800
2690 3018
1987 2191
687 730
2331 2506
1675 1735
3545 3891
2128 2135
694 830
2290 2323
1298 1899
2104 2369
2140 2352
2833 3298
3113 3204
2095 2601
1361 1377
1943 2059
3214 3219
3344 3397
2028 2174
3495 3721
2032 2368
1936 2173
1912 2046
2351 2465
2931 3073
1129 1479
2040 2559
2164 2579
1948 2377
615 675
1752 1861
1221 1296
805 814
1066 1347
2753 2793
1528 1563
2047 2293
2093 2492
637 1692
1938 2625
1047 1471
2951 2989
1943 2521
1079 1491
3356 3366
2668 3276
1729 1786
2054 2617
2911 3004
1981 2652
3052 3294
863 878
2302 2372
2169 2399
456 545
2007 2489
2038 2189
774 828
2142 2253
2314 2540
1329 1746
3120 3280
2315 2420
637 639
2780 3247
374 420
1390 1612
2329 2574
3189 3219
1938 2059
0 151
2095 2520
2344 2582
1339 1612
2542 2615
2072 2304
2109 2507
1267 1761
1083 1207
1113 1740
1947 2010
2039 2471
3772 3950
2039 2087
2295 2557
115 312
2716 2742
2279 2394
2689 3096
2886 3066
2742 3201
2060 2188
370 378
2507 2573
917 1373
1914 2658
1959 2062
1128 1557
2224 2338
2315 2597
388 497
1684 3365
483 1907
1971 2271
2171 2494
978 1551
1941 2521
3060 3102
3464 3680
3239 3316
2845 3002
3101 3335
1514 1744
2272 2289
1927 2648
3528 3596
1100 1680
483 948
1714 1864
3926 3966
1912 2136
2052 2649
180 249
2334 2347
2085 2523
980 1888
1824 1894
2997 3072
2759 2812
2187 2642
2266 2526
1098 1165
1165 1505
3022 3078
1156 1291
1589 1605
475 484
1356 1743
1645 1694
3195 3301
361 474
1966 2423
3029 3433
3022 3226
1390 1843
2123 2348
1652 1819
54 313
1746 1886
961 1505
1626 1883
1584 1750
3054 3363
2336 2366
2292 2555
107 1653
2973 3299
1912 2223
2117 2268
968 1807
2206 2446
617 644
1572 1737
2720 3089
2206 2630
2472 2592
3034 3403
2867 2986
2864 3362
2390 2652
2414 2624
782 833
1191 1730
3112 3298
2754 3029
1047 1827
3617 3927
1269 1329
2901 3267
1517 1845
2363 2655
1964 2325
3703 3971
1939 2096
1141 1703
783 797
1926 2081
2734 3319
2553 2602
438 473
1173 1674
2537 2616
3201 3351
2683 2874
1557 1867
1566 1731
2689 2945
1125 1501
2853 3016
2949 3126
2264 2588
2033 2352
1941 2102
2037 2476
2123 2299
2734 3287
1188 1630
1405 1639
1718 2224
2004 2018
1502 1587
3247 3291
1059 1765
2430 2552
922 1449
188 334
2446 2504
2109 2578
3601 3782
3523 3883
2090 2374
2040 2611
3653 3720
1420 1551
3150 3253
3460 3466
2392 2551
1153 1663
1269 1833
1267 1644
158 339
2931 3129
2551 2573
917 1260
1250 1816
2445 2589
2039 2183
3833 3896
2663 2786
1663 1861
3542 3545
2324 2482
1912 2090
2377 2649
1149 1659
2458 2555
2266 2492
1373 1469
2793 3101
285 323
2090 2257
2964 3062
1298 1423
1918 2309
2758 3087
2018 2494
696 711
2942 3304
2867 2946
2080 2193
1981 2054
366 1574
2666 2839
2991 3297
1912 2066
1979 2124
1945 2315
1440 1626
2754 2956
2347 2630
416 465
119 199
2240 2446
2904 3330
223 261
0 271
1132 1211
1516 1737
2602 2623
1972 2143
2197 2540
1237 1744
2299 2359
1154 1295
3017 3258
2040 2213
1684 2863
2097 2538
2506 2579
1402 1722
967 1334
2073 2123
2059 2606
1239 1399
3321 3342
3561 3612
57 320
1972 2531
412 645
1488 1804
2276 2611
1948 2524
373 614
1273 1848
0 122
1207 1571
1110 1243
1172 1613
2226 2367
2176 2406
2669 2867
2709 2812
1211 1291
1707 1823
1199 1605
1975 2236
2131 2478
2680 3339
122 272
1132 1471
2663 3114
2040 2374
1575 1794
1232 1333
3514 3730
1431 1483
2241 2292
1912 2358
936 1012
1940 2138
1054 1086
2010 2289
1159 1188
1938 2115
82 331
3486 3924
2191 2223
526 1800
2073 2469
2088 2118
1185 1597
370 373
374 465
3077 3263
1191 1675
2032 2176
1658 1823
1010 1134
3034 3070
2754 3293
1554 1799
2962 3001
2299 2409
2122 2619
1718 2196
2839 2907
2073 2369
3034 3089
98 331
1048 1730
2081 2475
1207 1238
2372 2616
1131 1310
2123 2655
1289 1839
978 1557
2240 2586
1209 1746
731 830
2327 2328
66 67
504 570
430 471
1941 1964
1595 1661
2300 2476
2117 2653
3026 3384
400 428
2336 2347
2347 2586
2363 2428
2793 3038
3516 3695
2292 2498
1559 1833
1941 2430
3540 3674
2973 3321
1483 1663
2183 2289
953 1377
3184 3315
2742 3198
3437 3555
1943 2206
1600 1685
1912 2610
1684 3299
1684 3101
1993 2484
2243 2333
1912 2425
384 464
1555 1588
30 188
2526 2579
2073 2489
2285 2510
1684 3109
107 1254
1374 1692
2067 2430
1021 1235
3154 3355
3115 3247
1623 1662
2078 2290
2093 2220
2491 2643
3051 3185
2300 2374
1361 1621
1684 3083
1006 1063
1126 1520
1104 1448
2033 2619
1207 1341
1130 1839
1943 2266
1018 1231
1964 2036
946 1123
1502 1828
2098 2220
395 419
1049 1112
2103 2237
30 322
3437 3550
975 1872
932 1509
2216 2331
1938 1946
261 318
2850 2897
2672 3320
109 332
2167 2535
2201 2261
1948 2463
423 431
1437 1605
2346 2626
1684 2668
1390 1768
1946 2630
2257 2477
2367 2608
2970 3179
1359 1902
2925 2943
107 1156
2410 2554
1577 2544
1186 1333
2353 2386
2327 2343
1931 2658
2144 2282
2140 2654
2786 2877
1416 1721
1842 1868
1080 1543
1376 1399
1250 1608
1639 1774
1037 1541
1086 1867
3116 3201
200 248
1610 1761
958 1648
57 80
1066 1396
1932 2032
3137 3166
3403 3422
2410 2549
3608 3867
2928 3195
1976 2000
968 1814
1813 1891
2030 2257
1943 2395
3219 3255
2661 2719
408 430
956 1889
1269 1730
1255 1609
2326 2564
1156 1833
2030 2329
1020 1824
952 1603
348 504
348 359
2090 2287
2409 2507
2206 2348
428 1114
123 200
2055 2619
2190 2549
2190 2395
1376 1675
2729 3084
712 816
1539 1861
107 1065
1051 1070
1341 1416
1213 1672
1802 1895
3475 3543
3633 3877
946 1868
924 1703
366 651
1577 2101
1291 1516
724 842
3439 3799
1941 2518
357 369
2022 2657
2750 2974
2220 2646
2306 2526
2045 2112
1613 1861
938 1648
1939 2603
3117 3431
2257 2615
2333 2508
917 1261
1178 1641
2676 3304
3776 3960
1205 1637
3654 3755
2377 2471
1195 1891
59 239
3471 3475
3641 3933
1975 2035
1953 2329
2032 2289
2095 2578
1128 1522
719 823
3603 3838
819 840
1431 1551
2553 2604
1159 1366
3437 3729
493 556
1345 1680
412 503
1192 1231
107 1620
1643 1707
2037 2308
925 1721
2802 3267
3321 3434
2102 2413
3449 3609
0 189
2681 2956
2376 2575
1297 1486
2833 3396
1471 1516
2313 2376
2104 2590
3468 3568
2361 2618
2460 2655
2730 2996
2261 2300
2356 2542
1971 2504
963 1568
2030 2356
2370 2551
2053 2072
2115 2607
3005 3366
1191 1230
1431 1782
2241 2588
1590 1846
3998 4005
2176 2453
958 1468
2423 2532
1795 1877
1918 2073
3239 3397
431 462
925 1836
2090 2299
2326 2638
1520 1752
1433 1567
2259 2451
579 616
686 833
1291 1391
2222 2568
1926 2209
3558 3793
897 1741
2555 2567
2294 2368
2556 2619
2352 2619
1163 1370
1638 1742
168 304
2370 2428
3840 3850
107 1226
3722 3753
2492 2507
1491 1810
1361 1516
2966 3163
1153 1707
2988 3000
2020 2323
2359 2591
992 1548
584 682
1051 1236
907 1155
2084 2090
1356 1478
3525 3737
1213 1624
400 514
107 1175
2830 3207
402 570
1707 1772
966 1827
2844 3017
2201 2376
1534 1758
1957 2284
3468 3601
2127 2451
2232 2635
2943 3417
2072 2608
3040 3399
1163 1271
1964 2651
2108 2506
1912 2236
1258 1738
1110 1377
3089 3260
1334 1393
1835 1883
921 1826
381 419
2924 3304
983 1736
2090 2625
1932 1947
1153 1163
2353 2600
1172 1361
1004 1480
1173 1553
1912 2341
1987 2278
1985 2030
483 930
2309 2604
2212 2507
1917 2093
2220 2468
2724 2739
236 303
1059 1491
2986 3226
1405 3404
2508 2608
2565 2581
2105 2360
1810 1879
2840 3378
966 1288
2121 2624
3072 3302
1542 1898
1277 1298
1922 2129
23 240
3554 3752
2037 2324
2827 2944
925 1079
1617 1669
1152 1366
2786 3257
1004 1623
1160 1255
1487 1536
590 633
169 236
2059 2078
2103 2386
3035 3355
2078 2253
3790 3926
1796 1827
1420 1768
698 703
0 199
2345 2461
2046 2586
2309 2386
3529 3568
784 829
2111 2183
993 1721
3749 3751
2220 2619
994 1525
3616 3699
408 445
1399 1621
2233 2591
2724 3100
3102 3116
3038 3212
479 559
2871 3253
2144 2292
374 561
3224 3291
1160 1331
0 142
783 827
1932 2224
2194 2473
1979 2484
1021 1221
1945 2597
3027 3292
2386 2600
2299 2575
1912 2272
2104 2233
1668 1782
1255 1730
428 456
483 1261
107 1031
3701 3836
1287 1617
378 553
2853 3280
1912 2234
2485 2611
1539 1689
2319 2616
1994 2111
2418 2593
1684 3111
2911 2940
719 848
641 1358
2754 2928
2309 2495
703 728
1520 1659
2218 2619
2333 2347
434 566
1260 1469
2200 2554
3358 3369
1195 1639
2069 2352
3527 3804
3437 3508
483 1682
703 820
1173 1329
3049 3179
2782 2786
2007 2092
2039 2567
3485 3838
1390 1644
1684 3182
1040 1330
1945 2379
1921 1980
3257 3362
1638 1661
107 1092
2419 2493
792 828
462 532
470 519
2184 2449
687 780
3145 3347
2716 3109
2172 2590
1281 1715
1004 1146
1401 1888
2004 2417
1173 1535
325 342
2172 2631
1347 1691
3633 3830
2007 2473
3790 3845
2005 2030
2212 2532
967 1480
2763 3234
2323 2410
3629 3722
0 342
348 472
3499 3617
1209 1750
2616 2653
2916 3284
1505 3164
739 823
2732 2902
1684 2682
1377 1839
1488 1737
1547 1714
1117 1389
955 1254
3137 3257
1365 1842
1352 1551
3437 3865
1383 1909
2676 3056
353 1882
478 534
3490 3682
420 514
1705 1803
2194 2643
1000 1703
603 654
3049 3434
1048 1391
107 1536
2553 2556
2966 3085
128 223
559 669
1774 1879
1945 1948
2294 2537
2681 3433
107 959
2254 2458
2376 2625
2040 2395
2387 2454
1146 1823
439 544
2084 2561
2020 2363
2991 3132
3530 3551
2182 2452
2694 2839
580 1332
2125 2419
1953 2121
370 683
3437 3528
3299 3360
2098 2591
2800 2872
2263 2621
1323 1813
2996 3431
82 231
2055 2376
2037 2542
3634 3915
428 1013
1684 2983
3576 3891
1994 2512
1953 2200
1086 1835
2183 2327
1271 1291
2780 3395
1189 1415
72 272
1029 1377
989 1322
432 570
400 444
1120 1587
3012 3155
1912 2289
2047 2508
1127 1244
2086 2340
3076 3397
946 968
382 470
1332 1878
2030 2407
3009 3109
1010 1770
1185 1804
1925 2290
107 1286
2148 2398
2951 3412
1520 1597
1983 2139
3736 3938
2137 2328
1082 1298
1192 1841
56 62
1684 2836
1019 1067
2442 2499
2313 2528
2356 2410
3458 3951
906 1376
2196 2372
2127 2511
2295 2642
1399 1791
1166 1396
2607 2631
962 1831
1684 3095
2583 2647
1929 1946
1945 2138
1410 1687
3252 3291
1916 2377
1237 1766
2332 2543
2720 3291
1912 2648
2038 2425
1029 1570
407 563
1541 1681
592 620
1018 1373
1983 2408
1567 1593
503 526
1390 1659
136 2153
2467 2482
1943 2112
1946 2619
1447 1722
1683 1819
1925 2142
1290 1365
967 1626
525 566
3094 3145
980 1563
2097 2658
2094 2535
1305 1852
2122 2347
2052 2319
2131 2306
1473 1525
107 1704
2039 2582
2664 2897
925 1198
982 1078
1117 1584
1912 2171
2307 2352
2257 2275
1083 1707
1388 1535
3123 3257
1467 1714
1156 1816
2140 2154
1164 1644
2174 2434
896 1495
2081 2235
107 1184
2560 2607
1169 1904
897 1173
2063 2261
3896 3969
2016 2657
3670 3702
1617 1877
2750 2872
2261 2553
1559 1561
3728 3753
847 853
2331 2564
1462 1859
3596 3633
128 170
2730 2932
1447 1456
2290 2539
995 1243
2317 2474
2813 3171
953 1868
2092 2607
2410 2476
1982 2222
1277 1783
1684 3040
2745 2929
1356 1829
967 1637
73 126
2073 2142
3860 3930
2676 3047
2297 2640
2203 2597
2311 2446
25 188
932 982
960 1069
752 759
2233 2495
2800 3096
1979 2220
2005 2131
1026 1509
1600 1761
2160 2587
1291 1401
3154 3386
2246 2643
2180 2511
985 1090
2172 2520
2770 3252
2059 2329
2741 2766
424 518
1898 1902
1943 2122
2237 2607
1047 1076
2199 2327
2229 2438
2749 3108
2095 2625
2081 2390
1184 1375
391 539
2121 2499
1221 1338
475 1374
1402 1456
2666 3004
460 520
2840 3172
249 302
1558 1860
428 1179
1173 1605
2559 2564
1800 1849
739 805
1063 1359
2061 2627
1983 2206
3539 3690
1269 1522
170 260
3590 3705
1472 1496
1009 1691
1912 2402
2108 2484
2172 2604
1939 2243
3803 3869
3017 3385
1173 1509
1659 1800
3195 3232
1604 1772
2363 2489
2111 2132
55 123
3288 3434
9 148
1267 1377
2125 2163
1578 1596
2095 2507
1465 2153
1320 1679
2108 2206
2064 2423
2055 2575
2088 2218
2102 2417
2897 3195
956 1016
2131 2363
2309 2433
2039 2268
2741 2915
2244 2619
1796 1867
2161 2608
1337 1865
2463 2588
2912 3142
1912 1967
1480 1839
2078 2560
2002 2052
2680 3022
1986 2140
2698 3387
2007 2224
434 458
2797 2845
2796 3378
2843 2918
2341 2412
774 853
3261 3434
978 1471
2706 2749
2763 2944
107 973
1929 2418
2661 3206
1049 1278
1800 1839
3617 3830
2149 2250
1962 2563
3005 3411
726 821
2845 3261
2768 3034
2340 2563
1926 2537
599 628
1100 1192
2150 2165
107 1598
1717 1819
2673 2806
1391 1522
3980 3993
2115 2552
650 658
3568 3793
107 1022
651 936
3763 3810
2125 2176
1375 1800
1277 1873
1684 3167
2264 2472
1688 1800
925 1449
770 820
2819 3280
2712 3347
3172 3274
559 566
1418 1727
2796 3035
136 2267
2827 3022
363 376
1117 1736
167 337
2218 2354
2090 2121
1577 1948
123 334
2097 2640
3102 3201
1912 1955
1159 1536
916 1589
2695 3213
67 69
2720 3240
2087 2347
198 393
2073 2464
1986 2331
3720 3789
0 115
1070 1109
2460 2485
55 239
1078 1288
2686 3034
3711 3951
1941 2246
2126 2197
1110 1390
2093 2484
1219 1793
2935 2999
2732 2930
3680 3706
1995 2171
2104 2121
2237 2326
2011 2648
1020 1066
3088 3116
1957 2006
1390 1652
2073 2348
1684 3255
1192 1884
1004 1741
2786 3158
1214 1280
397 546
144 151
1563 1736
2323 2370
2414 2469
1391 1668
3484 3568
2369 2578
2111 2153
2308 2429
2085 2341
107 1060
373 587
1126 1402
376 482
2063 2307
1094 1531
1661 1680
3494 3583
1939 2032
448 460
1564 1779
3483 3524
2053 2081
2593 2604
1327 1813
3493 3969
122 200
1912 2177
3026 3184
934 1352
134 238
2601 2611
1557 1819
1684 3336
1603 1668
1322 1899
1205 1707
1331 1804
3666 3710
983 1285
2724 3191
1209 1737
2296 2322
136 2289
2512 2519
1964 2398
2908 2927
2369 2550
3136 3327
2973 3116
2121 2619
520 544
1912 2284
526 1128
2778 3115
1912 2604
1288 1714
3514 3627
2115 2543
2729 2993
1100 1884
2800 2916
1381 1899
2278 2611
1294 1766
203 285
1126 1471
1597 1800
3035 3307
2915 3226
2111 2151
2090 2123
752 800
2741 3417
1684 2779
352 493
2267 2502
3100 3182
2904 3434
107 1534
2101 2327
1912 2295
1984 2348
2077 2093
2077 2550
697 805
3654 3930
1385 1545
2449 2454
2689 3433
56 134
1984 2549
573 672
1021 1578
2758 3330
3455 3835
997 1359
2369 2395
927 1603
413 535
2510 2512
2865 3187
1515 1706
2326 2428
1409 1559
3040 3047
2064 2212
2331 2499
2615 2646
1921 2143
1125 1230
1951 2024
1361 1542
1150 1337
1209 1710
2262 2576
2326 2499
3538 3857
2254 2510
1116 1864
3195 3426
1172 1584
2550 2574
1535 1842
1929 1962
2323 2408
3857 3917
1557 1750
967 1888
1231 1345
2756 3417
396 519
2235 2458
2074 2150
2003 2377
2701 3350
107 1093
2906 2908
1800 1813
2104 2391
2710 2807
2384 2498
1721 1730
3060 3397
3051 3298
1115 1862
637 1694
65 314
419 475
2261 2590
1555 1803
1918 2381
1827 1867
615 662
2778 3148
1054 1689
2815 3064
1293 1554
2729 3384
402 415
1088 1641
896 1322
2777 3417
1028 1888
1004 1621
1144 1555
1120 1899
2069 2189
1576 1862
1714 1761
1011 1624
3437 3750
1979 2410
1062 1630
17 137
2833 3185
1741 1867
2155 2525
9 170
2780 3265
3438 3842
1211 1293
3098 3363
1948 2163
2212 2464
2222 2274
1600 1768
2770 3070
2384 2451
2308 2323
3027 3072
405 568
2298 2543
1078 1431
2849 3252
2336 2588
2112 2306
2987 3387
1086 1617
3169 3179
978 1819
1049 1597
1669 1685
2573 2601
1668 1849
2873 2890
697 726
2274 2509
2901 3344
2184 2253
2317 2411
1021 1661
1099 1166
713 762
3038 3240
2201 2404
1215 1661
917 1429
2266 2374
2462 2573
2414 2563
2111 2598
2832 3214
628 662
1079 1597
3468 3823
1555 1825
1966 2630
80 92
2125 2516
2995 3397
3833 3906
1984 2484
1608 1707
774 810
686 749
2172 2607
2911 3363
1172 1554
2328 2594
107 902
2568 2603
896 1479
947 1522
2973 3239
3437 3881
2309 2611
2687 2742
1985 2188
958 1232
1962 2046
1364 1540
2754 3324
2863 3151
2289 2471
1048 1075
3771 3949
2118 2468
2093 2381
1267 1796
3627 3824
2109 2244
1684 2987
538 1679
3117 3363
1370 1833
2071 2332
1079 1589
1470 1730
1971 1983
2030 2477
1926 2509
1917 2600
487 559
1985 2210
2007 2149
1379 1857
1238 1717
2058 2433
1935 2097
1542 1665
946 1365
2390 2434
1497 1604
2676 3195
3002 3154
2198 2319
3900 3909
1003 1175
2339 2526
1682 1903
2131 2326
1917 2573
1981 2007
1211 1821
1135 1584
1465 2649
2053 2372
2188 2464
2237 2615
2294 2652
1472 1781
1955 2174
2144 2589
2024 2585
2218 2464
1939 2415
1325 1433
3101 3330
1946 2115
1940 2264
993 1886
1104 1392
3011 3398
1339 1707
1198 1335
2869 3351
2376 2591
2035 2197
1172 1471
1962 2136
1925 2464
414 513
2500 2646
925 993
509 516
2144 2174
1012 1400
1003 1376
2040 2593
2275 2323
1485 1836
2216 2586
2189 2653
1973 2346
688 747
1578 1857
2904 3342
754 848
3033 3390
1684 2895
396 403
1962 2240
44 111
2749 3142
1707 1833
2717 3078
1420 1665
3096 3363
1279 1479
107 1539
611 664
3741 3877
2325 2343
2865 3236
107 1805
2196 2543
2142 2324
1006 1069
563 604
3469 3738
792 850
1684 2986
3281 3378
1584 1819
724 731
2989 3198
1567 1687
439 465
2020 2492
2044 2288
1912 2427
2138 2283
2092 2393
1427 1584
2206 2606
3814 3949
824 835
1929 2233
40 274
982 1839
1230 1256
953 978
1108 1382
3524 3568
3239 3277
2686 3196
1300 1645
1247 1794
2414 2477
2136 2625
2339 2600
1006 1845
1597 1610
916 1006
428 1692
2356 2520
1299 1703
3098 3387
419 422
3512 3517
2133 2416
107 1157
1684 3004
456 537
1288 1804
2748 2936
795 829
3980 4008
2183 2273
1032 1742
2131 2339
2086 2543
1004 1849
916 1222
1146 1182
2688 3086
924 1236
2084 2427
2176 2649
53 146
2846 3188
1230 1730
1227 1596
2142 2261
2089 2236
2749 3047
2436 2458
1217 1699
2876 3152
3577 3828
1926 2161
2064 2532
635 658
1161 1540
1092 1754
2026 2468
2131 2601
2020 2324
960 1123
1101 1712
2944 2974
2129 2146
2413 2459
2869 3267
1327 1683
1003 1391
414 677
2064 2136
1271 1746
107 1560
2093 2564
779 807
2843 3136
355 565
2055 2271
2585 2657
2006 2225
252 332
2324 2339
2715 3256
2117 2641
2800 3098
2039 2135
107 899
953 1530
1786 1857
1110 1622
2340 2552
1446 1766
2477 2575
916 1361
3511 3530
1165 1719
2507 2554
3980 3985
2339 2646
2716 2992
953 1280
1966 1997
2779 3356
1128 1291
2300 2410
1324 1783
1999 2620
1085 1705
373 525
1019 1231
959 1832
2815 2839
2578 2606
1960 2023
3332 3411
1996 2581
3672 3785
2239 2597
1923 2226
2862 3000
2083 2586
1741 1861
3065 3184
777 824
3930 3934
2059 2308
2661 3101
1199 1621
352 484
824 830
730 747
107 1878
3458 3792
2161 2458
553 666
2960 3364
107 908
3252 3330
3612 3937
637 1574
1359 1714
1291 1334
958 1895
428 676
1912 2440
925 1811
1589 1813
107 1267
1857 1884
2071 2347
1912 2155
2915 3394
2046 2188
2142 2469
2892 2995
1925 2654
2083 2593
2111 2250
1416 1610
2785 3431
1935 1958
2939 3169
2777 2985
2069 2409
2064 2078
2068 2189
2117 2491
271 322
2051 2113
1986 2353
741 800
984 1166
3548 3948
1175 1741
350 433
409 462
2218 2485
1331 1390
3682 3814
979 1403
2404 2506
1066 1875
2604 2615
2319 2394
2336 2385
3463 3714
2833 3330
1941 2608
1291 1420
966 1572
3118 3145
3079 3172
2122 2369
431 669
0 46
2210 2395
2869 3132
2123 2559
1125 1827
2201 2625
1606 1881
1912 1981
2542 2611
2232 2471
2326 2611
2598 2649
2492 2550
363 1179
2123 2218
2921 3075
1024 1571
1014 1894
107 1480
3505 3773
2423 2446
2669 3184
1185 1827
2854 2944
2750 2940
9 176
2088 2520
1715 1859
2763 2927
2199 2338
2010 2071
2200 2381
2325 2589
16 172
1966 2150
2757 3226
898 942
917 1060
2189 2508
2056 2630
3794 3855
1185 1782
1272 1644
1610 1898
1312 1522
1800 1811
2074 2468
1544 1822
1962 2468
3501 3625
1290 1827
2772 3357
1951 1958
2191 2436
1153 1330
1006 1086
3437 3690
1199 1471
2101 2223
2717 3064
3479 3481
3930 3941
107 1842
1187 1615
1166 1820
1577 2511
1465 2608
697 698
1113 1332
3475 3966
1352 1484
1471 1604
1267 1849
3521 3962
1275 1781
1718 2512
2081 2247
2931 3433
2289 2330
2085 2232
389 435
975 1060
3706 3793
3142 3213
2199 2294
960 1398
2266 2449
2171 2284
107 1526
2116 2225
1281 1720
2087 2384
1348 1904
2337 2640
2428 2578
2591 2601
2121 2233
981 1636
1335 1369
1126 1330
2007 2420
2807 3130
2751 3113
982 1391
966 1522
2073 2103
2115 2469
1003 1250
2030 2098
2046 2553
1170 1871
2189 2232
927 993
1163 1456
2446 2546
2738 3119
378 434
2863 3082
500 683
2122 2370
1997 2045
3521 3769
1931 1972
2793 3321
2046 2607
741 820
741 807
2310 2416
1948 2649
2171 2378
917 1183
1303 1396
2095 2484
958 1880
2278 2356
2359 2460
1993 2386
952 1399
2194 2332
1131 1169
2370 2615
1987 2232
3016 3277
517 1512
1912 2518
916 1175
2847 3011
2118 2369
1014 1661
2757 2835
2228 2361
966 1289
2124 2573
67 271
2123 2495
1029 1613
3488 3573
2093 2206
2082 2540
1645 1763
1237 1487
2093 2630
3082 3280
1244 1630
373 561
1175 1765
3710 3740
3234 3390
2846 3109
1997 2546
1951 1980
3224 3252
1431 1809
2142 2430
2553 2611
1559 1750
1231 1573
1014 1261
99 131
2793 3406
1522 1851
1986 2619
3511 3671
2806 3430
584 679
2754 3417
2690 2784
20 149
2059 2484
3051 3267
686 759
3568 3623
1050 1544
1064 1910
151 312
2559 2638
1912 2562
2259 2333
2904 3148
3593 3706
1912 1919
3330 3404
1150 1321
2097 2284
3720 3918
1124 1501
3124 3256
1997 2139
3141 3216
1522 1557
1966 2655
1114 1744
2331 2604
2028 2475
25 51
403 553
373 392
3448 3838
2184 2623
3026 3364
2087 2163
1367 1491
993 1199
0 324
1468 1895
3196 3330
2073 2462
1048 1612
1289 1352
1962 2482
2515 2545
1554 1813
2396 2432
3980 3996
1946 2340
2234 2576
1060 1373
1018 1824
2007 2039
2966 3054
1970 1981
930 1318
3297 3330
395 678
1179 1357
3177 3415
1953 2423
1943 2363
2045 2549
1932 2471
1399 1750
2833 2863
1330 1391
1334 1835
1916 2003
433 455
1006 1201
823 834
1984 2611
2757 2872
363 656
1538 1874
1097 1747
2331 2590
2111 2295
2045 2200
1530 1879
1926 2072
1377 1389
3437 3499
129 168
764 807
1004 1617
1335 1551
2135 2191
2034 2321
2244 2287
1932 2533
2950 3256
2002 2498
2482 2601
107 1889
2087 2241
2187 2589
2800 2815
686 802
9 272
1060 1148
409 456
2188 2392
3615 3740
1923 2032
3737 3804
3501 3877
1049 1317
2626 2657
3051 3373
2772 3256
504 546
2679 2969
1146 1164
931 1743
373 475
3034 3178
1132 1172
2108 2492
640 662
2529 2610
2564 2638
2145 2406
1973 2297
1953 2631
3004 3104
2028 2295
2849 3265
3101 3385
2290 2611
989 1082
1238 1757
387 417
2010 2246
1217 1525
1467 1590
1107 1559
982 1491
2956 3047
2323 2601
748 849
348 489
1938 2578
2514 2588
2679 2880
1263 1783
3090 3257
1006 1238
2030 2532
2750 2911
2795 3148
1934 2523
1926 1954
2313 2488
3475 3948
994 1366
2037 2234
2914 3101
2241 2516
2077 2261
2030 2139
2187 2241
3051 3332
2887 3000
1605 1714
2183 2516
2398 2510
2993 3339
2170 2401
921 1164
2451 2598
1918 2392
2115 2131
2873 3026
2786 2969
2757 3363
1062 1444
2184 2446
3495 3943
2945 3257
688 696
856 878
3070 3344
500 548
2663 3084
2408 2601
2694 3104
2104 2611
1913 2116
40 200
2078 2520
107 1747
2264 2597
2126 2283
1960 2659
2138 2597
2266 2427
1944 2298
2002 2279
2397 2474
2762 3329
2556 2604
2870 3177
1953 2261
2149 2325
1084 1470
946 1377
1675 1811
2872 3362
1465 2007
1652 1809
1476 1670
1577 1916
1132 1305
2866 3096
455 531
1198 1795
1210 1446
517 1237
1060 1086
1969 2087
3010 3137
2532 2556
2237 2370
2108 2352
1639 1779
1746 1898
2140 2586
3980 3991
3022 3025
2253 2638
1345 1426
1918 2112
1076 1796
3471 3940
2007 2198
2193 2373
2698 3022
896 1303
1986 2213
2037 2044
2237 2623
2326 2619
1951 2297
1989 2573
1989 2460
1919 2633
1449 1456
1028 1613
3601 3823
1222 1881
686 699
353 524
1613 1868
1068 1849
2223 2617
2189 2250
1051 1166
1070 1738
1146 1886
1979 2590
200 323
1963 2586
1289 1886
419 517
1918 2624
3120 3330
242 249
2478 2602
1204 1828
720 809
3056 3184
2309 2418
1149 1769
2071 2333
944 1770
2149 2151
2128 2642
3104 3363
2127 2330
3064 3232
3027 3140
1237 1318
3185 3287
492 566
1391 1584
2116 2157
2199 2396
2253 2484
2086 2507
2309 2563
2300 2369
2555 2608
1735 1845
1221 1807
1485 1891
2266 2299
2665 3140
1440 1852
1132 1377
3124 3185
1153 1789
3773 3850
989 1661
3573 3797
376 563
2862 2960
2356 2611
863 886
1502 1729
9 315
2754 3036
2083 2348
1392 1857
2194 2592
1365 1810
3557 3860
1041 1681
1379 1573
1261 1783
2073 2276
2436 2445
0 180
898 1742
1075 1800
369 397
1431 1750
1958 2006
1954 2629
2098 2404
1917 2575
960 1125
2766 2786
2241 2285
1598 1816
107 1103
2123 2539
2271 2550
3482 3901
548 556
2275 2356
2056 2147
2969 3078
53 213
2778 3247
896 1850
1017 1752
2531 2557
2661 2790
2739 3240
483 1729
1312 1420
2189 2458
1278 1572
1663 1761
2759 3117
2993 3158
3391 3416
1291 1551
1718 2283
1563 1839
2741 3238
1310 1876
1947 2128
1927 2192
1525 1785
1293 1714
3437 3871
913 1703
1941 2575
2592 2608
3188 3209
1021 1281
2030 2340
2122 2521
1070 1259
1945 2463
969 1704
107 1258
1929 2615
2478 2601
2275 2532
905 1237
348 466
3540 3734
1983 2348
1804 1888
1938 2093
3009 3027
2081 2344
1339 1796
432 521
2174 2509
3437 3498
3496 3521
3438 3633
1985 2309
199 200
2064 2625
1290 1416
2172 2409
3077 3241
3051 3060
2880 3064
2997 3081
3256 3397
2104 2216
1000 1725
2712 3188
2134 2273
119 188
2278 2485
1358 1645
3076 3291
1214 1864
98 199
861 888
1146 1173
107 962
3140 3291
1593 1787
620 672
1605 1902
2698 3339
3506 3951
146 148
2090 2363
2334 2354
348 368
2408 2611
2213 2244
1929 2500
2664 2908
1110 1753
1577 2135
901 1733
2154 2468
980 1902
175 277
2104 2308
1282 1812
475 565
2047 2420
353 388
136 2643
1199 1437
1269 1513
2023 2361
363 1536
933 1871
1684 2775
3115 3152
2078 2137
1256 1800
2169 2294
2240 2430
543 563
1287 1816
2289 2642
3077 3223
2708 3320
272 346
430 456
3437 3903
1184 1668
1092 1149
2253 2430
3640 3828
1453 1671
2024 2647
2109 2261
1123 1863
1589 1608
1123 1361
2276 2324
1261 1292
1357 1574
1214 1791
376 538
1238 1881
2184 2600
2286 2497
2679 3135
348 387
2661 2780
2683 3433
1973 2659
1482 1770
1191 1199
2484 2593
2363 2404
695 844
2189 2223
3002 3221
2068 2434
2151 2241
1237 1882
2790 3302
3448 3611
3707 3756
101 317
2717 3096
1919 1951
2399 2463
2180 2246
2339 2654
2682 3334
2285 2609
1285 1879
1395 1909
2715 3259
3671 3882
408 409
2499 2559
1068 1571
1622 1891
203 265
3783 3791
2007 2153
1559 1622
1912 2637
1937 2412
689 702
1583 1786
2904 3411
712 768
414 465
1622 1843
2877 3226
946 1623
107 1363
823 824
1051 1258
36 108
1217 1334
2905 2906
2329 2560
4 275
1471 1789
579 588
782 804
560 565
1210 1692
3205 3278
3348 3435
1135 1389
107 1224
3247 3265
25 199
3768 3782
1182 1761
2977 3384
1992 2466
1912 2534
3026 3047
2020 2507
107 1134
2132 2594
1920 2617
2108 2154
107 1577
2428 2564
2104 2550
1941 2093
703 792
3320 3345
2009 2657
1559 1753
698 774
3437 3957
1563 1675
3082 3386
3586 3596
2233 2499
1935 1999
3166 3232
2936 3082
1917 2590
1491 1530
1663 1886
3586 3712
419 471
1276 1791
780 835
2504 2611
921 1643
1048 1813
1117 1230
119 150
2007 2449
1946 2347
1570 1652
2162 2540
1684 2872
2147 2391
925 1813
1304 1366
1941 2071
3845 3966
1946 2308
1948 2420
2684 3152
1557 1735
1496 1703
1181 1621
1946 2593
1598 1842
1188 1259
578 600
3123 3339
2020 2307
2169 2283
3618 3684
2090 2188
923 1317
1356 1443
927 1146
2924 3090
3289 3341
2467 2469
1367 1835
2897 3000
3690 3946
1014 1636
1612 1632
1943 2601
1351 1391
2095 2112
1979 2331
362 463
1577 2319
2266 2549
1577 2589
1036 1148
1971 2005
3542 3824
1655 1715
2007 2232
3240 3252
896 1298
2068 2254
1927 1972
3146 3416
2043 2299
1231 1862
2308 2392
3022 3047
2907 3433
3365 3385
1371 1601
3658 3891
2776 3105
1730 1799
1610 1721
1211 1800
175 321
3496 3722
1334 1891
2678 2760
2376 2564
2862 2946
2090 2233
1017 1589
1946 2326
2366 2608
1979 2506
1516 1839
2787 3327
3283 3309
1207 1359
1522 1554
107 1875
959 972
1117 1768
1953 2559
1086 1813
2376 2600
1049 1059
1542 1580
2284 2585
2970 3082
2150 2408
392 465
1343 1738
1975 2114
2447 2636
1959 2026
2190 2467
1189 1244
1912 2257
1019 1857
2907 2943
2765 3267
946 1185
2233 2516
1004 1757
409 460
3518 3604
1120 1573
1447 1619
2404 2500
1230 1612
2038 2223
2201 2363
2272 2610
1942 2092
3018 3162
1161 1656
2072 2344
2716 3097
1184 1717
3113 3323
1718 2419
2275 2331
2423 2477
1979 2386
376 651
2880 3098
1624 1770
3342 3344
1320 1565
1522 1621
422 481
3507 3511
966 1800
2033 2604
1680 1857
993 1804
951 973
2224 2471
419 559
828 849
2087 2128
960 1336
2472 2533
1271 1483
3154 3252
726 815
1124 1772
1984 2307
1092 1846
2424 2455
2098 2507
1591 1636
2839 3026
773 842
3154 3179
2563 2590
1666 3186
2144 2451
1281 1502
3152 3235
3996 4028
2240 2606
1135 1516
3747 3920
1352 1891
2033 2165
1522 1835
1156 1538
444 531
2986 3433
942 1729
1086 1861
3132 3434
2395 2604
2846 3345
2266 2501
2074 2423
2919 2960
23 83
1402 1622
1113 1142
2007 2629
1515 1824
1912 1977
400 591
2117 2594
2107 2403
2223 2649
2064 2331
2765 3397
1390 1714
1211 1813
934 1757
1376 1471
2806 2943
1377 1483
762 810
925 1557
2218 2391
1940 2616
2755 2782
2045 2423
353 366
2200 2201
2430 2460
718 747
1166 1261
397 483
1017 1117
1577 2285
1055 1822
2312 2616
1520 1557
2087 2289
936 1740
1275 1672
1222 1768
2916 3250
2423 2464
1605 1665
3033 3426
2062 2327
2706 2743
1085 1360
1331 1861
2337 2538
1160 1861
3438 3517
2410 2492
2937 3172
414 574
1078 1835
1100 1231
1564 1860
1420 1563
836 853
2910 2986
389 1473
2326 2414
1573 1636
1832 1888
2029 2581
1669 1813
651 1673
2112 2347
2777 3220
2047 2458
1370 1516
696 805
1286 1611
3737 3860
387 524
2125 2183
3584 3690
716 747
2188 2504
1281 1907
2162 2173
177 225
1644 1683
2261 2323
3437 3439
67 239
2689 3363
2154 2467
2347 2547
3139 3428
2761 3390
107 1257
103 285
2006 2011
2007 2111
1954 2555
1308 1355
1113 1320
1078 1191
107 1285
428 1536
2689 2839
3776 3809
1460 1622
3549 3863
1926 2285
2485 2654
1918 2184
2742 3101
733 786
1149 1810
1345 1862
778 844
1941 2224
1177 1403
1912 2540
2028 2315
2226 2501
2078 2266
2872 3064
688 695
947 1528
2810 3417
370 428
2295 2516
433 528
2786 2827
2563 2586
3221 3327
3120 3391
374 563
3104 3123
1994 2042
2097 2657
2199 2361
2064 2253
719 722
3480 3971
2925 3284
686 719
107 993
2052 2475
1918 2563
2847 3263
2555 2642
1217 1818
3545 3913
2793 3277
1235 1786
2879 3423
2741 2839
2007 2429
2742 2989
1662 1804
421 445
1926 2169
1078 1447
56 185
1990 2248
1390 1467
2763 2806
2138 2589
1603 1804
3299 3321
1222 1554
2999 3066
2282 2394
1405 1590
915 1110
2224 2629
1570 1584
2698 2986
1181 1867
1923 2525
2142 2611
2154 2542
1962 2467
2682 3366
1456 1542
460 517
3163 3166
2240 2590
391 514
1358 1374
2696 3295
2276 2363
2061 2202
995 1180
107 1759
1582 1894
2863 3051
1289 1809
1128 1597
1340 1826
3517 3760
1684 2675
392 456
2827 2897
432 557
921 1730
3082 3172
3684 3797
3036 3080
1912 2595
1962 2271
1536 1703
3437 3559
1712 1789
1614 1800
1230 1813
598 619
1340 1819
1976 2013
2086 2184
1929 2258
2340 2469
402 493
2835 3243
1966 2271
2108 2433
2088 2323
1163 1556
2299 2507
1072 1847
2750 3073
417 545
1984 2586
430 561
2069 2074
1522 1826
1255 1516
107 1356
1917 2124
3590 3921
2266 2575
947 1804
601 1645
1420 1523
2254 2653
1662 1796
1345 1596
1124 1289
582 635
3982 4030
1019 1635
3073 3433
3518 3635
2471 2649
2981 3130
1632 1752
2132 2617
2137 2629
2233 2606
3132 3347
1032 1104
2223 2224
577 582
3092 3324
1340 1644
1041 1630
3461 3559
2728 3359
2298 2637
980 1612
2143 2273
612 630
686 752
2307 2433
2233 2504
1577 2294
1925 2123
2249 2558
2306 2334
373 545
1507 1876
3437 3529
2064 2307
1448 1573
1554 1618
2190 2386
2700 3431
1979 2257
1947 2461
2807 3257
3718 3826
1793 1842
2754 3026
1329 1864
398 511
2370 2630
2396 2438
1957 2116
1684 2673
2887 3400
635 662
1735 1877
637 936
1352 1793
2142 2276
2925 3387
2165 2414
2841 2946
2833 3258
2661 3419
2294 2471
644 654
194 254
947 1799
2694 2974
955 1111
993 1361
1256 1826
2253 2604
1985 2033
2020 2069
2278 2408
2331 2559
2164 2428
2191 2338
3633 3656
1040 1584
2927 2944
1215 1786
1963 2638
1431 1746
2712 3120
2108 2233
1086 1312
1985 2216
3233 3366
2370 2492
1943 2347
628 681
3599 3921
158 325
1597 1877
2941 3263
1110 1827
1272 1612
3082 3115
1475 1682
3440 3968
56 59
1101 1175
2352 2381
1610 1663
1918 2020
618 630
967 1621
1223 1385
1041 1869
1608 1761
2813 2818
2080 2614
1373 1382
2956 3123
1985 2654
2001 2447
2139 2190
2711 3077
2010 2351
395 669
1583 1635
3528 3938
1230 1849
2464 2619
366 436
3466 3469
2261 2347
2812 3403
2384 2597
3437 3608
2347 2369
1199 1659
2247 2333
1290 1590
2180 2498
73 299
784 813
2056 2234
107 1015
2087 2465
3189 3259
1123 1614
3797 3962
2133 2592
1258 1658
2947 3273
407 455
1912 2568
694 697
1912 2475
713 816
2183 2508
1472 1869
2676 2777
1166 1751
2743 3029
922 1199
1277 1899
949 1831
2133 2629
2103 2551
2407 2551
898 1732
1040 1619
3224 3321
3449 3943
2035 2448
2020 2218
3621 3902
2103 2591
122 170
3084 3433
3096 3426
3101 3320
2004 2659
3116 3148
627 658
2010 2282
1302 1900
3437 3520
2872 2920
2223 2347
2188 2551
2307 2430
946 1344
2229 2460
1985 2591
501 564
947 1086
3002 3412
990 3361
2039 2241
2032 2461
1966 2233
2103 2340
2296 2345
2007 2137
739 747
2428 2500
2417 2543
2863 3049
2229 2576
2674 3145
1049 1688
1343 1473
1684 3068
446 475
2058 2383
1107 1302
2032 2511
1375 1688
2047 2445
1938 2550
2428 2563
2299 2504
2362 2419
783 787
104 186
1436 1472
1456 1668
1943 2077
3677 3841
1329 1407
805 853
1405 3001
3038 3089
1334 1352
2138 2533
1377 1447
2224 2582
2026 2187
1737 1746
2904 3146
2865 3312
2028 2294
3680 3955
3469 3956
1488 1668
2198 2502
2244 2543
1024 1888
966 1330
1458 1852
1683 1791
1454 1729
2122 2142
2102 2325
161 271
2375 2558
1280 1608
3625 3841
906 1816
2226 2379
2229 2363
2174 2246
2140 2624
983 1879
1942 2611
1039 1707
1504 1634
1367 1377
3162 3295
2469 2606
2039 2328
2049 2562
463 531
2104 2108
2052 2384
3538 3739
1110 1864
1334 1559
986 1236
27 324
21 197
2800 2943
3625 3873
513 606
3196 3403
827 830
2323 2477
3111 3353
805 815
946 1153
2901 3198
980 1622
1014 1573
1416 1791
2937 3076
916 1900
2078 2216
1196 1836
2911 3195
1156 1391
1637 1804
1296 1770
1393 1845
2108 2122
1272 1610
2800 3213
3672 3702
1261 1751
1231 1404
24 249
3261 3280
1217 1569
211 304
2172 2212
573 664
1305 1761
2190 2218
3491 3971
203 271
2071 2623
0 78
2748 2772
2208 2347
967 1255
2174 2581
2115 2290
2161 2333
2088 2573
1993 2210
1307 1866
1980 2014
2384 2385
2407 2542
2104 2329
1370 1900
1663 1753
2276 2386
483 517
921 1182
107 1446
107 1409
3016 3171
1471 1538
3545 3559
492 537
1684 3274
1945 2516
679 682
2087 2398
2666 3090
2519 2649
896 1783
1285 1391
3049 3397
1590 1863
2253 2266
483 1850
2045 2460
475 1545
3186 3320
3526 3573
900 919
3116 3182
969 1099
2010 2196
1577 2315
2143 2294
1604 1813
978 1768
1302 1757
2033 2546
690 773
1343 1566
2817 3127
3162 3306
2028 2472
1213 1739
136 2547
2069 2638
1199 1608
1577 2355
2928 3078
1447 1800
1588 1803
2184 2611
2724 3186
998 1346
921 1399
1199 1201
1314 1747
1570 1761
2037 2500
1341 1839
2048 2292
2276 2369
277 308
600 659
2250 2461
2098 2574
2566 2610
2416 2603
2087 2102
2144 2351
3506 3822
1945 2144
180 242
960 1736
1312 1603
2007 2498
2088 2646
2309 2356
3587 3933
122 188
1427 1801
3873 3966
2915 3362
2 226
1097 1216
2703 3423
2038 2322
2097 2620
3521 3698
1557 1620
3188 3212
4017 4021
2001 2024
765 779
1391 1516
2793 3267
3586 3841
1491 1597
2310 2525
2679 2994
2179 2307
2131 2418
930 1408
1369 1757
3051 3172
192 205
1994 2510
2720 3002
1971 2240
1554 1861
2165 2206
2743 2782
2199 2289
1535 1861
2122 2495
1584 1613
2090 2347
2877 3096
2005 2188
1920 2458
2903 2999
3980 4024
2743 2943
3581 3649
2056 2507
3223 3420
1389 1811
1993 2550
2260 2289
2914 3214
901 903
1352 1886
1986 2218
1004 1879
1173 1409
2143 2629
983 1810
908 1307
2153 2543
2323 2324
2020 2150
2783 3353
1465 2372
107 1225
973 1321
122 156
2201 2478
1986 2124
600 627
135 184
1164 1352
2078 2218
460 545
2676 2827
1073 1307
2794 2988
107 1342
2694 3324
3162 3346
479 515
2795 3254
2345 2394
958 1533
1112 1344
2673 3436
1886 1888
2555 2617
2220 2564
1912 1929
1020 1099
2125 2283
2709 3138
1637 1842
1684 2883
1335 1613
1663 1827
1332 1773
2153 2233
3714 3870
567 591
2778 2991
2981 3036
2313 2375
1919 2647
1390 1833
2864 3174
1517 1827
2278 2600
1020 1783
2354 2381
3576 3785
2184 2536
537 559
1551 1868
3782 3931
1316 1742
1508 1871
3168 3346
2711 3207
2248 2503
271 291
2233 2430
2575 2619
2081 2396
3498 3615
1929 2574
3728 3815
2032 2519
1352 1523
2102 2153
3701 3774
1600 1623
1126 1804
1577 2062
1009 1857
1665 1821
2052 2304
2326 2392
592 636
0 328
2464 2499
3189 3415
1721 1746
3034 3038
718 797
1994 2347
1115 1192
698 825
21 274
1684 3378
107 1456
3238 3433
2530 2592
1086 1125
3005 3302
1205 1359
1024 1491
962 1487
1736 1823
2072 2183
1365 1669
2461 2608
2123 2172
3437 3872
17 19
2240 2308
1522 1688
1945 2345
1981 2399
2103 2290
2075 2479
1447 1613
1418 1525
1656 3164
1532 1617
2324 2615
1204 1635
3019 3076
2363 2521
3535 3758
2717 2777
1012 1844
2921 3018
2188 2418
2727 3205
3458 3719
3497 3658
2121 2306
3448 3845
2407 2543
3090 3293
1912 2108
412 460
2673 3426
2783 3291
3525 3651
1712 1757
1277 1661
2863 3171
3609 3886
1095 1422
1446 1882
1684 3226
2780 3172
431 506
1114 1263
1574 1679
2108 2611
107 1181
1036 1899
2717 2877
3464 3630
2056 2220
1352 1439
2871 2881
395 425
2309 2560
2926 3427
2099 2461
2956 3026
2086 2623
960 1603
1126 1827
1010 1703
1584 1807
2028 2293
2748 3320
3511 3866
2268 2319
908 1144
2020 2210
3456 3948
1136 1719
2210 2611
1684 2861
2780 3146
1684 3015
1131 1815
2863 3145
2170 2444
724 794
2374 2477
3437 3657
952 1302
2589 2617
2757 2916
3201 3406
122 161
2751 3380
2674 3296
1192 1786
1921 2001
2386 2492
1185 1563
2611 2615
1671 1844
1107 1449
1451 1894
3633 3938
374 669
1914 2027
1036 1284
2229 2352
2685 2957
2039 2372
1309 1720
2221 2328
3448 3495
3470 3629
611 625
1918 2586
2090 2623
1684 3339
1912 2619
705 803
224 271
1128 1727
2446 2590
2864 2986
2741 3193
369 477
1999 2647
2084 2579
580 1374
946 1209
2333 2344
2863 3214
1164 1557
3132 3411
1126 1377
781 810
1685 1746
1934 1936
1204 1628
107 1125
615 659
3762 3884
2007 2241
2038 2183
748 764
2783 3172
1238 1530
951 1618
3718 3792
1272 1613
136 2157
1267 1597
362 373
1941 2607
2818 3261
1580 1637
2268 2588
2859 3341
1964 2453
2191 2653
3522 3979
2268 2419
1603 1621
2240 2546
740 817
1429 1850
2928 3080
2155 2247
2123 2404
118 313
1376 1839
1363 1648
2098 2506
686 715
545 558
2180 2592
1649 1729
3491 3540
2271 2408
136 2302
1076 1092
1816 1888
553 555
2913 2916
1086 1833
1212 1545
1123 1256
2468 2526
3829 3972
1076 1752
1126 1843
787 817
1312 1589
424 435
2738 3026
2045 2290
1009 1148
1976 2159
3826 3906
3051 3186
3538 3567
1722 1826
2326 2340
2668 3291
2302 2567
3466 3972
2390 2451
2756 2993
1149 1791
916 1617
2707 2957
1938 2188
2142 2184
980 1874
2815 3085
1929 2201
3477 3651
436 566
165 169
2893 3374
3212 3434
3082 3350
1340 1632
107 1196
2278 2539
107 1739
1242 1516
1542 1589
2684 3051
2082 2089
101 266
1470 1868
595 615
2743 2874
1298 1857
2233 2549
3320 3360
946 1768
3280 3378
1573 1884
1532 1623
1475 1893
1347 1661
2863 3187
2241 2649
3191 3434
982 1163
694 831
2485 2638
2118 2165
2333 2438
181 275
517 524
2900 3356
3098 3339
2052 2603
2553 2631
1156 1388
1052 1699
653 672
2026 2161
2693 3156
1943 2464
2730 2955
2460 2499
2315 2533
2933 3066
1591 1786
2532 2600
3011 3263
2279 2315
637 1647
973 1272
2504 2554
1929 2077
2326 2521
1070 1531
1056 1447
2348 2573
2069 2604
2040 2276
2149 2436
934 1721
2559 2615
2753 3051
2279 2333
3022 3400
2409 2590
2180 2461
495 514
545 553
1108 1373
3023 3234
2551 2593
2005 2464
590 612
1124 1637
2825 2942
2213 2261
1684 2921
1471 1530
1684 2993
0 111
3167 3256
2324 2433
3076 3287
1684 2856
1079 1211
2259 2491
1989 1993
1962 2646
371 460
952 1269
1269 1302
2055 2323
1642 2822
1621 1765
36 281
3810 3896
3038 3277
1026 1391
2919 3004
3625 3677
981 1479
2208 2560
1117 1902
761 805
1329 1516
1017 1662
1222 1885
971 1489
3706 3822
713 842
389 1385
2090 2408
1946 2165
1622 1827
1066 1595
359 557
1929 2356
2151 2471
2043 2504
3591 3900
598 680
3596 3841
1227 1841
926 1191
2537 2592
2149 2283
1357 1688
3198 3353
2750 2913
1078 1868
2050 2435
957 1257
2495 2539
19 89
2992 3027
2224 2294
1577 2547
563 594
2134 2333
2866 2925
2789 2944
1340 1652
2053 2138
1030 1197
1971 2139
2749 3220
2081 2511
1332 1870
2742 3360
1160 1256
2881 3366
2906 3174
2683 3036
1129 1872
927 1528
360 370
913 1487
203 308
2037 2593
1185 1864
897 1835
1195 1420
3107 3215
0 68
2370 2553
2408 2556
946 1485
2799 3200
1480 1488
966 1589
1192 1502
1104 1611
966 1717
2800 2880
3599 3773
1684 3423
2918 3032
2047 2336
2141 2242
2347 2601
395 544
2561 2604
2694 2800
2290 2309
1016 1177
2153 2319
1984 2593
3473 3595
2993 3166
2137 2573
2363 2482
1283 1321
2719 3274
1941 2042
1416 1623
1269 1409
3081 3341
1126 1149
1938 2554
1089 1725
1684 2957
3541 3912
2969 2986
944 1630
3628 3857
2090 2172
1066 1451
1962 2546
3101 3110
2188 2352
3706 3833
2030 2495
1917 2179
1953 2055
1912 2282
1347 1413
2229 2324
2194 2471
1352 1675
1238 1457
3636 3710
1580 1816
2131 2423
980 1669
903 1232
1714 1750
2034 2041
1649 1790
3480 3633
1370 1447
780 838
1402 1714
1912 2311
2661 3335
1741 1886
2912 2927
2679 3426
394 559
2209 2637
2213 2220
2271 2553
896 1550
2485 2624
219 319
1201 1389
1315 1322
829 847
2032 2285
2322 2397
1379 1611
1232 1533
1229 1550
395 637
1344 1746
3437 3926
1790 1841
1014 1515
1973 1980
1166 1742
2757 3036
1191 1563
2985 2994
3681 3707
2005 2043
1017 1685
2201 2409
3851 3889
2679 2924
107 1898
3515 3593
2271 2543
1955 2250
1941 2593
172 304
99 227
706 745
2054 2589
2768 3302
2054 2479
2715 3214
1391 1608
514 569
1938 2074
2664 2676
2060 2115
958 1548
398 430
2008 2152
3980 4032
1684 3283
2108 2369
1912 2585
1120 1204
198 476
1963 2560
780 828
1671 1910
1684 3094
2849 3021
2086 2261
1622 1632
1219 1470
250 252
2729 3090
964 1213
1926 2026
483 580
136 2472
2199 2472
2112 2218
2348 2478
2275 2504
1450 1534
1746 1793
1155 1320
1509 1864
1153 1810
1204 1459
2124 2311
1684 3242
1621 1793
2261 2324
1083 1483
1058 1642
1718 2189
1040 1793
2060 2428
2104 2423
1941 2384
1161 1626
2447 2660
2849 3316
1327 1520
2352 2392
2005 2504
3508 3840
596 620
62 96
41 243
517 1574
719 799
734 829
1826 1868
1684 2992
3466 3915
1926 2071
2976 3089
2996 3341
1332 1625
2731 2890
1964 2557
1460 1768
1582 1661
1912 2459
2068 2330
1009 1596
2592 2609
796 822
1653 1789
2428 2429
1684 3018
3793 3826
1331 1839
2131 2504
2112 2220
3060 3272
2392 2476
2229 2326
1684 3424
2123 2414
925 999
1125 1547
1153 1800
2538 2620
2930 3131
450 452
1104 1573
3203 3240
122 280
1231 1635
1404 1636
3644 3840
2706 3004
2229 2476
1086 1123
3207 3273
2124 2504
2276 2352
1923 2557
1219 1351
2118 2386
2118 2348
941 1742
2793 3150
925 1563
2124 2590
2669 2698
2460 2631
2154 2646
1459 1573
2290 2409
1663 1888
2428 2560
107 1893
2793 2989
1317 1534
2200 2353
1217 1888
1219 1864
107 937
2368 2582
162 312
1120 1192
971 1871
2038 2133
1534 1684
959 1063
412 560
925 1214
1287 1714
2666 3033
107 904
2165 2495
116 312
2095 2563
136 2647
2125 2327
3283 3314
2053 2247
1156 1437
1798 1880
1219 1509
2206 2354
2174 2242
2005 2414
1392 1894
2037 2601
1449 1746
1271 1302
1622 1819
1587 1647
3655 3747
360 565
2005 2073
1049 1128
3000 3090
3980 4020
896 1871
1243 1497
1600 1632
2237 2521
2132 2282
2244 2630
271 285
2904 3016
2460 2623
1926 2649
1390 1842
2460 2520
2878 3214
2970 3049
794 842
1113 1744
414 678
1374 1694
1080 1349
1129 1841
3527 3902
170 188
1738 1876
1940 2475
992 1533
26 104
2032 2319
1684 3370
2800 3433
2925 3228
142 280
2306 2623
1086 1789
1945 2436
957 1764
107 916
703 705
2229 2381
2043 2606
1006 1604
2095 2655
1912 2332
3351 3419
2782 3339
1198 1269
917 1515
1947 2183
107 1309
2064 2559
1684 3122
2276 2278
1917 2359
3521 3740
637 1671
1290 1570
3607 3747
2927 3400
2835 2960
2196 2434
1024 1339
2409 2604
1599 1731
2088 2098
2026 2289
3525 3674
2907 3158
1107 1849
1912 2359
1259 1725
960 1291
2104 2339
792 823
978 1132
1125 1390
2416 2637
2696 2751
1916 2328
2369 2539
3542 3702
2131 2611
3456 3501
1794 1850
1912 1940
2062 2183
107 1140
2072 2338
1684 3306
373 580
2340 2354
444 520
107 1124
1125 1126
1130 1800
3080 3090
719 759
128 169
137 326
2755 3238
1079 1339
1574 1692
104 332
376 546
1549 1766
1555 1866
1970 2222
2121 2559
1734 1804
2072 2434
1337 1384
1388 1598
3997 3998
1462 1873
372 539
2940 2988
1024 1868
1171 1684
2292 2338
2626 2659
2005 2560
2789 3104
2702 2871
2892 3204
3782 3927
2573 2593
136 2128
2200 2560
2101 2384
2087 2508
53 299
3526 3865
3132 3239
3649 3830
1146 1612
1000 1304
1730 1737
1322 1413
2116 2365
3847 3979
1916 2282
2864 2940
2046 2563
2068 2151
3442 3735
2977 3029
2800 3090
2112 2478
414 668
3480 3540
128 176
2877 3195
954 1273
1993 2408
934 1377
1535 1537
1221 1904
2779 3086
903 1371
2748 2765
2716 2989
2753 2869
3761 3945
3526 3590
2309 2539
2028 2153
1485 1769
1516 1714
1099 1102
3464 3668
1725 1850
2689 2910
2095 2376
2149 2616
542 580
3514 3611
1361 1849
2201 2275
908 1337
1235 1635
1243 1723
2352 2602
1086 1375
1712 1839
2748 3060
1916 2294
2213 2606
107 1714
1989 2055
1024 1214
2894 3327
2098 2631
1587 1786
2897 2985
2750 2966
2020 2499
2450 2614
0 216
2901 3224
2095 2386
1331 1380
1938 2549
1718 2132
2398 2458
1998 2626
1341 1632
2902 3180
2069 2078
2825 3177
2271 2460
2044 2387
2149 2351
2069 2353
2324 2464
1198 1589
3437 3636
2329 2619
465 513
2207 2513
2154 2308
2124 2586
1449 1860
925 1688
1378 1601
268 271
2890 3025
2852 2916
1211 1509
3004 3226
3111 3136
1267 1390
983 1040
2849 3106
2720 3321
388 566
483 507
1971 2150
2084 2233
2730 3043
407 510
2910 3056
2328 2603
1621 1753
2133 2603
1040 1864
3847 3916
1006 1083
698 871
2711 3177
1361 1867
2427 2449
1180 1471
3291 3313
2040 2293
2339 2414
2090 2654
1379 1628
2748 3116
2668 2946
1124 1861
104 203
2408 2552
67 344
2827 3166
1986 2043
2829 3207
483 1020
1238 1619
2020 2058
348 471
2220 2575
414 653
3642 3659
3558 3810
2781 3201
1617 1746
2733 3152
2093 2423
3830 3957
2356 2414
1173 1730
2340 2619
1393 1754
1912 2373
1431 1735
2153 2498
2873 3226
2683 2953
144 343
1305 1683
2683 3129
1946 2033
3253 3327
1114 1487
3437 3642
2538 2639
3082 3297
1121 1482
2864 2906
916 1864
1413 1682
1032 1850
2806 3023
306 328
1338 1876
2307 2579
2367 2635
1101 1219
701 821
1912 2278
409 521
2433 2468
2937 2973
1324 1901
3101 3280
1985 2395
1962 2340
2043 2064
953 1156
3508 3747
3170 3280
2278 2625
1963 2069
1075 1377
1007 1531
2249 2250
1912 2137
2174 2547
1305 1622
455 565
1128 1538
2151 2468
2074 2140
980 1399
366 391
363 487
1001 1536
2937 3011
1954 1999
921 1199
1361 1376
1280 1431
519 547
2339 2460
2183 2333
1148 1426
2909 3362
1413 1462
2065 2081
2040 2638
3442 3867
2086 2489
2063 2601
1146 1185
2782 3022
1205 1280
2010 2384
2018 2022
2258 2409
414 556
2748 3175
1689 1800
1619 1772
2602 2611
2250 2529
1037 1469
2919 3304
2171 2447
1684 2744
1217 1487
2184 2613
1110 1791
1277 1587
2661 3188
3035 3391
2778 3039
1684 3259
1669 1898
2623 2624
414 630
1323 1389
2131 2468
2172 2526
643 675
1375 1746
3437 3869
2986 3047
3670 3790
204 346
2832 2958
2434 2438
1981 2282
944 965
426 431
414 563
2307 2655
2777 2927
1106 1681
119 125
1983 2078
1912 1917
2279 2509
3115 3411
1524 1772
3722 3778
1686 1720
2199 2509
708 814
378 591
3438 3760
374 391
1192 1204
2703 3283
1665 1867
203 334
363 606
930 1464
1989 2607
942 1282
131 227
1019 1742
414 610
2881 3273
1938 2559
376 614
2253 2257
2956 2994
3514 3838
1684 2690
2111 2232
2037 2139
3054 3226
2332 2555
2921 3204
1684 2922
3538 3725
2145 2610
1204 1875
2273 2463
2401 2622
960 1153
2036 2291
1128 1810
1017 1782
3480 3756
2409 2560
3272 3274
2002 2588
2058 2594
2149 2246
1231 1786
1912 2546
1642 2677
0 253
2830 3346
1925 1942
1993 2021
2730 3118
2347 2471
378 669
78 275
2244 2428
2845 3298
2780 2785
3837 3957
641 1882
436 606
1431 1542
1538 1559
1379 1786
1610 1891
713 830
3100 3111
2937 3396
2761 3294
3506 3555
1227 1583
1940 2133
493 497
1017 1864
1912 2527
3758 3777
2072 2461
1350 1435
2741 3433
1802 1837
2985 3339
2090 2104
3302 3341
736 816
1662 1736
725 806
3750 3851
2087 2134
1117 1323
2462 2586
2408 2410
1255 1813
2002 2239
2458 2537
353 637
1341 1810
2716 3397
2179 2546
172 268
2927 2974
2951 3019
107 1906
2095 2381
2344 2345
3497 3542
2063 2172
2748 3345
2047 2598
2901 3342
2063 2201
1912 2564
1449 1735
2716 2990
616 623
1993 2542
1456 1589
3611 3913
75 85
3499 3843
2253 2374
1186 1363
3437 3795
1199 1238
2778 2796
1376 1717
952 1376
107 1670
1714 1827
2719 3280
727 828
9 341
100 119
1587 1728
107 977
2377 2588
1211 1302
1172 1730
187 249
2334 2604
2700 2784
946 1712
1205 1809
3495 3750
1959 2372
2454 2545
3009 3206
1198 1340
3115 3342
2223 2385
2943 3232
1549 1703
2201 2602
3521 3778
107 1484
1926 2153
991 1846
3758 3855
354 397
931 1831
1979 2122
1280 1470
1142 1878
1539 1652
2196 2510
98 280
2020 2131
2064 2233
946 1632
3299 3406
2324 2354
3505 3936
1361 1669
1774 1845
2326 2408
1964 2366
917 1569
1467 1539
2724 3412
2064 2489
1159 1591
978 1559
1938 2165
1473 1545
824 844
1718 2471
1128 1650
526 1367
3705 3793
2924 2986
1011 1338
2093 2253
3263 3398
2510 2516
3503 3576
1024 1879
2395 2606
1017 1401
2933 2949
2590 2625
1512 1740
1670 1765
1028 1522
994 1569
2186 2211
1945 2151
1913 2502
1652 1724
1465 2512
2669 2750
107 1355
897 1861
2317 2577
2307 2553
2081 2338
611 677
1207 1652
2573 2631
94 194
412 555
2966 3339
1979 2433
2073 2524
2925 3056
2779 2951
2102 2351
2399 2438
1185 1377
1945 2589
3771 3855
130 346
1938 2334
2866 2913
1226 1847
2240 2615
1305 1420
1163 1826
3574 3611
946 1791
2862 2864
2052 2377
3620 3714
609 626
1054 1529
1132 1539
432 569
1390 1399
2484 2619
1684 3163
137 310
2506 2507
737 830
1149 1752
2230 2283
2164 2376
2033 2190
80 173
959 1598
3437 3502
28 140
2560 2613
1067 1596
1675 1768
3097 3299
1179 1673
1363 1378
2203 2413
800 830
2606 2611
1979 2418
770 828
1060 1426
1938 2077
2145 2612
2377 2390
2891 3324
2268 2378
3906 3976
2965 3280
561 669
1449 1614
1604 1622
2577 2587
2103 2216
1198 1390
724 777
1048 1754
1983 2506
1563 1707
2775 3366
1478 1910
3593 3711
1964 2288
1613 1902
3526 3850
299 302
2154 2507
3628 3725
967 1523
1418 1650
3599 3666
1929 2655
2472 2653
1278 1416
1939 2509
2894 3124
3069 3334
3195 3250
440 484
1917 2073
2133 2343
734 785
2519 2582
1986 2309
1966 2278
1692 1808
1942 2631
2074 2638
905 1095
3561 3964
2187 2330
655 657
2064 2261
2284 2647
1604 1637
2122 2278
896 1691
1044 1680
999 1516
1947 1959
3531 3949
2111 2134
1925 2542
484 566
2408 2549
3757 3837
353 500
3013 3260
3008 3325
3437 3704
941 1020
1330 1604
1926 2419
1293 1800
246 340
2763 3026
1038 1861
1939 2518
397 543
925 1621
1684 3251
1965 2313
2478 2507
2088 2606
3437 3662
2083 2433
2773 2945
2190 2339
2775 3162
2046 2090
3826 3869
1117 1456
1398 1471
2088 2278
1149 1833
1746 1839
107 1468
24 92
1123 1712
3680 3958
363 517
1620 1688
3612 3825
760 766
107 944
921 967
3587 3920
2215 2567
2664 2757
1104 1426
1153 1669
603 605
2378 2645
1912 1934
203 268
2833 3320
916 1712
2840 3287
2516 2643
2020 2485
1209 1789
1086 1888
1185 1271
2142 2578
1912 2165
1204 1322
1989 2504
2910 3363
1616 1671
2028 2582
1912 2549
41 140
1467 1746
107 1390
2144 2511
1146 1800
21 67
3584 3631
203 238
2043 2374
2750 2782
1912 2133
2789 3045
896 1875
872 874
2875 3280
2917 3129
136 2223
2755 3090
2991 3288
0 311
820 849
3437 3477
2772 3328
2873 3123
2153 2582
925 1209
2973 2989
3168 3366
1086 1517
1271 1391
2136 2418
3002 3191
1321 1337
2361 2628
2289 2367
3236 3256
1391 1823
3240 3319
1028 1835
2060 2073
625 644
1256 1839
1292 1716
2872 2919
2264 2377
2026 2555
2873 2993
2032 2161
3087 3321
2408 2418
2223 2512
2184 2630
947 1730
3084 3232
2485 2590
1235 1862
981 1857
2757 2909
118 271
2053 2344
2115 2323
1964 2302
2032 2191
3034 3319
3460 3931
3750 3877
2369 2408
136 1976
1684 2858
1932 2282
1169 1306
1938 2118
1039 1898
1163 1238
1059 1761
3051 3140
1068 1436
2349 2650
0 257
2718 2932
2022 2157
353 432
579 654
3486 3714
3669 3911
1081 1261
1359 1663
766 847
1007 1426
997 1888
2749 2909
1222 1620
1980 2061
1943 2058
2839 3073
1399 1737
2226 2475
2109 2184
2073 2370
2355 2543
3076 3296
2129 2402
2782 2877
3286 3417
3102 3185
2787 2836
1146 1663
2007 2643
2430 2600
2078 2433
412 428
2559 2604
2224 2345
3069 3191
1085 3962
451 556
1452 1648
2827 2986
978 1222
1926 2543
2780 3013
1745 1830
0 226
2141 2211
3000 3362
1684 3200
2833 3188
1970 2592
896 1432
2742 2973
2139 2586
2090 2275
2109 2462
921 1407
2681 2763
1945 2282
2992 3297
713 813
592 666
2918 3167
1940 2649
2384 2491
3532 3931
1459 1716
2033 2324
2823 3261
688 701
223 246
2031 2272
1126 1467
1923 2425
1684 2958
2491 2508
1573 1893
1623 1800
1781 1869
1948 2582
963 1232
1336 1488
1335 1597
1930 2035
107 1411
1173 1879
2738 2864
2109 2140
107 1298
2282 2642
1142 1294
2112 2485
3082 3191
2059 2103
1714 1737
2782 3250
2787 3302
1912 1970
1134 1703
1 346
107 1374
1799 1836
1914 2645
3596 3971
747 764
990 2678
925 1757
1109 1311
539 568
952 1793
2810 2887
1348 1496
3569 3826
2028 2039
1963 2369
2448 2488
2030 2507
2033 2299
249 266
2151 2153
1590 1663
2472 2571
3105 3218
3033 3098
1501 1639
2992 3060
2674 3097
2661 2894
1118 1493
2054 2649
2137 2347
4 218
2954 3327
2793 3344
1305 1402
2876 3306
503 556
805 823
1363 1629
107 1508
2103 2507
1707 1717
2522 2567
2669 3149
1238 1330
820 834
3018 3248
2485 2563
2253 2464
2007 2058
819 848
2679 2911
103 185
3150 3280
2071 2336
755 827
1611 1899
1302 1467
1320 1358
2117 2138
1026 1290
1653 1867
3345 3406
1438 1628
2112 2573
2989 3120
2339 2392
1995 2633
1709 1815
3777 3803
922 1702
3090 3430
2717 3387
1603 1712
3002 3177
2064 2154
2117 2128
1923 2498
3488 3830
609 617
600 643
1204 1887
1143 1418
1628 1887
1944 2325
1182 1603
107 1887
2165 2218
916 1879
1198 1804
3514 3828
3995 4023
2088 2131
2125 2519
1520 1768
2063 2190
107 1053
3280 3347
1912 1959
2877 2920
2579 2655
2340 2591
1250 1612
1717 1891
2062 2319
1965 2656
1570 1580
2125 2298
2290 2573
395 507
361 555
2668 2727
107 1501
2267 2567
1086 1842
2109 2500
2757 3149
1040 1288
1099 1871
3040 3149
1941 2169
483 513
261 268
702 839
2712 3240
3456 3545
3625 3721
3437 3699
698 859
3790 3828
2117 2241
1020 1081
1471 1735
412 452
3140 3182
2757 2896
186 221
2194 2285
2077 2625
526 1358
2835 3417
2259 2401
1226 1246
1559 1668
3036 3084
2055 2539
2679 3090
2940 3348
1101 1456
1314 1784
2937 3082
2379 2612
2261 2654
2873 3257
2276 2606
1985 2046
1557 1793
1927 2297
999 1800
1184 1736
2478 2556
2115 2220
526 561
2059 2359
2887 2944
1696 1731
1250 1685
2620 2640
2237 2654
943 1168
3511 3724
1082 1277
2275 2542
1989 2088
1994 2087
882 889
436 635
980 1209
2151 2319
724 848
3328 3369
414 594
3776 3783
2353 2611
2894 3280
1278 1724
1076 1532
1238 1520
2839 3213
1059 1524
1577 2567
2030 2131
2754 3054
493 526
629 641
1352 1471
2134 2555
2123 2410
2755 3228
2045 2090
2546 2554
1551 1597
1857 1893
3617 3825
1563 1665
3034 3397
2793 3288
3656 3734
1351 1799
1126 1242
2351 2498
1335 1608
2213 2339
212 295
2325 2642
1502 1848
1404 1857
1048 1659
1127 1840
1938 2352
1100 1104
1336 1604
1112 1746
2229 2433
2199 2652
2364 2585
1365 1559
1962 2543
2952 3045
348 451
1059 1800
348 381
2734 3347
1279 1636
955 1043
2856 3099
2043 2414
1523 1689
2103 2539
2833 3115
1530 1714
916 1735
2965 3298
2880 2986
588 653
2905 2912
1997 2353
2683 2862
3577 3596
3605 3804
2140 2307
1211 1839
2174 2211
1966 2387
2342 2402
513 563
3107 3187
431 487
2144 2398
1351 1833
1291 1879
828 837
2059 2369
1511 1687
2473 2508
953 1665
461 606
925 1572
2313 2562
2307 2556
2153 2508
2018 2417
2237 2430
227 263
1783 1807
769 774
2193 2411
2448 2644
942 1373
1989 2331
1772 1879
1431 1898
2074 2575
1684 2797
959 1107
1926 2394
2756 3026
360 542
1516 1589
980 1557
1205 1388
925 1323
2381 2654
2005 2069
2342 2397
1947 2333
2796 3350
484 637
641 1565
1026 1621
1006 1341
1765 1791
1352 1431
2131 2233
2229 2299
1238 1614
2233 2559
2090 2309
1100 1647
1390 1608
3507 3927
2741 2953
2032 2420
3056 3193
1173 1377
2058 2334
1126 1305
3638 3952
0 120
921 1369
460 482
2780 3256
3737 3884
1971 1984
3443 3554
1568 1733
1369 1460
2866 2897
2391 2495
2751 3302
2064 2467
1377 1721
40 158
2340 2414
925 1683
2873 3166
1421 1494
1936 2388
1283 1327
2324 2381
877 885
272 320
3559 3926
1025 1464
3593 3680
3449 3456
1984 2184
1358 1790
2446 2579
3608 3735
3561 3942
2916 3129
1926 2102
107 1173
2507 2624
1256 1271
3049 3201
1101 1612
123 142
2376 2520
2334 2393
429 455
952 1886
1124 1335
414 434
1054 1612
2589 2616
1613 1823
2239 2588
1277 1459
107 1129
2508 2589
2042 2183
2150 2611
2172 2550
2526 2551
2031 2291
2921 3221
2273 2555
2084 2290
1707 1879
1944 2270
913 1183
1971 2299
1245 1373
2279 2328
2306 2504
2187 2398
1684 3288
1986 2468
2073 2184
2044 2478
2142 2244
1085 3556
3029 3129
1559 1735
3021 3169
2543 2593
2078 2462
2056 2539
2199 2228
3152 3329
2894 3396
2500 2506
1912 2365
2104 2323
388 548
2381 2552
1081 1515
3225 3328
912 1536
184 272
920 1477
107 1761
2369 2560
2259 2268
1912 2106
1014 1508
1283 1554
1006 1868
1997 2326
2007 2266
1939 1948
1454 1786
1277 1475
1532 1833
1483 1665
1554 1559
1429 1649
897 1765
1533 1880
2037 2131
1945 2176
3320 3422
2020 2560
1271 1431
3643 3648
2059 2468
1235 1414
1153 1668
3823 3927
1912 2179
486 509
2354 2464
2233 2556
3822 3900
1021 1573
983 1380
2229 2625
2006 2659
84 224
1076 1539
2738 3014
3906 3973
1954 2347
1079 1600
2047 2588
2011 2097
479 538
2932 3187
483 514
3445 3725
107 1082
1361 1843
1138 1177
1503 1894
2742 3419
1028 1761
2211 2416
2049 2644
2882 2968
1683 1717
1003 1662
2446 2574
1904 1906
2112 2600
2462 2602
2964 3038
1361 1730
2140 2423
1347 1373
1107 1757
3577 3684
3017 3403
2730 2844
2827 3163
706 719
3557 3611
1984 2460
3640 3730
2960 3184
2495 2550
2908 3220
984 1020
2064 2139
2061 2658
2081 2273
1024 1442
1075 1416
399 564
2124 2579
1277 1591
2061 2620
902 1257
1332 1565
1487 1885
1121 1189
1152 1525
1086 1130
1947 2132
2059 2339
2332 2653
3120 3344
427 549
2768 2973
968 1334
2233 2600
1388 1551
394 513
1292 1550
1539 1791
2920 2986
2352 2387
2060 2308
1380 1741
823 843
3154 3321
802 818
483 1899
3002 3291
2873 3158
1941 2592
1014 1241
107 1693
3140 3379
3645 3680
1943 1986
1344 1652
1322 1873
2797 3396
2212 2408
3655 3696
2127 2529
3550 3672
2053 2125
107 1607
2551 2563
2047 2224
686 780
2199 2419
741 823
3830 3873
3980 4001
1278 1827
1528 1685
25 236
2285 2377
2806 3286
1540 1669
1255 1614
1684 2868
2748 2991
2056 2506
2352 2404
418 463
1390 1663
2698 2877
1471 1752
2340 2352
1175 1736
515 525
2333 2384
1919 1935
1373 1396
2743 3158
943 1051
2354 2414
2062 2072
2841 3424
2482 2573
2240 2407
56 291
473 495
1080 1122
1201 1480
2103 2348
1984 2124
1520 1765
1669 1717
394 479
2172 2218
1219 1547
3604 3902
2040 2059
2172 2593
2127 2384
0 173
2751 3204
2215 2501
2164 2624
2122 2275
1132 1736
1070 1110
2056 2124
1288 1542
2117 2351
2198 2471
3363 3387
2059 2526
1929 2229
2377 2498
1941 1959
1730 1845
1718 2102
1330 1816
2149 2198
2103 2408
139 197
2131 2551
2396 2594
2665 2730
364 441
3480 3677
921 1761
2102 2215
1912 2062
2240 2504
1941 2131
1577 2344
1971 1979
1222 1867
2111 2509
573 623
3137 3387
2139 2526
1352 1603
2428 2623
1126 1598
1912 2142
1312 1621
2121 2244
2946 3119
1589 1752
2155 2642
2038 2283
995 1722
2742 2904
2235 2434
1104 1479
1947 2438
2247 2529
2430 2504
1144 1593
2026 2299
1067 1691
2192 2585
2336 2555
1920 2516
1530 1603
3034 3360
2777 2867
1920 2438
697 848
2247 2355
492 637
171 1171
1683 1768
1339 1563
462 525
2140 2308
2133 2394
63 271
2347 2427
2894 3185
2752 2812
1920 2465
186 345
1925 2084
1580 1805
2267 2351
1684 2932
2319 2347
1226 1482
2275 2590
1459 1859
107 1891
696 747
1577 2436
2436 2471
107 1711
2134 2398
1023 1615
696 719
3054 3056
3826 3896
2033 2433
2199 2328
101 204
58 107
1956 2481
1620 1653
2207 2255
3633 3693
2324 2578
2169 2592
3172 3198
1603 1717
482 517
1684 3397
2103 2154
606 1300
1666 3263
705 726
1284 1404
1191 1551
2820 3292
2121 2408
1078 1243
1393 1688
1963 2237
2127 2367
2049 2411
1028 1700
2191 2384
2674 3297
1554 1835
1912 2020
2989 3353
1975 2403
107 1692
597 623
2071 2148
2223 2510
3252 3347
2786 3220
2266 2467
2072 2096
1938 1962
1076 1827
2074 2326
107 927
1917 1985
616 663
2471 2589
3002 3287
1551 1842
932 1754
1018 1099
2131 2549
619 684
2093 2495
2716 2845
3179 3396
2278 2556
920 1182
2410 2556
2218 2414
2290 2414
960 1559
2059 2467
1003 1431
1617 1845
3790 3851
3545 3697
597 633
4006 4027
1516 1623
3518 3670
1945 2081
1985 2292
971 1241
2246 2344
3303 3426
1515 1783
2176 2419
2782 2839
946 1619
2183 2475
3185 3261
1960 1964
1516 1665
1078 1255
1481 1828
2323 2543
2240 2478
1983 2308
2719 3262
2217 2540
2117 2272
1307 1433
2495 2600
3799 3918
1329 1688
1367 1380
2645 2648
2748 2780
1347 1502
80 187
1352 1689
2145 2659
1471 1768
1920 2420
3109 3188
1502 1850
1684 3140
1076 1551
212 239
1981 2537
2284 2660
2706 2911
2730 3214
964 1672
1269 1799
2683 3390
2778 2833
2190 2542
2368 2509
993 1329
1049 1054
526 1540
2047 2580
2680 2689
58 2885
769 828
1352 1542
2853 3265
1124 1191
2919 3014
993 1637
2268 2279
2138 2385
946 1539
3150 3419
3177 3203
2755 2940
2087 2250
3804 3838
2864 2946
2019 2037
1926 1955
200 297
1283 1523
1369 1559
2143 2592
3188 3265
3982 4014
2609 2653
3499 3821
2200 2638
1292 1591
452 547
2699 3318
3462 3891
1951 2009
1437 1813
1003 1717
3090 3231
1070 1446
2982 3283
3288 3386
1352 1570
1282 1451
747 780
934 1730
986 1355
1857 1862
906 1205
2307 2607
1334 1431
107 1851
2150 2631
3449 3596
3060 3260
2812 3249
1912 2388
805 842
1377 1741
1078 1741
1432 1596
2921 3256
2259 2372
360 461
2194 2347
1684 2909
1019 1115
2117 2377
1344 1771
1983 2563
116 226
940 1541
1912 2075
2706 3363
3163 3195
1912 2522
2590 2611
2309 2590
2028 2054
2914 3154
2150 2179
686 784
2002 2332
1509 1613
3362 3363
2409 2625
2619 2625
3020 3412
1563 1752
3710 3862
2957 3061
2210 2333
2482 2593
3347 3351
3054 3228
1591 1628
1378 1880
2220 2507
1939 2319
897 953
2359 2410
1684 3025
2726 3090
2945 3243
2376 2460
1984 2339
1997 2233
713 824
1173 1620
2706 3184
2543 2551
2343 2498
1554 1669
2073 2391
2430 2591
1405 3233
2077 2553
2154 2323
2919 2997
513 559
2890 3084
1497 1675
2057 2511
1533 1747
547 555
3172 3381
1052 1121
1330 1610
1964 2035
1529 1709
1122 1882
3442 3505
1076 1617
2212 2654
553 561
2049 2248
2716 3345
2706 3286
3174 3426
121 315
1538 1653
2054 2292
916 1557
1110 1688
2863 2904
1199 1330
1420 1750
897 1768
1132 1341
960 1107
938 1097
1467 1598
9 66
2771 2836
2064 2229
1986 2542
1277 1413
2479 2537
2080 2236
3458 3584
1966 2210
896 1716
2206 2363
1918 2485
2539 2554
1709 1831
2941 2955
3596 3780
1370 1757
2001 2006
1249 1306
1282 1824
2352 2460
525 559
1179 1744
1006 1040
2261 2464
2081 2594
1282 1630
3763 3924
1305 1524
2905 3304
2039 2420
940 1425
180 194
107 1262
2943 3220
2404 2579
1172 1619
1941 2108
2504 2563
1684 2974
1955 2594
2103 2601
2353 2500
1130 1746
952 1516
1540 1819
436 591
107 1766
1979 2233
896 1790
2849 3038
3004 3078
3360 3415
2266 2576
1979 1989
2848 3049
2151 2174
1083 1799
972 1359
616 621
1014 1324
978 1746
1062 1540
1074 1888
261 313
2132 2187
2323 2563
3884 3971
1619 1663
2533 2543
1256 1336
2199 2384
2356 2586
2966 2985
1963 2306
1305 1617
1377 1717
2206 2359
2964 2979
1505 1758
2495 2553
2867 2931
637 1204
2078 2484
742 746
2981 3232
2428 2464
2153 2377
2117 2198
1917 2206
977 1831
2839 3232
1971 2331
1643 1791
2055 2543
1267 1622
1557 1603
2122 2339
2250 2629
3599 3663
1083 1639
1181 1491
1939 2110
609 612
1983 2288
925 1717
2932 3196
1153 1826
1954 2102
2156 2412
932 1571
3437 3769
2020 2602
2056 2376
1007 1067
2460 2559
1330 1714
1912 2491
2041 2321
2492 2615
1993 2593
1235 1783
1107 1845
2973 3422
580 1318
1339 1757
2266 2288
1920 2194
1444 1713
2404 2564
2258 2521
2240 2433
2521 2530
2750 2985
2626 2633
2250 2413
2155 2419
916 1516
3089 3188
1079 1547
1160 1888
1072 1259
2043 2428
1793 1796
2347 2508
1026 1250
2271 2468
3034 3079
1271 1879
2040 2165
2978 3300
2972 3309
1468 1548
402 444
1983 2142
2121 2324
3274 3291
2949 3012
1925 2201
1516 1768
2026 2347
1623 1752
3819 3868
483 1273
1420 1772
2415 2479
2352 2354
1639 1839
107 1421
2090 2108
3177 3273
1990 2152
2782 2986
1587 1591
1086 1714
3596 3640
1086 1522
2957 3263
2482 2521
107 1084
0 255
480 593
1100 1277
1527 1642
1086 1707
3081 3308
82 238
1964 2268
3707 3737
2046 2356
1114 1300
185 200
3100 3179
1747 1837
3111 3185
3648 3924
1946 2520
1604 1685
1431 1598
2052 2224
689 789
2662 3316
1041 1189
2370 2482
1272 1891
2915 2927
2755 2912
2381 2521
1408 1844
2037 2409
1918 2347
2165 2484
419 492
993 1460
483 527
348 413
1107 1816
1056 1772
3145 3381
3437 3751
1257 1576
1945 2117
1483 1722
1429 1704
1785 1828
2754 3234
2233 2654
2047 2473
1476 1527
40 334
2347 2423
2347 2592
1926 2082
145 179
3452 3824
3645 3843
2190 2229
107 1556
2200 2261
2676 2909
2318 2325
2719 3396
2072 2629
1123 1888
917 1121
3016 3252
1457 1757
1795 1833
423 645
2909 3250
2918 3087
1523 1723
2395 2550
3822 3976
2904 3150
2773 3078
2758 3162
2125 2594
2073 2121
1925 2109
3437 3517
2661 3201
2579 2631
2751 3115
2165 2323
2064 2370
1469 1703
1192 1595
1918 2410
3437 3618
2716 3198
2376 2563
1953 2593
1182 1612
2210 2348
960 1272
2051 2450
2188 2520
1966 1989
1352 1597
1997 2381
2338 2629
2091 2173
2111 2617
1511 1866
469 554
513 634
2781 3150
1939 2582
2690 3020
178 303
3252 3381
2143 2319
1504 1541
2966 3237
820 823
965 1070
1431 1570
523 570
2086 2300
1341 1488
906 1746
2742 3267
3468 3622
538 566
2906 3220
2289 2608
1920 2328
1303 1812
212 252
422 584
2374 2492
1292 1720
2742 3206
2043 2376
1232 1798
2551 2604
2101 2344
254 302
1158 1583
2093 2331
1291 1603
1288 1331
952 1365
2308 2578
2937 3406
1684 2788
2694 3426
1296 1504
2138 2241
520 524
1957 2097
2037 2564
1917 2492
127 284
2339 2573
1547 1898
2430 2542
348 432
1238 1663
1964 2608
1110 1407
1315 1682
2661 3397
1535 1768
1388 1483
1915 2412
2590 2602
2674 3113
3342 3416
3672 3938
1385 1910
1751 1820
3054 3195
3625 3672
2846 3058
1766 1882
2323 2339
1920 2282
2753 3120
1175 1662
1340 1810
2323 2591
968 1827
2743 3054
997 1331
113 271
1971 2559
1948 2289
1962 2229
703 793
3437 3464
2686 3111
2577 2628
2142 2446
3038 3291
497 523
2516 2642
353 930
376 402
983 1288
376 428
2081 2289
2053 2338
1982 2443
3132 3253
1267 1339
967 1590
196 330
618 682
2128 2302
3828 3860
2137 2293
917 1412
2407 2428
2796 3185
1947 2169
591 645
2200 2446
1964 2047
2755 3324
359 367
1936 2314
3027 3326
2191 2315
373 492
2188 2623
953 997
2059 2266
348 403
3187 3264
2386 2607
1979 2271
1448 1576
960 1707
2340 2410
2139 2485
2869 3101
29 40
1606 1616
3605 3756
1316 1824
2575 2590
1989 2059
2673 2912
2139 2543
2846 3175
1070 1504
1945 2343
373 669
3983 4017
2398 2547
2117 2343
1172 1813
2414 2560
1804 1835
2920 3348
2804 2836
1580 1707
2996 3406
1210 1549
1916 2102
2363 2624
2045 2124
1339 1750
1235 1899
1099 1396
3605 3877
2086 2266
2717 3363
1962 2098
1059 1879
2754 2806
2331 2586
2218 2359
111 279
107 651
1333 1787
3437 3607
2349 2490
2719 3391
3089 3160
3521 3840
1938 2600
2183 2282
2212 2376
1390 1509
979 1499
1391 1554
1962 2495
2676 2911
2111 2597
2446 2573
1110 1813
2097 2585
1222 1331
2551 2578
1993 2407
2228 2618
398 538
2257 2409
479 536
1086 1255
966 1341
925 1867
2118 2212
402 495
2877 3004
688 800
952 1250
3150 3344
2806 3363
1131 1304
1517 1613
859 885
2877 2897
1983 2033
1782 1800
2111 2436
995 1460
412 609
370 561
2931 2994
2037 2536
3136 3365
2122 2625
3231 3392
974 1010
3032 3256
2801 3221
1983 2040
1339 1736
1192 1649
3573 3852
2492 2607
2335 2403
1166 1241
2115 2404
2763 3324
1209 1291
475 542
2059 2121
1955 2537
1437 1839
1495 1751
248 311
1281 1786
1135 1646
1305 1488
2901 3035
2906 3303
2123 2353
2750 3047
2866 2890
2120 2160
1985 2574
1014 1783
3020 3340
952 1888
2676 2927
1781 1783
2689 3387
2775 3168
3038 3198
2284 2639
2246 2510
2140 2430
3521 3598
3700 3830
1995 2284
2095 2140
57 184
1235 1859
2869 3397
348 353
3076 3422
1437 1849
1639 1902
2347 2619
3116 3431
1344 1810
1557 1689
1361 1707
1399 1517
1604 1843
1296 1496
1204 1715
2053 2336
1245 1751
3596 3902
1280 1791
3145 3169
1684 2809
2880 2927
1931 2626
1049 1209
409 512
428 492
2183 2608
2347 2433
2410 2423
1004 1804
1267 1370
2200 2478
1534 2883
2877 2887
3048 3208
1945 2292
107 1445
1712 1804
2161 2617
2183 2537
1124 1211
1986 2590
1547 1832
2088 2271
1327 1523
1063 1768
1199 1559
2154 2184
1339 1623
2672 3319
2107 2313
506 563
1420 1867
1377 1768
2154 2553
1578 1871
2756 2924
2558 2614
2268 2617
3514 3760
3060 3111
1076 1391
1565 1801
2280 2438
1135 1835
2353 2607
3214 3312
805 817
2951 3285
2325 2588
3180 3251
779 824
1230 1688
2118 2526
3103 3136
3596 3930
2772 3274
1916 2463
2125 2399
2409 2593
1185 1199
2331 2410
1114 1677
363 559
1927 2337
2043 2063
738 813
2451 2649
3815 3921
400 412
2846 3320
2038 2637
2958 3386
2647 2659
2104 2307
2077 2278
2028 2149
1986 2564
2074 2386
3101 3182
1322 1859
1912 2192
1420 1522
2010 2028
1269 1668
1352 1367
1438 1592
2680 3054
1097 1363
995 1173
3831 3851
4014 4030
2739 3069
3072 3152
203 272
1246 1338
3648 3810
1556 1668
1010 1667
1199 1761
381 457
3627 3702
1199 1556
1076 1352
1211 1331
2991 3106
2188 2386
977 1815
1972 2171
1301 1518
2707 3182
2306 2586
41 343
2745 3078
1538 1556
2741 2924
422 553
973 990
966 1826
1012 1074
2196 2333
2046 2600
1604 1730
870 895
1912 2118
2028 2187
2088 2446
3980 4018
61 193
45 132
1352 1888
3639 3649
2319 2516
1516 1789
2171 2202
388 444
1477 1909
1639 1662
2343 2458
355 397
2076 2207
2719 3120
2268 2302
3222 3340
1330 1772
3486 3493
800 853
3132 3381
2325 2366
2090 2655
412 669
944 1709
1201 1205
3076 3145
1051 1783
1165 1758
1571 1879
2419 2598
2069 2542
1912 2642
1684 2931
3260 3292
2833 2904
1306 1472
107 1659
953 1201
3734 3756
1190 1475
2155 2328
3264 3402
921 1230
1399 1902
3612 3893
2381 2423
1447 1804
867 873
1722 1768
2313 2342
2381 2409
2404 2607
3471 3966
3491 3788
2864 3284
3146 3335
465 475
3017 3261
2129 2577
2663 2731
820 853
2368 2519
3526 3831
2433 2520
2046 2655
966 1305
1986 2056
135 251
1972 2627
3948 3971
2032 2471
2070 2644
3116 3267
2831 3124
3252 3321
1719 1825
107 1828
3011 3196
1989 2078
1962 2504
2002 2434
1017 1604
1257 1635
3483 3617
1358 1512
2309 2340
107 566
933 1573
719 772
3142 3363
59 271
1761 1804
688 713
128 203
1800 1819
2111 2516
653 685
2669 2754
1946 1993
1530 1563
1929 2172
2683 2810
483 1492
2323 2485
980 1775
3233 3302
2139 2489
2107 2412
2508 2567
3824 3858
2398 2589
2992 3102
2928 3364
1931 2192
2471 2643
1211 1707
1108 1582
1339 1816
2112 2495
1124 1888
2054 2465
917 992
2142 2552
944 1756
2090 2354
2875 2958
2306 2409
3253 3369
2112 2550
1335 1816
2107 2227
2068 2199
107 1088
3838 3944
3474 3956
1160 1722
1924 2259
2253 2460
38 322
2324 2506
2146 2193
1074 1736
409 487
1912 2536
2750 2988
1059 1175
144 326
1004 1289
906 1222
1079 1352
1172 1816
3672 3707
500 591
2799 3218
2372 2434
439 538
1684 3185
1496 1507
2967 3234
956 1499
579 598
368 416
1920 2183
1972 2009
2555 2589
2910 3426
1987 2305
3046 3188
2683 2689
3002 3082
1471 1614
1392 1655
2131 2409
1912 2508
2005 2150
1782 1835
1459 1661
2172 2354
2196 2592
2053 2180
1265 1768
2757 3135
897 1467
1124 1799
1185 1613
3734 3938
2750 3064
2333 2509
787 836
2231 2313
2129 2371
1948 2169
3619 3760
3148 3242
3756 3938
3877 3886
2132 2198
3039 3199
3172 3351
2228 2342
2144 2241
2058 2275
3644 3698
2061 2585
1369 1726
1912 2660
400 432
2271 2590
2689 2782
199 271
1163 1809
1085 3592
2553 2586
2895 3027
2040 2290
1684 3295
1912 2374
398 404
1503 1649
2127 2510
2040 2271
2136 2347
2136 2326
2246 2283
1964 2236
3455 3553
1257 1413
1009 1611
967 1467
3142 3174
3213 3220
1284 1841
1817 1909
1986 2433
1339 1352
2336 2519
760 800
1185 1799
1039 1211
2536 2575
1129 1459
1037 1681
2751 2868
3542 3902
1416 1524
2428 2591
2032 2417
1993 2037
2669 2969
1533 1895
3520 3526
2047 2133
2761 3426
2179 2290
2468 2602
1214 1530
1404 1426
1917 2257
2874 3387
26 280
2124 2233
1684 3102
2950 3259
1791 1861
1243 1376
2374 2654
1062 1783
2188 2469
2550 2602
2717 3085
1136 1615
2863 3206
1432 1611
2063 2624
3179 3397
1290 1669
2078 2213
2346 2659
3576 3670
1187 1719
2669 2757
1173 1191
925 1390
2376 2414
2115 2307
2564 2624
2020 2220
1185 1669
2551 2601
778 830
2074 2340
1577 2461
2006 2116
2123 2485
1148 1682
428 430
2176 2608
2233 2468
1983 2624
3538 3871
2187 2597
3898 3919
2293 2420
2128 2512
925 1714
1957 2159
2553 2619
2313 2540
2465 2598
2718 2901
272 277
1171 1908
1083 1402
3437 3798
2976 3434
2427 2611
3111 3253
2208 2302
2369 2556
414 671
3464 3915
2399 2616
2394 2603
1259 1904
2037 2084
1528 1710
1985 2597
3620 3711
2782 3142
2661 3330
1652 1879
620 678
1984 2299
1480 1804
1341 1702
2052 2148
1026 1669
1379 1576
481 519
1704 1820
2674 2853
2779 3420
1718 2239
2047 2333
2271 2300
934 1146
2022 2472
3980 3995
1141 1725
2209 2362
1917 2244
1210 1358
1820 1824
2306 2556
1917 2037
2148 2463
1684 2857
1192 1587
2150 2546
1456 1879
1684 2758
1066 1158
2729 3135
3604 3913
925 1888
981 1502
1983 2074
2253 2578
2828 3277
553 644
2275 2546
2593 2602
1132 1863
2061 2660
356 472
2681 3257
2089 2440
2264 2396
1423 1647
3156 3385
959 1132
1983 2306
2196 2465
2381 2408
2443 2622
3625 3692
1331 1610
2377 2475
2690 3349
2489 2624
3022 3232
2414 2489
3117 3124
2002 2128
1393 1620
1684 2926
2124 2131
2131 2374
2755 3301
423 428
686 812
2560 2590
2057 2208
2336 2582
2667 2921
3731 3860
2032 2643
1966 2040
3160 3240
767 839
460 497
1365 1530
3863 3894
2319 2445
856 863
1076 1799
1241 1273
1688 1813
934 1761
2096 2132
1935 2225
1623 1864
1467 1685
2250 2617
2159 2627
1491 1735
993 1484
1153 1205
3072 3368
483 1490
2024 2658
3594 3695
1993 2553
1684 2739
3004 3417
1161 1911
620 630
0 7
2200 2552
2559 2619
1791 1793
2661 2849
2919 2953
376 511
2047 2187
1399 1879
1743 1910
2543 2564
3136 3219
2188 2460
1768 1891
2038 2463
2951 3087
432 553
2934 3186
2289 2463
2125 2319
2218 2623
92 187
1331 1608
1567 1866
1750 1789
0 70
1912 2391
1289 1707
3255 3385
1935 2657
1255 1768
3514 3633
1730 1816
2220 2624
2925 2940
2045 2543
1107 1832
2206 2299
916 1522
1589 1746
2142 2369
1023 1806
1107 1547
698 753
957 1082
2239 2642
1085 3677
3065 3108
2381 2630
425 553
1436 1881
3132 3416
896 1893
2240 2613
2210 2543
2125 2332
1086 1668
1059 1149
1912 2009
2054 2372
3082 3419
3338 3402
2423 2590
1478 1671
2289 2362
2216 2429
2235 2280
1083 1390
1238 1609
2149 2223
1323 1535
2231 2440
2951 3082
2334 2449
2218 2309
2870 3347
1923 2419
3613 3639
2043 2492
2328 2498
1919 1973
1912 2543
2758 2816
3692 3948
1707 1845
2921 2984
2045 2064
1662 1888
1696 1844
2069 2593
1272 1662
2782 3348
3790 3832
2055 2550
1621 1849
1448 1462
917 965
2958 3160
2060 2619
2171 2346
0 345
2681 2925
412 493
1932 2347
1402 1868
1520 1669
1962 2433
1148 1231
2138 2199
2340 2579
2237 2556
960 1863
2381 2573
2059 2630
2226 2510
2073 2354
1684 2882
2863 3152
1935 2620
1684 2918
2727 3024
2755 3119
2759 3324
1160 1559
1075 1737
2887 2956
2460 2654
1563 1735
1243 1643
1343 1630
2211 2473
1175 1431
1929 2150
1227 1812
1819 1827
2063 2220
1191 1554
3274 3375
1919 2192
1018 1751
2247 2267
2757 3284
107 1807
2365 2639
2706 2891
2880 3054
1684 3072
3858 3926
3077 3366
3081 3196
2734 2752
1551 1559
1257 1479
1973 2171
705 830
2374 2549
2035 2628
2308 2423
431 606
2781 3397
1926 2125
2932 3330
213 272
2047 2525
2268 2533
1199 1623
3708 3957
2719 2720
2956 3078
1940 1994
3469 3554
2683 2839
2149 2338
2327 2509
2027 2538
2104 2549
925 1598
698 877
2417 2459
1189 1553
2976 2989
949 1109
1712 1736
2680 2905
2083 2229
1951 2639
483 1349
3172 3291
1126 1376
1019 1279
2668 3038
2428 2521
1214 1609
1734 1741
1003 1637
2053 2333
2802 3419
2088 2507
1912 2517
942 1871
513 683
1351 1730
2200 2290
3236 3253
1491 1879
2398 2592
3051 3252
1948 2567
2104 2190
927 967
805 830
2226 2416
1620 1800
2121 2392
3442 3553
2101 2333
1074 1116
67 98
1339 1367
2032 2042
2132 2185
2355 2389
1182 1589
2060 2611
2731 3231
355 557
2116 2616
1269 1367
2213 2278
1117 1341
1390 1683
1636 1873
2081 2653
1966 2030
2184 2275
1291 1839
2086 2638
2925 3399
1491 1669
1939 2511
2104 2210
830 844
1912 1979
1462 1596
2039 2597
2974 3096
2954 3190
1269 1331
2050 2494
1107 1714
3204 3321
3529 3634
1132 1291
1017 1849
1364 1569
2394 2396
3070 3391
483 1332
1946 2408
1132 1271
1192 1227
896 1014
2233 2276
2189 2449
3521 3592
2217 2448
2201 2579
1369 1769
1227 1872
2539 2654
273 306
2542 2602
2240 2464
1173 1554
1515 1661
2188 2324
2866 2905
2308 2507
403 489
2306 2546
1932 2047
1465 2285
348 421
1416 1886
2215 2543
3088 3280
1516 1750
1391 1675
2683 3238
2150 2539
2878 3020
0 287
2118 2477
3501 3604
2672 3298
2791 3088
104 322
952 1621
1943 2184
107 1647
3176 3223
2169 2295
3198 3347
1098 1534
1809 1833
1101 1839
3720 3923
3068 3412
3599 3740
1986 2340
1454 1893
1425 1831
2232 2267
2669 2906
1952 2458
1919 2459
2679 2689
1544 1564
1652 1810
3640 3884
1766 1870
465 503
2717 2910
1752 1891
2770 3247
3562 3830
1683 1799
2110 2132
1124 1589
2118 2623
2217 2375
1003 1076
1943 2552
3188 3306
3506 3969
2264 2385
538 1487
2068 2344
1575 1829
107 1307
1548 1568
2418 2550
2734 2840
2956 3400
962 1545
1072 1121
2007 2458
2046 2354
2068 2345
2279 2351
1431 1480
606 1514
1214 1551
2264 2338
1684 3023
2746 3054
627 632
1730 1768
1941 2188
1281 1309
917 1282
3764 3825
1275 1770
373 460
4023 4031
1684 2841
1334 1833
2007 2086
3604 3756
496 669
2299 2363
2108 2564
1503 1828
2993 3426
1126 1302
2881 3113
2115 2408
2132 2475
3052 3324
2290 2356
1684 2907
107 975
1769 1799
1361 1736
3519 3975
1885 1897
1989 2257
1912 2511
2839 2872
2199 2333
2153 2642
2189 2436
370 540
2973 3223
1085 3440
1945 2543
2199 2557
409 561
916 1330
2318 2362
2867 2877
1003 1789
1684 3221
2563 2600
2793 3115
2331 2607
1340 1622
2190 2564
3680 3690
1341 1842
28 115
1971 2030
3113 3320
2340 2539
2835 3226
1984 2615
3450 3497
2927 3044
2117 2416
1051 1536
2233 2573
2433 2559
1589 1823
3011 3245
9 342
1912 2641
2077 2521
2741 2929
2867 3399
170 268
1302 1331
2693 2764
3471 3684
465 559
1571 1619
1465 2065
698 865
2369 2482
2592 2643
983 1211
3478 3809
3707 3785
1104 1404
2755 2943
2121 2575
2701 3332
905 1217
3025 3036
1557 1598
2391 2478
2328 2377
366 606
2778 3366
1402 1839
417 503
1352 1644
1250 1330
2418 2560
1665 1707
1917 2142
2199 2390
2142 2370
2108 2607
2742 2894
2206 2539
1291 1431
898 1871
1250 1287
2009 2024
3449 3501
3506 3924
3437 3792
1242 1833
1406 1742
2554 2624
2755 2925
1925 2561
2151 2649
2174 2511
1075 1243
3365 3395
1130 1879
1559 1849
2905 2915
2090 2253
1525 1541
3182 3204
2675 3171
2387 2611
1429 1526
2500 2578
1985 2449
3708 3774
974 1127
3104 3119
1135 1637
2720 3017
366 1179
3510 3630
1999 2027
1955 2247
669 671
1589 1800
3120 3297
2283 2372
1032 1192
2551 2631
2028 2338
1209 1572
2374 2619
2758 2964
2862 3387
1191 1488
1548 1747
2059 2410
1943 2326
2087 2629
1112 1827
2482 2623
901 1533
2101 2111
3543 3605
3214 3276
2423 2504
2780 2939
1235 1647
1475 1502
902 1636
1351 1736
2477 2604
2947 3177
3538 3917
1376 1460
2086 2600
2198 2283
1524 1757
107 949
1623 1879
2799 3105
1608 1772
2828 3049
1277 1716
1929 2124
1684 2884
460 570
966 1823
3643 3903
1984 2275
2053 2224
3287 3396
13 109
2039 2153
2087 2475
3038 3120
483 1740
1256 1470
1238 1250
2131 2139
1663 1793
2317 2587
1037 1536
2282 2336
170 186
2073 2551
1540 1683
2007 2598
2863 3265
3052 3315
2038 2111
1198 1467
3080 3104
1477 1641
1729 1732
2142 2428
9 185
2471 2582
2064 2586
745 813
3182 3351
1479 1682
2240 2340
3051 3280
1674 1758
2309 2404
968 1435
2007 2125
1692 1881
1469 1624
1810 1845
1559 1580
2203 2544
3509 3718
1390 1480
2007 2052
107 924
1290 1523
1684 2821
2951 3002
1929 2184
3474 3604
1376 1509
2020 2391
741 836
2676 2897
1652 1717
3562 3695
3040 3064
1153 1879
1605 1617
419 537
483 500
1199 1416
2877 2944
3320 3321
2432 2603
2038 2543
2384 2501
3573 3930
1963 2601
0 37
1989 2115
1730 1804
1048 1175
2090 2118
2049 2286
952 1539
1277 1647
2927 2956
517 556
2835 2994
1198 1652
1274 1567
2354 2521
704 770
3122 3354
107 1669
698 800
2212 2299
1961 2535
776 867
1926 2053
3608 3921
3981 3997
1979 2309
2887 2897
1329 1868
2191 2233
1959 2471
634 647
1632 1800
944 1876
1351 1612
3617 3680
1079 1612
431 492
172 211
2308 2370
2891 2909
1238 1289
1255 1610
1085 1553
2117 2420
2073 2428
423 591
2494 2583
2210 2216
2047 2351
2322 2612
1104 1720
2900 3154
1590 1888
2093 2244
2279 2592
484 1506
1367 1796
1159 1258
1431 1683
2115 2329
1621 1643
462 487
1273 1704
1191 1570
1032 1108
1172 1833
2104 2206
1179 1692
0 338
697 830
353 1075
107 930
1122 1358
2796 3060
1352 1557
2267 2384
582 675
1523 1911
745 828
1958 2061
934 1833
2054 2420
1029 1608
1091 1456
1985 2469
1017 1501
2052 2344
2207 2320
1185 1329
1479 1873
980 1267
2083 2561
2557 2603
579 625
2750 2915
579 623
2148 2183
2512 2598
2042 2117
2676 2694
3321 3327
973 1178
2121 2334
55 56
2306 2356
2131 2184
2054 2273
2278 2428
348 540
3348 3384
391 490
2098 2348
2340 2553
1912 2147
3894 3963
2083 2613
1175 1255
483 1210
2064 2220
3041 3140
2489 2623
1742 1783
3049 3335
3495 3625
1181 1344
2139 2423
1684 3409
2707 3019
1269 1608
2255 2320
2683 2931
2282 2479
2174 2189
971 1850
3684 3938
460 507
2787 3342
2184 2593
1684 3316
3456 3750
2334 2376
3527 3557
512 536
2973 3247
2064 2526
2559 2630
3674 3760
2045 2573
1329 1617
1718 2010
2233 2574
2060 2077
1409 1488
3224 3351
1549 1624
1390 1823
1684 2749
3462 3838
1657 1808
2145 2416
2394 2417
2391 2545
2359 2469
1188 1299
1418 1830
3782 3793
3437 3823
856 893
3076 3185
1132 1668
2007 2646
1384 1788
1684 2887
2133 2514
921 1341
2748 2869
2111 2282
2266 2404
2165 2607
3657 3868
1589 1810
2283 2510
2133 2203
1079 1800
1310 1686
2102 2189
2059 2353
2090 2521
1078 1287
3581 3613
2729 2929
2102 2174
1945 2148
1185 1399
1097 1118
1291 1752
2083 2624
1075 1861
2872 2913
2085 2226
2221 2568
2267 2473
1192 1515
1912 2458
2781 3261
903 1568
271 314
2873 3417
2992 3252
2674 3116
2064 2477
0 250
745 790
1705 1719
1420 1833
4018 4023
3889 3938
107 1235
2276 2376
2617 2653
107 945
2250 2582
3740 3862
1318 1320
1984 2500
2161 2267
1509 1603
2664 2839
2445 2463
2794 3119
1515 1649
1920 2010
2275 2551
2333 2598
350 519
2142 2467
1570 1833
1993 2552
2273 2333
1031 1098
966 1665
2694 2913
1988 2490
2937 3422
2345 2560
1267 1530
107 1722
2224 2330
3687 3731
966 1707
2364 2583
3826 3969
2396 2479
3741 3948
2194 2509
2072 2075
2872 2911
2742 3265
2111 2283
136 1951
3090 3324
2925 2946
3996 4002
1642 3319
2059 2216
2267 2617
2573 2607
2118 2121
3364 3433
2112 2526
3497 3852
2800 3073
3695 3830
1530 1598
420 506
370 412
2043 2275
2098 2578
1376 1623
3629 3835
1583 1636
2939 3152
1970 2054
3164 3263
1278 1367
1984 2340
2039 2609
2196 2294
2039 2629
2739 2871
1078 1653
1926 2191
2757 2925
2931 2960
947 978
2340 2484
2282 2512
2191 2471
3078 3384
1929 2347
3386 3397
1613 1734
1108 1820
2135 2496
2118 2410
2347 2615
1288 1388
2102 2368
2599 2629
2133 2406
1994 2081
641 1300
1953 2655
2087 2642
1082 1257
1990 2503
483 1536
2664 2738
908 1511
3664 3933
1730 1771
3194 3260
3692 3877
2038 2594
695 766
408 431
2290 2504
2689 2896
2520 2607
107 376
395 515
3225 3274
2176 2336
458 497
2935 3274
2154 2484
1153 1793
2258 2354
1643 1730
953 1456
107 1589
1398 1449
2241 2302
2664 3304
2196 2347
1130 1175
1532 1827
811 856
3873 3938
31 338
2415 2511
1945 2199
2944 3129
353 1679
2773 2782
2069 2308
2169 2347
1001 1124
1613 1761
2042 2332
1943 1966
1180 1330
2418 2624
1912 2313
1964 2282
2386 2559
1074 1845
2764 3340
2408 2428
2020 2467
913 1068
483 1661
107 1699
989 1716
705 748
3684 3872
3520 3672
1603 1813
1914 2657
1036 1783
2865 3369
1633 1686
2809 3269
2681 3293
3437 3571
1723 1768
1919 2364
2755 2986
2561 2602
697 709
2895 3274
1717 1826
3321 3345
2203 2241
2164 2590
2052 2133
1052 1217
3258 3434
2209 2272
600 662
947 1471
2142 2449
370 439
1429 1489
1151 1171
1214 1329
128 172
107 952
1302 1329
2718 3196
1334 1827
2004 2620
2786 2866
2128 2616
3056 3304
2555 2592
3675 3708
1104 1647
218 275
1324 1786
2115 2619
997 1835
2715 2936
1255 1409
2951 3051
1199 1610
3090 3417
1551 1800
2117 2153
2093 2428
107 1724
1066 1406
2974 3056
3553 3663
916 1597
2047 2189
2271 2446
3142 3195
1250 1339
87 291
939 1478
2781 2869
226 333
1196 1305
1136 1687
2095 2200
2081 2434
2054 2117
1926 2280
1975 2322
2231 2317
1983 2427
2206 2551
1983 2329
1381 1459
1131 1748
1070 1770
473 525
1348 1415
1211 1352
3480 3968
1122 1320
1966 2172
1865 1911
1282 1309
1467 1522
2754 2943
2433 2551
504 571
1447 1663
428 1574
1341 1800
2920 3064
1541 1770
2289 2327
1684 2671
946 1668
2778 2939
917 1204
2194 2588
2394 2445
2889 3423
1516 1868
2675 3256
1329 1405
2484 2630
56 325
1951 2157
984 1706
3002 3329
1017 1730
1126 1509
1983 2088
3154 3253
2020 2172
3102 3277
1229 1257
107 1166
2749 3364
2294 2336
954 1396
50 146
397 507
3224 3406
514 669
1004 1267
1287 1735
2856 3329
2176 2203
107 1059
2376 2500
947 1028
1255 1522
1170 1296
1985 2108
722 784
1671 1743
1143 1556
2253 2485
2768 3002
465 500
2803 3138
1912 2034
1191 1800
2222 2511
365 556
2381 2590
373 502
3152 3434
1175 1522
1125 1839
2180 2344
977 1348
2071 2592
2161 2555
1613 1849
1684 3209
2717 2913
983 1839
2038 2319
3442 3636
1370 1480
3797 3938
969 1081
392 430
1285 1868
2868 3212
353 540
2463 2533
1184 1600
1211 1826
609 620
1258 1536
2393 2499
2030 2446
1729 1899
1772 1888
1684 3127
2386 2477
2312 2400
1983 2604
1310 1536
2476 2611
3437 3587
2726 2890
1985 2423
2793 2936
743 782
2173 2403
1101 1554
2933 2935
3351 3431
927 1835
2664 2920
2194 2399
1302 1516
1665 1800
2122 2551
1376 1639
3046 3345
2381 2646
3046 3109
35 143
2039 2445
2092 2590
2894 3350
1975 2197
1465 2420
1796 1849
1684 3284
2925 3036
1993 2059
1598 1741
3621 3721
3101 3265
2184 2504
56 82
997 1402
2090 2539
1718 2003
2682 2775
1953 2257
107 1303
1666 1726
3215 3302
475 1673
3316 3397
1941 2428
1286 1887
1078 1409
2026 2381
2253 2428
1126 1678
2148 2516
3240 3247
2194 2292
1032 1729
1239 1644
2895 3217
2781 3297
617 685
1684 2994
3177 3285
2132 2510
3205 3343
107 1074
376 439
1736 1789
1230 1399
1307 1588
1222 1707
1102 1591
2750 3104
211 315
921 1049
1714 1868
2285 2547
1721 1796
2124 2331
507 570
378 496
1390 1804
2275 2309
1404 1448
3640 3938
2511 2533
2042 2436
515 557
724 726
3291 3396
2290 2602
2319 2567
3437 3580
1862 1872
2296 2379
1129 1231
2206 2586
2756 2888
423 525
1938 2363
1114 1320
2332 2336
2875 3182
1066 1894
3247 3397
1059 1622
1028 1559
3293 3348
1336 1712
2867 3387
194 204
3718 3758
122 322
1078 1107
3351 3416
2081 2415
2280 2617
0 303
2006 2061
3437 3682
380 389
641 1114
3118 3377
2072 2125
1110 1724
3877 3902
1734 1746
2323 2340
1559 1768
2671 3077
2664 3195
2323 2395
1993 2395
2121 2331
2233 2257
2261 2353
1019 1036
3590 3756
1199 1717
1067 1423
1528 1722
713 760
392 538
2869 3378
2007 2289
389 1469
2064 2348
2755 2916
618 636
2839 3135
2904 3319
1549 1574
957 1459
1979 2030
2142 2561
2005 2086
961 1283
2323 2550
1962 2323
1979 2098
2111 2463
2081 2324
2428 2446
1684 2834
353 542
1925 2257
3525 3756
1370 1409
630 672
686 781
2944 3000
3633 3800
3555 3829
2115 2601
1155 1677
2043 2408
2150 2354
3138 3152
925 1610
3102 3252
2113 2548
2074 2553
1130 1460
2743 3036
3437 3558
1551 1736
2117 2458
2068 2161
1352 1810
2757 3065
780 824
2232 2417
1175 1405
1543 1692
2803 3100
2782 3052
2084 2469
1048 1126
2 20
1483 1898
2840 3367
2246 2368
1130 1805
1577 2372
1888 1898
86 175
1359 1559
2124 2290
1955 2180
1982 2085
1388 1845
1947 2243
916 1017
107 596
2827 2910
2264 2463
1331 1849
2701 2894
1734 1761
991 1750
2234 2386
2120 2126
1955 2463
2053 2508
414 492
3614 3945
906 1184
80 94
1391 1598
1577 2138
1059 1600
3173 3418
557 570
1406 1751
567 610
1916 2010
2053 2273
1471 1598
1273 1820
2140 2213
1459 1587
2849 3297
1604 1888
1663 1782
1334 1377
1132 1336
2013 2459
2810 2945
1297 1549
3201 3206
1279 1298
2188 2359
2142 2495
2863 3296
1550 1628
2733 2958
1074 1078
1192 1229
3592 3916
2743 3023
1319 1837
430 439
1918 2261
1391 1898
2672 3411
1200 1268
2827 3348
1158 1479
2196 2319
1269 1721
2307 2409
1570 1888
2150 2532
2391 2576
2054 2603
2506 2593
1399 1603
1192 1661
334 339
1717 1827
2081 2293
1284 1728
1555 1561
1926 2047
107 1474
484 503
2276 2655
2786 2800
1243 1483
1047 1523
2071 2465
2221 2243
1953 2064
2925 2961
2812 3041
3568 3680
2770 3277
1608 1795
2111 2594
1985 2150
3437 3951
2203 2264
3437 3847
1684 3065
2104 2278
862 3517
3458 3822
1217 1258
3540 3618
1932 2368
2520 2600
2730 3289
1993 2329
2334 2428
2479 2603
1998 2583
2602 2613
525 544
1329 1730
3980 4037
1979 2607
3252 3419
2511 2652
966 1886
1126 1222
1684 2662
2056 2468
2408 2615
1048 1377
1986 2095
1284 1857
2011 2225
1381 1573
2839 3363
2858 2898
1091 1619
1124 1891
5 87
944 1338
2327 2629
3518 3542
1057 1664
2165 2504
2139 2184
1288 1605
161 339
1995 2225
2138 2232
2201 2340
2056 2266
2696 3360
1962 2615
1381 1720
2520 2539
1479 1841
1684 3057
2423 2631
271 280
2853 3132
1017 1750
2169 2327
385 423
2550 2619
3672 3962
56 170
2290 2631
1227 1786
2724 2737
1919 2011
1454 1875
2862 3090
2763 2974
84 304
2306 2539
3702 3845
3019 3077
1104 1715
1001 1767
1983 2090
686 829
1452 1798
1281 1783
419 493
1335 1483
1993 2253
3697 3824
2430 2520
2344 2479
3046 3106
3062 3366
1684 2787
1632 1823
3667 3734
1099 1894
2908 2960
1128 1149
2273 2282
2081 2243
2800 3232
2107 2126
2573 2578
2128 2267
3353 3434
1962 2606
1155 1621
378 492
1047 1721
962 1574
65 297
1070 1815
2459 2531
2067 2300
1485 1846
2586 2607
2827 3226
437 572
31 51
1928 2157
2970 3247
3601 3881
2841 3171
2109 2363
1230 1707
368 497
1112 1796
1130 1163
1323 1753
2040 2078
1983 2118
2005 2266
3118 3412
2212 2462
3718 3870
1209 1367
2271 2307
2251 2644
2829 3162
2047 2589
3437 3915
654 680
3273 3295
1291 1619
1997 2237
731 805
993 1590
1284 1764
982 1211
1243 1329
2026 2617
1959 1994
3437 3836
2795 3110
1337 1911
1684 3021
686 761
3040 3108
1402 1663
2229 2266
3437 3952
2833 3355
2430 2646
1068 1163
3851 3943
2665 2951
3073 3137
2244 2386
300 320
2786 3362
2172 2356
2793 3060
1450 1678
1597 1653
107 1650
1352 1361
2832 3016
2164 2257
3870 3896
2042 2199
2090 2556
1740 1744
392 537
2661 3038
2800 2864
2410 2586
2890 2928
1236 1749
2 343
1077 1577
1048 1827
919 1729
2096 2390
2352 2546
1106 1785
3078 3363
3324 3426
40 212
4 78
199 239
1216 1533
1557 1877
2720 2973
3483 3499
1979 2060
580 1313
966 1219
2073 2323
2233 2350
1313 1446
1337 1480
2482 2536
1582 1820
2111 2222
1222 1669
2111 2138
2038 2445
2071 2458
2112 2184
1515 1742
2151 2187
1984 2104
1289 1879
2854 3228
2244 2526
2069 2184
2912 3426
1124 1149
2140 2551
41 137
2003 2243
2059 2430
1009 1036
2507 2593
1207 1409
1125 1736
1075 1816
1931 1935
2125 2463
2960 3014
413 445
339 347
2410 2602
21 342
1100 1479
3070 3386
2672 2708
1316 1423
2120 2260
3508 3776
1396 1751
2326 2654
2040 2347
3633 3943
1869 1904
589 620
2308 2478
1290 1528
2905 2994
2712 3288
1156 1668
912 1122
3574 3891
1634 1725
3577 3886
2083 2542
3498 3862
696 774
1382 1661
876 878
2266 2482
1997 2554
2319 2451
1943 2553
2374 2604
2088 2139
414 438
1166 1525
1912 2228
2533 2642
2266 2410
2425 2498
105 148
374 535
422 614
2815 2986
2370 2464
3642 3938
553 569
908 1433
3110 3374
2786 2953
1014 1231
3019 3133
2220 2414
2201 2520
1123 1513
504 563
1184 1509
630 663
2202 2364
2087 2138
693 726
1299 1634
1983 2646
1115 1277
2773 2913
2077 2369
1535 1639
1622 1879
2093 2359
2042 2196
3629 3862
1231 1448
1983 2446
3803 3906
1820 1894
492 495
3188 3360
434 490
1505 2976
2117 2544
3088 3272
3514 3640
1269 1754
3022 3339
2104 2561
2743 3000
993 1598
2132 2432
1997 2340
3162 3412
107 1317
3079 3258
1361 1420
2433 2591
1331 1826
1966 2354
3511 3738
1729 1871
980 1467
1918 2354
726 760
2800 2919
1578 1628
1939 2479
640 647
2896 3085
3703 3755
2243 2394
366 1740
1059 1242
1101 1420
1941 2475
897 995
1191 1393
1067 1636
2086 2602
873 885
921 1431
1577 1932
2781 3151
1946 2324
2664 2864
2770 3102
2002 2226
1132 1214
1343 1425
107 1721
2271 2560
1085 3577
2433 2590
1433 1494
3596 3687
444 523
1557 1791
2045 2059
2506 2602
2161 2547
954 1303
985 1840
1971 2363
3982 4037
1036 1550
2863 2980
953 1056
107 1723
705 722
2781 3076
2282 2491
3009 3279
2408 2550
1947 2547
2148 2282
1126 1643
428 452
3526 3563
172 232
2068 2379
2148 2174
186 323
1086 1235
353 566
1946 1984
1993 2460
1164 1734
3722 3740
3534 3617
2871 2955
1662 1689
3595 3868
1636 1786
1219 1361
2871 3256
1622 1839
2115 2200
1311 1541
3566 3961
2688 3302
1426 1873
2133 2322
1447 1816
1770 1876
1014 1495
1471 1799
2026 2176
1989 2593
2037 2543
1467 1768
348 487
3495 3938
2408 2414
637 1143
579 597
697 780
1920 1948
2104 2464
2901 3321
1600 1811
2068 2598
500 566
2203 2471
475 544
1979 2593
2299 2340
2087 2522
465 561
2936 3172
1864 1888
1184 1621
3505 3850
1026 1793
3466 3634
2047 2268
2286 2503
2059 2428
1250 1255
1113 1473
2133 2138
1916 2399
1938 2468
736 742
697 731
3257 3426
1951 2636
2921 3299
2020 2240
947 1761
1823 1835
1658 1794
2190 2354
3448 3804
3202 3232
2502 2605
348 562
1598 1826
2748 3089
2118 2532
2078 2532
1214 1539
3442 3977
3532 3803
2384 2609
2354 2395
1941 2600
2863 3349
2184 2244
1255 1513
2906 2940
2837 3231
1577 2215
2787 2863
2071 2111
2150 2433
1093 1529
373 463
2124 2446
902 1100
408 428
1609 1669
3106 3154
2703 3318
2202 2447
2937 3101
1597 1683
1199 1839
1707 1809
2271 2331
1465 2567
3499 3534
1954 2620
2780 2871
1454 1706
1470 1861
2986 3348
2142 2410
1146 1431
2218 2543
729 804
2875 2976
1367 1782
2002 2637
1918 2369
1367 1804
1078 1272
3396 3422
2451 2522
1697 1909
1167 1241
1427 1767
3559 3573
1947 2283
3172 3182
1993 2323
1198 1416
537 560
1124 1839
1578 1655
481 522
1765 1819
2139 2613
3842 3938
2846 3089
3048 3431
1684 3117
402 559
1381 1635
2828 2875
1352 1823
2374 2607
2127 2445
1984 2550
2059 2578
1948 2351
1187 1866
1849 1888
3291 3344
1379 1591
1617 1707
1925 2559
2667 2784
2409 2563
2304 2368
2115 2638
2973 3035
2815 3304
2472 2598
1424 1895
3448 3930
523 544
694 798
1914 2494
2134 2385
2112 2615
2697 3288
2095 2654
2073 2554
1205 1839
1939 2598
1930 2313
1360 1553
1421 1803
3708 3836
2785 3280
2683 2943
2283 2458
2045 2056
2039 2187
2525 2641
1718 1940
1244 1770
580 1294
1128 1267
3437 3975
954 1245
1287 1827
3219 3340
2446 2607
3735 3921
2131 2433
2103 2404
2638 2646
3945 3972
1348 1541
1048 1287
2558 2632
3799 3932
1379 1448
2348 2590
1547 1800
1314 1802
2769 3130
382 474
1211 1608
3105 3251
1274 1325
3718 3947
680 685
1242 1471
1962 2611
2377 2419
1106 1304
1329 1609
109 239
1003 1112
1003 1480
878 888
2005 2064
2143 2368
737 815
1088 1719
2220 2278
2683 3394
2132 2512
3254 3280
1979 1983
2462 2543
512 515
2047 2468
471 524
1118 1314
1497 1566
1124 1609
2800 3400
1420 1765
1051 1188
2093 2446
910 1776
2109 2428
1938 2579
2781 3326
3553 3827
1465 2351
495 542
3291 3347
1191 1517
1139 1906
2033 2063
1388 1571
3707 3891
3437 3905
3497 3543
897 1329
1229 1578
1161 1327
0 71
1619 1662
2310 2318
1379 1475
2213 2464
351 364
3440 3576
2165 2563
3347 3378
2135 2643
810 856
647 675
2168 2421
1173 1639
2266 2500
2140 2190
1997 2428
426 513
432 439
1972 2472
2144 2268
1530 1826
1284 1459
2343 2471
2882 3347
2374 2578
1547 1741
2953 3238
107 1804
1563 1612
1928 1998
1391 1886
2910 2956
3437 3450
3524 3601
1972 2159
982 1598
1684 3285
2169 2511
2176 2333
2007 2649
2362 2637
2047 2610
3035 3335
1496 1574
2240 2381
2020 2604
1684 3375
1480 1858
370 471
3443 3469
2218 2550
200 239
1939 1947
2172 2201
2010 2081
403 546
2552 2600
2213 2556
2778 2828
1959 2243
2708 3182
2730 3154
2374 2409
2174 2398
1604 1717
398 445
3033 3054
107 1613
1352 1911
960 1370
2150 2329
975 1227
434 497
589 677
2147 2311
416 493
1165 1283
1072 1482
397 504
1243 1377
1074 1553
2423 2550
1949 2152
363 542
1222 1864
2052 2111
2615 2630
1199 1597
1609 1898
2923 3020
2539 2593
1938 2253
1351 1516
2085 2379
3070 3351
2098 2150
1966 2359
2104 2123
2038 2232
3185 3396
2026 2282
104 169
1231 1628
2229 2446
1446 1694
2374 2433
3552 3830
2873 2928
1191 1835
370 548
1913 2531
2869 3280
1530 1827
2073 2573
2190 2206
213 224
989 1628
136 246
1912 2081
2252 2328
1589 1735
3437 3681
1028 1209
1964 2384
2144 2642
924 1366
2833 3152
999 1172
2062 2451
1964 2367
3509 3706
939 1831
363 436
1112 1340
348 427
2042 2148
107 1151
975 981
1593 1784
2920 2960
1376 1891
2194 2420
1256 1712
2538 2658
3592 3847
2703 2879
2247 2343
1966 2290
2005 2206
2117 2194
970 1687
1547 1804
118 268
1014 1099
2992 3247
412 520
1943 2115
2936 3154
3297 3381
2946 3387
1684 2808
2996 3279
1080 1106
2233 2506
1431 1610
1112 1416
1266 1666
2206 2546
2986 3036
3330 3347
1132 1330
3762 3824
1611 1872
2084 2261
2172 2499
925 1769
719 760
3488 3877
1231 1550
2084 2619
1112 1804
2676 2946
2500 2654
1283 1852
1418 1709
2200 2423
1363 1787
2543 2646
1467 1617
1939 2283
1864 1902
1963 2278
773 834
3449 3797
1405 3331
2326 2655
2841 3089
2095 2190
2755 2994
2932 3264
2094 2487
2199 2512
2928 3056
2574 2615
2229 2631
3041 3326
2030 2276
2418 2604
906 1737
2877 2953
997 1391
2133 2616
2279 2336
0 47
2905 2988
1084 1570
414 561
21 313
2778 3100
2447 2538
41 214
407 528
2896 2944
3129 3257
2773 3417
1185 1516
519 548
3571 3757
2263 2528
507 544
2484 2574
1149 1746
1256 1816
967 1570
3056 3286
2064 2615
3299 3345
1049 1191
745 800
3000 3123
2068 2511
1132 1335
2390 2501
2146 2411
2257 2578
2276 2467
1059 1341
388 463
1917 2220
1124 1160
2282 2510
107 1201
3252 3397
2326 2624
2045 2131
993 1632
2921 3345
1733 1892
1049 1864
2098 2324
1086 1768
1584 1589
1912 2214
1088 1098
363 591
2345 2555
1946 2020
2138 2555
2191 2597
932 995
2786 2839
40 258
686 766
1199 1535
2335 2440
1963 2500
2510 2597
2123 2623
392 431
1019 1315
376 591
2897 2928
705 853
3233 3285
578 583
1522 1604
1912 2390
188 271
2088 2376
2038 2555
1997 2266
1644 1730
2361 2448
2029 2081
1513 1779
2183 2336
576 681
2937 3252
1014 1907
2662 3191
3024 3366
754 824
1518 1683
2045 2118
1314 1895
1079 1551
184 320
2088 2564
1413 1790
3485 3804
2153 2597
495 507
3254 3272
67 297
2327 2511
2507 2560
1101 1341
2148 2509
1669 1714
3462 3576
1554 1795
2348 2507
2340 2554
2724 3273
124 157
978 1269
1551 1623
2720 2937
2294 2598
2683 2887
1402 1707
2331 2482
2763 3023
2191 2302
2352 2554
2750 3149
1092 1609
2148 2629
2150 2601
2111 2235
231 315
517 1358
1291 1707
2184 2578
1456 1571
1167 1225
3002 3118
2965 3060
901 1186
641 1830
3512 3533
3406 3434
3082 3277
421 563
2003 2453
2836 3291
2040 2208
2111 2458
2212 2275
1613 1639
1028 1589
2465 2510
2428 2615
388 544
924 1159
3775 3953
2500 2546
1006 1833
1330 1821
2927 3348
1107 1612
1267 1447
3845 3902
2309 2578
1605 1804
3073 3135
2283 2344
1158 1783
2276 2546
2229 2524
1985 2578
1184 1456
1017 1799
1637 1835
1879 1888
2755 2839
1718 2588
1928 2378
527 553
953 1214
1604 1835
3000 3104
2324 2414
172 331
48 53
2194 2533
2793 3347
1149 1714
2354 2638
647 650
2819 3221
2853 3101
1665 1845
2939 3302
1912 2545
2070 2126
2734 3027
2969 3056
1322 1742
1927 1957
2040 2607
1099 1820
1121 1159
983 1619
3082 3185
2275 2359
2262 2300
3200 3218
1331 1754
2877 2966
2706 2960
2271 2579
2741 3078
24 57
2914 3117
2504 2550
2620 2633
713 834
1204 1727
2340 2559
2429 2561
3258 3332
1300 1357
2030 2121
589 605
273 275
3304 3324
2352 2353
1399 1665
1086 1557
953 1670
3035 3280
2829 3019
0 128
1173 1584
2299 2423
1066 1148
1231 1261
2213 2353
3036 3137
1302 1604
641 1231
3471 3852
1948 2384
2551 2564
1322 1682
2059 2095
987 1240
1796 1888
2280 2390
3437 3465
2086 2539
1955 2125
2451 2592
3697 3884
2188 2339
1123 1125
3604 3869
2777 2864
800 856
1912 2501
1255 1321
2904 2946
1577 2328
3185 3280
1971 2573
1735 1823
1983 2356
2956 3232
2047 2149
2022 2658
2347 2420
2110 2501
1929 2104
2064 2602
784 853
387 520
2354 2549
1153 1289
1360 1561
107 1829
1298 1475
1304 1703
3499 3690
2499 2631
2047 2176
1207 1598
933 941
1530 1643
2765 3391
1158 1413
921 1714
2237 2543
2243 2434
1684 2891
362 473
1538 1652
1222 1816
107 1902
2833 3132
2970 3316
55 200
3182 3272
2757 2839
1327 1858
1237 1320
1947 2032
1048 1791
3458 3810
1813 1885
2469 2604
1912 2134
2904 3116
1083 1101
924 1355
515 580
1932 2052
1098 1505
3694 3867
2664 2698
3437 3467
3169 3291
2240 2654
2201 2423
1199 1609
1962 2460
1695 1766
1204 1261
107 1089
2755 2866
414 423
977 1306
1912 2638
1309 1495
3499 3671
370 465
3613 3883
2123 2376
2043 2164
2120 2129
1966 2625
1960 2035
1126 1730
475 1122
1663 1879
2381 2574
3577 3948
1211 1398
2206 2392
107 966
2409 2561
3234 3324
1591 1857
1551 1707
1962 2553
2040 2210
997 1730
2098 2604
1983 2611
1205 1271
2742 2748
2282 2368
3663 3713
1232 1733
1269 1675
3106 3169
2356 2564
1291 1530
1380 1547
2164 2551
1078 1761
1832 1886
1938 2376
1314 1533
3450 3838
1153 1849
2042 2642
1606 1645
360 514
514 614
1183 1540
1547 1868
1926 2183
2905 3226
3136 3331
2053 2509
2888 3137
1912 2554
3062 3306
374 378
9 134
2853 3391
1514 1882
2713 2728
2986 3228
3030 3084
1175 1902
1112 1714
2067 2489
2194 2241
688 849
2218 2334
2003 2075
2394 2451
378 461
2386 2590
1827 1835
2063 2625
2890 2912
2039 2282
2120 2628
3448 3640
1955 2302
2309 2391
1284 1492
3395 3406
25 84
3524 3770
580 1740
1011 1472
2257 2323
1228 1549
1344 1491
2093 2276
3473 3725
1345 1479
1931 2633
98 103
2409 2477
844 848
2413 2616
2047 2305
993 1559
1044 1583
1424 1601
946 1003
2679 2755
2049 2089
2955 3087
2354 2376
925 1804
752 766
2292 2343
3033 3387
2039 2223
2069 2123
997 1535
2187 2327
1324 1894
3715 3921
2827 2916
1393 1409
942 1894
1079 1243
2276 2561
2201 2546
1791 1839
2191 2649
2689 2815
936 1506
1997 2324
2038 2372
2111 2163
3584 3947
1918 1938
3557 3730
1912 2217
2030 2108
1985 2655
2558 2621
687 819
389 497
2832 2863
1548 1895
1086 1613
2989 3041
1913 2319
363 1113
1238 1826
2118 2354
1215 1587
2537 2649
2248 2405
1959 2194
2434 2603
2071 2471
1377 1557
1227 1426
716 770
1598 1600
2306 2573
1339 1340
1305 1888
1086 1675
2319 2653
2142 2464
1211 1736
1072 1169
1945 2183
1986 2495
1464 1695
380 424
2237 2485
3710 3735
2104 2150
107 1247
2507 2564
664 666
2500 2559
3758 3945
1539 1795
2038 2330
0 213
350 563
1083 1471
3154 3334
2133 2366
2381 2556
896 1423
2206 2482
1622 1823
2290 2542
2056 2067
2108 2354
3683 3877
1104 1158
1502 1573
483 1680
1258 1569
2022 2639
1538 1621
2750 2800
1926 2036
1570 1603
2078 2348
1945 2533
2290 2324
1457 1832
2287 2370
2190 2630
1573 1871
3448 3577
754 777
450 481
2138 2649
2278 2544
2754 2916
1953 2374
2877 2943
2201 2334
1439 1589
1678 1819
3154 3397
2327 2338
1092 1485
2125 2169
896 1841
2205 2211
3085 3228
1989 2122
3830 3902
1551 1819
3098 3232
2169 2491
1603 1849
1983 2179
3002 3076
2346 2365
2108 2578
107 907
1128 1211
2120 2448
1132 1331
1620 1724
3113 3280
4002 4023
2715 2723
2507 2546
2994 3135
1059 1584
3033 3163
107 915
2372 2537
2235 2510
2075 2280
1059 1849
1094 1545
3437 3713
378 527
3013 3397
1122 1543
2231 2361
2506 2573
1313 1692
3063 3155
724 786
2064 2190
1983 2551
1986 2559
1085 1328
1684 3133
2127 2629
2877 3078
285 342
2007 2294
1331 1888
2233 2460
376 566
1104 1576
2012 2116
1941 2495
2030 2150
1020 1893
2334 2478
1940 2032
1985 2208
3659 3772
366 1767
2329 2467
1456 1793
1078 1669
1984 2376
2598 2653
2782 3085
664 685
1318 1744
2724 2775
2032 2436
1179 1882
323 332
1966 1993
1941 2398
25 322
3443 3630
1604 1789
2043 2655
1880 1892
1463 1789
3736 3842
1131 1472
2833 3102
2327 2598
3367 3377
1702 1845
561 683
2985 3348
1984 2045
417 566
3593 3947
176 271
2277 2373
1126 1367
423 506
2426 2526
2254 2508
1185 1662
1198 1600
991 1317
2757 3033
1047 1551
3684 3693
1736 1842
2780 3178
2871 3313
2729 2786
3997 4021
2833 2875
1973 2016
1684 1726
3129 3324
1986 2139
1932 2127
2881 3378
2780 3136
1204 1591
2068 2328
2020 2201
2140 2200
3039 3403
1941 2264
1946 2064
2970 3102
2292 2533
1247 1729
2762 3279
1920 2555
1377 1559
1009 1158
2299 2356
2419 2610
2257 2602
741 827
2131 2506
2030 2233
1985 2507
921 1269
445 473
3558 3829
2773 3026
2075 2222
1951 2494
1462 1573
2780 3352
3593 3833
2433 2611
1221 1899
857 868
1684 3189
1056 1391
2894 3225
2914 3321
2133 2594
2047 2510
2007 2054
3674 3750
1086 1352
2103 2326
1685 1809
0 34
2069 2579
2719 3320
3925 3961
1992 2207
3998 4021
917 1444
75 188
1367 1584
2482 2578
3116 3422
3439 3699
1377 1623
2494 2660
1132 1600
1256 1652
2038 2127
3442 3921
3437 3717
1981 2328
975 1573
2299 2506
2672 3262
1009 1229
1653 1827
3449 3889
2666 2782
2032 2315
1369 1589
3038 3075
1447 1813
3833 3951
1472 1529
3437 3712
2828 3116
1198 1488
1921 2633
1258 1304
391 488
2143 2571
1589 1669
1925 2630
517 1268
951 1327
2112 2352
925 1639
823 880
500 651
2873 3000
2052 2368
2101 2436
503 511
2190 2391
905 1536
3553 3769
596 1720
1912 2385
2153 2451
1947 2637
2093 2615
993 1612
1086 1721
1976 2337
2409 2495
946 1369
2815 2910
2946 3294
627 665
2216 2428
1288 1335
2302 2510
2146 2152
1086 1730
395 497
1420 1520
2278 2376
3470 3553
3152 3297
2180 2347
3056 3078
1190 1284
2404 2602
1146 1420
2398 2597
2955 3337
967 1843
3188 3299
1469 1667
1823 1888
2258 2575
3252 3320
2261 2551
3437 3460
2123 2257
3018 3295
1125 1619
1959 2508
1351 1849
1255 1675
2475 2555
2359 2414
1019 1350
2294 2458
2154 2464
3233 3412
3590 3835
1912 2015
3051 3260
2206 2423
423 567
1219 1222
946 1617
2906 3029
1251 1705
1914 2365
2709 3015
1067 1583
2101 2264
1020 1286
1918 2324
1347 1857
107 1301
1144 1421
3841 3929
1954 2594
1449 1663
107 1160
2827 3078
2661 3277
2042 2254
2376 2477
3719 3758
2142 2591
1916 2384
56 88
1146 1793
1135 1604
404 428
805 818
1467 1516
2069 2504
1156 1604
2934 3002
2048 2085
1129 1716
2785 3335
2946 3054
1116 1269
483 1790
2136 2308
113 200
2220 2261
1246 1872
2729 2766
2122 2240
2074 2625
1369 1836
2469 2638
2247 2294
3572 3706
2960 3117
133 224
1292 1576
1926 2322
2253 2593
1128 1603
2542 2563
1912 2084
1984 2507
58 2838
2095 2611
1352 1662
2754 3052
1447 1665
1103 1215
1078 1124
2944 3084
1085 3943
3034 3287
2738 3114
2754 2940
1079 1340
1940 2149
812 824
2189 2303
925 978
397 469
2300 2601
4014 4021
2897 2906
2353 2551
1291 1608
863 889
1335 1431
1269 1554
2257 2258
1791 1804
483 1282
1126 1562
2861 3271
1930 2260
425 439
3437 3859
1124 1683
285 322
1794 1894
946 1714
2409 2430
211 313
417 461
3466 3583
1943 2307
1926 2214
2836 3140
2329 2369
2264 2498
2179 2464
1216 1452
1653 1877
1884 1899
954 984
1225 1366
2795 2813
2280 2434
1424 1747
3667 3683
1360 1615
428 1549
1912 1984
2482 2550
2753 3355
2199 2510
2188 2601
107 1694
3599 3629
2482 2539
3082 3106
107 1444
2873 3084
1697 1702
2237 2520
1554 1867
2096 2434
4007 4016
2030 2551
2273 2294
3203 3395
363 484
2068 2385
1604 1863
1502 1907
1131 1686
2735 2976
2966 3284
1772 1898
3113 3179
2901 2939
1291 1597
2602 2655
688 724
1409 1632
423 461
2189 2254
3636 3713
2867 3158
416 537
1352 1488
2271 2290
2911 3033
1472 1624
2924 3364
901 1548
2482 2655
601 644
3845 3891
1160 1826
1668 1868
817 827
651 1565
1146 1608
3051 3321
1979 2347
1360 1705
2083 2410
6 95
946 1181
1449 1598
2275 2467
2986 3022
2880 3000
1196 1769
0 62
2184 2370
2092 2526
3527 3930
999 1431
3655 3933
2715 3276
414 624
3605 3824
2409 2654
1274 1866
1001 1844
3469 3510
1539 1653
2351 2533
2102 2372
1917 2601
2706 2945
1235 1872
2327 2345
3545 3824
3552 3672
40 280
3794 3903
1652 1804
3046 3089
1621 1652
425 570
1718 2143
3051 3344
561 580
31 280
2206 2604
2718 3253
1986 1993
1076 1267
2028 2555
2387 2429
3355 3397
1994 2071
1235 1871
2950 3150
600 640
1703 1709
0 40
3090 3250
2235 2652
1964 2174
3527 3785
2027 2365
1505 3386
2546 2575
2101 2132
2040 2093
2796 3419
107 1523
2216 2229
1079 1685
698 861
2307 2370
1947 2235
427 464
919 942
2081 2127
3824 3938
67 303
1470 1675
3742 3954
389 419
386 401
2032 2144
1068 1598
2127 2148
1331 1741
1983 2093
954 1104
67 156
2875 3101
3017 3287
1059 1652
1130 1211
2092 2449
2246 2475
1285 1736
1331 1456
2802 3150
942 1309
2276 2586
1322 1680
2869 3289
1049 1845
739 764
2867 2927
3466 3602
1117 1271
2142 2323
1997 2299
2184 2591
3609 3877
1618 1622
3225 3287
2014 2061
1912 1941
1076 1523
2376 2418
1004 1835
2016 2447
1482 1496
2464 2500
1971 2354
1912 2218
2078 2395
2328 2368
62 323
2779 3068
1632 1768
724 773
3986 4026
2984 2992
2188 2526
1361 1902
2318 2480
641 1374
2778 3185
1573 1715
1598 1793
980 1377
2073 2395
2172 2460
2239 2247
2477 2549
924 1228
2937 3201
2253 2329
1744 1882
957 1284
2063 2104
1214 1846
2883 3150
2985 3142
3463 3569
1912 2115
2068 2366
2244 2467
1551 1584
1125 1556
426 510
2331 2546
553 591
107 1894
985 1634
2370 2414
2266 2532
1086 1565
2118 2356
1684 3044
1472 1575
2176 2325
0 109
1125 1902
588 617
1534 3361
2915 2943
3772 3847
107 1567
1269 1391
2901 3397
999 1132
211 268
2336 2598
1912 2547
800 811
752 784
982 1056
1983 2376
3835 3921
1155 1616
353 1844
686 694
1166 1382
1405 1779
2032 2183
2966 3047
2669 2927
1122 1179
1412 1781
355 463
2949 3310
497 525
2716 3017
1153 1181
561 567
2833 2936
1305 1559
94 249
1241 1649
2800 2940
1021 1475
3437 3942
635 661
2209 2419
1953 1985
2346 2640
107 1333
1993 2045
1577 2594
1684 3326
2996 3385
1011 1709
2038 2285
2030 2520
392 542
1175 1827
2785 3360
2797 3079
1335 1516
366 395
2206 2564
2240 2348
3098 3119
2212 2334
2078 2564
2778 3182
1455 1654
1630 1738
2088 2200
1066 1082
1912 2240
2783 2984
1198 1267
1339 1771
1684 2753
3705 3714
1172 1214
107 1631
1204 1315
1180 1789
21 39
3113 3261
2137 2282
3528 3559
1355 1366
107 1108
2719 3100
606 669
1945 2007
1234 1566
2451 2479
1426 1884
2331 2418
2905 3047
1917 2550
1929 2624
2073 2590
2045 2462
1980 2538
2334 2559
1947 2199
1399 1823
1753 1827
1324 1742
408 511
594 3989
2086 2485
2460 2611
2071 2102
1985 2047
1181 1643
392 567
640 670
2464 2553
2369 2495
754 780
2778 3350
1985 2060
2242 2480
1971 2086
1947 1955
2667 3242
988 1448
2661 2674
3437 3763
3325 3423
1399 1746
3464 3469
1185 1557
3605 3880
2134 2292
2810 2907
1271 1402
388 404
990 3164
3332 3378
3506 3558
3525 3625
3208 3431
3064 3108
2504 2559
3132 3152
1091 1804
3322 3336
933 1503
2586 2602
2125 2151
1912 2396
2005 2354
980 1835
2240 2376
3092 3237
1214 1559
1056 1712
3182 3288
2877 2913
1380 1388
1250 1804
2590 2591
2543 2629
2475 2629
1521 1626
2161 2280
1331 1352
2073 2300
2743 3417
1217 1366
2206 2624
3206 3351
1997 2131
1596 1903
483 942
1083 1205
1222 1804
2694 3301
2081 2191
2088 2506
946 1182
1391 1457
1985 2104
952 1211
695 751
1153 1160
2055 2446
3051 3116
2200 2395
2447 2640
1912 2019
2694 2749
359 530
686 724
3520 3667
2473 2547
1082 1129
2267 2292
348 385
1912 1946
2313 2411
107 1822
919 1261
3161 3245
1399 1868
1786 1848
2139 2142
3528 3824
3299 3403
1153 1285
1943 2414
2324 2553
1683 1804
917 1848
1099 1309
903 1648
2750 3232
2206 2376
1938 2324
1975 2175
3838 3938
2336 2508
1465 2054
1207 1823
1085 3501
3670 3880
1927 2018
107 1911
1997 2190
1024 1163
348 476
2123 2575
0 147
1347 1636
1912 2455
3070 3120
1571 1674
2931 3362
3518 3860
1029 1669
2056 2520
2495 2542
1449 1610
1731 1761
1021 1192
3454 3673
2469 2600
457 516
1298 1379
1009 1636
1496 1770
617 664
3891 3916
941 1032
223 325
3199 3331
2040 2575
2308 2550
1725 1876
2138 2420
1993 2098
2246 2592
1962 2093
1199 1653
2124 2184
452 463
2823 3060
0 26
2867 3433
1980 2378
967 1835
3138 3211
1946 2275
637 1436
2154 2395
2323 2363
2395 2492
355 489
896 1015
1984 2037
2276 2600
3667 3968
2292 2419
637 1104
404 409
1142 1549
2793 3160
2730 2816
1237 1853
2081 2332
954 1729
2324 2467
921 1420
2735 2951
2306 2326
1703 1725
2040 2556
1684 2696
3521 3948
1684 3322
3117 3302
2111 2398
1382 1742
1230 1407
439 563
2747 3173
1630 1709
3466 3668
2331 2462
2800 3220
1920 2134
3005 3254
1577 2132
1085 1511
3617 3895
1804 1902
954 1830
2043 2323
2419 2608
2742 3046
2408 2507
2188 2590
2730 3016
965 1299
916 1390
1538 1662
1912 2499
3499 3881
3084 3364
2973 3169
2081 2294
1453 1743
2960 3064
1020 1751
348 350
522 529
1991 2645
2973 3386
3509 3924
1912 2356
3883 3919
511 545
2295 2434
1530 1730
804 876
414 427
1942 2044
1943 2550
1181 1827
1553 1579
3204 3360
2104 2573
1926 2498
993 1772
2208 2385
577 650
21 109
916 1289
916 1026
363 493
1491 1800
1975 2047
2955 3067
2117 2610
1716 1841
2711 3019
2053 2652
2729 3114
2192 2648
1213 1415
1391 1589
1917 2499
391 456
1408 1453
1435 1492
2414 2539
573 677
1941 2354
2955 3397
1932 2247
947 1833
2324 2520
2161 2594
2206 2409
1912 2659
2077 2108
3101 3419
3442 3850
2482 2611
966 1416
1366 1492
178 213
1554 1662
1076 1819
2198 2247
3612 3945
1613 1620
1243 1269
3022 3117
2090 2579
2276 2331
2285 2608
1331 1843
966 1746
2877 2912
3622 3803
2417 2447
1441 1666
2904 3341
2042 2302
1712 1849
1666 3289
2947 3100
1966 2469
953 1800
483 1801
3250 3363
1389 1584
1665 1888
1684 3173
2923 3296
2757 3096
2127 2473
2309 2615
2669 2944
352 538
2266 2340
2149 2254
590 591
714 732
2038 2336
1126 1198
417 460
2179 2200
3476 3759
2073 2083
2176 2475
1964 2318
2183 2283
444 544
978 1757
1334 1389
584 678
2020 2348
1918 2495
2726 3392
1024 1305
3604 3658
1519 1861
2309 2395
2354 2586
2111 2616
2872 3090
2278 2553
1970 2415
1968 2447
2991 3185
500 614
107 1790
857 3437
2115 2414
2670 3423
3120 3132
959 1201
2787 3291
2163 2643
2109 2164
2043 2077
2138 2333
747 765
474 548
3514 3804
1323 1470
1289 1632
2948 3065
2139 2655
2072 2243
1075 1523
2302 2351
1684 3158
1474 1840
2823 3182
2189 2582
2983 3368
2761 3387
2928 2943
1149 1584
3026 3114
1563 1717
3114 3364
445 500
1946 2573
2805 2922
2200 2229
1959 2132
2871 3062
1494 1687
1938 2064
1028 1185
2356 2625
107 1602
1287 1804
934 1155
947 1509
1530 1662
1617 1886
1124 1440
3555 3591
1123 1398
3665 3825
1041 1496
1094 1543
1103 1850
563 1070
1290 1683
1912 2281
2815 2872
1465 2047
1376 1879
2184 2240
3106 3355
1557 1864
2018 2297
2728 2951
107 1304
1995 2001
2040 2334
126 260
1637 1861
1290 1619
2950 3411
1332 1427
1923 2174
2311 2485
2233 2356
3097 3236
739 757
760 781
1659 1835
1993 2563
2348 2579
45 67
3655 3967
1285 1547
1340 1877
446 492
1318 1565
1912 2433
1623 1826
1329 1723
2705 2896
2188 2576
1376 1610
728 781
2741 3184
2929 3029
3021 3082
1684 3270
1032 1277
2030 2275
2268 2592
2233 2550
150 324
3628 3739
1370 1542
2720 3342
415 563
1267 1823
2013 2297
1975 2049
1289 1730
2095 2590
2308 2607
2940 3363
2081 2336
2575 2600
2029 2509
1066 1316
1292 1379
1118 1216
2376 2532
1069 1900
3514 3830
1959 2138
3040 3195
2053 2117
1663 1697
48 54
107 1642
2679 2905
3090 3195
3440 3495
2040 2354
1185 1663
387 514
2464 2507
1213 1869
3137 3392
1116 1329
1525 1634
2754 2908
1984 2326
1970 2221
920 1447
1612 1757
107 1768
1666 1822
1060 1728
1962 2115
2813 3365
924 1830
1214 1652
2319 2629
48 271
3101 3179
2782 3232
2053 2264
1123 1480
2200 2213
2031 2047
1513 1584
997 1811
2992 3224
2039 2616
1980 2022
2169 2434
1431 1603
159 345
378 641
1946 2108
2417 2471
1998 2000
2010 2616
2311 2354
2068 2463
1522 1898
2823 2894
2414 2602
696 697
395 423
1971 2188
2045 2348
2333 2512
56 172
1941 1993
2705 2924
1351 1610
185 297
906 1520
954 1786
2007 2174
2532 2539
3225 3281
1689 1826
2223 2451
348 568
1982 2134
3457 3831
1517 1622
130 191
2266 2477
3437 3912
2086 2334
3443 3972
3190 3248
1639 1670
1014 1235
515 517
2062 2069
780 830
1661 1706
1525 1807
1985 2279
3824 3860
67 285
2322 2440
3593 3646
2055 2060
2701 2976
2264 2344
3205 3242
1669 1833
1524 1752
1184 1735
366 1122
3529 3972
2071 2319
3291 3355
949 1052
1230 1662
2765 3169
1456 1714
2719 3082
2236 2448
1059 1075
1327 1909
2561 2625
393 399
708 840
1371 1629
353 1740
1222 1800
917 1081
483 538
116 326
941 1691
2374 2430
1255 1269
1160 1191
1101 1556
1391 1816
424 457
1946 2381
932 1074
1917 2467
1003 1652
1685 1753
2674 2970
2992 3288
21 271
1282 1820
1094 1349
906 1054
2078 2593
0 318
1929 2121
2086 2244
3663 3862
477 485
3281 3367
3276 3353
2324 2593
1589 1665
2165 2615
950 1136
2093 2340
1318 1625
2196 2598
2676 3022
2293 2496
1923 2641
573 588
1009 1573
2059 2409
1402 1800
1736 1845
1104 1871
978 1191
1198 1757
1947 2419
1273 1850
3172 3298
1018 1282
142 271
1555 1705
828 829
1465 2264
1925 2212
3528 3832
3563 3886
1684 3321
2368 2616
2109 2121
2103 2549
1183 1444
444 517
2064 2607
2136 2446
2689 3108
1966 2576
1984 2240
2669 2986
484 1885
2351 2372
1600 1789
2439 2621
975 1279
1577 2279
1004 1112
930 1671
2221 2390
3446 3549
1621 1833
991 1165
1127 1134
2832 2901
2047 2211
2409 2485
2458 2649
1489 1850
2931 3137
2856 3242
1352 1707
2123 2573
1684 3174
3448 3797
2247 2419
2078 2309
3449 3796
2773 2969
2833 3297
170 313
2364 2640
705 706
1620 1730
2117 2533
1945 2351
1221 1596
1102 1396
2473 2597
1125 1816
1331 1827
2058 2218
2264 2510
2059 2188
2719 3434
1505 1593
0 331
2159 2657
2738 2956
3437 3930
3120 3240
2356 2543
3452 3596
1584 1800
2359 2506
2104 2418
3998 4018
2929 2945
1653 1888
91 264
1721 1724
2108 2553
2823 3118
3116 3396
2306 2428
2491 2597
1644 1867
2047 2327
3207 3371
1028 1886
2676 3108
3115 3350
2499 2549
1800 1836
1929 2240
2936 2992
107 1438
2215 2547
2068 2289
1928 2013
460 567
1985 2551
3437 3527
2901 3154
2309 2430
2243 2398
67 325
2060 2460
622 639
1547 1879
1391 1867
2807 2837
107 1478
1331 1447
422 685
2719 2973
1793 1833
959 1604
2729 3026
734 778
2142 2311
2732 3181
2040 2404
3906 3924
1613 1827
1557 1888
2217 2439
3483 3754
1269 1480
363 1349
2415 2438
896 1872
2729 3080
946 1238
1520 1639
2407 2559
1946 2046
3997 4019
2095 2433
2226 2493
2754 2966
176 239
1624 1904
1357 1897
1920 2028
0 310
619 625
2700 2818
1212 1443
3070 3152
1128 1750
3734 3841
1993 2601
2833 2894
2742 3058
1957 2627
2172 2559
2090 2290
1998 2016
3527 3604
1025 1800
3806 3963
2542 2575
113 325
3506 3896
2116 2312
1347 1426
1256 1471
1166 1306
3162 3415
3810 3906
2095 2266
3684 3817
2102 2117
439 517
1117 1570
644 680
2468 2520
2353 2554
2417 2598
1584 1598
1440 1883
3098 3348
3116 3170
921 1718
428 545
3437 3604
2342 2628
2275 2410
745 795
1124 1804
2849 3396
3102 3416
1361 1409
1075 1086
3944 3962
2055 2307
2981 3119
1453 1831
2183 2629
1520 1891
2177 2294
2229 2306
2761 3286
2033 2200
926 1280
1432 1479
1160 1535
366 559
3849 3861
2033 2103
1938 2532
2135 2351
1912 2092
1222 1610
2532 2575
414 587
1439 1757
573 617
1352 1683
2404 2600
1912 2063
2407 2593
2169 2649
1571 1620
1339 1795
1997 2363
1322 1611
1306 1348
2693 2903
1235 1347
2336 2589
2933 2999
2155 2608
924 1496
1174 1676
3110 3313
739 780
3350 3396
1939 2246
2575 2611
606 1052
1459 1857
2302 2461
1502 1732
1434 1564
2279 2537
2022 2050
1222 1590
1425 1773
2742 3185
3158 3417
1300 1694
3877 3971
428 434
1761 1818
2870 3107
1144 1825
452 475
3437 3771
1240 1353
2729 2794
947 1622
3240 3345
3571 3701
966 982
1340 1491
3631 3792
2201 2492
1746 1809
2347 2436
0 75
348 482
1257 1583
2108 2140
2254 2445
1540 1600
2782 2927
1443 1453
353 1427
2059 2244
2745 3153
720 730
1983 2253
1373 1742
348 548
414 682
2500 2607
1101 1589
2730 2947
1684 3026
589 611
1086 1447
2445 2597
1126 1184
348 363
511 525
1689 1891
959 1238
3980 3981
936 1300
439 500
1104 1436
2058 2206
2087 2653
2586 2611
2142 2220
2233 2484
2446 2543
1390 1689
2142 2257
947 1539
1807 1885
2392 2556
259 264
1173 1205
3525 3873
2877 3114
1984 2563
3617 3821
1079 1746
3508 3644
2875 3287
369 554
938 1452
2134 2643
1060 1479
559 676
1388 1888
2278 2499
3058 3360
3437 3838
2611 2655
1026 1376
3604 3948
2093 2602
2922 3028
2446 2578
393 564
41 144
2292 2617
2352 2464
1684 3287
2848 2996
1049 1554
3437 3511
107 1646
1971 2395
1339 1724
2138 2332
796 806
1605 1722
2386 2615
1955 2081
1917 2615
2874 2994
1327 1361
2032 2039
1259 1504
953 1124
1241 1536
2347 2575
596 604
1275 1633
2590 2630
107 1313
1069 1868
1927 2365
2232 2292
2024 2645
1622 1724
1523 1600
2720 3353
1993 2088
3203 3210
617 648
2966 3363
697 834
2429 2607
896 1032
1251 1825
2046 2108
1377 1811
2683 2756
2742 3406
3115 3419
1277 1857
388 496
2807 3010
2274 2384
1973 2127
777 830
1997 2123
2713 2990
487 538
2098 2561
2043 2554
2537 2543
1912 2296
1173 1663
1004 1250
2135 2224
604 606
1204 1899
2870 3001
3437 3774
934 1431
1117 1173
3209 3320
516 551
933 1820
2056 2478
1376 1393
1056 1409
1006 1559
2268 2385
2864 2915
3152 3288
3940 3966
2951 3404
1084 1605
2324 2460
2115 2309
2875 3172
1001 1512
2347 2546
1998 2022
3437 3686
2911 3348
2326 2623
2213 2276
705 824
2340 2477
3497 3707
2468 2561
2190 2430
2123 2326
3466 3680
2018 2472
2241 2629
1331 1370
2229 2619
1026 1075
1284 1423
1446 1692
2742 2939
1199 1516
2754 3078
2836 3421
2046 2064
348 404
739 777
2187 2498
2292 2400
2064 2428
136 285
1480 1652
1006 1612
3607 3698
1235 1628
872 887
2156 2160
1471 1612
1187 1553
2498 2592
952 1791
483 1122
2157 2364
3648 3711
1156 1888
984 1893
2069 2492
2348 2623
906 1352
1123 1886
2064 2356
2506 2520
2479 2617
0 169
2357 2587
2544 2629
1454 1751
3637 3659
1997 2500
2033 2559
513 580
583 658
2123 2407
964 1783
2063 2363
953 1078
1238 1287
2299 2551
947 1669
946 1398
2040 2329
1684 2665
1912 2010
2781 3082
902 975
1284 1475
2138 2289
964 1415
2432 2509
997 1388
3481 3695
2950 3320
506 523
2989 3070
2063 2118
1925 2124
947 1795
473 542
1086 1416
2285 2372
728 835
2007 2133
1214 1669
2042 2292
2793 2991
1964 2219
3667 3692
2084 2575
2124 2307
3089 3344
1513 1842
1912 2180
107 1277
3152 3172
1939 2451
3169 3280
2993 3090
1528 1669
1420 1813
2663 3139
211 325
2009 2011
2246 2616
2131 2395
539 560
1926 2283
946 1491
1197 1718
1298 1873
3468 3866
2681 2757
686 767
1684 2935
80 180
2925 2986
2418 2428
3994 4019
1309 1871
2748 3041
2809 3030
2042 2279
3801 3885
2095 2233
2507 2591
2666 3226
2733 3011
2953 2969
754 792
2200 2631
1962 2188
0 33
1991 2006
2833 3360
236 314
2147 2376
1659 1819
1350 1432
2753 3070
2124 2190
975 1502
2007 2199
2347 2418
2384 2415
2133 2247
2309 2646
2150 2240
2060 2520
1576 1720
2446 2654
2331 2407
1199 1707
348 400
2347 2555
1932 2543
423 475
800 823
107 1638
997 1608
1113 1625
2033 2615
2154 2200
2331 2433
2203 2498
2593 2654
2356 2561
1471 1613
959 1006
538 1543
1684 3110
2344 2461
2212 2543
2414 2507
1255 1608
1548 1892
3035 3416
2976 3280
1460 1501
2214 2288
2218 2539
418 504
2093 2619
1122 1679
2684 2894
963 1319
1277 1303
1361 1714
3002 3072
1076 1554
3227 3324
1156 1288
936 1320
2962 3273
2829 2951
1604 1722
2010 2336
1086 1199
2920 3426
2332 2582
2897 2924
2262 2266
3146 3381
2661 2785
2810 3135
1303 1502
627 681
2143 2239
1993 2142
2148 2347
3509 3869
622 623
1642 1670
1014 1812
1948 2598
354 497
1952 2416
1018 1495
2996 3140
3559 3576
2966 3174
566 1155
2056 2300
2033 2154
1995 2011
1997 2030
2308 2369
2081 2183
2253 2552
2220 2324
1350 1859
1948 2039
912 1657
3593 3906
2088 2090
2786 2916
1291 1800
2781 3120
2669 2905
732 788
360 442
2423 2630
3446 3585
2737 2775
2229 2307
2446 2611
2131 2550
3501 3889
718 815
3154 3366
993 1609
57 92
2850 2920
1945 2616
974 1228
3051 3406
916 1835
348 499
1912 2457
2668 3374
1962 2550
2252 2294
2074 2485
3107 3117
1980 1991
963 1601
1261 1848
3456 3858
66 304
1352 1780
2054 2241
1291 1804
3496 3684
1292 1345
2573 2638
3558 3951
1079 1331
1359 1361
57 242
1231 1475
2913 3384
2086 2429
2026 2183
1986 2064
2122 2271
897 1214
2078 2108
2552 2564
1941 2002
686 793
2280 2594
2306 2507
1173 1610
2046 2326
3720 3751
1574 1677
2464 2604
1351 1431
1159 1225
128 322
524 566
2118 2122
2112 2560
960 1086
1984 2464
1929 2331
2339 2638
3558 3568
958 1216
991 1467
2055 2560
921 1467
1107 1619
31 122
901 1880
1315 1680
3573 3611
2323 2542
2783 3027
2712 3070
2297 2585
1156 1352
3625 3842
1125 1391
2156 2341
1128 1768
2279 2582
745 847
2135 2338
429 539
517 527
400 417
3463 3591
2233 2642
1938 2184
3002 3224
804 888
2683 3301
1358 1744
1945 2302
1316 1322
1185 1272
1312 1675
1329 1662
2102 2510
3836 3893
374 521
1950 2014
1117 1662
1932 2555
3054 3064
1151 1540
1198 1750
3542 3672
1932 1994
2086 2348
1479 1859
2121 2507
1107 1172
2275 2462
1207 1584
1209 1600
1927 2006
3544 3674
2989 3087
2501 2617
2749 2960
1948 2047
2150 2429
1137 1798
3510 3945
2068 2377
1344 1352
2939 3206
2268 2417
2109 2331
3172 3422
2282 2652
2925 3085
2496 2567
2200 2430
2911 2920
599 675
2877 2994
1279 1432
67 265
1918 1929
488 512
1287 1399
2546 2600
1083 1160
406 532
2679 3363
3051 3386
2807 3394
1250 1522
2833 3201
1921 2378
1600 1813
2184 2414
1984 2395
1243 1528
921 1622
107 1582
2155 2318
2172 2391
1067 1824
2247 2516
1927 2004
1467 1734
1385 1574
2506 2631
2184 2359
1020 1591
2241 2398
2890 3324
1344 1689
1917 2339
1049 1407
238 324
1943 2083
695 829
482 483
1520 1888
2574 2579
2243 2344
2753 3132
1017 1230
420 439
941 1907
1367 1721
1051 1525
3505 3508
1986 2123
2272 2310
2274 2479
2923 3411
2909 3303
1407 1551
3558 3711
3466 3652
3455 3713
946 1816
947 1765
2796 2881
1389 1535
2939 3391
3038 3345
2312 2413
456 527
1752 1757
2905 2913
2060 2575
2247 2434
2593 2611
2122 2423
2203 2294
1095 1397
1941 2302
2027 2378
3792 3969
1116 1835
2004 2027
2363 2638
1195 1431
1345 1459
599 643
1984 2363
2018 2640
3077 3154
2254 2289
1318 1773
3145 3185
2189 2584
1255 1683
2694 2782
3742 3861
3082 3182
2491 2635
2073 2392
1380 1391
686 708
2446 2489
3014 3417
3601 3768
2960 3000
3591 3833
2988 3364
1024 1078
1942 2526
456 512
3082 3411
2294 2432
2680 3085
281 309
1984 2576
2749 3056
3309 3318
1052 1738
3873 3962
1684 2839
2042 2087
916 1294
1181 1557
2223 2372
1964 2127
1005 1725
3072 3253
1078 1804
2556 2579
1359 1557
2363 2484
1647 1872
3080 3231
2622 2650
1092 1398
3205 3276
2206 2300
1520 1846
1823 1886
765 780
1146 1600
436 559
1984 2244
2794 2821
2108 2539
900 1615
1704 1786
2261 2539
419 440
1067 1857
2254 2385
2430 2546
1989 2619
483 933
1086 1256
423 503
2673 3023
618 679
1317 1656
3437 3892
3027 3217
952 1554
2901 3051
2782 3399
19 174
475 1179
1219 1551
3279 3432
1062 1794
2434 2652
3833 3973
2751 2946
507 557
1226 1348
1617 1791
1971 2386
1184 1352
1078 1125
3437 3545
3647 3716
391 400
1046 1586
1912 1973
2434 2471
1761 1823
1515 1638
3592 3626
2033 2506
107 1709
2123 2482
188 304
1946 2258
966 1351
107 1691
993 1734
2030 2123
414 613
2447 2620
1017 1902
3495 3962
953 1336
1100 1129
952 1367
1277 1729
475 1155
1063 1083
1643 1804
2850 3426
2668 3215
2805 2983
1075 1522
1126 1839
1390 1604
2036 2612
1214 1793
1009 1044
1923 2031
3049 3316
1334 1782
971 1591
2433 2556
3506 3569
2829 3356
2973 3152
1267 1520
1006 1172
2754 2880
1953 2604
2043 2574
1377 1707
2139 2469
1962 1993
3015 3329
3277 3297
2159 2633
968 1696
3462 3800
1918 2043
1136 1593
713 745
1066 1099
1938 2069
1709 1749
2060 2084
1918 2123
553 645
3050 3296
2181 2644
431 483
366 553
1391 1621
2335 2523
248 332
2042 2081
471 566
1237 1313
115 220
1517 1730
369 457
3464 3510
2125 2384
3185 3198
927 1377
1125 1730
1942 2584
2364 2447
2329 2354
2097 2647
947 1683
1148 1277
2032 2567
2602 2606
2768 3313
1092 1230
3437 3753
1926 2379
1185 1305
2676 3232
1283 1626
2047 2344
1622 1877
942 1204
2551 2623
1993 2340
1219 1736
2072 2315
2200 2324
967 1049
2685 2724
2951 3240
2188 2353
3232 3284
2356 2553
2662 3206
2223 2608
2821 3135
1018 1303
2040 2615
3715 3867
3980 4016
2345 2612
2037 2055
2179 2278
2628 2644
2414 2564
3559 3877
2787 3049
2504 2526
1277 1812
3011 3386
2694 3078
3815 3835
2338 2398
3038 3258
412 494
2582 2649
1254 1368
2947 3019
2363 2601
366 1882
2003 2328
1132 1351
0 97
1312 1329
1007 1104
3089 3120
2392 2607
1467 1833
3210 3411
1175 1305
1112 1367
2172 2408
1214 1376
3371 3412
2750 2827
2127 2328
2793 3082
2326 2574
1684 3349
1156 1746
3459 3645
3226 3417
2730 3077
3025 3029
2849 3347
2615 2631
2908 2911
2278 2462
1238 1522
2944 3078
98 272
1587 1655
2153 2461
3802 3921
3554 3634
2706 3293
2118 2370
2871 3259
1184 1849
2966 3065
1940 2176
2904 3247
3545 3576
348 408
1912 2162
1684 3169
2138 2315
2932 3299
2463 2491
3446 3662
40 272
2237 2549
2102 2198
2091 2313
2089 2126
2071 2429
916 1800
2573 2624
2266 2573
1456 1746
2069 2212
3029 3085
719 817
1277 1381
2176 2416
2954 3279
947 1185
1204 1583
407 490
1284 1587
1551 1663
2833 3060
2108 2526
2206 2507
2176 2289
995 1826
3050 3214
993 1214
3547 3775
1184 1795
983 1791
1912 2014
693 734
2511 2598
1535 1559
925 1132
2713 3240
755 814
122 303
2288 2468
1080 1878
475 604
3708 3759
1481 1749
3362 3433
2716 3352
1229 1587
2843 3369
2279 2385
3539 3895
1099 1783
2223 2594
2040 2369
2180 2302
2068 2597
2258 2477
1120 1862
1914 2006
1267 1516
1216 1378
1148 1475
1981 2458
1117 1613
2028 2605
107 1881
1153 1256
3086 3154
1456 1547
1962 2233
994 1021
2866 3084
1920 2285
1337 1702
3521 3573
1347 1596
2348 2428
1171 2826
348 1025
2150 2593
1078 1416
2294 2509
72 271
2695 2806
2122 2418
1983 2084
2172 2428
3042 3303
3049 3267
363 385
1605 1746
1238 1285
3041 3046
2768 3017
1130 1513
2108 2414
2069 2578
1180 1663
3114 3123
1434 1779
1986 2638
1940 2555
2069 2501
586 587
2699 3311
2142 2601
1271 1605
2169 2398
0 204
1370 1886
2464 2549
1661 1742
1962 2244
1146 1620
2077 2200
463 542
1036 1204
2059 2063
2037 2164
2586 2638
2142 2559
107 1637
1684 2878
2313 2402
2030 2601
2700 2957
3437 3667
1285 1457
2075 2111
1352 1688
862 1085
2564 2590
1943 2602
2087 2491
367 396
40 224
2091 2129
1107 1542
1440 1911
2874 2915
2083 2299
2110 2222
2097 2171
1416 1835
2117 2367
2174 2372
2198 2224
373 431
1004 1330
2088 2464
616 631
2833 3021
2246 2641
2199 2533
1070 1709
966 1663
1530 1752
3596 3693
687 830
1639 1891
1199 1750
1663 1750
1753 1888
92 94
3038 3320
993 1191
2206 2573
2045 2579
1332 1549
2266 2381
2185 2246
2325 2425
579 666
2716 3263
1984 2069
2123 2409
2683 3104
474 547
1286 1591
2862 3195
1351 1804
2477 2485
966 1390
1919 1927
9 258
1929 2578
1219 1730
136 2183
214 343
2295 2629
2853 3169
745 827
136 2071
2827 3435
3203 3208
1966 2165
412 676
519 555
3495 3948
2509 2608
1929 2109
2108 2625
2101 2274
2384 2394
2323 2539
2090 2433
993 1509
970 1615
2810 2910
2273 2347
0 272
1752 1868
1195 1612
3124 3173
2116 2640
2196 2597
2698 2912
901 1319
698 880
2836 2841
3475 3501
2853 3416
2318 2425
1003 1339
2037 2354
1291 1559
416 430
2826 3211
2823 2937
3 228
694 847
1410 1421
1570 1620
1472 1681
1204 1824
1420 1516
2516 2605
2069 2188
2118 2188
3501 3533
3440 3545
2027 2636
1569 1591
2187 2571
2238 2335
988 1192
1644 1721
3013 3175
1261 1729
2336 2463
2970 3351
1334 1584
2229 2593
2328 2333
2469 2553
3437 3512
2300 2449
1281 1429
2549 2550
1018 1192
2409 2553
3043 3110
1612 1839
2854 3394
3154 3371
1126 1752
119 252
2224 2344
1255 1799
1912 1945
981 1100
1256 1483
1565 1606
1545 1910
2042 2143
870 871
2118 2307
2467 2630
3182 3262
2839 2916
2729 2862
1580 1605
934 1793
921 1563
374 545
2039 2463
1191 1399
1562 1896
436 506
917 1738
1072 1226
2117 2203
2139 2467
414 633
1024 1471
2468 2604
2069 2347
3631 3711
2144 2649
2974 3433
1732 1828
2418 2602
1116 1617
1032 1828
2038 2406
2093 2500
2125 2351
1214 1222
355 475
2482 2500
3076 3279
2042 2180
1515 1820
2300 2423
1684 3183
1931 2009
3437 3756
2661 2863
1979 2074
1211 1367
968 1444
1047 1420
978 1849
1082 1158
2122 2184
946 1597
1390 1597
3070 3316
2231 2322
2745 2909
2374 2482
1080 1660
1918 2005
982 1809
919 1032
1912 2426
2384 2652
982 1126
1684 3104
3106 3319
3018 3337
0 158
1800 1816
1076 1376
2549 2619
2068 2533
3295 3346
2060 2112
720 832
599 600
3521 3556
2872 2906
2750 3078
925 1377
0 192
1565 1692
2159 2364
1545 1696
1918 2353
2449 2512
1135 1377
1048 1484
514 548
3486 3569
387 400
299 330
515 519
2078 2334
2046 2507
2039 2592
1131 1504
2823 3434
2348 2553
1955 2315
549 563
995 1388
2029 2272
1613 1791
3938 3966
2033 2526
2296 2473
1019 1596
1028 1867
1375 1617
3492 3756
2669 2910
3051 3113
352 494
22 347
2307 2410
1493 1895
313 339
2381 2446
3117 3364
2112 2140
2067 2646
1926 2451
898 1824
2877 3042
3980 4031
2279 2399
107 1464
741 835
2240 2602
1912 2209
1465 2138
3065 3284
2142 2348
2742 3352
3283 3423
1872 1893
1912 2216
1452 1593
3617 3738
2261 2468
2337 2639
966 1335
2206 2433
1612 1795
3364 3435
1993 2005
1608 1669
2669 2761
916 1409
1993 2109
3646 3969
2188 2433
1632 1888
507 517
2579 2630
2719 3397
2813 2848
3500 3920
1331 1393
2172 2339
1309 1373
2112 2604
0 302
3179 3298
3083 3126
378 423
2055 2266
2305 2336
394 683
2189 2266
1125 1668
2115 2561
1976 2583
2489 2604
1680 1893
1225 1876
2028 2042
3299 3344
2111 2603
2033 2564
2782 2911
1146 1603
2833 3089
1192 1680
1684 3196
1146 1768
902 1611
2433 2495
2485 2615
428 570
1530 1663
2560 2573
2071 2268
2408 2600
3034 3067
2395 2482
1201 1359
3014 3362
2499 2524
1453 1897
537 561
3713 3753
3447 3624
1373 1873
3500 3783
3174 3339
1075 1597
2738 3036
1596 1884
1235 1742
1230 1603
2261 2271
1590 1765
2909 3054
3804 3845
1104 1638
1465 2135
1993 2339
968 1523
1017 1746
3384 3387
1942 2234
2862 3293
2122 2601
3636 3666
2237 2395
728 774
2369 2630
1985 2409
1024 1516
115 140
2849 3350
3206 3247
2088 2409
3120 3247
1997 2624
0 161
2088 2276
2040 2602
2001 2435
1912 1949
1938 2299
2030 2354
2007 2508
3118 3403
1918 2118
2680 2927
2347 2381
1189 1472
1995 2268
1912 2456
951 1274
3111 3287
2043 2240
2063 2218
3150 3201
1983 2429
2974 3213
506 525
2392 2446
2354 2600
1971 2115
2500 2655
2323 2414
3082 3203
2374 2593
2127 2355
2304 2344
118 283
1994 2330
2881 3188
3233 3346
2117 2327
1929 2309
3966 3971
3804 3938
1924 2207
2237 2526
315 329
989 1462
3577 3734
2661 3007
213 242
2125 2246
2143 2153
2996 3214
2027 2583
1983 2600
2425 2637
951 1540
2240 2579
1944 2362
2127 2589
2309 2600
1689 1746
1183 1223
2030 2630
1628 1720
2212 2586
366 475
3343 3411
579 644
2153 2289
1293 1689
479 517
107 1133
2325 2525
113 334
2685 3279
2564 2586
2387 2619
1945 2399
1343 1540
826 842
1347 1893
1020 1582
2187 2445
3064 3226
997 1201
1912 2647
2438 2603
1611 1636
3108 3232
3518 3902
1309 1508
2495 2630
2109 2433
2738 2773
185 274
3533 3633
2973 3160
2057 2530
2694 3096
566 1237
1985 2404
1597 1714
2081 2153
1056 1584
3038 3260
78 181
483 1742
170 322
434 456
2133 2653
3437 3622
2662 2737
1339 1826
1601 1629
1684 3356
637 679
1048 1409
3224 3342
2940 3293
2128 2338
3539 3584
1163 1839
1040 1390
3224 3330
1598 1652
2684 3396
1373 1686
2771 3248
506 521
1250 1600
1 299
3158 3433
107 1132
1015 1345
2108 2184
2067 2478
1612 1851
792 838
3604 3858
2161 2243
941 1235
2924 3293
469 563
2184 2482
2294 2420
1199 1730
1954 2327
2765 3416
239 295
1929 2374
964 1373
2306 2578
1420 1559
1912 1921
2931 3364
1585 1590
2092 2206
2028 2223
107 1039
353 1543
102 296
118 342
1600 1816
1964 2589
2729 2738
1613 1622
1963 2063
107 1681
2059 2654
993 1195
2352 2477
484 1080
2033 2551
2240 2485
2674 3344
2674 3192
2398 2653
927 1846
1304 1473
2720 3076
1584 1894
1409 1580
2234 2393
1923 2328
2112 2563
437 498
107 1018
3841 3950
2527 2595
1960 2173
2638 2655
3695 3883
2111 2589
577 635
1257 1680
2458 2510
2053 2629
1684 3027
3152 3332
3501 3734
1365 1752
1763 1844
2370 2559
107 1024
2666 3064
1185 1608
1367 1520
2729 3394
361 463
1184 1471
1471 1563
1070 1228
1212 1901
366 493
960 1101
2280 2283
1420 1902
2904 3306
0 262
1059 1509
1999 2171
538 1408
2240 2347
2093 2563
2261 2611
1004 1335
3437 3878
136 2292
13 239
960 1024
2033 2655
2368 2533
2347 2404
1352 1485
2084 2395
2068 2471
1075 1867
2138 2511
2896 3078
3596 3785
3051 3201
3022 3090
1547 1620
1530 1839
2149 2328
2755 2927
2750 2908
2275 2374
67 188
2347 2468
2563 2638
2468 2543
2863 3316
1463 1804
461 506
367 548
776 873
1516 1804
1154 1543
1082 1596
25 280
2339 2369
1591 1716
1722 1730
1075 1768
2123 2576
1598 1823
92 266
1112 1757
1344 1789
1649 1794
1930 2335
1026 1888
2133 2509
1138 1218
1269 1864
136 1926
2381 2467
526 553
1943 2646
2458 2589
705 731
1947 2588
1983 2553
1941 2511
2111 2125
1506 1512
946 1530
1173 1900
50 119
2313 2380
1990 2047
2084 2098
752 847
3327 3389
227 278
2045 2046
2937 3035
896 1680
2468 2606
2073 2188
896 1786
2338 2510
1391 1603
1707 1796
1059 1376
2784 3275
2139 2311
2283 2555
2086 2088
2135 2199
2670 3309
3654 3804
3286 3324
2870 3186
3140 3360
3038 3101
2347 2462
1079 1613
2261 2578
2095 2553
1028 1449
2847 3341
3826 3909
2220 2482
2688 2693
1868 1902
25 231
1941 2053
1079 1721
2121 2477
2138 2338
1956 2245
3545 3842
2032 2280
902 1036
2173 2251
1684 2705
930 1332
2216 2266
988 1345
1369 1523
3288 3419
3630 3738
2054 2127
2142 2189
1292 1404
2901 3082
2769 3139
2267 2475
1335 1793
353 1397
3577 3677
1580 1849
2108 2124
2081 2629
1123 1271
1551 1811
437 532
1718 2529
3078 3129
3252 3351
2332 2649
3035 3265
1113 1660
452 500
1318 1844
2428 2607
107 1611
2458 2653
1172 1535
506 517
1440 1858
1881 1882
1175 1185
3081 3398
1469 1709
2038 2186
158 315
1082 1903
3110 3138
3628 3760
3873 3968
2262 2545
1059 1079
1951 1972
1250 1547
1356 1372
3101 3397
360 412
2664 2782
1267 1557
3448 3501
2370 2404
2858 3383
936 1677
1333 1798
2407 2409
2780 3335
1044 1279
188 342
3437 3443
1282 1732
1380 1714
1509 1799
762 799
2206 2611
2080 2656
2202 2389
944 1131
2346 2633
373 546
2289 2448
1052 1504
1271 1610
1123 1341
1215 1489
2323 2624
2054 2567
1922 2587
1059 1737
2679 3014
1642 1674
2086 2467
2280 2501
2410 2464
1930 2049
517 1114
2773 2977
1312 1864
1960 2197
2830 3366
3010 3080
2142 2482
2095 2560
1214 1757
2308 2489
1380 1623
2866 2909
1330 1431
2186 2232
1101 1153
925 1735
1614 1864
2312 2384
1972 2013
1857 1872
1431 1799
1576 1691
2690 3353
2300 2542
2140 2150
3511 3900
3680 3931
3437 3615
3617 3719
3821 3931
400 456
1278 1746
1259 1362
1591 1706
1741 1823
2203 2529
902 1379
2853 2894
3172 3179
2328 2420
1938 2073
2849 3116
1227 1715
1986 2206
1255 1563
1684 2838
2062 2328
1946 2276
107 1388
1488 1604
1965 2474
2088 2354
1522 1795
2145 2366
1086 1547
1099 1495
3797 3842
3038 3434
2686 2950
2052 2372
2410 2630
1988 2426
1598 1789
2129 2236
1946 2539
2467 2574
1991 2284
1995 2627
3437 3884
2052 2598
2244 2323
876 882
1416 1789
544 559
526 1377
2928 3054
948 1313
546 555
2777 2944
2118 2495
1985 2374
3351 3434
3049 3206
1101 1391
2081 2567
1761 1799
2816 3152
1351 1399
967 1557
1920 2293
3240 3299
1523 1609
2132 2491
2894 3172
1704 1850
687 779
16 261
2093 2216
917 1787
997 1580
2908 3284
2989 2992
2095 2549
900 1687
1600 1736
1032 1309
1250 1456
2359 2430
2050 2378
3102 3344
2005 2654
1983 2423
107 1549
1117 1431
1120 1459
2161 2336
107 1085
2507 2549
694 773
1231 1235
3741 3938
187 254
2718 3385
686 768
2404 2615
1059 1589
1413 1611
1609 1842
526 1609
2059 2546
3642 3828
1100 1227
603 609
2521 2586
2149 2226
2279 2491
1042 1167
2063 2229
1995 2583
2553 2579
2001 2159
2142 2172
1659 1688
2188 2414
1976 1991
1083 1172
2216 2467
2123 2433
2290 2374
580 1882
113 188
2381 2485
2742 3035
3036 3364
1800 1886
1037 1070
3711 3969
3060 3298
2395 2654
1742 1907
3152 3291
1428 1904
1469 1496
363 475
378 484
2504 2556
2056 2331
3571 3774
1508 1729
1912 2618
3918 3957
2206 2619
3587 3791
936 1512
2509 2544
2974 3426
1284 1742
3017 3378
348 556
2839 2940
2604 2607
2268 2649
2237 2646
2311 2404
2154 2391
1059 1557
3534 3937
2841 3327
1305 1886
1912 2431
3609 3756
2354 2356
3711 3870
1311 1472
526 606
1012 1699
1255 1352
3546 3549
1377 1487
897 1639
3558 3855
1961 2301
1468 1802
2806 2877
2093 2131
2210 2560
3437 3658
107 1170
2121 2460
0 200
369 563
3078 3090
412 436
2509 2629
2326 2482
2030 2492
1570 1598
1603 1827
3350 3360
1320 1374
1066 1786
1126 1819
2088 2428
3634 3956
2074 2600
1388 1589
2946 3117
3553 3599
511 517
355 367
3574 3828
2102 2461
2689 2867
236 276
232 239
2661 3252
16 118
2680 3387
1080 1882
2040 2501
1160 1570
1004 1559
2839 2928
592 597
914 1575
2218 2460
118 238
2098 2213
2191 2510
3022 3098
2449 2611
3000 3226
2052 2054
107 1737
1663 1734
1953 2266
3488 3891
1185 1456
1060 1716
1916 2241
1431 1675
1786 1873
1192 1720
2275 2429
2059 2543
1041 1246
1352 1668
1369 1851
2423 2492
2086 2240
1327 1561
2047 2335
2839 3098
1447 1849
2384 2472
1980 2001
1450 3179
2140 2410
1026 1334
1684 3046
3487 3551
2147 2189
2109 2552
2148 2530
2371 2540
1235 1381
1256 1879
509 518
2910 2916
2101 2367
1289 1399
3000 3119
906 1278
1110 1717
1059 1735
3259 3276
1953 2625
2184 2348
2188 2244
1488 1810
2328 2332
1509 1765
1983 2615
1983 2387
2151 2399
1173 1559
2221 2511
2787 3369
2976 3403
1184 1524
954 1751
3547 3548
1079 1344
3473 3868
1175 1621
2019 2092
101 302
2047 2642
3011 3079
351 454
136 2319
3437 3925
1181 1516
107 1376
2742 3239
2430 2476
2247 2616
2127 2187
703 759
1929 2046
1605 1768
1126 1522
2866 3399
780 840
2007 2223
2410 2573
2863 3239
914 1885
1577 2010
408 439
2064 2430
2054 2062
1457 1547
2430 2478
3082 3321
1275 1876
2933 3072
374 496
119 339
2060 2064
563 566
2392 2593
2237 2363
2756 3433
1652 1789
1323 1842
1199 1584
2144 2289
1250 1557
1095 1794
2827 3363
2919 2925
2750 3142
2758 3366
1006 1683
994 1448
4000 4030
2500 2601
2300 2543
724 824
1074 1902
2266 2655
1191 1407
3169 3434
755 793
1282 1649
3474 3738
1321 1858
2929 3119
486 516
1932 2510
947 1391
483 1373
952 1078
3029 3238
1267 1804
1941 2602
858 881
947 1449
2189 2611
2039 2384
2137 2510
2689 3324
1257 1404
1471 1662
1345 1381
2060 2348
1431 1835
3711 3718
1923 2270
2864 2867
3592 3891
989 1729
2125 2518
1146 1390
862 3684
39 161
1733 1895
2843 2955
651 1408
1959 2039
2924 3025
1972 2128
1267 1272
2338 2343
3274 3396
959 1029
2059 2069
3260 3360
2060 2142
1146 1184
1630 1703
2199 2394
460 566
404 561
2384 2458
2620 2658
2468 2500
2176 2425
2862 2927
973 1656
966 1652
1835 1864
2073 2404
2123 2139
3465 3571
2086 2404
1917 2409
2278 2492
2053 2351
1345 1404
1942 2206
1191 1516
932 1211
2905 3142
2170 2426
2191 2199
2786 2994
428 1320
2364 2494
2835 2906
2909 2940
107 1682
2464 2504
729 888
2823 3076
2376 2546
2895 3017
900 1261
1344 1724
1919 2143
1078 1604
2914 3136
1918 2376
1059 1570
686 800
2206 2485
1938 2271
3096 3174
1282 1502
1 48
2121 2586
2226 2366
3437 3696
1622 1753
1918 2323
1409 1535
2090 2139
1006 1835
3051 3397
712 736
1056 1078
957 1573
1345 1413
2123 2323
2240 2287
1173 1243
2381 2624
1026 1377
1993 2086
2169 2617
2172 2184
1344 1557
3214 3279
1359 1796
1972 2585
1019 1426
2052 2543
2064 2369
1390 1488
2687 2716
387 570
3481 3639
2392 2464
2852 3220
2885 3290
3265 3280
2077 2308
1580 1868
1289 1842
592 621
203 304
1684 2941
3000 3084
1470 1535
2663 3300
2399 2419
2552 2630
1610 1712
2135 2475
1078 1809
1989 2123
1184 1250
285 313
1162 1831
2266 2323
1172 1293
2966 3238
3618 3734
526 1209
1684 2870
1024 1267
966 1380
1084 1722
3051 3261
2244 2560
3617 3622
1946 2601
31 109
1972 2640
1707 1816
1954 2582
1979 2564
1941 2183
993 1149
3213 3324
2518 2598
1272 1485
1921 2639
995 1651
2172 2299
417 511
1124 1669
1128 1675
2785 3072
3456 3703
1768 1813
1617 1826
2056 2299
2766 3119
2038 2215
3758 3947
584 631
3133 3233
3506 3631
1261 1732
1985 2520
3437 3523
2239 2347
2030 2278
2274 2652
1070 1469
2864 3078
2521 2564
2907 3135
2124 2600
2109 2131
2901 3299
2196 2332
897 1470
1684 3390
436 507
2124 2370
2206 2308
913 1818
1352 1879
257 272
1004 1101
2533 2589
2047 2325
2928 2966
2862 3073
2590 2646
373 376
2066 2642
26 133
1684 3205
3577 3962
774 820
1765 1851
36 135
1989 2290
1573 1591
1943 2090
1985 2526
107 1076
402 515
1076 1833
2069 2556
2355 2610
1172 1483
2046 2408
2825 2989
3553 3778
1398 1458
1491 1823
2191 2241
988 1715
3160 3344
1302 1816
3291 3421
3102 3146
1488 1836
2253 2601
1471 1772
2399 2608
2030 2460
2680 2835
1993 2103
2328 2643
959 1456
2616 2649
3146 3201
566 1740
1377 1600
389 509
726 824
1132 1380
2216 2500
2020 2356
1573 1583
917 1742
2150 2253
3120 3316
1528 1827
2915 3029
2931 3090
419 505
1001 1427
2317 2402
1156 1470
1078 1359
1024 1390
3546 3679
939 1425
1462 1628
1242 1367
1918 2045
2661 3353
1078 1172
2118 2553
452 489
2241 2384
3758 3829
1909 1911
973 1150
2669 2974
993 1902
2086 2123
2150 2278
1019 1859
946 1390
1370 1712
2078 2088
1997 2552
1559 1804
1920 2347
3204 3297
3000 3029
3437 3521
1684 3244
2694 2763
2914 3188
3545 3578
2512 2629
2057 2068
2212 2623
2555 2598
2153 2555
1367 1391
107 1765
2244 2359
2104 2600
1456 1613
3579 3837
2286 2371
1267 1752
2103 2532
0 41
2467 2561
348 527
2689 3158
391 544
1390 1621
3619 3880
1109 1482
1003 1059
2118 2414
897 1312
698 857
87 246
1125 1449
13 313
1101 1604
376 490
2844 2904
2733 3185
2330 2491
2065 2560
3599 3615
3130 3300
1684 3337
2279 2629
959 1551
2891 3237
431 545
3838 3940
3172 3204
3461 3930
2294 2649
1004 1735
2889 2959
3475 3828
3782 3906
1987 2215
2153 2511
992 1216
2213 2561
25 257
688 694
1329 1734
1471 1888
3279 3353
0 237
1245 1454
1971 2104
1960 2628
2043 2395
960 1488
2074 2407
3437 3937
1312 1833
1658 1818
1078 1341
3506 3534
2077 2624
1912 2006
3625 3948
62 122
348 437
2040 2407
2850 2916
1578 1862
2795 3020
109 252
3051 3291
1011 1504
2931 3426
1918 2574
2323 2521
3725 3739
1999 2583
2890 3000
2224 2295
2334 2430
3460 3464
107 1576
1985 2172
957 1036
960 1006
2877 2908
1597 1643
1388 1768
2500 2624
2183 2347
1173 1888
2232 2325
1280 1483
2002 2111
2218 2630
1359 1675
2174 2436
2976 3272
3449 3651
107 1778
3224 3421
1503 1850
2385 2629
2201 2468
3025 3363
2139 2551
1172 1662
3473 3857
2246 2343
3456 3734
2777 2815
2763 3414
1345 1638
1520 1827
2037 2210
1661 1732
1260 1299
3437 3687
1912 2460
3593 3601
3437 3765
3830 3930
1589 1765
653 666
2275 2428
1018 1281
1948 2183
695 780
1542 1619
3869 3947
3004 3023
1962 1971
1279 1857
2266 2369
1124 1843
2793 3396
2289 2318
2346 2378
3821 3881
2324 2624
1049 1752
2869 3386
1929 2040
1030 1043
1052 1159
698 776
2484 2586
2109 2506
1914 1927
158 317
119 313
804 861
2266 2563
2943 3054
2694 3202
960 1898
3442 3713
1912 2351
2213 2237
2021 2543
1215 1649
2040 2103
2355 2413
2037 2043
2149 2185
3172 3403
1003 1641
2344 2434
1772 1861
348 419
166 198
2102 2498
1257 1284
1981 2132
897 1460
997 1610
1340 1623
1617 1718
9 119
1217 1408
913 1646
978 1509
1449 1471
2169 2372
3 122
932 1843
968 1217
27 54
362 413
3437 3977
365 408
1717 1750
1017 1302
3690 3821
373 513
963 1733
3115 3335
1843 1845
2149 2169
2782 3078
1153 1175
204 249
1017 1741
2590 2613
1520 1540
2468 2482
944 1738
2290 2363
1142 1514
1003 1613
2869 3172
2078 2140
1059 1736
1447 1488
1376 1391
2717 3065
1006 1610
1282 1475
1971 2414
2072 2516
1299 1504
3521 3608
1991 2657
1161 1702
1946 2200
741 781
1014 1102
1148 1462
2115 2190
1340 1888
993 1714
1577 2289
2002 2567
1577 1618
728 759
1083 1285
1931 1995
1440 1590
896 1661
2894 2991
1503 1706
1056 1527
3168 3179
3384 3417
1167 1260
2118 2261
723 849
130 322
1261 1582
1721 1833
1516 1757
2159 2583
1367 1683
2352 2638
1146 1290
2043 2646
2673 3193
870 879
1632 1730
2352 2468
1269 1516
3531 3771
2150 2172
1373 1495
1085 1193
1064 1443
213 285
988 1190
2026 2196
3240 3321
3481 3649
755 787
1409 1845
1986 2339
686 776
2833 2869
107 1404
3437 3579
2215 2285
2911 2916
1684 2815
2775 2995
1393 1531
926 946
3029 3084
946 1431
1049 1603
2742 3299
1912 2183
3623 3810
2073 2190
1917 2414
1380 1888
643 670
2951 3086
1420 1717
419 551
3235 3280
1290 1659
2063 2521
3160 3298
2542 2631
1684 2897
1382 1729
1365 1584
2068 2445
2414 2476
1101 1789
980 1352
2491 2594
2875 3111
2492 2611
3463 3593
355 555
1458 1480
1259 1472
1437 1911
1483 1772
1211 1341
902 1438
1225 1630
1570 1604
2059 2414
171 189
1653 1721
1563 1769
2951 3391
1557 1879
2207 2466
3625 3633
2489 2625
1452 1784
1330 1603
2258 2611
2047 2223
2278 2638
2142 2476
107 1810
2191 2250
2338 2475
482 548
2729 2915
2064 2339
2154 2489
1666 3020
1214 1447
1135 1352
2035 2228
2662 2804
2369 2410
1768 1864
2951 3020
2150 2552
993 1888
1985 2063
1820 1859
686 799
1219 1879
3001 3356
1684 3071
2600 2602
1120 1583
1644 1659
3545 3611
2073 2624
1162 1901
373 465
1377 1535
1360 1588
1449 1888
1289 1791
2339 2359
2189 2427
2233 2340
2123 2359
1761 1864
1465 2117
1941 2047
1835 1861
1149 1879
922 1305
1054 1092
614 676
774 824
483 1543
3468 3826
1054 1128
3149 3237
107 1452
1340 1375
2088 2408
3167 3385
526 1074
3596 3797
1174 1687
1238 1391
1110 1754
2905 3387
2664 2974
1219 1553
3577 3929
119 203
1447 1879
3670 3938
1959 2007
686 842
2201 2408
709 754
2037 2464
2098 2638
2724 3068
1505 3011
1132 1816
62 239
107 1546
2953 2988
2460 2573
136 2111
128 271
1399 1597
896 1192
1668 1898
3870 3903
389 1070
1135 1813
1928 2459
3519 3701
3185 3378
3752 3829
2707 2964
3065 3363
2976 3076
1104 1204
1311 1681
1684 2723
2206 2602
3437 3697
1714 1804
935 1531
1539 1752
2510 2567
598 618
2155 2176
3529 3945
400 553
2153 2267
592 616
1230 1420
2084 2369
1491 1827
1004 1598
1501 1765
1298 1903
1175 1782
1351 1879
3621 3861
2063 2428
2272 2432
1985 2115
2283 2609
3136 3264
1132 1269
2911 3339
3120 3191
2046 2347
2785 3081
711 752
2216 2655
400 434
1230 1685
1191 1898
2261 2615
941 1820
426 531
2757 2782
947 1563
2156 2659
2896 3363
6 147
3038 3299
2171 2268
2682 2724
2078 2563
953 1804
2482 2507
1061 1328
3449 3938
393 501
2863 2869
2153 2475
2972 3311
1522 1620
2190 2590
2348 2543
1920 2047
758 809
906 1175
2055 2369
3980 4023
1238 1542
2037 2121
3301 3426
2212 2428
1664 1876
1035 1770
3169 3381
1126 1707
2011 2472
1653 1810
2464 2552
2199 2235
2059 2600
1277 1871
1746 1902
3725 3857
1040 1063
1249 1831
2033 2112
428 473
428 506
2786 2912
1036 1573
2309 2553
2144 2510
2102 2224
204 330
1720 1862
1322 1716
978 1662
2302 2629
1289 1864
2039 2302
2578 2586
2127 2471
2197 2260
2082 2412
3564 3680
947 1431
1132 1285
2271 2564
2117 2149
719 766
1367 1605
26 276
2306 2308
1302 1449
2575 2591
2059 2348
1945 2394
2324 2602
3519 3836
2771 3214
637 1882
3194 3360
2025 2202
2074 2369
1504 1904
1941 2492
2663 3426
1377 1891
1943 2030
1124 1219
2510 2616
1971 2352
1198 1819
2011 2061
1230 1842
2755 3435
1842 1849
2010 2567
2153 2241
2253 2356
1036 1592
0 64
2495 2586
1540 1813
2403 2405
381 389
3613 3695
2131 2356
1241 1503
2123 2638
1623 1746
2287 2363
3599 3907
2750 2905
1554 1717
3017 3111
2815 2911
2356 2654
1945 2338
1685 1800
559 651
3648 3903
2546 2625
2093 2108
1718 2081
2109 2564
2811 3162
2051 2342
1955 2345
686 772
3442 3753
2059 2550
3116 3434
2138 2259
3079 3350
698 747
3093 3274
1104 1786
1912 2377
2661 3296
1796 1799
936 1155
695 840
1185 1753
1944 2289
2363 2564
1468 1892
2154 2477
2664 3250
107 994
489 535
1450 3289
2790 2803
1962 2506
1126 1835
1601 1837
726 820
2742 3051
308 323
686 821
3579 3774
482 553
428 523
3569 3833
2806 2910
2354 2430
1983 2240
1941 2283
3542 3817
2460 2492
3417 3435
1079 1644
136 1932
3064 3078
2604 2654
2111 2592
392 487
2237 2257
2520 2564
421 444
1172 1390
2069 2559
959 1153
1156 1685
2951 3353
2134 2336
1302 1557
2073 2216
3555 3956
1959 2264
1059 1540
2391 2556
2742 3288
3528 3838
517 1446
1962 2347
2157 2645
2730 3189
2030 2590
1401 1839
89 219
1985 2420
3628 3871
2292 2543
2611 2625
2828 2869
2910 3033
917 964
2307 2520
3205 3263
1079 1819
2719 3353
2694 2943
2108 2624
2787 3211
1107 1617
1970 2384
2410 2526
376 434
1961 2317
1067 1204
2363 2542
1335 1668
3339 3362
2689 3117
1204 1764
2072 2282
2282 2432
686 721
948 1446
107 1574
1623 1867
1047 1861
1912 2578
990 2760
1937 2357
2311 2430
1584 1619
3005 3342
953 1553
1684 3016
1238 1483
3324 3414
1004 1390
3162 3233
1048 1352
2619 2631
432 545
1530 1902
3448 3449
2170 2466
3448 3527
2224 2519
1370 1612
1277 1824
1259 1338
1211 1864
1462 1691
2172 2564
697 753
1250 1659
2835 3399
1082 1857
2763 3220
26 172
2043 2103
2081 2537
2087 2264
2803 3256
2090 2306
2764 2903
978 1491
1107 1149
1146 1833
2351 2629
2419 2436
2212 2395
3877 3968
1813 1827
1479 1786
2410 2449
80 320
408 473
496 580
2862 2966
3796 3851
773 836
1361 1879
824 848
1577 2047
497 544
1827 1845
1373 1451
1192 1872
2339 2532
3501 3692
1959 2102
1367 1730
1078 1800
2960 3065
2682 2737
2724 3011
917 1630
1340 1376
896 1104
2785 3212
1024 1126
2970 3169
1939 2294
2887 2915
1929 2131
2395 2559
2133 2328
3104 3293
107 1832
1730 1842
1528 1603
1241 1876
2055 2218
2030 2088
3642 3930
2982 3325
1086 1589
967 993
2259 2417
438 452
2340 2407
1042 1366
2213 2550
2664 3284
3830 3832
2936 3113
1374 1673
2095 2616
1637 1730
2376 2536
1272 1804
1399 1752
2115 2233
1059 1721
3039 3396
354 458
56 277
2904 3214
3596 3605
1003 1877
1017 1623
2038 2398
1584 1735
2661 3132
1842 1902
766 826
2765 3049
1955 2032
2155 2221
658 665
2520 2631
3188 3345
2575 2607
1925 2624
697 840
1971 2172
107 1619
1152 1584
1959 2071
1334 1730
2027 2633
3449 3805
2680 2839
3017 3276
1913 2384
2551 2600
1912 2515
1214 1911
2785 3188
2553 2601
2410 2477
745 784
1004 1688
2065 2385
1066 1204
2340 2611
1912 2158
997 1361
3737 3824
785 846
2037 2118
3437 3860
2024 2447
2047 2582
1391 1839
2194 2196
2550 2630
2950 3189
2410 2553
946 1547
2928 2988
1250 1420
3651 3677
1522 1765
2073 2646
1146 1662
1125 1604
2078 2381
1032 1812
1717 1752
3060 3347
3526 3685
524 651
2334 2520
1041 1428
1272 1563
1376 1523
2151 2343
2049 2570
2993 2994
1004 1079
2839 2925
3497 3528
1684 2670
1985 2122
3277 3397
3711 3758
1100 1204
1261 1857
1998 2447
934 1185
1613 1835
703 845
1329 1643
2955 3327
1109 1275
1539 1839
3076 3378
1361 1663
2206 2244
1086 1273
3538 3541
3464 3726
1557 1800
1037 1504
449 480
493 545
0 232
2717 2864
3692 3721
3713 3740
2164 2433
526 1049
1983 2374
556 559
3065 3301
3124 3312
953 1173
0 170
1976 2192
1465 2267
2308 2408
2064 2115
1156 1175
2172 2536
21 142
1235 1636
2947 3168
2890 3433
2190 2309
1450 1666
1614 1799
149 312
3545 3755
3455 3753
952 1126
3115 3288
947 1367
3534 3770
2698 3400
107 1550
1177 1641
366 482
2053 2479
1656 1687
924 1472
2661 2973
1447 1605
2819 3306
107 1510
538 637
3032 3385
428 484
1927 2378
2894 3403
1080 1294
0 175
580 1743
3487 3566
1242 1804
896 1573
1024 1336
1912 2045
1090 1141
1541 1624
353 484
3499 3758
1265 1520
2945 3163
2063 2414
3356 3412
1610 1799
2290 2369
359 481
2391 2584
3826 3976
2753 3434
404 484
1146 1209
1917 2549
367 490
1791 1898
425 563
3054 3078
487 493
1912 2011
835 838
2221 2394
1324 1893
1211 1632
1964 2138
3580 3585
1068 1390
2098 2140
3523 3919
2859 3027
1040 1370
2292 2653
3437 3799
3005 3118
2423 2625
896 1009
2040 2590
2073 2233
2384 2589
2671 2962
3049 3102
3256 3369
1997 2414
29 172
59 98
1125 1184
1730 1765
1290 1597
496 566
1384 1758
1163 1707
1081 1277
1216 1798
811 869
2330 2336
3 142
107 1402
2657 2658
3596 3943
3070 3132
2853 3397
2754 3348
1465 1941
999 1669
1946 2086
4003 4030
1214 1879
107 1725
1520 1791
1173 1613
992 1787
1086 1126
626 654
2726 3045
1195 1467
3534 3535
19 175
2546 2619
3019 3273
2996 3277
3151 3409
2916 2987
2862 3220
3612 3759
2433 2550
700 745
959 1457
2240 2489
1269 1835
953 993
1328 1803
967 1485
1004 1707
1684 3124
3239 3345
583 650
702 714
2853 3070
2132 2451
1563 1836
2460 2506
574 579
370 669
2395 2477
3239 3416
2785 2863
1076 1242
1117 1839
107 1636
2131 2276
1238 1331
2782 2913
983 1163
2421 2437
925 1047
2567 2582
1359 1839
3001 3295
2951 3075
2149 2603
1917 2033
7 246
1361 1674
1291 1376
3298 3381
1402 1888
2495 2654
107 1413
3437 3741
373 641
925 1365
752 810
3232 3387
2765 2770
2322 2610
2131 2604
1507 1541
2164 2526
2235 2243
1452 1468
2815 2827
2165 2276
376 426
2155 2343
1642 2941
946 1339
2092 2423
2336 2533
2223 2589
953 1620
726 834
1684 2959
972 1809
2172 2433
3065 3228
2267 2642
1273 1508
2607 2624
2778 3381
1167 1709
2073 2213
967 1563
479 511
3646 3648
2510 2598
2309 2374
2940 2966
1942 2387
862 3592
1663 1868
2727 3178
1959 2479
3084 3362
1026 1761
107 1520
3140 3331
3634 3738
1912 2336
2353 2414
1004 1554
4000 4026
2946 3302
1971 2500
436 542
1255 1334
2471 2588
2139 2578
2152 2248
2772 3342
966 1256
1110 1600
2029 2182
2624 2646
2059 2300
2689 2916
1471 1898
2326 2492
2150 2619
1941 2630
2713 3103
2306 2446
1960 2448
2221 2415
1006 1879
2464 2606
1001 1207
2349 2622
3293 3362
105 315
2030 2625
1547 1619
2914 3132
1064 1473
1345 1350
2257 2492
3437 3963
1017 1632
707 768
2396 2603
1551 1669
1123 1391
2507 2604
1148 1347
2131 2309
1787 1892
2126 2181
2128 2629
2352 2356
553 566
3402 3425
2099 2126
2778 2781
1140 1534
2970 3185
1175 1846
2918 2932
2084 2546
0 20
1010 1633
1199 1256
2020 2299
2199 2438
3593 3869
418 506
2504 2655
461 517
3464 3945
133 271
3633 3667
2369 2593
1036 1227
2240 2556
1059 1750
2977 2993
1004 1524
2081 2101
2811 2904
3019 3154
1132 1361
913 1222
421 500
2046 2464
3293 3435
2121 2290
1139 1236
2386 2414
1117 1535
1014 1786
925 1524
3505 3629
2139 2278
1681 1727
987 1794
1405 1612
1938 2449
2278 2374
3089 3194
937 1725
1205 1791
1926 2187
1247 1649
3470 3773
1447 1589
2136 2504
1388 1613
2829 3233
2992 3035
2647 2657
1163 1256
2276 2559
2374 2428
2245 2535
1299 1310
2567 2609
1222 1557
3464 3617
1128 1230
2131 2476
2711 2829
1187 1328
2211 2425
85 274
3220 3293
2748 3335
3544 3808
967 1528
2390 2415
2223 2643
40 257
2397 2448
3577 3721
2194 2319
2728 3285
898 1396
2117 2174
2828 3148
2110 2282
1101 1551
2074 2077
2551 2554
2753 3145
1915 2251
1945 2333
2172 2543
2289 2416
2309 2524
629 1893
404 494
1392 1611
3590 3710
2679 2756
2420 2468
2201 2611
2229 2559
2706 3096
1121 1259
2929 2931
2128 2322
2996 3330
603 612
2737 3051
3651 3756
2139 2229
1935 2364
2970 3434
0 29
1066 1582
1940 2007
1423 1841
2128 2594
1205 1535
2551 2630
953 1483
3982 4003
2770 3265
1839 1849
2428 2539
2026 2508
366 1397
3637 3756
1672 1725
3119 3257
698 858
408 556
2063 2429
1041 1169
1291 1370
983 1832
930 1625
2109 2123
2916 2974
483 1870
1447 1608
711 795
635 643
3437 3893
1144 1588
1982 2092
1132 1256
538 561
3623 3768
2324 2623
2340 2370
2121 2271
2038 2039
1107 1391
1207 1542
1940 2174
2682 3019
3758 3825
2781 3049
3711 3792
3507 3554
2854 3430
1940 2319
1591 1596
592 625
1086 1201
352 408
475 1320
2738 2931
930 1374
2118 2216
2754 2777
2104 2290
1214 1702
2751 3035
3058 3345
3437 3530
2333 2594
626 644
1726 3164
2030 2526
1519 1528
1170 1303
1227 1277
576 578
3410 3420
1246 1807
2032 2649
2072 2161
2124 2376
2054 2081
2131 2495
1954 2344
1787 1895
916 1214
2065 2462
1912 2109
579 630
1019 1322
2985 3226
938 1468
526 1012
2521 2625
2026 2125
1330 1551
2845 3060
942 1502
2247 2603
687 777
1722 1797
2499 2521
3448 3948
3206 3416
3633 3860
925 1799
1752 1835
3528 3545
2164 2611
1938 2109
2970 3297
2135 2302
435 551
2054 2068
1994 2372
1912 2588
2078 2308
2046 2579
1962 2354
1030 1111
1066 1495
2085 2566
363 1374
1049 1399
1577 2343
3437 3595
2187 2394
1462 1862
1912 2367
997 1722
2067 2391
1205 1551
3458 3969
1447 1458
2104 2492
3162 3176
4026 4030
1238 1288
1684 3035
1235 1426
2229 2278
56 122
1926 2282
2053 2327
724 766
1810 1827
2093 2306
2498 2582
2404 2433
2780 3233
2511 2537
2061 2626
1277 1392
579 639
3578 3670
2841 3259
2064 2376
2676 3040
2042 2282
2932 3358
2956 2985
107 1575
1390 1420
1577 2250
2676 2916
3648 3719
1080 1645
2471 2516
1118 1568
2755 3040
1377 1643
2073 2638
2220 2492
2797 2937
2032 2096
1260 1709
1757 1827
2069 2218
193 259
2276 2553
1132 1612
3475 3545
2045 2184
2093 2121
2742 2770
225 227
947 1516
1075 1520
2797 2894
1926 2366
403 515
2184 2237
423 561
1986 2104
2071 2463
430 526
2103 2150
2461 2512
2955 3196
967 1441
23 227
2674 2770
1927 2024
3518 3702
2369 2381
1135 1391
768 833
2078 2602
999 1416
3449 3693
2096 2243
3815 3907
455 557
1104 1235
3442 3722
1336 1888
1124 1175
3714 3823
2060 2200
2187 2295
1971 2278
915 1574
2043 2611
2409 2579
1912 2531
2117 2273
144 226
2003 2132
1214 1797
1718 1909
1032 1066
3021 3070
107 925
1928 1995
2307 2542
2004 2192
2104 2551
2276 2507
2038 2612
2131 2323
107 1377
1100 1279
2103 2271
1209 1522
2944 3257
1204 1345
366 1512
1135 1688
2199 2511
2115 2206
2773 3158
3604 3617
2781 2901
3104 3417
500 637
195 275
3495 3651
1227 1279
2124 2542
2479 2511
1431 1604
2786 2966
2909 3064
1153 1380
1611 1628
1941 2555
1272 1603
1559 1665
1338 1725
1447 1517
109 323
3718 3810
2549 2601
3107 3291
2102 2519
1832 1868
2152 2373
1209 1278
2326 2559
3602 3945
917 1472
2915 3137
2715 3347
2736 2771
1048 1393
2482 2492
2183 2434
1953 2040
1222 1352
1483 1604
1146 1491
2037 2056
1387 1726
2030 2118
1609 1665
107 1786
903 1880
2642 2643
2325 2328
3332 3353
31 252
3219 3341
1209 1352
412 442
2996 3136
1309 1345
1460 1505
2102 2343
1684 3141
536 561
1330 1388
1591 1783
517 544
729 889
688 772
1938 1984
1951 1954
1399 1816
3214 3383
1954 2143
1215 1495
1255 1805
1104 1587
68 263
2324 2485
31 83
3822 3924
908 1537
2194 2475
0 233
2730 3019
1205 1864
26 304
2915 3014
1289 1577
3985 3993
2781 3169
2924 2960
2904 3154
3100 3295
1471 1663
1256 1741
2149 2471
2138 2169
2666 2988
1920 2385
926 1605
98 304
2807 3025
439 566
2741 2945
2786 3433
1289 1619
456 493
1991 2378
1018 1102
1238 1431
2780 2793
67 161
898 1166
2964 3001
1997 2154
2006 2022
2404 2553
2369 2601
1938 2638
3564 3690
1912 1952
1215 1783
1131 1188
2428 2550
3521 3666
3652 3676
1951 2192
2327 2434
483 669
2078 2179
962 1095
1975 2248
8 91
917 1681
136 2068
1371 1784
1235 1893
1107 1124
2145 2176
2059 2084
2032 2508
1946 2386
3506 3593
3347 3366
1129 1347
2822 2999
394 556
2414 2553
3499 3764
2669 2912
2738 3137
1004 1078
1330 1584
597 619
932 1388
291 339
3084 3090
3524 3866
1149 1804
1056 1669
107 1230
2873 3014
2059 2602
2143 2283
2118 2604
984 1396
1079 1086
1939 2332
2836 3386
2719 3258
2047 2366
2201 2308
1937 2015
1267 1621
728 817
2460 2564
1991 2001
1271 1888
2245 2487
1516 1888
3486 3822
1020 1746
2030 2059
1130 1219
2289 2336
964 1624
1107 1707
3494 3705
2326 2546
2815 3108
1155 1358
2414 2546
2716 2904
0 126
2200 2409
3605 3938
1113 1767
1416 1557
3024 3225
1051 1472
122 213
1912 2181
1020 1451
2664 3078
2832 3353
2730 2812
1929 2323
1603 1833
2459 2583
1047 1622
3437 3534
2064 2206
2033 2504
1158 1192
3568 3593
1256 1849
1299 1727
196 346
1230 1377
1225 1536
2143 2174
1125 1868
2111 2567
1199 1391
1358 1490
526 1416
3437 3689
1516 1761
1912 2068
3105 3354
1985 2261
2578 2611
483 1631
2325 2637
2053 2436
2159 2620
3035 3247
1918 2356
3473 3874
2832 3335
3254 3411
2148 2338
789 839
1431 1813
414 514
1947 2102
1961 2281
981 1862
360 561
2062 2338
2556 2561
107 1081
1557 1600
1979 2462
2111 2241
1986 2348
2931 2986
1432 1859
3007 3420
1701 1838
1488 1827
2830 3168
107 1545
2331 2543
1359 1580
1173 1483
348 354
2047 2087
3051 3419
662 681
713 773
186 236
1261 1396
1018 1907
1079 1707
1577 2475
1920 1940
1006 1219
3146 3291
2068 2224
1938 2428
1376 1823
1390 1516
3602 3630
2154 2615
375 479
1955 2319
136 2543
1938 2495
3377 3396
2249 2491
1940 2246
3132 3260
1163 1449
2607 2625
2686 2932
2060 2551
1132 1826
2127 2279
2836 3019
2669 3056
186 252
1390 1800
2246 2328
445 560
3866 3947
2521 2600
1271 1331
0 137
2084 2460
984 1459
2758 3081
